"SQ_CANDIDATO";"NM_CANDIDATO";"NM_SOCIAL_CANDIDATO";"SG_PARTIDO";"DS_GENERO";"DS_GRAU_INSTRUCAO";"DS_ESTADO_CIVIL";"DS_COR_RACA";"DS_OCUPACAO";"DS_SITUACAO_CANDIDATURA";"ST_REELEICAO";"BENS_TOTAL";"DS_SIT_TOT_TURNO";"TOTAL_VOTOS";"RECEITA_TOTAL";"FONTE_RECEITA";"ORIGEM_RECEITA"
250000027283;"DALILA CAMARGO";"#NULO#";"PRP";"FEMININO";"LÊ E ESCREVE";"DIVORCIADO(A)";"BRANCA";"REPRESENTANTE COMERCIAL";"APTO";"N";NA;"NÃO ELEITO";160;NA;NA;NA
250000020827;"ELIZABETE MICHELETE";"#NULO#";"PSD";"FEMININO";"SUPERIOR COMPLETO";"DIVORCIADO(A)";"BRANCA";"MÉDICO";"APTO";"N";2473295,28;"SUPLENTE";3165;363162,21;"Fundo Partidario, Outros Recursos";"Recursos de partido político, Recursos de pessoas físicas"
250000008340;"MARCOS ANTONIO PINTO";"#NULO#";"PRB";"MASCULINO";"ENSINO MÉDIO COMPLETO";"CASADO(A)";"PARDA";"COMERCIANTE";"APTO";"N";77000;"SUPLENTE";719;8676,97;"Outros Recursos, Fundo Partidario";"Recursos próprios, Recursos de outros candidatos, Recursos de partido político"
250000005799;"LUIZ AUGUSTO MÓDOLO DE PAULA";"#NULO#";"NOVO";"MASCULINO";"SUPERIOR COMPLETO";"CASADO(A)";"BRANCA";"SERVIDOR PÚBLICO MUNICIPAL";"APTO";"N";869281;"SUPLENTE";1350;9608,7;"Outros Recursos";"Recursos de origens não identificadas, Recursos próprios, Recursos de pessoas físicas"
250000058385;"ROBERTO RODRIGUES RIBEIRO";"#NULO#";"PTN";"MASCULINO";"SUPERIOR COMPLETO";"CASADO(A)";"BRANCA";"FARMACÊUTICO";"APTO";"N";75674;"SUPLENTE";2740;7000;"Outros Recursos";"Recursos próprios"
250000058416;"FRANCISCO CARLOS DA SILVA";"#NULO#";"PTN";"MASCULINO";"SUPERIOR COMPLETO";"CASADO(A)";"PARDA";"ANALISTA DE SISTEMAS";"APTO";"N";640000;"SUPLENTE";5282;36646,7;"Outros Recursos, Fundo Partidario";"Recursos de outros candidatos, Recursos próprios, Recursos de partido político, Recursos de pessoas físicas"
250000027307;"ALCIDES JOSE PEREIRA";"#NULO#";"PTC";"MASCULINO";"ENSINO MÉDIO COMPLETO";"DIVORCIADO(A)";"PRETA";"FRENTISTA";"APTO";"N";135000;"NÃO ELEITO";326;NA;NA;NA
250000019136;"MARCO ANTONIO RICCIARDELLI";"#NULO#";"PTB";"MASCULINO";"ENSINO FUNDAMENTAL COMPLETO";"SOLTEIRO(A)";"BRANCA";"ATOR E DIRETOR DE ESPETÁCULOS PÚBLICOS";"APTO";"N";940774,69;"SUPLENTE";5114;41665;"Outros Recursos, Fundo Partidario";"Recursos de partido político, Recursos próprios, Recursos de outros candidatos"
250000050150;"JESSICA ALINE CARDOSO";"#NULO#";"PSL";"FEMININO";"ENSINO MÉDIO COMPLETO";"SOLTEIRO(A)";"PRETA";"ADMINISTRADOR";"APTO";"N";NA;"NÃO ELEITO";880;NA;NA;NA
250000050147;"ANTONIO BARBOSA LIMA";"#NULO#";"PSL";"MASCULINO";"LÊ E ESCREVE";"CASADO(A)";"BRANCA";"APOSENTADO (EXCETO SERVIDOR PÚBLICO)";"APTO";"N";9250;"NÃO ELEITO";179;NA;NA;NA
250000058361;"ALCIDES DIAS LIMA";"#NULO#";"PTN";"MASCULINO";"SUPERIOR COMPLETO";"CASADO(A)";"PARDA";"ADVOGADO";"APTO";"N";7000;"SUPLENTE";694;NA;NA;NA
250000005810;"NAOMY SCHOLLING";"#NULO#";"NOVO";"FEMININO";"SUPERIOR COMPLETO";"SOLTEIRO(A)";"BRANCA";"ATOR E DIRETOR DE ESPETÁCULOS PÚBLICOS";"APTO";"N";406634,25;"SUPLENTE";1557;12259,5;"Outros Recursos";"Recursos próprios, Recursos de pessoas físicas"
250000019157;"THAIS HELENA COSTA";"#NULO#";"PTB";"FEMININO";"SUPERIOR COMPLETO";"SOLTEIRO(A)";"BRANCA";"ADVOGADO";"APTO";"N";1095429,98;"SUPLENTE";1379;11328;"Outros Recursos, Fundo Partidario";"Recursos de partido político, Recursos próprios, Recursos de pessoas físicas, Recursos de outros candidatos"
250000015100;"TEREZA MIGUEL MENEGUIM";"#NULO#";"REDE";"FEMININO";"SUPERIOR COMPLETO";"SOLTEIRO(A)";"BRANCA";"MÚSICO";"APTO";"N";223000;"NÃO ELEITO";317;1700;"Outros Recursos";"Recursos de pessoas físicas"
250000038331;"FLAVIO CERINO";"#NULO#";"PSDC";"MASCULINO";"SUPERIOR COMPLETO";"SOLTEIRO(A)";"BRANCA";"ADVOGADO";"APTO";"N";98000;"NÃO ELEITO";173;3239,53;"Outros Recursos, Fundo Partidario";"Recursos próprios, Recursos de partido político"
250000040596;"ANA MARIA CAMPOS DA TRINDADE";"#NULO#";"SD";"FEMININO";"ENSINO MÉDIO INCOMPLETO";"VIÚVO(A)";"BRANCA";"APOSENTADO (EXCETO SERVIDOR PÚBLICO)";"APTO";"N";NA;"NÃO ELEITO";816;11512,99;"Fundo Partidario, Outros Recursos";"Recursos de partido político, Recursos de pessoas físicas"
250000040583;"MARCOS ROBERTO DE BRITO";"#NULO#";"SD";"MASCULINO";"SUPERIOR COMPLETO";"CASADO(A)";"BRANCA";"EMPRESÁRIO";"APTO";"N";NA;"NÃO ELEITO";62;NA;NA;NA
250000014866;"EDNALDO BISPO DA CRUZ";"#NULO#";"PSOL";"MASCULINO";"ENSINO MÉDIO COMPLETO";"SOLTEIRO(A)";"BRANCA";"OUTROS";"APTO";"N";13000;"SUPLENTE";198;NA;NA;NA
250000004986;"PATRICIA GAMA DE QUADROS BEZERRA";"#NULO#";"PSDB";"FEMININO";"SUPERIOR COMPLETO";"CASADO(A)";"BRANCA";"PSICÓLOGO";"APTO";"S";349199,73;"ELEITO POR QP";45285;373262,04;"Outros Recursos, Fundo Partidario";"Recursos de outros candidatos, Recursos próprios, Recursos de pessoas físicas, Recursos de partido político"
250000005809;"FERNANDO DE ALMEIDA GALDINO";"#NULO#";"NOVO";"MASCULINO";"SUPERIOR COMPLETO";"SOLTEIRO(A)";"BRANCA";"ANALISTA DE SISTEMAS";"APTO";"N";242374,53;"SUPLENTE";182;2500,39;"Outros Recursos";"Recursos de origens não identificadas, Recursos próprios"
250000019158;"MARIA TERESA DA SILVA LATTARI";"#NULO#";"PTB";"FEMININO";"SUPERIOR INCOMPLETO";"CASADO(A)";"PARDA";"SERVIDOR PÚBLICO ESTADUAL";"APTO";"N";NA;"SUPLENTE";145;NA;NA;NA
250000019180;"ANTONIO WILSON LUCENA";"#NULO#";"PTB";"MASCULINO";"SUPERIOR COMPLETO";"CASADO(A)";"BRANCA";"ADVOGADO";"APTO";"N";411125,62;"SUPLENTE";380;NA;NA;NA
250000058349;"DORA MARIA MACHADO";"#NULO#";"PTN";"FEMININO";"SUPERIOR COMPLETO";"DIVORCIADO(A)";"BRANCA";"OUTROS";"APTO";"N";NA;"SUPLENTE";116;NA;NA;NA
250000019151;"LUIS ANTONIO FERREIRA MARCOS";"#NULO#";"PTB";"MASCULINO";"ENSINO MÉDIO COMPLETO";"SOLTEIRO(A)";"BRANCA";"COMERCIANTE";"APTO";"N";868775;"SUPLENTE";626;NA;NA;NA
250000005790;"ROSANA SANTAROSA";"#NULO#";"NOVO";"FEMININO";"SUPERIOR COMPLETO";"CASADO(A)";"BRANCA";"ENGENHEIRO";"APTO";"N";775803,94;"SUPLENTE";1371;8626,38;"Outros Recursos";"Recursos de origens não identificadas, Recursos próprios, Recursos de partido político, Recursos de pessoas físicas"
250000008371;"EDVALDO JONAS DA SILVA";"#NULO#";"PSC";"MASCULINO";"ENSINO FUNDAMENTAL INCOMPLETO";"CASADO(A)";"BRANCA";"MOTORISTA DE VEÍCULOS DE TRANSPORTE COLETIVO DE PASSAGEIROS";"APTO";"N";18000;"SUPLENTE";1170;NA;NA;NA
250000005017;"VANESSA ORSINI";"#NULO#";"PSDB";"FEMININO";"SUPERIOR INCOMPLETO";"SOLTEIRO(A)";"BRANCA";"FOTÓGRAFO E ASSEMELHADOS";"APTO";"N";NA;"SUPLENTE";385;NA;NA;NA
250000058399;"NOEMIA VIEIRA FONSECA";"#NULO#";"PTN";"FEMININO";"SUPERIOR COMPLETO";"DIVORCIADO(A)";"BRANCA";"ADVOGADO";"APTO";"N";185000;"SUPLENTE";970;142,2;"Outros Recursos";"Recursos de outros candidatos"
250000027337;"ISMAEL BELO DA SILVA";"#NULO#";"PT do B";"MASCULINO";"SUPERIOR COMPLETO";"CASADO(A)";"BRANCA";"OUTROS";"APTO";"N";NA;"NÃO ELEITO";127;NA;NA;NA
250000006193;"KELLY GUILHERME ANDRADE TAVARES";"#NULO#";"PC do B";"FEMININO";"SUPERIOR COMPLETO";"SOLTEIRO(A)";"BRANCA";"OUTROS";"APTO";"N";NA;"NÃO ELEITO";15;NA;NA;NA
250000011696;"MARIA DO CARMO SILVA";"#NULO#";"PV";"FEMININO";"ENSINO MÉDIO COMPLETO";"SOLTEIRO(A)";"BRANCA";"APOSENTADO (EXCETO SERVIDOR PÚBLICO)";"APTO";"N";NA;"SUPLENTE";70;NA;NA;NA
250000058355;"MARIA OLIVIA TRINDADE";"#NULO#";"PTN";"FEMININO";"SUPERIOR COMPLETO";"DIVORCIADO(A)";"BRANCA";"OUTROS";"APTO";"N";NA;"SUPLENTE";385;NA;NA;NA
250000022126;"ROBSON GUTEMBERG RIBEIRO DA SILVA";"#NULO#";"PR";"MASCULINO";"ENSINO MÉDIO COMPLETO";"CASADO(A)";"PARDA";"SERVIDOR PÚBLICO ESTADUAL";"APTO";"N";403000;"SUPLENTE";612;NA;NA;NA
250000006145;"RAIMUNDO FERREIRA BARROS";"#NULO#";"PC do B";"MASCULINO";"ENSINO FUNDAMENTAL COMPLETO";"SOLTEIRO(A)";"BRANCA";"EMPRESÁRIO";"APTO";"N";20000;"NÃO ELEITO";751;NA;NA;NA
250000062812;"ROGERIO LANZOTI JUNIOR";"#NULO#";"PATRIOTA";"MASCULINO";"SUPERIOR COMPLETO";"CASADO(A)";"BRANCA";"ADVOGADO";"APTO";"N";364353;"NÃO ELEITO";665;NA;NA;NA
250000050205;"MARIA APARECIDA DA SILVA DOS SANTOS";"#NULO#";"PSL";"FEMININO";"ENSINO FUNDAMENTAL COMPLETO";"CASADO(A)";"PARDA";"COMERCIANTE";"APTO";"N";8000;"NÃO ELEITO";720;NA;NA;NA
250000013971;"YURI GAMA COSTA";"#NULO#";"PRTB";"MASCULINO";"SUPERIOR COMPLETO";"SOLTEIRO(A)";"BRANCA";"OUTROS";"APTO";"N";45000;"NÃO ELEITO";684;NA;NA;NA
250000008312;"EDILAINE PIRES";"#NULO#";"PRB";"FEMININO";"SUPERIOR INCOMPLETO";"DIVORCIADO(A)";"BRANCA";"EMPRESÁRIO";"APTO";"N";469407,73;"SUPLENTE";3921;9730;"Outros Recursos";"Recursos de pessoas físicas, Recursos de partido político"
250000044428;"EDINALDO ALENCAR DE FRANÇA";"#NULO#";"PPL";"MASCULINO";"SUPERIOR INCOMPLETO";"SOLTEIRO(A)";"BRANCA";"VENDEDOR PRACISTA, REPRESENTANTE, CAIXEIRO-VIAJANTE E ASSEMELHADOS";"APTO";"N";2100;"NÃO ELEITO";279;NA;NA;NA
250000008363;"LUIZ CARLOS DA SILVA";"#NULO#";"PRB";"MASCULINO";"ENSINO MÉDIO COMPLETO";"DIVORCIADO(A)";"BRANCA";"EMPRESÁRIO";"APTO";"N";156484,76;"SUPLENTE";1168;12770,11;"Fundo Partidario, Outros Recursos";"Recursos de partido político, Recursos próprios, Recursos de pessoas físicas"
250000020849;"PAOLA ROSA ESTEVAO";"#NULO#";"PSD";"FEMININO";"SUPERIOR COMPLETO";"CASADO(A)";"BRANCA";"ENGENHEIRO";"APTO";"N";NA;"SUPLENTE";487;11000;"Outros Recursos, Fundo Partidario";"Recursos de pessoas físicas, Recursos de partido político"
250000022115;"DARCIO DE OLIVEIRA";"#NULO#";"PR";"MASCULINO";"SUPERIOR COMPLETO";"SEPARADO(A) JUDICIALMENTE";"BRANCA";"ADVOGADO";"APTO";"N";1030;"SUPLENTE";204;17259,91;"Outros Recursos, Fundo Partidario";"Recursos de partido político, Recursos próprios, Recursos de outros candidatos, Recursos de pessoas físicas"
250000038332;"ISMAEL VICENTE DA SILVA";"#NULO#";"PSDC";"MASCULINO";"SUPERIOR COMPLETO";"CASADO(A)";"BRANCA";"JORNALISTA E REDATOR";"APTO";"N";NA;"NÃO ELEITO";72;NA;NA;NA
250000062793;"CARLOS CEZAR COUTINHO";"#NULO#";"PATRIOTA";"MASCULINO";"SUPERIOR COMPLETO";"CASADO(A)";"BRANCA";"OUTROS";"APTO";"N";45000;"NÃO ELEITO";1082;NA;NA;NA
250000005802;"JOANNA CAROLINA GUARITA DOUAT";"#NULO#";"NOVO";"FEMININO";"SUPERIOR COMPLETO";"CASADO(A)";"BRANCA";"ADMINISTRADOR";"APTO";"N";498633,31;"SUPLENTE";5541;31800;"Outros Recursos";"Recursos próprios, Recursos de pessoas físicas"
250000058382;"REGINA DOS SANTOS MENDES";"#NULO#";"PTN";"FEMININO";"ENSINO MÉDIO COMPLETO";"CASADO(A)";"PARDA";"OUTROS";"APTO";"N";NA;"SUPLENTE";244;NA;NA;NA
250000020808;"NOER PEREIRA DE MATOS";"#NULO#";"PMDB";"MASCULINO";"ENSINO MÉDIO COMPLETO";"CASADO(A)";"BRANCA";"EMPRESÁRIO";"APTO";"N";21000;"SUPLENTE";878;350;"Outros Recursos";"Recursos próprios"
250000040571;"DANIEL FLORENTINO DA SILVA";"#NULO#";"SD";"MASCULINO";"ENSINO FUNDAMENTAL COMPLETO";"DIVORCIADO(A)";"PARDA";"EMPRESÁRIO";"APTO";"N";26150;"NÃO ELEITO";473;NA;NA;NA
250000040556;"GERALDO RODRIGUES DE SOUZA";"#NULO#";"SD";"MASCULINO";"SUPERIOR COMPLETO";"CASADO(A)";"BRANCA";"SUPERVISOR, INSPETOR E AGENTE DE COMPRAS E VENDAS";"APTO";"N";NA;"NÃO ELEITO";99;NA;NA;NA
250000040577;"MARCIA CARDOSO PINTO";"#NULO#";"SD";"FEMININO";"SUPERIOR COMPLETO";"VIÚVO(A)";"BRANCA";"PROFESSOR DE ENSINO FUNDAMENTAL";"APTO";"N";17412,64;"NÃO ELEITO";82;NA;NA;NA
250000014886;"VALDEMI CAVALCANTE TEIXEIRA";"#NULO#";"PSOL";"MASCULINO";"ENSINO MÉDIO COMPLETO";"SOLTEIRO(A)";"BRANCA";"TÉCNICO DE ENFERMAGEM E ASSEMELHADOS (EXCETO ENFERMEIRO)";"APTO";"N";44500;"SUPLENTE";143;NA;NA;NA
250000005787;"JULIO SERGIO CAMUCE LOPES";"#NULO#";"NOVO";"MASCULINO";"SUPERIOR COMPLETO";"SOLTEIRO(A)";"BRANCA";"ENGENHEIRO";"APTO";"N";2425658,37;"SUPLENTE";5482;142950,82;"Outros Recursos";"Recursos próprios, Recursos de pessoas físicas"
250000008354;"KLEBER DE ARAUJO BRUNO";"#NULO#";"PRB";"MASCULINO";"SUPERIOR COMPLETO";"SOLTEIRO(A)";"PARDA";"OUTROS";"APTO";"N";NA;"SUPLENTE";452;NA;NA;NA
250000058397;"NIVALDO DA SILVA";"#NULO#";"PTN";"MASCULINO";"ENSINO FUNDAMENTAL INCOMPLETO";"CASADO(A)";"PARDA";"OUTROS";"APTO";"N";NA;"SUPLENTE";454;NA;NA;NA
250000010862;"CARLOS ALBERTO DE OLIVEIRA SANTOS";"#NULO#";"PHS";"MASCULINO";"SUPERIOR COMPLETO";"CASADO(A)";"PARDA";"CONTADOR";"APTO";"N";489300;"SUPLENTE";3931;4510,06;"Outros Recursos";"Recursos próprios, Recursos de pessoas físicas, Recursos de outros candidatos"
250000010894;"SIDNEI ROBERTSON CAMPERO";"#NULO#";"PHS";"MASCULINO";"ENSINO MÉDIO COMPLETO";"CASADO(A)";"PARDA";"OUTROS";"APTO";"N";69039,61;"SUPLENTE";1443;NA;NA;NA
250000019196;"LUCIMAR FREIRE DE ALMEIDA SILVA";"#NULO#";"PTB";"FEMININO";"ENSINO MÉDIO COMPLETO";"SEPARADO(A) JUDICIALMENTE";"PARDA";"TÉCNICO DE ENFERMAGEM E ASSEMELHADOS (EXCETO ENFERMEIRO)";"APTO";"N";354987,55;"SUPLENTE";305;NA;NA;NA
250000038413;"ODAIR VIEIRA DE SÁ";"#NULO#";"PSDC";"MASCULINO";"ENSINO FUNDAMENTAL COMPLETO";"SOLTEIRO(A)";"PRETA";"COMERCIANTE";"APTO";"N";NA;"NÃO ELEITO";174;NA;NA;NA
250000022083;"HUGO DO NASCIMENTO";"#NULO#";"PT";"MASCULINO";"SUPERIOR COMPLETO";"SOLTEIRO(A)";"BRANCA";"EMPRESÁRIO";"APTO";"N";530,63;"SUPLENTE";279;21727,27;"Outros Recursos, Fundo Partidario";"Recursos de outros candidatos, Recursos de partido político"
250000014883;"SIDNEY LUIZ DA CRUZ";"#NULO#";"PSOL";"MASCULINO";"SUPERIOR COMPLETO";"CASADO(A)";"BRANCA";"ADVOGADO";"APTO";"N";1293200;"SUPLENTE";11083;71043,95;"Outros Recursos, Fundo Partidario";"Recursos próprios, Recursos de pessoas físicas, Recursos de partido político"
250000093408;"ANTONIO CICERO SANTOS CELESTINO";"#NULO#";"PPL";"MASCULINO";"ENSINO FUNDAMENTAL COMPLETO";"CASADO(A)";"PARDA";"COMERCIANTE";"APTO";"N";NA;"NÃO ELEITO";499;11600;"Outros Recursos";"Recursos de pessoas físicas"
250000005823;"GREICE NAOMI YAMAGUCHI";"#NULO#";"NOVO";"FEMININO";"SUPERIOR COMPLETO";"SOLTEIRO(A)";"BRANCA";"OUTROS";"APTO";"N";12501;"SUPLENTE";2118;7850;"Outros Recursos";"Recursos próprios, Recursos de pessoas físicas"
250000058352;"SAMANTHA CONSTANZA";"#NULO#";"PTN";"FEMININO";"SUPERIOR COMPLETO";"DIVORCIADO(A)";"BRANCA";"PSICÓLOGO";"APTO";"N";NA;"SUPLENTE";1416;NA;NA;NA
250000008349;"JOSE DE ARIMATEIA SILVA";"#NULO#";"PRB";"MASCULINO";"ENSINO FUNDAMENTAL COMPLETO";"CASADO(A)";"PARDA";"COMERCIANTE";"APTO";"N";88220;"SUPLENTE";819;NA;NA;NA
250000008372;"JOSE DELFINO RODRIGUES DA COSTA";"#NULO#";"PRB";"MASCULINO";"ENSINO MÉDIO COMPLETO";"CASADO(A)";"PRETA";"CANTOR E COMPOSITOR";"APTO";"N";40000;"SUPLENTE";340;400;"Outros Recursos";"Recursos próprios"
250000038370;"RICARDO LOURENÇO DO CARMO";"#NULO#";"PSDC";"MASCULINO";"ENSINO MÉDIO COMPLETO";"CASADO(A)";"PRETA";"EMPRESÁRIO";"APTO";"N";392732,1;"NÃO ELEITO";743;13463,88;"Outros Recursos, Fundo Partidario";"Recursos próprios, Recursos de outros candidatos, Recursos de partido político, Recursos de pessoas físicas"
250000038377;"VANDERLINO BATISTA MACHADO";"#NULO#";"PSDC";"MASCULINO";"ENSINO FUNDAMENTAL COMPLETO";"CASADO(A)";"PRETA";"APOSENTADO (EXCETO SERVIDOR PÚBLICO)";"APTO";"N";255000;"NÃO ELEITO";315;6048,8;"Outros Recursos, Fundo Partidario";"Recursos de outros candidatos, Recursos de partido político, Recursos de pessoas físicas"
250000015110;"MARINA MEDEIROS HELOU";"#NULO#";"REDE";"FEMININO";"SUPERIOR COMPLETO";"CASADO(A)";"BRANCA";"ADMINISTRADOR";"APTO";"N";1498680,22;"NÃO ELEITO";16212;131587,2;"Outros Recursos";"Recursos de pessoas físicas"
250000050190;"LUIZ CARLOS DA SILVA";"#NULO#";"PSL";"MASCULINO";"SUPERIOR COMPLETO";"CASADO(A)";"PARDA";"ADVOGADO";"APTO";"N";NA;"NÃO ELEITO";837;12770,11;"Fundo Partidario, Outros Recursos";"Recursos de partido político, Recursos próprios, Recursos de pessoas físicas"
250000019183;"VALERIANA RODRIGUES RAMOS";"#NULO#";"PTB";"FEMININO";"SUPERIOR INCOMPLETO";"SOLTEIRO(A)";"BRANCA";"EMPRESÁRIO";"APTO";"N";NA;"SUPLENTE";135;NA;NA;NA
250000050162;"MARCOS ROBERTO SEIJO DA SILVA";"#NULO#";"PSL";"MASCULINO";"SUPERIOR INCOMPLETO";"CASADO(A)";"BRANCA";"EMPRESÁRIO";"APTO";"N";131274;"NÃO ELEITO";2081;1938,41;"Outros Recursos, Fundo Partidario";"Recursos próprios, Recursos de pessoas físicas, Recursos de outros candidatos, Recursos de partido político"
250000010839;"DIRCE TERRIANO";"#NULO#";"PPS";"FEMININO";"ENSINO MÉDIO INCOMPLETO";"VIÚVO(A)";"PARDA";"APOSENTADO (EXCETO SERVIDOR PÚBLICO)";"APTO";"N";NA;"SUPLENTE";102;NA;NA;NA
250000058375;"EURICO GONÇALVES FILHO";"#NULO#";"PTN";"MASCULINO";"SUPERIOR COMPLETO";"DIVORCIADO(A)";"BRANCA";"PROFESSOR DE ENSINO MÉDIO";"APTO";"N";NA;"SUPLENTE";322;142,2;"Outros Recursos";"Recursos de outros candidatos"
250000010841;"HILDA MARIA AZEVEDO ALVES";"#NULO#";"PPS";"FEMININO";"ENSINO FUNDAMENTAL INCOMPLETO";"CASADO(A)";"PRETA";"DONA DE CASA";"APTO";"N";NA;"SUPLENTE";402;NA;NA;NA
250000022084;"JAIR JOSÉ TATTO";"#NULO#";"PT";"MASCULINO";"SUPERIOR INCOMPLETO";"CASADO(A)";"BRANCA";"VEREADOR";"APTO";"S";413343,24;"ELEITO POR QP";30989;198295,99;"Outros Recursos, Fundo Partidario";"Recursos de pessoas físicas, Recursos de partido político"
250000006163;"MIRIAM APARECIDA DA SILVA ILESANMI";"#NULO#";"PC do B";"FEMININO";"ENSINO MÉDIO COMPLETO";"CASADO(A)";"PRETA";"SERVIDOR PÚBLICO MUNICIPAL";"APTO";"N";NA;"NÃO ELEITO";206;766,67;"Outros Recursos";"Recursos de partido político"
250000011663;"MARCEL ARISTIDES FERRADA SILVA";"#NULO#";"PV";"MASCULINO";"SUPERIOR COMPLETO";"CASADO(A)";"BRANCA";"PROFESSOR DE ENSINO SUPERIOR";"APTO";"N";173495,21;"SUPLENTE";779;NA;NA;NA
250000058411;"EVANIR DA SILVA CARVALHO";"#NULO#";"PTN";"MASCULINO";"SUPERIOR COMPLETO";"CASADO(A)";"BRANCA";"MÉDICO";"APTO";"N";NA;"SUPLENTE";484;NA;NA;NA
250000058404;"REGINALDO JESUS CORNETA";"#NULO#";"PTN";"MASCULINO";"ENSINO FUNDAMENTAL COMPLETO";"SOLTEIRO(A)";"BRANCA";"OUTROS";"APTO";"N";45005,04;"SUPLENTE";714;663,3;"Fundo Partidario, Outros Recursos";"Recursos de partido político, Recursos próprios"
250000022073;"ALESSANDRO GUEDES DOS SANTOS";"#NULO#";"PT";"MASCULINO";"SUPERIOR COMPLETO";"SOLTEIRO(A)";"PARDA";"OUTROS";"APTO";"N";184000;"ELEITO POR QP";26780;248417,27;"Outros Recursos";"Recursos próprios, Recursos de pessoas físicas, Recursos de partido político"
250000013954;"RENNE VIEIRA DE CARVALHO";"#NULO#";"PRTB";"FEMININO";"SUPERIOR COMPLETO";"SOLTEIRO(A)";"BRANCA";"OUTROS";"APTO";"N";NA;"NÃO ELEITO";137;NA;NA;NA
250000027289;"PAULO PRADO LEITE";"#NULO#";"PRP";"MASCULINO";"ENSINO FUNDAMENTAL COMPLETO";"CASADO(A)";"BRANCA";"SACERDOTE OU MEMBRO DE ORDEM OU SEITA RELIGIOSA";"APTO";"N";NA;"NÃO ELEITO";1207;NA;NA;NA
250000022100;"SENIVAL PEREIRA DE MOURA";"#NULO#";"PT";"MASCULINO";"SUPERIOR COMPLETO";"CASADO(A)";"PARDA";"VEREADOR";"APTO";"S";2089023,81;"ELEITO POR QP";45320;314777,34;"Outros Recursos, Fundo Partidario";"Recursos de pessoas físicas, Recursos de partido político, Rendimentos de aplicações financeiras, Recursos próprios"
250000006156;"LUIS TADEU EUGENIO";"#NULO#";"PC do B";"MASCULINO";"SUPERIOR INCOMPLETO";"CASADO(A)";"PRETA";"PRODUTOR DE ESPETÁCULOS PÚBLICOS";"APTO";"N";28000,01;"NÃO ELEITO";1827;18910,77;"Fundo Partidario, Outros Recursos";"Recursos de partido político"
250000010866;"PAULO CARDOSO FILHO";"#NULO#";"PHS";"MASCULINO";"SUPERIOR COMPLETO";"SOLTEIRO(A)";"PARDA";"PROFESSOR DE ENSINO MÉDIO";"APTO";"N";53000;"SUPLENTE";194;NA;NA;NA
250000010892;"WALDIR FRANCISCO LIMA";"#NULO#";"PHS";"MASCULINO";"ENSINO FUNDAMENTAL COMPLETO";"CASADO(A)";"BRANCA";"COMERCIANTE";"APTO";"N";79041,7;"SUPLENTE";7909;95880;"Outros Recursos";"Recursos próprios, Recursos de pessoas físicas"
250000022130;"EDSON CARDOSO DOS SANTOS";"#NULO#";"PROS";"MASCULINO";"SUPERIOR COMPLETO";"SOLTEIRO(A)";"PARDA";"ADMINISTRADOR";"APTO";"N";1297131,11;"SUPLENTE";1375;43915,91;"Outros Recursos";"Recursos de partido político, Recursos próprios"
250000011647;"MIGUEL OTAVIO FERREIRA PAIVA";"#NULO#";"PV";"MASCULINO";"SUPERIOR COMPLETO";"CASADO(A)";"BRANCA";"OUTROS";"APTO";"N";NA;"SUPLENTE";567;NA;NA;NA
250000058356;"MANOEL SANTANA PAULO";"#NULO#";"PTN";"MASCULINO";"SUPERIOR COMPLETO";"CASADO(A)";"BRANCA";"ADVOGADO";"APTO";"N";NA;"SUPLENTE";778;NA;NA;NA
250000013952;"MARIA CLAUDIA DA COSTA CARVALHO";"#NULO#";"PRTB";"FEMININO";"ENSINO MÉDIO COMPLETO";"CASADO(A)";"BRANCA";"DONA DE CASA";"APTO";"N";NA;"NÃO ELEITO";159;NA;NA;NA
250000040603;"NATANAEL SOARES DOS SANTOS";"#NULO#";"SD";"MASCULINO";"SUPERIOR COMPLETO";"CASADO(A)";"PARDA";"POLICIAL MILITAR";"APTO";"N";NA;"NÃO ELEITO";1684;NA;NA;NA
250000019168;"LEANDRO GUSTAVO MASCARENHAS";"#NULO#";"PTB";"MASCULINO";"ENSINO MÉDIO COMPLETO";"SOLTEIRO(A)";"BRANCA";"EMPRESÁRIO";"APTO";"N";570810,16;"SUPLENTE";886;NA;NA;NA
250000024349;"SORAYA MISLEH DE MATOS";"#NULO#";"PSTU";"FEMININO";"SUPERIOR COMPLETO";"VIÚVO(A)";"BRANCA";"JORNALISTA E REDATOR";"APTO";"N";250000;"NÃO ELEITO";172;NA;NA;NA
250000019178;"CLOVIS REIS DOS SANTOS";"#NULO#";"PTB";"MASCULINO";"ENSINO MÉDIO COMPLETO";"SOLTEIRO(A)";"PRETA";"AUXILIAR DE LABORATÓRIO";"APTO";"N";NA;"SUPLENTE";522;NA;NA;NA
250000008360;"LUIS CARLOS DE MATOS LORENA";"#NULO#";"PRB";"MASCULINO";"ENSINO MÉDIO COMPLETO";"CASADO(A)";"PRETA";"EMPRESÁRIO";"APTO";"N";392000;"SUPLENTE";643;NA;NA;NA
250000027340;"PAULO ROBERTO ROSENO JUNIOR";"#NULO#";"PT do B";"MASCULINO";"SUPERIOR COMPLETO";"CASADO(A)";"BRANCA";"ADVOGADO";"APTO";"N";NA;"NÃO ELEITO";1066;3750;"Outros Recursos";"Recursos próprios"
250000022125;"RICARDO MEDEIROS DOS SANTOS";"#NULO#";"PR";"MASCULINO";"SUPERIOR COMPLETO";"CASADO(A)";"BRANCA";"SERVIDOR PÚBLICO ESTADUAL";"APTO";"N";1071641,96;"SUPLENTE";618;17293,96;"Outros Recursos, Fundo Partidario";"Recursos de partido político, Recursos próprios, Recursos de pessoas físicas, Recursos de outros candidatos"
250000058351;"VALDIR DA SILVA";"#NULO#";"PTN";"MASCULINO";"SUPERIOR COMPLETO";"CASADO(A)";"BRANCA";"OUTROS";"APTO";"N";NA;"SUPLENTE";244;NA;NA;NA
250000044418;"PAULO LEONARDO OLIVEIRA FARIAS";"#NULO#";"PPL";"MASCULINO";"SUPERIOR COMPLETO";"CASADO(A)";"PRETA";"ADVOGADO";"APTO";"N";34370,58;"NÃO ELEITO";617;NA;NA;NA
250000008348;"GERALDO JANUARIO DO NASCIMENTO";"#NULO#";"PRB";"MASCULINO";"ENSINO MÉDIO COMPLETO";"VIÚVO(A)";"PARDA";"CORRETOR DE IMÓVEIS, SEGUROS, TÍTULOS E VALORES";"APTO";"N";NA;"SUPLENTE";509;NA;NA;NA
250000027303;"OSCAR TEIXEIRA";"#NULO#";"PRP";"MASCULINO";"LÊ E ESCREVE";"CASADO(A)";"BRANCA";"CANTOR E COMPOSITOR";"APTO";"N";650000;"NÃO ELEITO";756;NA;NA;NA
250000014903;"JAIR PINTO DE OLIVEIRA";"#NULO#";"PSOL";"MASCULINO";"ENSINO MÉDIO COMPLETO";"CASADO(A)";"PARDA";"FISCAL";"APTO";"N";20000;"SUPLENTE";882;NA;NA;NA
250000014901;"EDUARDO COSME DE JESUS BARBOSA";"#NULO#";"PSOL";"MASCULINO";"ENSINO MÉDIO COMPLETO";"CASADO(A)";"PRETA";"DIRETOR DE EMPRESAS";"APTO";"N";1e+05;"SUPLENTE";1534;NA;NA;NA
250000027308;"ANA LUCIA PEREIRA COSTA";"#NULO#";"PTC";"FEMININO";"SUPERIOR COMPLETO";"CASADO(A)";"BRANCA";"OUTROS";"APTO";"N";14282;"NÃO ELEITO";413;NA;NA;NA
250000011646;"HENRIQUE MORGAN DE AGUIAR FILHO";"#NULO#";"PV";"MASCULINO";"ENSINO MÉDIO COMPLETO";"VIÚVO(A)";"BRANCA";"APOSENTADO (EXCETO SERVIDOR PÚBLICO)";"APTO";"N";380311,94;"SUPLENTE";53;10000;"Outros Recursos";"Recursos próprios"
250000038388;"ELIANA DE MORAES";"#NULO#";"PSDC";"FEMININO";"ENSINO MÉDIO COMPLETO";"DIVORCIADO(A)";"PRETA";"AUXILIAR DE ESCRITÓRIO E ASSEMELHADOS";"APTO";"N";75000;"NÃO ELEITO";60;NA;NA;NA
250000038408;"JOSÉ MARTINS DE ABREU CAVALCANTE";"#NULO#";"PSDC";"MASCULINO";"ENSINO MÉDIO COMPLETO";"CASADO(A)";"BRANCA";"GERENTE";"APTO";"N";1e+05;"NÃO ELEITO";633;2366,98;"Fundo Partidario, Outros Recursos";"Recursos de partido político, Recursos de outros candidatos, Recursos de pessoas físicas"
250000040607;"RODRIGO DO CARMO SILVA";"#NULO#";"SD";"MASCULINO";"SUPERIOR COMPLETO";"CASADO(A)";"PARDA";"FISCAL";"APTO";"N";143000;"NÃO ELEITO";303;NA;NA;NA
250000040568;"EUGENIO TADEU BERNARDES";"#NULO#";"SD";"MASCULINO";"ENSINO MÉDIO COMPLETO";"CASADO(A)";"PRETA";"SERVIDOR PÚBLICO ESTADUAL";"APTO";"N";142000;"NÃO ELEITO";724;7825,4;"Outros Recursos, Fundo Partidario";"Recursos de partido político, Recursos próprios, Recursos de pessoas físicas"
250000008375;"GILBERTO NASCIMENTO SILVA JUNIOR";"#NULO#";"PSC";"MASCULINO";"SUPERIOR COMPLETO";"CASADO(A)";"BRANCA";"SERVIDOR PÚBLICO ESTADUAL";"APTO";"N";391990;"ELEITO POR QP";30382;651294,92;"Fundo Partidario, Outros Recursos";"Recursos de partido político, Recursos de pessoas físicas, Recursos próprios"
250000027291;"WILLIAN SANTOS DE OLIVEIRA";"#NULO#";"PRP";"MASCULINO";"SUPERIOR COMPLETO";"CASADO(A)";"BRANCA";"ENGENHEIRO";"APTO";"N";NA;"NÃO ELEITO";2041;NA;NA;NA
250000013939;"ENILDO INACIO DA SILVA";"#NULO#";"PRTB";"MASCULINO";"ENSINO FUNDAMENTAL INCOMPLETO";"SOLTEIRO(A)";"BRANCA";"OUTROS";"APTO";"N";NA;"NÃO ELEITO";23;NA;NA;NA
250000020800;"OSWALDO MARTINS DE OLIVEIRA";"#NULO#";"PMDB";"MASCULINO";"SUPERIOR COMPLETO";"DIVORCIADO(A)";"PRETA";"ADVOGADO";"APTO";"N";77000;"SUPLENTE";382;NA;NA;NA
250000038417;"ANTONIO MARCOS DE ALMEIDA";"#NULO#";"PSDC";"MASCULINO";"ENSINO FUNDAMENTAL COMPLETO";"CASADO(A)";"PRETA";"EMPRESÁRIO";"APTO";"N";NA;"NÃO ELEITO";535;1698,66;"Outros Recursos";"Recursos próprios, Recursos de outros candidatos"
250000006161;"SAMUEL EUZEBIO DE OLIVEIRA";"#NULO#";"PC do B";"MASCULINO";"ENSINO MÉDIO COMPLETO";"SOLTEIRO(A)";"BRANCA";"OUTROS";"APTO";"N";NA;"NÃO ELEITO";991;6391,26;"Outros Recursos";"Recursos de partido político, Recursos de pessoas físicas"
250000010877;"UBIRAJARA PEREIRA BALIEIRO";"#NULO#";"PHS";"MASCULINO";"SUPERIOR COMPLETO";"CASADO(A)";"PARDA";"SERVIDOR PÚBLICO MUNICIPAL";"APTO";"N";NA;"SUPLENTE";1875;NA;NA;NA
250000008364;"CELIA APARECIDA GOMES CUNHA";"#NULO#";"PRB";"FEMININO";"SUPERIOR INCOMPLETO";"CASADO(A)";"PRETA";"CABELEIREIRO E BARBEIRO";"APTO";"N";9900;"SUPLENTE";266;NA;NA;NA
250000040558;"FLORISA BATISTA DE ALMEIDA";"#NULO#";"SD";"FEMININO";"SUPERIOR COMPLETO";"SOLTEIRO(A)";"PRETA";"ADVOGADO";"APTO";"N";24000;"NÃO ELEITO";666;16018,95;"Fundo Partidario";"Recursos de partido político"
250000022141;"ANDRE LUIS DE MORAES";"#NULO#";"PDT";"MASCULINO";"ENSINO MÉDIO INCOMPLETO";"SEPARADO(A) JUDICIALMENTE";"BRANCA";"JORNALISTA E REDATOR";"APTO";"N";NA;"SUPLENTE";239;16784,43;"Outros Recursos, Fundo Partidario";"Recursos próprios, Recursos de outros candidatos, Recursos de partido político, Recursos de pessoas físicas"
250000004982;"AURÉLIO NOMURA";"#NULO#";"PSDB";"MASCULINO";"SUPERIOR COMPLETO";"SEPARADO(A) JUDICIALMENTE";"AMARELA";"ADVOGADO";"APTO";"S";289357,47;"ELEITO POR QP";41954;329500;"Outros Recursos, Fundo Partidario";"Recursos de outros candidatos, Recursos próprios, Recursos de pessoas físicas"
250000006194;"KEPLER PAES DE ALMEIDA";"#NULO#";"PC do B";"MASCULINO";"ENSINO MÉDIO COMPLETO";"CASADO(A)";"PARDA";"PORTEIRO DE EDIFÍCIO, ASCENSORISTA, GARAGISTA E ZELADOR";"APTO";"N";57000;"NÃO ELEITO";109;2488,38;"Outros Recursos";"Recursos de pessoas físicas, Recursos de partido político"
250000011661;"RODRIGO BUENO";"#NULO#";"PV";"MASCULINO";"ENSINO MÉDIO INCOMPLETO";"SOLTEIRO(A)";"BRANCA";"COMERCIANTE";"APTO";"N";30000;"SUPLENTE";485;4660;"Outros Recursos";"Recursos próprios, Recursos de pessoas físicas"
250000008336;"ADEMIR FERREIRA LEITE";"#NULO#";"PRB";"MASCULINO";"ENSINO MÉDIO COMPLETO";"SOLTEIRO(A)";"BRANCA";"COMERCIANTE";"APTO";"N";1e+05;"SUPLENTE";6080;23637,26;"Fundo Partidario, Outros Recursos";"Recursos de partido político, Recursos de pessoas físicas, Recursos de outros candidatos"
250000020801;"ELIENE SIQUEIRA RIBEIRO";"#NULO#";"PMDB";"FEMININO";"SUPERIOR COMPLETO";"SOLTEIRO(A)";"BRANCA";"AGENTE ADMINISTRATIVO";"APTO";"N";NA;"SUPLENTE";42;NA;NA;NA
250000019174;"SILVANA GONÇALVES DE LIMA";"#NULO#";"PTB";"FEMININO";"SUPERIOR INCOMPLETO";"SOLTEIRO(A)";"BRANCA";"JORNALISTA E REDATOR";"APTO";"N";NA;"SUPLENTE";212;1608;"Outros Recursos, Fundo Partidario";"Recursos de partido político, Recursos próprios, Recursos de outros candidatos"
250000050204;"MANOEL CANDIDO";"#NULO#";"PSL";"MASCULINO";"SUPERIOR INCOMPLETO";"CASADO(A)";"PRETA";"COMERCIANTE";"APTO";"N";18900;"NÃO ELEITO";260;279,01;"Fundo Partidario";"Recursos de partido político"
250000013942;"HERBERT ROTTGERING";"#NULO#";"PRTB";"MASCULINO";"SUPERIOR COMPLETO";"DIVORCIADO(A)";"BRANCA";"ENGENHEIRO";"APTO";"N";NA;"NÃO ELEITO";81;NA;NA;NA
250000022082;"HELIO RODRIGUES DE ANDRADE";"#NULO#";"PT";"MASCULINO";"SUPERIOR COMPLETO";"CASADO(A)";"BRANCA";"TÉCNICO DE QUÍMICA";"APTO";"N";164741,5;"SUPLENTE";17891;117727,26;"Outros Recursos, Fundo Partidario";"Recursos de pessoas físicas, Recursos de partido político"
250000019130;"EDSON FERRARINI";"#NULO#";"PTB";"MASCULINO";"SUPERIOR COMPLETO";"CASADO(A)";"BRANCA";"ADVOGADO";"APTO";"N";1501644,32;"SUPLENTE";15527;373390;"Outros Recursos";"Recursos próprios"
250000010903;"SILVANA BUENO DOS SANTOS AIOLFI";"#NULO#";"PHS";"FEMININO";"SUPERIOR COMPLETO";"CASADO(A)";"BRANCA";"ADMINISTRADOR";"APTO";"N";NA;"SUPLENTE";407;NA;NA;NA
250000038397;"MARIA APARECIDA GONÇALVES DE ARAÚJO";"#NULO#";"PSDC";"FEMININO";"SUPERIOR COMPLETO";"SOLTEIRO(A)";"PRETA";"DIRETOR DE ESTABELECIMENTO DE ENSINO";"APTO";"N";220000;"NÃO ELEITO";216;2898,66;"Fundo Partidario, Outros Recursos";"Recursos de partido político, Recursos de outros candidatos, Recursos de pessoas físicas"
250000010834;"LUIZ DE ARAUJO JUNIOR";"#NULO#";"PPS";"MASCULINO";"SUPERIOR COMPLETO";"CASADO(A)";"BRANCA";"MÉDICO";"APTO";"N";539968,96;"SUPLENTE";1779;NA;NA;NA
250000020843;"LUIZA NAGIB ELUF";"#NULO#";"PSD";"FEMININO";"SUPERIOR COMPLETO";"CASADO(A)";"BRANCA";"ADVOGADO";"APTO";"N";2398181,7;"SUPLENTE";5807;210935,75;"Outros Recursos, Fundo Partidario";"Recursos de outros candidatos, Recursos de pessoas físicas, Recursos de partido político"
250000040587;"CLAUDETE MARIA MARTINS";"#NULO#";"SD";"FEMININO";"ENSINO MÉDIO COMPLETO";"CASADO(A)";"BRANCA";"COMERCIANTE";"APTO";"N";NA;"NÃO ELEITO";190;6005;"Fundo Partidario";"Recursos de partido político"
250000027281;"CARMEN MARIA UCHOA FERNANDES";"#NULO#";"PRP";"FEMININO";"ENSINO FUNDAMENTAL COMPLETO";"CASADO(A)";"BRANCA";"EMPRESÁRIO";"APTO";"N";220000;"NÃO ELEITO";283;NA;NA;NA
250000010874;"ADEMIR DA GUIA";"#NULO#";"PHS";"MASCULINO";"ENSINO MÉDIO COMPLETO";"CASADO(A)";"BRANCA";"APOSENTADO (EXCETO SERVIDOR PÚBLICO)";"APTO";"N";611504,85;"SUPLENTE";3166;NA;NA;NA
250000011679;"MARCO AURELIO RODRIGUES DE ARAUJO";"#NULO#";"PV";"MASCULINO";"SUPERIOR COMPLETO";"CASADO(A)";"PARDA";"ENGENHEIRO";"APTO";"N";133155,05;"SUPLENTE";1365;1500;"Outros Recursos";"Recursos próprios, Recursos de pessoas físicas"
250000010870;"EDICARLOS DE OLIVEIRA SANTOS";"#NULO#";"PHS";"MASCULINO";"ENSINO FUNDAMENTAL COMPLETO";"DIVORCIADO(A)";"PARDA";"REPRESENTANTE COMERCIAL";"APTO";"N";69000;"SUPLENTE";4069;NA;NA;NA
250000006153;"VALMIR FERREIRA DOS SANTOS";"#NULO#";"PC do B";"MASCULINO";"SUPERIOR COMPLETO";"SOLTEIRO(A)";"PRETA";"COMERCIANTE";"APTO";"N";NA;"NÃO ELEITO";660;10025,59;"Outros Recursos";"Recursos próprios, Recursos de partido político"
250000006181;"EDENILDA DAS NEVES CARNEIRO SOUSA";"#NULO#";"PC do B";"FEMININO";"SUPERIOR COMPLETO";"CASADO(A)";"BRANCA";"ASSISTENTE SOCIAL";"APTO";"N";NA;"NÃO ELEITO";1467;40619,25;"Outros Recursos, Fundo Partidario";"Recursos de pessoas físicas, Recursos de partido político"
250000010899;"MARISA RITA RIELLO DEPPMAN";"#NULO#";"PHS";"FEMININO";"SUPERIOR COMPLETO";"CASADO(A)";"BRANCA";"ADVOGADO";"APTO";"N";973062,87;"SUPLENTE";2951;25476,6;"Fundo Partidario, Outros Recursos";"Recursos de partido político, Recursos de outros candidatos, Recursos de pessoas físicas"
250000022095;"MARIA RENELDA DA SILVA";"#NULO#";"PT";"FEMININO";"ENSINO FUNDAMENTAL INCOMPLETO";"SOLTEIRO(A)";"PRETA";"AUXILIAR DE ESCRITÓRIO E ASSEMELHADOS";"APTO";"N";50000;"SUPLENTE";85;9727,27;"Outros Recursos, Fundo Partidario";"Recursos de outros candidatos, Recursos de partido político"
250000027298;"RICARDO CORDEIRO GALINDO";"#NULO#";"PRP";"MASCULINO";"ENSINO MÉDIO COMPLETO";"SOLTEIRO(A)";"BRANCA";"MOTORISTA DE VEÍCULOS DE TRANSPORTE COLETIVO DE PASSAGEIROS";"APTO";"N";NA;"NÃO ELEITO";1025;NA;NA;NA
250000022127;"VAGNER SANTOS DE JESUS";"#NULO#";"PR";"MASCULINO";"ENSINO MÉDIO COMPLETO";"CASADO(A)";"PRETA";"EMPRESÁRIO";"APTO";"N";NA;"SUPLENTE";667;NA;NA;NA
250000027285;"ITAMAR SENA";"#NULO#";"PRP";"MASCULINO";"ENSINO FUNDAMENTAL COMPLETO";"CASADO(A)";"PARDA";"OUTROS";"APTO";"N";NA;"NÃO ELEITO";199;NA;NA;NA
250000004991;"SALOMÃO PEREIRA DA SILVA";"#NULO#";"PSDB";"MASCULINO";"SUPERIOR COMPLETO";"CASADO(A)";"BRANCA";"JORNALISTA E REDATOR";"APTO";"S";628016,28;"SUPLENTE";8427;229422;"Outros Recursos, Fundo Partidario";"Recursos de outros candidatos, Recursos próprios, Recursos de pessoas físicas"
250000011013;"DALTON SILVANO DO AMARAL";"#NULO#";"DEM";"MASCULINO";"SUPERIOR COMPLETO";"CASADO(A)";"BRANCA";"PUBLICITÁRIO";"APTO";"S";2788922,91;"SUPLENTE";24461;476192,87;"Outros Recursos, Fundo Partidario";"Recursos de outros candidatos, Recursos próprios, Recursos de pessoas físicas, Recursos de partido político"
250000011655;"DELMA RIGO ROCHA CARDOSO";"#NULO#";"PV";"FEMININO";"SUPERIOR COMPLETO";"DIVORCIADO(A)";"BRANCA";"BIÓLOGO";"APTO";"N";NA;"SUPLENTE";311;NA;NA;NA
250000006186;"FERNANDO QUARESMA DE AZEVEDO";"#NULO#";"PC do B";"MASCULINO";"SUPERIOR COMPLETO";"SOLTEIRO(A)";"BRANCA";"ADVOGADO";"APTO";"N";1420000;"NÃO ELEITO";320;13312,5;"Outros Recursos";"Recursos próprios, Recursos de partido político"
250000010835;"NELSON CHANG PYO HONG";"#NULO#";"PPS";"MASCULINO";"SUPERIOR COMPLETO";"CASADO(A)";"AMARELA";"ADVOGADO";"APTO";"N";493043,01;"SUPLENTE";2877;14703,6;"Outros Recursos";"Recursos de outros candidatos, Recursos próprios"
250000027300;"ELSO MARQUES DE ARAUJO";"#NULO#";"PRP";"MASCULINO";"ENSINO MÉDIO COMPLETO";"DIVORCIADO(A)";"PARDA";"BANCÁRIO E ECONOMIÁRIO";"APTO";"N";NA;"NÃO ELEITO";669;NA;NA;NA
250000006192;"JOÃO ANTONIO DONIZZETTI CARVALHO";"#NULO#";"PC do B";"MASCULINO";"SUPERIOR COMPLETO";"CASADO(A)";"BRANCA";"PROFESSOR DE ENSINO MÉDIO";"APTO";"N";189000;"NÃO ELEITO";1515;5378,49;"Outros Recursos";"Recursos próprios, Recursos de pessoas físicas, Recursos de partido político"
250000038356;"TALITA EYMAEL LATAES";"#NULO#";"PSDC";"FEMININO";"SUPERIOR INCOMPLETO";"SOLTEIRO(A)";"BRANCA";"PSICÓLOGO";"APTO";"N";19000;"NÃO ELEITO";309;6613,66;"Outros Recursos, Fundo Partidario";"Recursos de pessoas físicas, Recursos de partido político, Recursos de outros candidatos"
250000011624;"GILBERTO TANOS NATALINI";"#NULO#";"PV";"MASCULINO";"SUPERIOR COMPLETO";"CASADO(A)";"BRANCA";"VEREADOR";"APTO";"S";626093,69;"ELEITO POR QP";28006;179295,8;"Outros Recursos, Fundo Partidario";"Recursos de outros candidatos, Recursos próprios, Recursos de pessoas físicas"
250000027319;"JOSE ROBERTO RODRIGUES DE SOUZA";"#NULO#";"PTC";"MASCULINO";"ENSINO MÉDIO COMPLETO";"CASADO(A)";"BRANCA";"OUTROS";"APTO";"N";487000;"NÃO ELEITO";1211;NA;NA;NA
250000040572;"FABIANA FRANCHINI";"#NULO#";"SD";"FEMININO";"SUPERIOR INCOMPLETO";"CASADO(A)";"BRANCA";"OUTROS";"APTO";"N";NA;"NÃO ELEITO";140;NA;NA;NA
250000011670;"CELIO CARLOS GOMES DE SOUSA";"#NULO#";"PV";"MASCULINO";"SUPERIOR COMPLETO";"CASADO(A)";"PARDA";"OUTROS";"APTO";"N";NA;"SUPLENTE";870;NA;NA;NA
250000027325;"PAULO EMENDABILI SOUZA BARROS DE CARVALHOSA";"#NULO#";"PTC";"MASCULINO";"SUPERIOR COMPLETO";"CASADO(A)";"BRANCA";"ADVOGADO";"APTO";"N";2828000;"NÃO ELEITO";380;NA;NA;NA
250000010992;"ELISEU GABRIEL DE PIERI";"#NULO#";"PSB";"MASCULINO";"SUPERIOR COMPLETO";"DIVORCIADO(A)";"BRANCA";"VEREADOR";"APTO";"S";1945827,84;"ELEITO POR QP";52355;566797,47;"Outros Recursos";"Recursos de outros candidatos, Recursos próprios, Recursos de pessoas físicas"
250000011002;"ADRIANO DE ALMADA MESSIAS";"#NULO#";"PP";"MASCULINO";"SUPERIOR COMPLETO";"SOLTEIRO(A)";"BRANCA";"ADVOGADO";"APTO";"N";949406,81;"SUPLENTE";898;4021,7;"Outros Recursos";"Recursos próprios, Recursos de pessoas físicas, Recursos de outros candidatos"
250000022098;"PAULO BATISTA DOS REIS";"#NULO#";"PT";"MASCULINO";"SUPERIOR COMPLETO";"DIVORCIADO(A)";"PRETA";"VEREADOR";"APTO";"S";671888,89;"ELEITO POR QP";29308;347904,7;"Outros Recursos, Fundo Partidario";"Recursos de partido político, Recursos próprios, Recursos de pessoas físicas"
250000094300;"MARIA VANDA DOS SANTOS";"#NULO#";"PROS";"FEMININO";"ENSINO FUNDAMENTAL COMPLETO";"SOLTEIRO(A)";"BRANCA";"PORTEIRO DE EDIFÍCIO, ASCENSORISTA, GARAGISTA E ZELADOR";"APTO";"N";NA;"SUPLENTE";80;500;"Fundo Partidario";"Recursos de partido político"
250000011630;"JAMES DEL TEDESCO LOSACCO";"#NULO#";"PV";"MASCULINO";"SUPERIOR COMPLETO";"CASADO(A)";"BRANCA";"ODONTÓLOGO";"APTO";"N";9900;"SUPLENTE";1649;NA;NA;NA
250000019144;"FLAVIANE MENESES FREITAS";"#NULO#";"PTB";"FEMININO";"ENSINO FUNDAMENTAL COMPLETO";"CASADO(A)";"PARDA";"COMERCIANTE";"APTO";"N";18000;"SUPLENTE";218;NA;NA;NA
250000008359;"JOSE ROBSON CORDEIRO MELGAÇO";"#NULO#";"PRB";"MASCULINO";"ENSINO FUNDAMENTAL COMPLETO";"SOLTEIRO(A)";"BRANCA";"TAXISTA";"APTO";"N";NA;"SUPLENTE";540;NA;NA;NA
250000010856;"WALDEMAR DOS SANTOS MARTINS";"#NULO#";"PPS";"MASCULINO";"ENSINO MÉDIO COMPLETO";"CASADO(A)";"BRANCA";"OUTROS";"APTO";"N";30000;"SUPLENTE";149;NA;NA;NA
250000011681;"EDMAR MARQUES SILVA";"#NULO#";"PV";"MASCULINO";"ENSINO MÉDIO INCOMPLETO";"DIVORCIADO(A)";"PRETA";"MÚSICO";"APTO";"N";NA;"SUPLENTE";648;NA;NA;NA
250000040598;"MARIA NILVA SEVERINO GONÇALVES";"#NULO#";"SD";"FEMININO";"SUPERIOR COMPLETO";"CASADO(A)";"BRANCA";"PROFESSOR DE ENSINO MÉDIO";"APTO";"N";2205000;"NÃO ELEITO";1258;20739,51;"Fundo Partidario";"Recursos de partido político"
250000050145;"ALMIR RIBEIRO DOS SANTOS";"#NULO#";"PSL";"MASCULINO";"ENSINO FUNDAMENTAL INCOMPLETO";"SOLTEIRO(A)";"BRANCA";"ADMINISTRADOR";"APTO";"N";NA;"NÃO ELEITO";1348;NA;NA;NA
250000040586;"MARCIO PIMENTEL BENVENUTO";"#NULO#";"SD";"MASCULINO";"SUPERIOR INCOMPLETO";"CASADO(A)";"BRANCA";"TRABALHADOR DE ARTES GRÁFICAS";"APTO";"N";NA;"NÃO ELEITO";246;NA;NA;NA
250000010850;"GIULIANO FIORETTI";"#NULO#";"PPS";"MASCULINO";"SUPERIOR COMPLETO";"CASADO(A)";"BRANCA";"MÉDICO";"APTO";"N";509000;"SUPLENTE";2756;100,57;"Outros Recursos";"Recursos próprios, Recursos de partido político"
250000005000;"ANDRÉA CRISTINA RIBEIRO DOS SANTOS";"#NULO#";"PSDB";"FEMININO";"ENSINO MÉDIO COMPLETO";"CASADO(A)";"PARDA";"DONA DE CASA";"APTO";"N";350000;"SUPLENTE";562;NA;NA;NA
250000011677;"ADEMIR NICACIO DA SILVA";"#NULO#";"PV";"MASCULINO";"ENSINO MÉDIO COMPLETO";"SOLTEIRO(A)";"BRANCA";"EMPRESÁRIO";"APTO";"N";NA;"SUPLENTE";477;NA;NA;NA
250000082736;"PEDRO COBBETT STAEL MARKUN";"#NULO#";"REDE";"MASCULINO";"SUPERIOR INCOMPLETO";"SOLTEIRO(A)";"BRANCA";"OUTROS";"APTO";"N";161327,46;"NÃO ELEITO";4624;5210;"Outros Recursos";"Recursos próprios, Recursos de pessoas físicas"
250000010996;"DANIEL CARREIRA FILHO";"#NULO#";"PSB";"MASCULINO";"SUPERIOR COMPLETO";"CASADO(A)";"BRANCA";"PROFESSOR DE ENSINO SUPERIOR";"APTO";"N";1630969;"SUPLENTE";797;NA;NA;NA
250000013935;"CICERO APARECIDO DA SILVA";"#NULO#";"PRTB";"MASCULINO";"SUPERIOR INCOMPLETO";"SOLTEIRO(A)";"BRANCA";"COMERCIANTE";"APTO";"N";3500;"NÃO ELEITO";960;2800;"Outros Recursos";"Recursos próprios"
250000038386;"CRISTIANA PINHEIRO DUARTE";"#NULO#";"PSDC";"FEMININO";"ENSINO FUNDAMENTAL COMPLETO";"CASADO(A)";"BRANCA";"COMERCIANTE";"APTO";"N";NA;"NÃO ELEITO";98;2898,66;"Fundo Partidario, Outros Recursos";"Recursos de partido político, Recursos de outros candidatos, Recursos de pessoas físicas"
250000050208;"NEUSA MARIA DE ARAUJO";"#NULO#";"PSL";"FEMININO";"ENSINO MÉDIO COMPLETO";"SOLTEIRO(A)";"PARDA";"DONA DE CASA";"APTO";"N";NA;"NÃO ELEITO";553;446,21;"Outros Recursos, Fundo Partidario";"Recursos de outros candidatos, Recursos de partido político"
250000005798;"JANAINA CARLA DE LIMA";"#NULO#";"NOVO";"FEMININO";"SUPERIOR COMPLETO";"CASADO(A)";"BRANCA";"ADVOGADO";"APTO";"N";26100;"ELEITO POR QP";19425;300018,76;"Outros Recursos";"Recursos de partido político, Recursos de pessoas físicas"
250000011007;"JOSE ANDRE SOBREIRO CARVALHO MEDEIROS";"#NULO#";"PP";"MASCULINO";"ENSINO MÉDIO COMPLETO";"SOLTEIRO(A)";"BRANCA";"CANTOR E COMPOSITOR";"APTO";"N";293893;"SUPLENTE";104;NA;NA;NA
250000014897;"DIANA SOUBIHE DE OLIVEIRA";"#NULO#";"PSOL";"FEMININO";"SUPERIOR COMPLETO";"SOLTEIRO(A)";"BRANCA";"AUXILIAR DE ESCRITÓRIO E ASSEMELHADOS";"APTO";"N";NA;"SUPLENTE";3590;NA;NA;NA
250000022133;"IVALDO DA SILVA";"#NULO#";"PROS";"MASCULINO";"SUPERIOR INCOMPLETO";"DIVORCIADO(A)";"PARDA";"PROFESSOR DE ENSINO MÉDIO";"APTO";"N";20000;"SUPLENTE";1765;9222,34;"Outros Recursos, Fundo Partidario";"Recursos próprios, Recursos de partido político"
250000020817;"ANDERSON MIGRI DA CUNHA";"#NULO#";"PMDB";"MASCULINO";"ENSINO MÉDIO COMPLETO";"CASADO(A)";"BRANCA";"COMERCIANTE";"APTO";"N";NA;"SUPLENTE";2959;NA;NA;NA
250000004979;"ADRIANA ALVES RAMALHO SANTANA";"#NULO#";"PSDB";"FEMININO";"SUPERIOR COMPLETO";"CASADO(A)";"BRANCA";"EMPRESÁRIO";"APTO";"N";1512523,93;"ELEITO POR QP";29756;369341,19;"Outros Recursos, Fundo Partidario";"Recursos de pessoas físicas, Recursos de partido político, Recursos de outros candidatos"
250000027327;"REANOLFO CLAUDIO DE SIQUEIRA";"#NULO#";"PTC";"MASCULINO";"SUPERIOR INCOMPLETO";"CASADO(A)";"BRANCA";"MILITAR REFORMADO";"APTO";"N";40000;"NÃO ELEITO";196;NA;NA;NA
250000062817;"ANTONIO MARCOS MARCONI MOREIRA";"#NULO#";"PATRIOTA";"MASCULINO";"ENSINO MÉDIO COMPLETO";"CASADO(A)";"BRANCA";"OUTROS";"APTO";"N";NA;"NÃO ELEITO";892;NA;NA;NA
250000010911;"CINTIA DE OLIVEIRA SILVA";"#NULO#";"PHS";"FEMININO";"ENSINO MÉDIO COMPLETO";"CASADO(A)";"PARDA";"EMPRESÁRIO";"APTO";"N";4500;"SUPLENTE";446;NA;NA;NA
250000020789;"RICARDO APARECIDO GRANJA DOS SANTOS";"#NULO#";"PMDB";"MASCULINO";"SUPERIOR COMPLETO";"CASADO(A)";"BRANCA";"ECONOMISTA";"APTO";"N";532877,63;"SUPLENTE";2151;30105,21;"Outros Recursos, Fundo Partidario";"Recursos de outros candidatos, Recursos próprios, Recursos de pessoas físicas"
250000019133;"HAROLDO JOSÉ DOS SANTOS";"#NULO#";"PTB";"MASCULINO";"ENSINO MÉDIO COMPLETO";"CASADO(A)";"BRANCA";"CONTADOR";"APTO";"N";597394,35;"SUPLENTE";2330;9000;"Outros Recursos";"Recursos próprios"
250000038380;"WILLIAM FERREIRA DE FREITAS";"#NULO#";"PSDC";"MASCULINO";"ENSINO MÉDIO COMPLETO";"CASADO(A)";"BRANCA";"CARPINTEIRO, MARCENEIRO E ASSEMELHADOS";"APTO";"N";NA;"NÃO ELEITO";1467;NA;NA;NA
250000038362;"PAULO JORGE VALENTIM";"#NULO#";"PSDC";"MASCULINO";"SUPERIOR COMPLETO";"CASADO(A)";"BRANCA";"MÉDICO";"APTO";"N";395012,68;"NÃO ELEITO";3126;28739,53;"Outros Recursos, Fundo Partidario";"Recursos próprios, Recursos de outros candidatos, Recursos de partido político"
250000038395;"LAÉRCIO GONÇALVES DE OLIVEIRA";"#NULO#";"PSDC";"MASCULINO";"ENSINO FUNDAMENTAL COMPLETO";"CASADO(A)";"BRANCA";"MOTORISTA DE VEÍCULOS DE TRANSPORTE COLETIVO DE PASSAGEIROS";"APTO";"N";23000;"NÃO ELEITO";2666;4791,12;"Outros Recursos, Fundo Partidario";"Recursos próprios, Recursos de pessoas físicas, Recursos de partido político, Recursos de outros candidatos"
250000020842;"LUIZ FERNANDO RICCÓ VIVIANI FERRAZ";"#NULO#";"PSD";"MASCULINO";"SUPERIOR COMPLETO";"CASADO(A)";"BRANCA";"OUTROS";"APTO";"N";103713,91;"SUPLENTE";5132;45120,51;"Outros Recursos, Fundo Partidario";"Recursos próprios, Recursos de pessoas físicas, Recursos de outros candidatos, Recursos de partido político"
250000022087;"LUIZ CLAUDIO MARCOLINO";"#NULO#";"PT";"MASCULINO";"SUPERIOR COMPLETO";"CASADO(A)";"PRETA";"BANCÁRIO E ECONOMIÁRIO";"APTO";"N";393569,02;"SUPLENTE";7960;273696,08;"Outros Recursos, Fundo Partidario";"Recursos próprios, Recursos de pessoas físicas, Recursos de partido político"
250000058359;"FRANCISCA BATISTA SURIANO DA SILVA";"#NULO#";"PTN";"FEMININO";"SUPERIOR COMPLETO";"CASADO(A)";"PARDA";"OUTROS";"APTO";"N";NA;"SUPLENTE";161;NA;NA;NA
250000014904;"PAULO PEREIRA ROCHA";"#NULO#";"PSOL";"MASCULINO";"ENSINO MÉDIO COMPLETO";"CASADO(A)";"PARDA";"OUTROS";"APTO";"N";20000;"SUPLENTE";486;NA;NA;NA
250000013945;"JOSE ERALDO CARDOSO DA SILVA";"#NULO#";"PRTB";"MASCULINO";"ENSINO MÉDIO COMPLETO";"CASADO(A)";"BRANCA";"OUTROS";"APTO";"N";180039;"NÃO ELEITO";253;NA;NA;NA
250000040602;"OSMAR BUZATTO JUNIOR";"#NULO#";"SD";"MASCULINO";"SUPERIOR COMPLETO";"SOLTEIRO(A)";"BRANCA";"EMPRESÁRIO";"APTO";"N";17000;"NÃO ELEITO";372;500;"Outros Recursos";"Recursos próprios"
250000040560;"CARLOS GARCIA BALADO";"#NULO#";"SD";"MASCULINO";"SUPERIOR COMPLETO";"CASADO(A)";"BRANCA";"OUTROS";"APTO";"N";147566,2;"NÃO ELEITO";189;NA;NA;NA
250000006141;"JOSELITO DE SOUSA LIMA";"#NULO#";"PC do B";"MASCULINO";"SUPERIOR COMPLETO";"DIVORCIADO(A)";"BRANCA";"SERVIDOR PÚBLICO MUNICIPAL";"APTO";"N";259500;"NÃO ELEITO";4828;42093,25;"Fundo Partidario, Outros Recursos";"Recursos de partido político, Recursos próprios"
250000022088;"LUIZ ROQUE EIGLMEIER";"#NULO#";"PT";"MASCULINO";"SUPERIOR COMPLETO";"DIVORCIADO(A)";"BRANCA";"ADVOGADO";"APTO";"N";44300;"SUPLENTE";2908;44392,66;"Outros Recursos, Fundo Partidario";"Recursos próprios, Recursos de pessoas físicas, Recursos de outros candidatos, Recursos de partido político"
250000006159;"WANDER GERALDO DA SILVA";"#NULO#";"PC do B";"MASCULINO";"ENSINO MÉDIO INCOMPLETO";"DIVORCIADO(A)";"PRETA";"CARPINTEIRO, MARCENEIRO E ASSEMELHADOS";"APTO";"N";143917,7;"NÃO ELEITO";3441;129618,75;"Outros Recursos";"Recursos de partido político, Recursos próprios, Recursos de pessoas físicas"
250000005792;"JOAQUIM CARLOS FANTON FILHO";"#NULO#";"NOVO";"MASCULINO";"SUPERIOR COMPLETO";"CASADO(A)";"BRANCA";"GERENTE";"APTO";"N";793840,33;"SUPLENTE";1854;35185,95;"Outros Recursos";"Recursos de origens não identificadas, Recursos próprios, Recursos de pessoas físicas"
250000020811;"SANDRA NOGUEIRA FERREIRA DA SILVA";"#NULO#";"PMDB";"FEMININO";"SUPERIOR COMPLETO";"CASADO(A)";"BRANCA";"ENFERMEIRO";"APTO";"N";212000;"SUPLENTE";576;7782,15;"Outros Recursos, Fundo Partidario";"Recursos de outros candidatos, Recursos próprios, Recursos de partido político, Recursos de pessoas físicas"
250000022128;"ANTONIO DA SILVA";"#NULO#";"PROS";"MASCULINO";"ENSINO MÉDIO COMPLETO";"SOLTEIRO(A)";"PARDA";"ANALISTA DE SISTEMAS";"APTO";"N";147500;"SUPLENTE";1168;18846,65;"Outros Recursos";"Recursos de partido político, Recursos próprios"
250000010998;"JADSON FLORENTINO DE MORAES";"#NULO#";"PSB";"MASCULINO";"SUPERIOR COMPLETO";"CASADO(A)";"BRANCA";"ADVOGADO";"APTO";"N";43283;"SUPLENTE";3695;11731,87;"Outros Recursos";"Recursos próprios, Recursos de pessoas físicas, Recursos de outros candidatos"
250000040604;"JOÃO BATISTA SILVA";"#NULO#";"SD";"MASCULINO";"ENSINO MÉDIO COMPLETO";"SOLTEIRO(A)";"BRANCA";"SERVIDOR PÚBLICO ESTADUAL";"APTO";"N";NA;"NÃO ELEITO";110;4490,5;"Outros Recursos, Fundo Partidario";"Recursos próprios, Recursos de partido político"
250000044414;"EDIMAR RODRIGUES ALECRIM";"#NULO#";"PPL";"MASCULINO";"SUPERIOR COMPLETO";"SOLTEIRO(A)";"PARDA";"EMPRESÁRIO";"APTO";"N";41828;"NÃO ELEITO";684;NA;NA;NA
250000019153;"MORGANA APARECIDA VENERANDO MICHELETT CARDOSO";"#NULO#";"PTB";"FEMININO";"ENSINO MÉDIO COMPLETO";"CASADO(A)";"BRANCA";"COMERCIANTE";"APTO";"N";47250;"SUPLENTE";394;NA;NA;NA
250000004985;"ANA LUCIA DA COSTA LAZARIM";"#NULO#";"PSDB";"FEMININO";"ENSINO MÉDIO INCOMPLETO";"CASADO(A)";"PRETA";"ALFAIATE E COSTUREIRO";"APTO";"N";NA;"SUPLENTE";633;NA;NA;NA
250000040565;"DAVI CICHETTO DE MORAES";"#NULO#";"SD";"MASCULINO";"ENSINO MÉDIO COMPLETO";"DIVORCIADO(A)";"BRANCA";"TAXISTA";"APTO";"N";185000;"NÃO ELEITO";80;NA;NA;NA
250000005006;"GILSON ALMEIDA BARRETO";"#NULO#";"PSDB";"MASCULINO";"SUPERIOR COMPLETO";"CASADO(A)";"BRANCA";"ADVOGADO";"APTO";"S";3194036,16;"ELEITO POR QP";38564;311964,95;"Outros Recursos, Fundo Partidario";"Recursos de outros candidatos, Recursos de partido político, Recursos próprios, Recursos de pessoas físicas"
250000038328;"ELIAZER RODELLA";"#NULO#";"PSDC";"MASCULINO";"SUPERIOR COMPLETO";"CASADO(A)";"BRANCA";"SERVIDOR PÚBLICO MUNICIPAL";"APTO";"N";NA;"NÃO ELEITO";362;3046,12;"Outros Recursos, Fundo Partidario";"Recursos próprios, Recursos de outros candidatos, Recursos de partido político"
250000094575;"JALMIRA DO CARMO SILVA COELHO";"#NULO#";"PPL";"FEMININO";"ENSINO FUNDAMENTAL COMPLETO";"VIÚVO(A)";"PRETA";"APOSENTADO (EXCETO SERVIDOR PÚBLICO)";"APTO";"N";NA;"NÃO ELEITO";125;NA;NA;NA
250000040581;"RICARDO SARTESCHI";"#NULO#";"SD";"MASCULINO";"ENSINO FUNDAMENTAL COMPLETO";"CASADO(A)";"BRANCA";"MOTORISTA DE VEÍCULOS DE TRANSPORTE COLETIVO DE PASSAGEIROS";"APTO";"N";388000;"NÃO ELEITO";617;NA;NA;NA
250000014893;"ANDRE WAGNER RODRIGUES";"#NULO#";"PSOL";"MASCULINO";"SUPERIOR COMPLETO";"CASADO(A)";"BRANCA";"PROFESSOR DE ENSINO SUPERIOR";"APTO";"N";217000;"SUPLENTE";1569;NA;NA;NA
250000005797;"GLAUCO SILVA DE CARVALHO";"#NULO#";"NOVO";"MASCULINO";"SUPERIOR COMPLETO";"CASADO(A)";"BRANCA";"POLICIAL MILITAR";"APTO";"N";778889,32;"SUPLENTE";6626;110550;"Outros Recursos";"Recursos de pessoas físicas, Recursos de partido político"
250000011689;"FATIMA MARIA GONÇALVES FURTADO";"#NULO#";"PV";"FEMININO";"ENSINO MÉDIO COMPLETO";"CASADO(A)";"PARDA";"APOSENTADO (EXCETO SERVIDOR PÚBLICO)";"APTO";"N";NA;"SUPLENTE";204;NA;NA;NA
250000062786;"MANOEL DOS SANTOS SILVA IRMAO";"#NULO#";"PATRIOTA";"MASCULINO";"LÊ E ESCREVE";"SOLTEIRO(A)";"BRANCA";"OUTROS";"APTO";"N";NA;"NÃO ELEITO";587;NA;NA;NA
250000038411;"MARCO ANTÔNIO EUGÊNIO MARTINI";"#NULO#";"PSDC";"MASCULINO";"ENSINO MÉDIO COMPLETO";"CASADO(A)";"BRANCA";"ATOR E DIRETOR DE ESPETÁCULOS PÚBLICOS";"APTO";"N";NA;"NÃO ELEITO";392;NA;NA;NA
250000019128;"CLÉCIO VIANA VANDERLEI";"#NULO#";"PTB";"MASCULINO";"SUPERIOR COMPLETO";"SOLTEIRO(A)";"BRANCA";"DECORADOR";"APTO";"N";NA;"SUPLENTE";273;NA;NA;NA
250000008367;"PATRICIA REGINA ALONSO";"#NULO#";"PSC";"FEMININO";"SUPERIOR COMPLETO";"DIVORCIADO(A)";"BRANCA";"ADVOGADO";"APTO";"N";71576,69;"SUPLENTE";1230;8328,33;"Outros Recursos, Fundo Partidario";"Recursos próprios, Recursos de partido político"
250000010993;"MAURO VERRI VILLAS BOAS";"#NULO#";"PSB";"MASCULINO";"SUPERIOR COMPLETO";"DIVORCIADO(A)";"BRANCA";"GERENTE";"APTO";"N";370000;"SUPLENTE";1152;2384,4;"Outros Recursos";"Recursos próprios, Recursos de outros candidatos"
250000011641;"MARCELO IOVANOVISCHI";"#NULO#";"PV";"MASCULINO";"ENSINO FUNDAMENTAL INCOMPLETO";"CASADO(A)";"BRANCA";"VENDEDOR DE COMÉRCIO VAREJISTA E ATACADISTA";"APTO";"N";NA;"SUPLENTE";183;1500;"Outros Recursos";"Recursos de pessoas físicas"
250000013949;"LAURA FERNANDA GRACIANO";"#NULO#";"PRTB";"FEMININO";"SUPERIOR COMPLETO";"SOLTEIRO(A)";"BRANCA";"PEDAGOGO";"APTO";"N";NA;"NÃO ELEITO";151;NA;NA;NA
250000050149;"ELIZABETE DOS SANTOS MANASTARLA";"#NULO#";"PSL";"FEMININO";"SUPERIOR COMPLETO";"SOLTEIRO(A)";"PARDA";"PROFESSOR DE ENSINO FUNDAMENTAL";"APTO";"N";160666,69;"NÃO ELEITO";37;NA;NA;NA
250000019145;"FRANCISCO NUNES SOBRINHO";"#NULO#";"PTB";"MASCULINO";"SUPERIOR COMPLETO";"SOLTEIRO(A)";"BRANCA";"EMPRESÁRIO";"APTO";"N";49000;"SUPLENTE";12333;19680;"Outros Recursos";"Recursos de pessoas físicas"
250000027315;"JOAO MANUEL BAPTISTA";"#NULO#";"PTC";"MASCULINO";"SUPERIOR COMPLETO";"CASADO(A)";"BRANCA";"ADVOGADO";"APTO";"N";596378,05;"NÃO ELEITO";244;3600;"Outros Recursos, Fundo Partidario";"Recursos próprios, Recursos de partido político, Recursos de pessoas físicas"
250000038407;"JOSÉ CARLOS SILVA TRAJANO";"#NULO#";"PSDC";"MASCULINO";"ENSINO MÉDIO COMPLETO";"SOLTEIRO(A)";"PRETA";"EMPRESÁRIO";"APTO";"N";81800;"NÃO ELEITO";621;NA;NA;NA
250000008293;"ANDRÉ LUIZ SANTOS ESTEVES";"#NULO#";"PRB";"MASCULINO";"ENSINO MÉDIO COMPLETO";"CASADO(A)";"PARDA";"OUTROS";"APTO";"N";NA;"ELEITO POR QP";37393;118211,3;"Outros Recursos, Fundo Partidario";"Recursos de pessoas físicas, Recursos de outros candidatos, Recursos de partido político"
250000038422;"DANILO OLIVEIRA CAMPAGNUCCI";"#NULO#";"PSDC";"MASCULINO";"SUPERIOR INCOMPLETO";"CASADO(A)";"BRANCA";"VENDEDOR PRACISTA, REPRESENTANTE, CAIXEIRO-VIAJANTE E ASSEMELHADOS";"APTO";"N";NA;"NÃO ELEITO";298;NA;NA;NA
250000019185;"ALEKSANDRO HUMBERTO DA SILVA";"#NULO#";"PTB";"MASCULINO";"SUPERIOR INCOMPLETO";"CASADO(A)";"BRANCA";"VENDEDOR DE COMÉRCIO VAREJISTA E ATACADISTA";"APTO";"N";NA;"SUPLENTE";415;NA;NA;NA
250000010895;"ROSELI DE CAMPOS";"#NULO#";"PHS";"FEMININO";"SUPERIOR COMPLETO";"DIVORCIADO(A)";"BRANCA";"PEDAGOGO";"APTO";"N";NA;"SUPLENTE";879;NA;NA;NA
250000014895;"CASSIA ROSANA BASSO";"#NULO#";"PSOL";"FEMININO";"ENSINO FUNDAMENTAL COMPLETO";"DIVORCIADO(A)";"PARDA";"LOCUTOR E COMENTARISTA DE RÁDIO E TELEVISÃO E RADIALISTA";"APTO";"N";5000;"SUPLENTE";162;NA;NA;NA
250000008307;"EDI GOMES RIBEIRO";"#NULO#";"PRB";"MASCULINO";"ENSINO MÉDIO COMPLETO";"SOLTEIRO(A)";"BRANCA";"OUTROS";"APTO";"N";21500;"SUPLENTE";1725;8765;"Outros Recursos";"Recursos de partido político, Recursos próprios"
250000027284;"RODRIGO SALES BARBOSA";"#NULO#";"PRP";"MASCULINO";"SUPERIOR COMPLETO";"SOLTEIRO(A)";"BRANCA";"SERVIDOR PÚBLICO ESTADUAL";"APTO";"N";NA;"NÃO ELEITO";496;2766,99;"Outros Recursos, Fundo Partidario";"Recursos próprios, Recursos de partido político"
250000038398;"MARIA CRISTINA RIBEIRO LIMA DOS SANTOS";"#NULO#";"PSDC";"FEMININO";"ENSINO MÉDIO COMPLETO";"CASADO(A)";"BRANCA";"ENFERMEIRO";"APTO";"N";368000;"NÃO ELEITO";138;NA;NA;NA
250000008369;"RENATO TAMAIO DE SOUZA";"#NULO#";"PSC";"MASCULINO";"ENSINO MÉDIO COMPLETO";"DIVORCIADO(A)";"BRANCA";"EMPRESÁRIO";"APTO";"N";53000;"SUPLENTE";536;NA;NA;NA
250000077185;"JESULINO RODRIGUES PEREIRA";"#NULO#";"PCO";"MASCULINO";"LÊ E ESCREVE";"SOLTEIRO(A)";"PARDA";"TRABALHADOR DE CONSTRUÇÃO CIVIL";"APTO";"N";NA;"NÃO ELEITO";161;NA;NA;NA
250000040576;"MAGNOVALDO PAULO DO NASCIMENTO";"#NULO#";"SD";"MASCULINO";"ENSINO FUNDAMENTAL INCOMPLETO";"CASADO(A)";"BRANCA";"OUTROS";"APTO";"N";NA;"NÃO ELEITO";113;NA;NA;NA
250000022089;"MAIRA MACHADO FROTA PINHEIRO";"#NULO#";"PT";"FEMININO";"SUPERIOR INCOMPLETO";"SOLTEIRO(A)";"BRANCA";"OUTROS";"APTO";"N";NA;"SUPLENTE";1294;17585,71;"Outros Recursos";"Recursos de outros candidatos, Recursos de pessoas físicas, Recursos de partido político"
250000011634;"JHODY MIKE POSSIDONIO DA SILVA";"#NULO#";"PV";"MASCULINO";"SUPERIOR INCOMPLETO";"SOLTEIRO(A)";"PARDA";"ADMINISTRADOR";"APTO";"N";NA;"SUPLENTE";553;NA;NA;NA
250000027265;"MAYZA FONTES CONSENTINO";"#NULO#";"PRP";"FEMININO";"SUPERIOR COMPLETO";"SOLTEIRO(A)";"BRANCA";"ADVOGADO";"APTO";"N";NA;"NÃO ELEITO";409;NA;NA;NA
250000010852;"GERALDO RIBEIRO ANGELO";"#NULO#";"PPS";"MASCULINO";"ENSINO MÉDIO COMPLETO";"CASADO(A)";"PARDA";"SERVIDOR PÚBLICO ESTADUAL";"APTO";"N";NA;"SUPLENTE";490;NA;NA;NA
250000020847;"MIGUEL LIBÓRIO CAVALCANTE NETO";"#NULO#";"PSD";"MASCULINO";"SUPERIOR COMPLETO";"CASADO(A)";"BRANCA";"MILITAR REFORMADO";"APTO";"N";170296,78;"SUPLENTE";1490;NA;NA;NA
250000027299;"JOSÉ GERALDO SANTOS LISA";"#NULO#";"PRP";"MASCULINO";"LÊ E ESCREVE";"CASADO(A)";"PRETA";"SERVIDOR PÚBLICO FEDERAL";"APTO";"N";432000;"NÃO ELEITO";724;NA;NA;NA
250000040569;"DANIEL COLLETO";"#NULO#";"SD";"MASCULINO";"SUPERIOR INCOMPLETO";"CASADO(A)";"BRANCA";"TAXISTA";"APTO";"N";330690;"NÃO ELEITO";155;NA;NA;NA
250000024356;"JORGE BREOGAN FROES RODRIGUES";"#NULO#";"PSTU";"MASCULINO";"SUPERIOR INCOMPLETO";"DIVORCIADO(A)";"INDÍGENA";"ESCRITOR E CRÍTICO";"APTO";"N";NA;"NÃO ELEITO";34;NA;NA;NA
250000004989;"MARIO COVAS NETO";"#NULO#";"PSDB";"MASCULINO";"SUPERIOR COMPLETO";"CASADO(A)";"BRANCA";"ADVOGADO";"APTO";"S";303667;"ELEITO POR QP";75593;436944,37;"Outros Recursos, Fundo Partidario";"Recursos de pessoas físicas, Recursos de outros candidatos"
250000011024;"REGINA DA SILVA COSTA";"#NULO#";"DEM";"FEMININO";"SUPERIOR COMPLETO";"SOLTEIRO(A)";"BRANCA";"ADVOGADO";"APTO";"N";NA;"SUPLENTE";1056;3594,8;"Outros Recursos, Fundo Partidario";"Recursos de outros candidatos, Recursos de partido político"
250000013946;"JOSE ROBERTO DE CASTRO";"#NULO#";"PRTB";"MASCULINO";"SUPERIOR COMPLETO";"CASADO(A)";"BRANCA";"POLICIAL MILITAR";"APTO";"N";433500;"NÃO ELEITO";505;NA;NA;NA
250000019207;"ROSANGELA DE PAULA NOGUEIRA FERREIRA";"#NULO#";"PTB";"FEMININO";"SUPERIOR COMPLETO";"SEPARADO(A) JUDICIALMENTE";"BRANCA";"ADVOGADO";"APTO";"N";201000;"SUPLENTE";82;NA;NA;NA
250000011644;"DANIELLE MENDES THAME DENNY";"#NULO#";"PV";"FEMININO";"SUPERIOR COMPLETO";"SOLTEIRO(A)";"PARDA";"PEDAGOGO";"APTO";"N";522532,21;"SUPLENTE";806;4000;"Outros Recursos";"Recursos próprios, Recursos de pessoas físicas"
250000050207;"MARILDA WATANABE MAZZOCCHI";"#NULO#";"PSL";"FEMININO";"SUPERIOR COMPLETO";"DIVORCIADO(A)";"BRANCA";"ADVOGADO";"APTO";"N";520392,37;"NÃO ELEITO";785;5446,21;"Outros Recursos, Fundo Partidario";"Recursos próprios, Recursos de outros candidatos, Recursos de partido político"
250000004992;"EDUARDO TUMA";"#NULO#";"PSDB";"MASCULINO";"SUPERIOR COMPLETO";"SOLTEIRO(A)";"BRANCA";"ADVOGADO";"APTO";"S";2094261,16;"ELEITO POR QP";70273;1078024,55;"Outros Recursos, Fundo Partidario";"Recursos de outros candidatos, Recursos próprios, Recursos de pessoas físicas, Recursos de partido político"
250000011653;"EUGENIO CARLOS FERRARI";"#NULO#";"PV";"MASCULINO";"SUPERIOR COMPLETO";"CASADO(A)";"BRANCA";"MÉDICO";"APTO";"N";640905,38;"SUPLENTE";450;3583,34;"Outros Recursos, Fundo Partidario";"Recursos próprios, Recursos de partido político, Recursos de outros candidatos"
250000050196;"ALEXANDRE SOARES DOS SANTOS MIRANDA MARTINS";"#NULO#";"PSL";"MASCULINO";"SUPERIOR COMPLETO";"SOLTEIRO(A)";"PARDA";"ADVOGADO";"APTO";"N";NA;"NÃO ELEITO";317;NA;NA;NA
250000014864;"GILBERTO MARINGONI DE OLIVEIRA";"#NULO#";"PSOL";"MASCULINO";"SUPERIOR COMPLETO";"DIVORCIADO(A)";"BRANCA";"PROFESSOR DE ENSINO SUPERIOR";"APTO";"N";60000;"SUPLENTE";3230;30375;"Outros Recursos";"Recursos próprios, Recursos de pessoas físicas"
250000022120;"ISAC FELIX DOS SANTOS";"#NULO#";"PR";"MASCULINO";"SUPERIOR COMPLETO";"CASADO(A)";"BRANCA";"EMPRESÁRIO";"APTO";"N";909983,79;"ELEITO POR MÉDIA";25876;334709,36;"Outros Recursos, Fundo Partidario";"Recursos próprios, Recursos de pessoas físicas, Recursos de partido político"
250000008341;"MILTON FERREIRA MENDES";"#NULO#";"PRB";"MASCULINO";"ENSINO MÉDIO COMPLETO";"DIVORCIADO(A)";"PRETA";"EMPRESÁRIO";"APTO";"N";76490,65;"SUPLENTE";2618;NA;NA;NA
250000050211;"JOSÉ RAIMUNDO DOS SANTOS DA CRUZ";"#NULO#";"PSL";"MASCULINO";"SUPERIOR COMPLETO";"SOLTEIRO(A)";"PRETA";"RELAÇÕES-PÚBLICAS";"APTO";"N";NA;"NÃO ELEITO";333;NA;NA;NA
250000093523;"PAULO NORIYUKI SAKAMOTO";"#NULO#";"PP";"MASCULINO";"SUPERIOR COMPLETO";"VIÚVO(A)";"BRANCA";"ADVOGADO";"APTO";"N";6048000;"SUPLENTE";1067;NA;NA;NA
250000008327;"IZAURA DOS SANTOS";"#NULO#";"PRB";"FEMININO";"SUPERIOR INCOMPLETO";"SOLTEIRO(A)";"PARDA";"APOSENTADO (EXCETO SERVIDOR PÚBLICO)";"APTO";"N";62569,13;"SUPLENTE";262;1910;"Outros Recursos";"Recursos próprios"
250000010836;"PAULO ROBERTO DE ALMEIDA FERREIRA";"#NULO#";"PPS";"MASCULINO";"SUPERIOR INCOMPLETO";"CASADO(A)";"BRANCA";"ANALISTA DE SISTEMAS";"APTO";"N";13000;"SUPLENTE";1890;NA;NA;NA
250000020828;"EMERSON ROBERTO RODRIGUES";"#NULO#";"PSD";"MASCULINO";"ENSINO MÉDIO COMPLETO";"CASADO(A)";"BRANCA";"COMERCIANTE";"APTO";"N";603000;"SUPLENTE";857;NA;NA;NA
250000005801;"TONY CRUYF COLLINS CARNEIRO";"#NULO#";"NOVO";"MASCULINO";"SUPERIOR COMPLETO";"CASADO(A)";"PARDA";"EMPRESÁRIO";"APTO";"N";1217725,17;"SUPLENTE";1339;10007;"Outros Recursos";"Recursos próprios"
250000058377;"JACEGUAY NUNES GOES";"#NULO#";"PTN";"MASCULINO";"ENSINO MÉDIO COMPLETO";"CASADO(A)";"BRANCA";"ADMINISTRADOR";"APTO";"N";NA;"SUPLENTE";780;NA;NA;NA
250000022090;"EMILIANO ZAPATA FERREIRA MARCELINO SILVA";"#NULO#";"PT";"MASCULINO";"SUPERIOR COMPLETO";"SOLTEIRO(A)";"BRANCA";"ESCRITOR E CRÍTICO";"APTO";"N";147497,42;"SUPLENTE";11318;302887,27;"Outros Recursos, Fundo Partidario";"Recursos de pessoas físicas, Recursos de partido político, Recursos próprios"
250000014856;"JOSÉ NILDO ALVES CARDOSO";"#NULO#";"PSOL";"MASCULINO";"SUPERIOR COMPLETO";"SOLTEIRO(A)";"PARDA";"ADVOGADO";"APTO";"N";245000;"SUPLENTE";3153;14029,52;"Outros Recursos";"Recursos próprios, Recursos de pessoas físicas"
250000020855;"TARSILA DO AMARAL";"#NULO#";"PSD";"FEMININO";"SUPERIOR COMPLETO";"DIVORCIADO(A)";"BRANCA";"EMPRESÁRIO";"APTO";"N";878762,5;"SUPLENTE";917;10000;"Fundo Partidario";"Recursos de partido político"
250000093977;"SONIA VAZ DA SILVA";"#NULO#";"PSL";"FEMININO";"SUPERIOR COMPLETO";"DIVORCIADO(A)";"BRANCA";"ENFERMEIRO";"APTO";"N";NA;"NÃO ELEITO";216;NA;NA;NA
250000011648;"TOMAZ KIYOMU KURASHIMA JUNIOR";"#NULO#";"PV";"MASCULINO";"SUPERIOR COMPLETO";"DIVORCIADO(A)";"BRANCA";"BANCÁRIO E ECONOMIÁRIO";"APTO";"N";70011,11;"SUPLENTE";412;500;"Outros Recursos";"Recursos próprios"
250000008306;"ANA PAULA NEVES MERCÚRIO";"#NULO#";"PRB";"FEMININO";"SUPERIOR COMPLETO";"CASADO(A)";"BRANCA";"JORNALISTA E REDATOR";"APTO";"N";705000;"SUPLENTE";3288;NA;NA;NA
250000005807;"DIEGO MONTEIRO DE SOUZA";"#NULO#";"NOVO";"MASCULINO";"SUPERIOR COMPLETO";"SOLTEIRO(A)";"BRANCA";"ECONOMISTA";"APTO";"N";191019,1;"SUPLENTE";1618;25000;"Outros Recursos";"Recursos próprios"
250000014865;"VERA LUCIA STEFANOV";"#NULO#";"PSOL";"FEMININO";"SUPERIOR COMPLETO";"SOLTEIRO(A)";"BRANCA";"BIBLIOTECÁRIO";"APTO";"N";9e+05;"SUPLENTE";356;1238,35;"Outros Recursos";"Recursos de partido político"
250000022105;"WILSON LEANDRO DE LIMA";"#NULO#";"PT";"MASCULINO";"ENSINO MÉDIO COMPLETO";"CASADO(A)";"BRANCA";"GERENTE";"APTO";"N";34000;"SUPLENTE";2671;32044,24;"Fundo Partidario, Outros Recursos";"Recursos de partido político, Recursos de outros candidatos, Recursos de pessoas físicas"
250000027332;"WILLIANS ROCHA MONTEIRO";"#NULO#";"PTC";"MASCULINO";"SUPERIOR INCOMPLETO";"SOLTEIRO(A)";"BRANCA";"SERVIDOR PÚBLICO ESTADUAL";"APTO";"N";14000;"NÃO ELEITO";219;NA;NA;NA
250000010887;"ARI FRIEDENBACH";"#NULO#";"PHS";"MASCULINO";"SUPERIOR COMPLETO";"CASADO(A)";"BRANCA";"ADVOGADO";"APTO";"S";912235,97;"SUPLENTE";8268;108229,8;"Outros Recursos";"Recursos de pessoas físicas, Recursos de outros candidatos, Recursos próprios"
250000019164;"ELCIO CARDOSO DE MOURA";"#NULO#";"PTB";"MASCULINO";"SUPERIOR INCOMPLETO";"CASADO(A)";"PARDA";"EMPRESÁRIO";"APTO";"N";174277,36;"SUPLENTE";1179;NA;NA;NA
250000058400;"PAULO SERGIO OLIVEIRA";"#NULO#";"PTN";"MASCULINO";"ENSINO MÉDIO COMPLETO";"CASADO(A)";"BRANCA";"OUTROS";"APTO";"N";NA;"SUPLENTE";5530;24416,6;"Outros Recursos, Fundo Partidario";"Recursos próprios, Recursos de partido político, Recursos de outros candidatos, Recursos de pessoas físicas"
250000019193;"CARLOS DA SILVA TREVISAN";"#NULO#";"PTB";"MASCULINO";"SUPERIOR INCOMPLETO";"DIVORCIADO(A)";"BRANCA";"EMPRESÁRIO";"APTO";"N";NA;"SUPLENTE";432;NA;NA;NA
250000010867;"FERNANDO DE JESUS NASCIMENTO";"#NULO#";"PHS";"MASCULINO";"SUPERIOR COMPLETO";"CASADO(A)";"BRANCA";"PROFESSOR DE ENSINO FUNDAMENTAL";"APTO";"N";105151;"SUPLENTE";1375;NA;NA;NA
250000005812;"ROBERTO MENDES PAIVA";"#NULO#";"NOVO";"MASCULINO";"SUPERIOR INCOMPLETO";"CASADO(A)";"BRANCA";"REPRESENTANTE COMERCIAL";"APTO";"N";1;"SUPLENTE";284;2000;"Outros Recursos";"Recursos de pessoas físicas"
250000008310;"OMAR MAZLOUM";"#NULO#";"PRB";"MASCULINO";"SUPERIOR INCOMPLETO";"SOLTEIRO(A)";"BRANCA";"COMERCIANTE";"APTO";"N";NA;"SUPLENTE";1361;NA;NA;NA
250000010908;"CLAUDETE CACCIAGUERRA";"#NULO#";"PHS";"FEMININO";"ENSINO FUNDAMENTAL INCOMPLETO";"DIVORCIADO(A)";"BRANCA";"COMERCIANTE";"APTO";"N";6000;"SUPLENTE";387;NA;NA;NA
250000005819;"ROGERIO LUCCHI MONACO";"#NULO#";"NOVO";"MASCULINO";"SUPERIOR COMPLETO";"CASADO(A)";"BRANCA";"ADMINISTRADOR";"APTO";"N";1264600,42;"SUPLENTE";5684;29250,18;"Outros Recursos";"Recursos próprios, Recursos de pessoas físicas"
250000020854;"RUTE FREIRE DA COSTA SILVA";"#NULO#";"PSD";"FEMININO";"SUPERIOR COMPLETO";"CASADO(A)";"BRANCA";"PSICÓLOGO";"APTO";"N";232711,24;"ELEITO POR QP";33999;351000;"Outros Recursos, Fundo Partidario";"Recursos próprios, Recursos de partido político"
250000022116;"ELAINE ALBA BUTTIGNON";"#NULO#";"PR";"FEMININO";"ENSINO MÉDIO COMPLETO";"CASADO(A)";"BRANCA";"DONA DE CASA";"APTO";"N";15;"SUPLENTE";234;17132,64;"Fundo Partidario, Outros Recursos";"Recursos de partido político, Recursos de pessoas físicas, Recursos de outros candidatos, Recursos próprios"
250000062800;"VERA LUCIA SANTOS DE FRANCA";"#NULO#";"PATRIOTA";"FEMININO";"ENSINO MÉDIO COMPLETO";"SOLTEIRO(A)";"PARDA";"OUTROS";"APTO";"N";NA;"NÃO ELEITO";286;NA;NA;NA
250000010854;"VERA LUCIA NUNES";"#NULO#";"PPS";"FEMININO";"ENSINO MÉDIO COMPLETO";"SOLTEIRO(A)";"PRETA";"ADMINISTRADOR";"APTO";"N";152579,63;"SUPLENTE";471;NA;NA;NA
250000022097;"NORMACI SOUSA SAMPAIO";"#NULO#";"PT";"FEMININO";"ENSINO FUNDAMENTAL INCOMPLETO";"SOLTEIRO(A)";"PRETA";"DONA DE CASA";"APTO";"N";NA;"SUPLENTE";532;21727,27;"Outros Recursos, Fundo Partidario";"Recursos de outros candidatos, Recursos de partido político"
250000013951;"MARCELO OLIVEIRA SANTOS";"#NULO#";"PRTB";"MASCULINO";"ENSINO FUNDAMENTAL INCOMPLETO";"SOLTEIRO(A)";"BRANCA";"COMERCIANTE";"APTO";"N";NA;"NÃO ELEITO";815;NA;NA;NA
250000005804;"ADRIANA DORÇA DE CARVALHO";"#NULO#";"NOVO";"FEMININO";"SUPERIOR COMPLETO";"CASADO(A)";"BRANCA";"SERVIDOR PÚBLICO MUNICIPAL";"APTO";"N";61034,65;"SUPLENTE";3569;5264;"Outros Recursos";"Recursos próprios, Recursos de pessoas físicas"
250000050169;"ELIO NUNES RIBEIRO";"#NULO#";"PSL";"MASCULINO";"ENSINO FUNDAMENTAL INCOMPLETO";"SOLTEIRO(A)";"PARDA";"APOSENTADO (EXCETO SERVIDOR PÚBLICO)";"APTO";"N";NA;"NÃO ELEITO";243;NA;NA;NA
250000040557;"JAILSON TORRES MACÁRIO";"#NULO#";"SD";"MASCULINO";"ENSINO MÉDIO COMPLETO";"CASADO(A)";"BRANCA";"ALFAIATE E COSTUREIRO";"APTO";"N";NA;"NÃO ELEITO";387;NA;NA;NA
250000008345;"AGNALDO QUEIROZ DE FARIA";"#NULO#";"PRB";"MASCULINO";"ENSINO MÉDIO COMPLETO";"CASADO(A)";"BRANCA";"CORRETOR DE IMÓVEIS, SEGUROS, TÍTULOS E VALORES";"APTO";"N";NA;"SUPLENTE";1871;NA;NA;NA
250000050165;"LUIZ SORIANO";"#NULO#";"PSL";"MASCULINO";"ENSINO MÉDIO INCOMPLETO";"CASADO(A)";"BRANCA";"TAXISTA";"APTO";"N";89739,36;"NÃO ELEITO";52;NA;NA;NA
250000027273;"NELSA FLORINDA DE QUEIROZ METZLER";"#NULO#";"PRP";"FEMININO";"ENSINO MÉDIO COMPLETO";"CASADO(A)";"BRANCA";"APOSENTADO (EXCETO SERVIDOR PÚBLICO)";"APTO";"N";NA;"NÃO ELEITO";101;NA;NA;NA
250000014889;"ADRIANA VASCONCELLOS VIEIRA DE OLIVEIRA LUIZ";"#NULO#";"PSOL";"FEMININO";"SUPERIOR COMPLETO";"CASADO(A)";"PRETA";"PROFESSOR DE ENSINO MÉDIO";"APTO";"N";NA;"SUPLENTE";5279;1238,35;"Fundo Partidario";"Recursos de partido político"
250000010889;"RODOLFO FRANCISCO DE SOUZA";"#NULO#";"PHS";"MASCULINO";"SUPERIOR COMPLETO";"CASADO(A)";"BRANCA";"DESPACHANTE";"APTO";"N";605516,87;"SUPLENTE";6001;17000;"Outros Recursos";"Recursos próprios, Recursos de pessoas físicas"
250000020833;"GABRIELLE JORDANO DE OLIVEIRA";"#NULO#";"PSD";"FEMININO";"SUPERIOR COMPLETO";"CASADO(A)";"BRANCA";"EMPRESÁRIO";"APTO";"N";NA;"SUPLENTE";256;10000;"Fundo Partidario";"Recursos de partido político"
250000027272;"SONIA MARIA GUERREIRO PAZINI";"#NULO#";"PRP";"FEMININO";"ENSINO FUNDAMENTAL COMPLETO";"VIÚVO(A)";"BRANCA";"JORNALISTA E REDATOR";"APTO";"N";NA;"NÃO ELEITO";80;NA;NA;NA
250000006150;"GENILDO DANTAS DA SILVA";"#NULO#";"PC do B";"MASCULINO";"ENSINO MÉDIO COMPLETO";"SOLTEIRO(A)";"BRANCA";"VIGILANTE";"APTO";"N";3000;"NÃO ELEITO";185;5835,45;"Outros Recursos";"Recursos próprios, Recursos de pessoas físicas, Recursos de partido político"
250000011620;"MARIA ROSÁLIA PINFILDI GOMES";"#NULO#";"PV";"FEMININO";"SUPERIOR COMPLETO";"DIVORCIADO(A)";"BRANCA";"SERVIDOR PÚBLICO FEDERAL";"APTO";"N";242262,41;"SUPLENTE";417;16613,2;"Outros Recursos";"Recursos próprios, Recursos de pessoas físicas"
250000010879;"APARECIDO DE LIMA";"#NULO#";"PHS";"MASCULINO";"SUPERIOR COMPLETO";"CASADO(A)";"PARDA";"OUTROS";"APTO";"N";NA;"SUPLENTE";1172;NA;NA;NA
250000027262;"JACIARA MARIA PEREIRA DA SILVA DE JESUS";"#NULO#";"PRP";"FEMININO";"ENSINO FUNDAMENTAL COMPLETO";"CASADO(A)";"PARDA";"DONA DE CASA";"APTO";"N";NA;"NÃO ELEITO";636;NA;NA;NA
250000038389;"FRANCISCO DE ASSIS COSTA LIMA";"#NULO#";"PSDC";"MASCULINO";"SUPERIOR COMPLETO";"CASADO(A)";"PRETA";"POLICIAL MILITAR";"APTO";"N";450000;"NÃO ELEITO";263;NA;NA;NA
250000038390;"FRANCISCO PEREIRA FERREIRA";"#NULO#";"PSDC";"MASCULINO";"ENSINO FUNDAMENTAL INCOMPLETO";"CASADO(A)";"BRANCA";"VENDEDOR PRACISTA, REPRESENTANTE, CAIXEIRO-VIAJANTE E ASSEMELHADOS";"APTO";"N";51000;"NÃO ELEITO";190;4091,12;"Outros Recursos, Fundo Partidario";"Recursos próprios, Recursos de partido político, Recursos de outros candidatos, Recursos de pessoas físicas"
250000019162;"FABIO MOURÃO ANTONIO";"#NULO#";"PTB";"MASCULINO";"SUPERIOR COMPLETO";"CASADO(A)";"BRANCA";"ADVOGADO";"APTO";"N";199501,86;"SUPLENTE";1391;6253;"Outros Recursos, Fundo Partidario";"Recursos de partido político, Recursos próprios, Recursos de pessoas físicas, Recursos de outros candidatos"
250000005019;"RONALDO LIGIERI SONS";"#NULO#";"PSDB";"MASCULINO";"SUPERIOR COMPLETO";"CASADO(A)";"BRANCA";"EMPRESÁRIO";"APTO";"N";3724876,32;"SUPLENTE";9239;285940,95;"Outros Recursos";"Recursos próprios, Recursos de pessoas físicas, Recursos de outros candidatos"
250000022119;"HELIO LUIZ DE OLIVEIRA";"#NULO#";"PR";"MASCULINO";"SUPERIOR COMPLETO";"CASADO(A)";"PARDA";"JORNALISTA E REDATOR";"APTO";"N";NA;"SUPLENTE";156;NA;NA;NA
250000058350;"LUCIANO GALESCO";"#NULO#";"PTN";"MASCULINO";"ENSINO MÉDIO COMPLETO";"SOLTEIRO(A)";"BRANCA";"POLICIAL MILITAR";"APTO";"N";350000;"SUPLENTE";10548;24616,6;"Outros Recursos, Fundo Partidario";"Recursos próprios, Recursos de partido político, Recursos de outros candidatos"
250000013938;"EMÍDIO PICCORONI";"#NULO#";"PRTB";"MASCULINO";"SUPERIOR COMPLETO";"SOLTEIRO(A)";"BRANCA";"ADVOGADO";"APTO";"N";340000;"NÃO ELEITO";495;6269,99;"Fundo Partidario, Outros Recursos";"Recursos de partido político, Recursos de pessoas físicas, Recursos próprios"
250000013963;"OSVALDO MENESES DOS SANTOS";"#NULO#";"PRTB";"MASCULINO";"SUPERIOR COMPLETO";"SOLTEIRO(A)";"BRANCA";"POLICIAL MILITAR";"APTO";"N";3253,92;"NÃO ELEITO";449;NA;NA;NA
250000019125;"ADILSON ARMANDO CARVALHO AMADEU";"#NULO#";"PTB";"MASCULINO";"SUPERIOR COMPLETO";"CASADO(A)";"BRANCA";"ADMINISTRADOR";"APTO";"S";8540937,73;"ELEITO POR QP";67071;230780;"Outros Recursos, Fundo Partidario";"Recursos próprios, Recursos de pessoas físicas, Recursos de partido político"
250000006180;"DENIVALDO DA SILVA SANTANA";"#NULO#";"PC do B";"MASCULINO";"SUPERIOR INCOMPLETO";"SOLTEIRO(A)";"PARDA";"OUTROS";"APTO";"N";NA;"NÃO ELEITO";129;4464,84;"Outros Recursos";"Recursos próprios, Recursos de partido político"
250000038340;"MARCELO GERALDO DA SILVA";"#NULO#";"PSDC";"MASCULINO";"ENSINO FUNDAMENTAL COMPLETO";"SOLTEIRO(A)";"PRETA";"MÚSICO";"APTO";"N";24760;"NÃO ELEITO";575;3558,12;"Outros Recursos, Fundo Partidario";"Recursos de pessoas físicas, Recursos de partido político, Recursos de outros candidatos"
250000013931;"ALEXANDRE GUIMARÃES DA COSTA ALECRIM";"#NULO#";"PRTB";"MASCULINO";"SUPERIOR COMPLETO";"DIVORCIADO(A)";"PARDA";"MILITAR REFORMADO";"APTO";"N";3000;"NÃO ELEITO";245;3129,99;"Outros Recursos, Fundo Partidario";"Recursos próprios, Recursos de partido político, Recursos de pessoas físicas"
250000006158;"MARTA LUCAS DOS SANTOS";"#NULO#";"PC do B";"FEMININO";"SUPERIOR INCOMPLETO";"SOLTEIRO(A)";"PRETA";"SERVIDOR PÚBLICO ESTADUAL";"APTO";"N";2e+05;"NÃO ELEITO";2634;33781,25;"Outros Recursos, Fundo Partidario";"Recursos próprios, Recursos de pessoas físicas, Recursos de partido político"
250000006205;"WANDERLEY LEMES TEIXEIRA";"#NULO#";"PC do B";"MASCULINO";"ENSINO MÉDIO INCOMPLETO";"CASADO(A)";"BRANCA";"OUTROS";"APTO";"N";NA;"NÃO ELEITO";11015;49668,8;"Outros Recursos, Fundo Partidario";"Recursos de pessoas físicas, Recursos de partido político"
250000006148;"ITAMAR SANTOS SESSENTA";"#NULO#";"PC do B";"MASCULINO";"ENSINO FUNDAMENTAL COMPLETO";"SOLTEIRO(A)";"PARDA";"SERVIDOR PÚBLICO MUNICIPAL";"APTO";"N";6000;"NÃO ELEITO";1072;20736,35;"Outros Recursos, Fundo Partidario";"Recursos próprios, Recursos de partido político"
250000019205;"VILZA CARLA BORGES DE AZEVEDO";"#NULO#";"PTB";"FEMININO";"ENSINO MÉDIO INCOMPLETO";"SOLTEIRO(A)";"BRANCA";"OUTROS";"APTO";"N";NA;"SUPLENTE";166;NA;NA;NA
250000005784;"DIOGO RIBEIRO DA LUZ";"#NULO#";"NOVO";"MASCULINO";"SUPERIOR INCOMPLETO";"CASADO(A)";"BRANCA";"EMPRESÁRIO";"APTO";"N";14707865,71;"SUPLENTE";6062;323640,34;"Outros Recursos";"Recursos próprios, Recursos de pessoas físicas"
250000011702;"AURELIO GIUSEPPE BARBATO";"#NULO#";"PV";"MASCULINO";"SUPERIOR COMPLETO";"CASADO(A)";"BRANCA";"OUTROS";"APTO";"N";446903,96;"SUPLENTE";181;800;"Outros Recursos";"Recursos próprios"
250000058394;"MARIO MAEDA JUNIOR";"#NULO#";"PTN";"MASCULINO";"SUPERIOR COMPLETO";"CASADO(A)";"BRANCA";"ENGENHEIRO";"APTO";"N";NA;"SUPLENTE";3219;3958,09;"Outros Recursos, Fundo Partidario";"Recursos próprios, Recursos de pessoas físicas, Recursos de outros candidatos"
250000014867;"MUNA ZEYN";"#NULO#";"PSOL";"FEMININO";"SUPERIOR COMPLETO";"SOLTEIRO(A)";"BRANCA";"ASSISTENTE SOCIAL";"APTO";"N";1380000;"SUPLENTE";3762;61180;"Outros Recursos, Fundo Partidario";"Recursos de origens não identificadas, Recursos de partido político, Recursos de pessoas físicas"
250000022148;"JOSÉ DE PAULA NETO";"#NULO#";"PDT";"MASCULINO";"SUPERIOR INCOMPLETO";"SOLTEIRO(A)";"PRETA";"CANTOR E COMPOSITOR";"APTO";"N";23060,37;"SUPLENTE";20328;141867,42;"Outros Recursos";"Recursos próprios, Recursos de outros candidatos, Recursos de partido político, Recursos de pessoas físicas"
250000050199;"DOROVALDO ANTONIO ZOCCA";"#NULO#";"PSL";"MASCULINO";"ENSINO FUNDAMENTAL COMPLETO";"DIVORCIADO(A)";"BRANCA";"APOSENTADO (EXCETO SERVIDOR PÚBLICO)";"APTO";"N";NA;"NÃO ELEITO";361;NA;NA;NA
250000058389;"CRISTIANE DE MOURA COELHO";"#NULO#";"PTN";"FEMININO";"ENSINO FUNDAMENTAL COMPLETO";"SEPARADO(A) JUDICIALMENTE";"PARDA";"AGENTE ADMINISTRATIVO";"APTO";"N";NA;"SUPLENTE";567;NA;NA;NA
250000058347;"FRANCISCO JOSE LANG FERNANDES DE OLIVEIRA";"#NULO#";"PTN";"MASCULINO";"SUPERIOR COMPLETO";"CASADO(A)";"BRANCA";"JORNALISTA E REDATOR";"APTO";"S";415484,16;"SUPLENTE";5865;90467,2;"Outros Recursos, Fundo Partidario";"Recursos de outros candidatos, Recursos de partido político"
250000008342;"REGINA MARILIA PRADO MANSSUR";"#NULO#";"PRB";"FEMININO";"SUPERIOR COMPLETO";"CASADO(A)";"BRANCA";"ADVOGADO";"APTO";"N";1254865,61;"SUPLENTE";760;NA;NA;NA
250000011645;"NOVALTE ALVES DE SOUSA";"#NULO#";"PV";"MASCULINO";"ENSINO FUNDAMENTAL INCOMPLETO";"CASADO(A)";"PARDA";"AUXILIAR DE ESCRITÓRIO E ASSEMELHADOS";"APTO";"N";NA;"SUPLENTE";443;NA;NA;NA
250000038391;"GIVANILDO ALVES FERREIRA";"#NULO#";"PSDC";"MASCULINO";"ENSINO MÉDIO COMPLETO";"CASADO(A)";"BRANCA";"OPERADOR DE APARELHOS DE PRODUÇÃO INDUSTRIAL";"APTO";"N";NA;"NÃO ELEITO";338;668,32;"Fundo Partidario";"Recursos de partido político"
250000019195;"VERA MARISA DE SOUZA MACHADO FREITAS";"#NULO#";"PTB";"FEMININO";"ENSINO MÉDIO COMPLETO";"DIVORCIADO(A)";"BRANCA";"REPRESENTANTE COMERCIAL";"APTO";"N";NA;"SUPLENTE";106;NA;NA;NA
250000008322;"EDUARDO KRASILCHIK";"#NULO#";"PRB";"MASCULINO";"SUPERIOR COMPLETO";"CASADO(A)";"BRANCA";"EMPRESÁRIO";"APTO";"N";2060000;"SUPLENTE";244;NA;NA;NA
250000010832;"DANILO ERRERIA CORTEZ DE SOUZA";"#NULO#";"PPS";"MASCULINO";"ENSINO MÉDIO COMPLETO";"SOLTEIRO(A)";"BRANCA";"SERVIDOR PÚBLICO MUNICIPAL";"APTO";"N";55460,9;"SUPLENTE";10918;NA;NA;NA
250000058403;"REGINALDO DA SILVA";"#NULO#";"PTN";"MASCULINO";"SUPERIOR COMPLETO";"CASADO(A)";"BRANCA";"OUTROS";"APTO";"N";NA;"SUPLENTE";411;NA;NA;NA
250000008317;"DAVID OLIMPIO DA SILVA";"#NULO#";"PRB";"MASCULINO";"ENSINO MÉDIO COMPLETO";"CASADO(A)";"PRETA";"MÚSICO";"APTO";"N";NA;"SUPLENTE";1333;NA;NA;NA
250000013956;"LIVIA MARIA RODRIGUES FIDELIX DA CRUZ";"#NULO#";"PRTB";"FEMININO";"SUPERIOR COMPLETO";"SOLTEIRO(A)";"BRANCA";"ADMINISTRADOR";"APTO";"N";156174,19;"NÃO ELEITO";2224;43664,99;"Outros Recursos, Fundo Partidario";"Recursos de pessoas físicas, Recursos de partido político"
250000058374;"EDUARDO JOSÉ DE OLIVEIRA";"#NULO#";"PTN";"MASCULINO";"SUPERIOR INCOMPLETO";"CASADO(A)";"PARDA";"COMERCIANTE";"APTO";"N";3500;"SUPLENTE";630;NA;NA;NA
250000020826;"EDUARDO QUEIROZ RODRIGUES";"#NULO#";"PSD";"MASCULINO";"ENSINO MÉDIO COMPLETO";"SOLTEIRO(A)";"BRANCA";"OUTROS";"APTO";"N";NA;"SUPLENTE";1793;NA;NA;NA
250000058402;"RAPHAEL MARCO BLECH HAMAOUI";"#NULO#";"PTN";"MASCULINO";"SUPERIOR COMPLETO";"SOLTEIRO(A)";"BRANCA";"VETERINÁRIO";"APTO";"N";278746,63;"SUPLENTE";3358;NA;NA;NA
250000013950;"LUCIO DIAS DE OLIVEIRA";"#NULO#";"PRTB";"MASCULINO";"SUPERIOR COMPLETO";"CASADO(A)";"BRANCA";"OUTROS";"APTO";"N";21500;"NÃO ELEITO";1391;2779,99;"Outros Recursos, Fundo Partidario";"Recursos de pessoas físicas, Recursos de partido político"
250000004994;"SUELY IZIDORO DE SOUZA";"#NULO#";"PSDB";"FEMININO";"SUPERIOR COMPLETO";"SOLTEIRO(A)";"PARDA";"PROFESSOR DE ENSINO FUNDAMENTAL";"APTO";"N";395384,93;"SUPLENTE";957;34703,5;"Outros Recursos";"Recursos próprios, Recursos de outros candidatos, Recursos de pessoas físicas"
250000019163;"LUIZ CLAUDIO MACHADO";"#NULO#";"PTB";"MASCULINO";"ENSINO MÉDIO COMPLETO";"SOLTEIRO(A)";"PARDA";"OUTROS";"APTO";"N";4258,91;"SUPLENTE";158;NA;NA;NA
250000014906;"AKIKO AKIYAMA";"#NULO#";"PSOL";"FEMININO";"SUPERIOR COMPLETO";"DIVORCIADO(A)";"BRANCA";"OUTROS";"APTO";"N";103441,78;"SUPLENTE";466;2713,57;"Outros Recursos, Fundo Partidario";"Recursos próprios, Recursos de pessoas físicas, Recursos de partido político"
250000006178;"CARMEN MIRANDA ALVES PEREIRA";"#NULO#";"PC do B";"FEMININO";"ENSINO MÉDIO COMPLETO";"SOLTEIRO(A)";"BRANCA";"DONA DE CASA";"APTO";"N";NA;"NÃO ELEITO";34;4130,12;"Outros Recursos";"Recursos de pessoas físicas, Recursos de partido político"
250000011669;"JONAS PEREIRA";"#NULO#";"PV";"MASCULINO";"SUPERIOR COMPLETO";"CASADO(A)";"BRANCA";"GERENTE";"APTO";"N";22590;"SUPLENTE";1109;NA;NA;NA
250000050197;"ALFREDO DUQUE DE ALMEIDA FILHO";"#NULO#";"PSL";"MASCULINO";"ENSINO MÉDIO INCOMPLETO";"CASADO(A)";"PARDA";"EMPRESÁRIO";"APTO";"N";350000;"NÃO ELEITO";3343;NA;NA;NA
250000040590;"LUIZ FERNANDO RODRIGO DE JESUZ";"#NULO#";"SD";"MASCULINO";"ENSINO MÉDIO COMPLETO";"CASADO(A)";"PARDA";"CORRETOR DE IMÓVEIS, SEGUROS, TÍTULOS E VALORES";"APTO";"N";NA;"NÃO ELEITO";421;300;"Outros Recursos";"Recursos de pessoas físicas"
250000020776;"JORGE SIDERATOS";"#NULO#";"PMDB";"MASCULINO";"SUPERIOR COMPLETO";"CASADO(A)";"BRANCA";"POLICIAL MILITAR";"APTO";"N";NA;"SUPLENTE";443;NA;NA;NA
250000058396;"MOACYR MARTINS RODRIGUES";"#NULO#";"PTN";"MASCULINO";"SUPERIOR COMPLETO";"CASADO(A)";"BRANCA";"ADMINISTRADOR";"APTO";"N";306000,62;"SUPLENTE";1389;5416,6;"Fundo Partidario, Outros Recursos";"Recursos de partido político, Recursos de outros candidatos"
250000020798;"VICTOR ALEXANDRE PERINA";"#NULO#";"PMDB";"MASCULINO";"SUPERIOR COMPLETO";"CASADO(A)";"BRANCA";"ADVOGADO";"APTO";"N";101355,89;"SUPLENTE";7149;38922,05;"Outros Recursos, Fundo Partidario";"Recursos de outros candidatos, Recursos próprios, Recursos de pessoas físicas"
250000022081;"EDUARDO MATARAZZO SUPLICY";"#NULO#";"PT";"MASCULINO";"SUPERIOR COMPLETO";"DIVORCIADO(A)";"BRANCA";"PROFESSOR DE ENSINO SUPERIOR";"APTO";"N";3851361,78;"ELEITO POR QP";301446;207189,53;"Outros Recursos, Fundo Partidario";"Recursos de outros candidatos, Recursos próprios, Recursos de pessoas físicas, Doações pela Internet, Recursos de partido político"
250000014909;"TALITA LUZIA ALVES TECEDOR";"#NULO#";"PCB";"FEMININO";"SUPERIOR COMPLETO";"SOLTEIRO(A)";"BRANCA";"OUTROS";"APTO";"N";NA;"SUPLENTE";189;500;"Outros Recursos";"Recursos de pessoas físicas"
250000013967;"JOSE LUIZ GLADCHI";"#NULO#";"PRTB";"MASCULINO";"ENSINO MÉDIO COMPLETO";"SOLTEIRO(A)";"BRANCA";"OUTROS";"APTO";"N";NA;"NÃO ELEITO";92;NA;NA;NA
250000020814;"MARIA DAS GRAÇAS DOS SANTOS";"#NULO#";"PMDB";"FEMININO";"ENSINO MÉDIO INCOMPLETO";"SOLTEIRO(A)";"BRANCA";"APOSENTADO (EXCETO SERVIDOR PÚBLICO)";"APTO";"N";280000;"SUPLENTE";62;NA;NA;NA
250000038327;"ELIAS SKAF";"#NULO#";"PSDC";"MASCULINO";"ENSINO MÉDIO COMPLETO";"CASADO(A)";"BRANCA";"JORNALISTA E REDATOR";"APTO";"N";74161,7;"NÃO ELEITO";1093;NA;NA;NA
250000011006;"GILMARA VANZO CRISTÃO";"#NULO#";"PP";"FEMININO";"ENSINO MÉDIO COMPLETO";"CASADO(A)";"BRANCA";"TAXISTA";"APTO";"N";1124000;"SUPLENTE";573;NA;NA;NA
250000004977;"VINÍCIUS ALVES SCHAEFER";"#NULO#";"PSDB";"MASCULINO";"SUPERIOR COMPLETO";"SOLTEIRO(A)";"BRANCA";"PROFESSOR DE ENSINO SUPERIOR";"APTO";"N";15000;"SUPLENTE";9657;6034,4;"Outros Recursos";"Recursos próprios, Recursos de partido político, Recursos de pessoas físicas"
250000020824;"CICERO FIRMINO DA SILVA";"#NULO#";"PSD";"MASCULINO";"ENSINO MÉDIO COMPLETO";"CASADO(A)";"BRANCA";"MOTORISTA DE VEÍCULOS DE TRANSPORTE COLETIVO DE PASSAGEIROS";"APTO";"N";NA;"SUPLENTE";2746;NA;NA;NA
250000014884;"SILVINEIDE SANTANA SANTOS";"#NULO#";"PSOL";"FEMININO";"ENSINO MÉDIO INCOMPLETO";"SOLTEIRO(A)";"BRANCA";"OUTROS";"APTO";"N";23000;"SUPLENTE";102;NA;NA;NA
250000038412;"MOACYR FIRMINO DOS SANTOS";"#NULO#";"PSDC";"MASCULINO";"ENSINO MÉDIO INCOMPLETO";"DIVORCIADO(A)";"PRETA";"MOTORISTA DE VEÍCULOS DE TRANSPORTE COLETIVO DE PASSAGEIROS";"APTO";"N";4e+05;"NÃO ELEITO";2307;NA;NA;NA
250000011688;"EDSON VIEIRA NOVA JUNIOR";"#NULO#";"PV";"MASCULINO";"SUPERIOR COMPLETO";"CASADO(A)";"BRANCA";"SERVIDOR PÚBLICO ESTADUAL";"APTO";"N";63051,01;"SUPLENTE";431;NA;NA;NA
250000011687;"MARIA CRISTINA DE PAULA LEITE GOUVEA";"#NULO#";"PV";"FEMININO";"SUPERIOR COMPLETO";"SOLTEIRO(A)";"BRANCA";"EMPRESÁRIO";"APTO";"N";24927,39;"SUPLENTE";355;500;"Outros Recursos";"Doações pela Internet"
250000008366;"RINALDI CÉSAR DIGILIO";"#NULO#";"PRB";"MASCULINO";"SUPERIOR COMPLETO";"CASADO(A)";"BRANCA";"EMPRESÁRIO";"APTO";"N";2023339,48;"ELEITO POR MÉDIA";20916;191630;"Outros Recursos, Fundo Partidario";"Recursos de pessoas físicas, Recursos de partido político, Recursos próprios"
250000010871;"GILMAR CURTOLO";"#NULO#";"PHS";"MASCULINO";"ENSINO FUNDAMENTAL COMPLETO";"CASADO(A)";"BRANCA";"EMPRESÁRIO";"APTO";"N";1971701,88;"SUPLENTE";4577;119000;"Outros Recursos";"Recursos próprios, Recursos de pessoas físicas"
250000005814;"WAGNER DE LEO PAEZ";"#NULO#";"NOVO";"MASCULINO";"SUPERIOR COMPLETO";"CASADO(A)";"BRANCA";"EMPRESÁRIO";"APTO";"N";581281,44;"SUPLENTE";1100;10000;"Outros Recursos";"Recursos próprios"
250000062813;"TALES NÓBREGA LOMBARDI";"#NULO#";"PATRIOTA";"MASCULINO";"ENSINO MÉDIO COMPLETO";"SOLTEIRO(A)";"BRANCA";"PILOTO DE AVIAÇÃO COMERCIAL, NAVEGADOR, MECÂNICO DE VÔO E ASSEMELHADOS";"APTO";"N";329637;"NÃO ELEITO";936;500;"Outros Recursos";"Recursos próprios"
250000010909;"EDILENE MARIA MAZER DOS SANTOS";"#NULO#";"PHS";"FEMININO";"SUPERIOR COMPLETO";"DIVORCIADO(A)";"BRANCA";"AUXILIAR DE ESCRITÓRIO E ASSEMELHADOS";"APTO";"N";NA;"SUPLENTE";516;NA;NA;NA
250000050146;"ANDRÉ LUIZ ZEFERINO";"#NULO#";"PSL";"MASCULINO";"ENSINO MÉDIO COMPLETO";"SOLTEIRO(A)";"BRANCA";"VIGILANTE";"APTO";"N";NA;"NÃO ELEITO";407;NA;NA;NA
250000020806;"HAROLDO LOPES DA SILVA";"#NULO#";"PMDB";"MASCULINO";"SUPERIOR COMPLETO";"DIVORCIADO(A)";"BRANCA";"PSICÓLOGO";"APTO";"N";132500;"SUPLENTE";1010;1000;"Outros Recursos";"Recursos de pessoas físicas"
250000020781;"ANTONIO MOREIRA DE SOUZA";"#NULO#";"PMDB";"MASCULINO";"SUPERIOR COMPLETO";"VIÚVO(A)";"PARDA";"SERVIDOR PÚBLICO CIVIL APOSENTADO";"APTO";"N";136916,2;"SUPLENTE";856;4800;"Outros Recursos";"Recursos próprios, Recursos de pessoas físicas"
250000010904;"SHEILA MONTEIRO VERVLOET";"#NULO#";"PHS";"FEMININO";"SUPERIOR COMPLETO";"SOLTEIRO(A)";"BRANCA";"BIOMÉDICO";"APTO";"N";96274,58;"SUPLENTE";270;4181,05;"Outros Recursos";"Recursos próprios, Recursos de pessoas físicas, Recursos de outros candidatos"
250000008309;"FRANCISCO SCARPA FILHO";"#NULO#";"PRB";"MASCULINO";"SUPERIOR COMPLETO";"SOLTEIRO(A)";"BRANCA";"EMPRESÁRIO";"APTO";"N";2023696,25;"SUPLENTE";5140;NA;NA;NA
250000015101;"SERGIO PINTO BOMFIM";"#NULO#";"REDE";"MASCULINO";"SUPERIOR COMPLETO";"CASADO(A)";"PRETA";"OUTROS";"APTO";"N";9049,19;"NÃO ELEITO";718;NA;NA;NA
250000010990;"CAIO MIRANDA CARNEIRO";"#NULO#";"PSB";"MASCULINO";"SUPERIOR COMPLETO";"SOLTEIRO(A)";"BRANCA";"ADVOGADO";"APTO";"N";NA;"SUPLENTE";23459;60681,87;"Outros Recursos";"Recursos próprios, Recursos de pessoas físicas, Recursos de outros candidatos"
250000058345;"FERNANDA KARINA RAMOS SOMAGGIO";"#NULO#";"PTN";"FEMININO";"ENSINO MÉDIO COMPLETO";"DIVORCIADO(A)";"BRANCA";"SECRETÁRIO E DATILÓGRAFO";"APTO";"N";NA;"SUPLENTE";692;2642,2;"Outros Recursos";"Recursos de pessoas físicas, Recursos de outros candidatos"
250000005808;"FABIO JOSE PANDO";"#NULO#";"NOVO";"MASCULINO";"SUPERIOR COMPLETO";"CASADO(A)";"BRANCA";"EMPRESÁRIO";"APTO";"N";850320,52;"SUPLENTE";3618;8550;"Outros Recursos";"Recursos de pessoas físicas"
250000011701;"RODRIGO SCARDELATO GONZALES";"#NULO#";"PV";"MASCULINO";"SUPERIOR INCOMPLETO";"SOLTEIRO(A)";"BRANCA";"PUBLICITÁRIO";"APTO";"N";NA;"SUPLENTE";824;2000;"Outros Recursos";"Recursos de pessoas físicas"
250000008329;"MARIA AMÉLIA LOFRANO";"#NULO#";"PRB";"FEMININO";"ENSINO MÉDIO COMPLETO";"CASADO(A)";"BRANCA";"OUTROS";"APTO";"N";NA;"SUPLENTE";247;15465,17;"Fundo Partidario, Outros Recursos";"Recursos de partido político, Recursos de pessoas físicas, Recursos de outros candidatos"
250000005012;"PAULO CAHIM";"#NULO#";"PSDB";"MASCULINO";"SUPERIOR COMPLETO";"CASADO(A)";"BRANCA";"ADVOGADO";"APTO";"N";326500;"SUPLENTE";3464;21500;"Fundo Partidario, Outros Recursos";"Recursos de partido político, Recursos de pessoas físicas"
250000027277;"GENESIO VIVANCO SOLANO SOBRINHO";"#NULO#";"PRP";"MASCULINO";"SUPERIOR COMPLETO";"CASADO(A)";"BRANCA";"ADVOGADO";"APTO";"N";NA;"NÃO ELEITO";1059;7718,57;"Outros Recursos, Fundo Partidario";"Recursos de outros candidatos, Recursos próprios, Recursos de pessoas físicas, Recursos de partido político"
250000058363;"ALEXANDRE DE FELICE";"#NULO#";"PTN";"MASCULINO";"SUPERIOR COMPLETO";"CASADO(A)";"BRANCA";"POLICIAL MILITAR";"APTO";"N";83469;"SUPLENTE";3170;32318,62;"Outros Recursos, Fundo Partidario";"Recursos próprios, Recursos de partido político, Recursos de outros candidatos, Recursos de pessoas físicas"
250000005805;"AGNES HELENA CHIURATTO";"#NULO#";"NOVO";"FEMININO";"SUPERIOR COMPLETO";"SOLTEIRO(A)";"BRANCA";"EMPRESÁRIO";"APTO";"N";20504,53;"SUPLENTE";1902;8255;"Outros Recursos";"Recursos de pessoas físicas"
250000005014;"ROSELI GHESSO BRENTZEL";"#NULO#";"PSDB";"FEMININO";"SUPERIOR COMPLETO";"CASADO(A)";"BRANCA";"ADMINISTRADOR";"APTO";"N";833288,08;"SUPLENTE";576;11142,35;"Outros Recursos";"Recursos de outros candidatos, Recursos próprios, Recursos de pessoas físicas"
250000011015;"DANIEL MOREIRA DO NASCIMENTO";"#NULO#";"DEM";"MASCULINO";"SUPERIOR INCOMPLETO";"CASADO(A)";"PARDA";"TÉCNICO DE ELETRICIDADE, ELETRÔNICA E TELECOMUNICAÇÕES";"APTO";"N";835000;"SUPLENTE";1510;4294,8;"Outros Recursos, Fundo Partidario";"Recursos de outros candidatos, Recursos de pessoas físicas, Recursos de partido político"
250000020810;"ARIADINE FERREIRA ESPINDOLA";"#NULO#";"PMDB";"FEMININO";"ENSINO FUNDAMENTAL COMPLETO";"VIÚVO(A)";"BRANCA";"OUTROS";"APTO";"N";NA;"SUPLENTE";182;NA;NA;NA
250000027305;"RENATO BORGIANI";"#NULO#";"PRP";"MASCULINO";"ENSINO FUNDAMENTAL COMPLETO";"CASADO(A)";"BRANCA";"EMPRESÁRIO";"APTO";"N";NA;"NÃO ELEITO";261;NA;NA;NA
250000062798;"MARLENE RODRIGUES DO AMARAL SCARAMELLA";"#NULO#";"PATRIOTA";"FEMININO";"SUPERIOR COMPLETO";"DIVORCIADO(A)";"PARDA";"PROFESSOR DE ENSINO MÉDIO";"APTO";"N";NA;"NÃO ELEITO";563;NA;NA;NA
250000027335;"GILMÁRIO RAMOS PIRES";"#NULO#";"PT do B";"MASCULINO";"ENSINO MÉDIO COMPLETO";"CASADO(A)";"BRANCA";"ADMINISTRADOR";"APTO";"N";5500;"NÃO ELEITO";401;NA;NA;NA
250000014873;"MARIA DE FÁTIMA VASCONCELOS DA SILVA RIBEIRO";"#NULO#";"PSOL";"FEMININO";"ENSINO MÉDIO INCOMPLETO";"CASADO(A)";"PARDA";"DONA DE CASA";"APTO";"N";NA;"SUPLENTE";564;720;"Outros Recursos";"Recursos próprios"
250000008296;"EUSTAQUIO BRASILINSE";"#NULO#";"PRB";"MASCULINO";"ENSINO FUNDAMENTAL COMPLETO";"CASADO(A)";"PARDA";"POLICIAL MILITAR";"APTO";"N";NA;"SUPLENTE";4626;8075;"Fundo Partidario, Outros Recursos";"Recursos de partido político, Recursos de pessoas físicas"
250000027311;"FABIO GONCALVES PEREIRA";"#NULO#";"PTC";"MASCULINO";"ENSINO MÉDIO COMPLETO";"CASADO(A)";"PRETA";"OUTROS";"APTO";"N";NA;"NÃO ELEITO";452;150;"Outros Recursos";"Recursos próprios"
250000093120;"CESAR PADOVAN DO MOINHO";"#NULO#";"PTN";"MASCULINO";"SUPERIOR COMPLETO";"CASADO(A)";"BRANCA";"ADMINISTRADOR";"APTO";"N";174405,13;"SUPLENTE";621;NA;NA;NA
250000040593;"FABIO DORIVAL CANO";"#NULO#";"SD";"MASCULINO";"ENSINO FUNDAMENTAL COMPLETO";"SOLTEIRO(A)";"BRANCA";"EMPRESÁRIO";"APTO";"N";15000;"NÃO ELEITO";1600;NA;NA;NA
250000019155;"PAULO ROGERIO PEREIRA NEME";"#NULO#";"PTB";"MASCULINO";"SUPERIOR COMPLETO";"SOLTEIRO(A)";"BRANCA";"POLICIAL CIVIL";"APTO";"N";264969,6;"SUPLENTE";1657;NA;NA;NA
250000022103;"VALDEMAR SILVA";"#NULO#";"PT";"MASCULINO";"SUPERIOR COMPLETO";"SOLTEIRO(A)";"BRANCA";"VEREADOR";"APTO";"S";881429,58;"SUPLENTE";16872;121339,17;"Outros Recursos";"Recursos próprios, Recursos de pessoas físicas, Recursos de partido político"
250000058380;"JOAO HONORIO";"#NULO#";"PTN";"MASCULINO";"ENSINO MÉDIO COMPLETO";"CASADO(A)";"BRANCA";"ADMINISTRADOR";"APTO";"N";NA;"SUPLENTE";1907;NA;NA;NA
250000011004;"CARMINO PEPE";"#NULO#";"PP";"MASCULINO";"SUPERIOR COMPLETO";"CASADO(A)";"BRANCA";"ADVOGADO";"APTO";"N";1554335,47;"SUPLENTE";6050;33200;"Outros Recursos";"Recursos de pessoas físicas"
250000020778;"FABIO CERIDONO FORTES";"#NULO#";"PMDB";"MASCULINO";"SUPERIOR COMPLETO";"CASADO(A)";"BRANCA";"ECONOMISTA";"APTO";"N";357836,11;"SUPLENTE";3763;26036;"Outros Recursos";"Recursos próprios, Recursos de pessoas físicas, Recursos de outros candidatos"
250000050173;"JOSÉ DONIZETE DA SILVA";"#NULO#";"PSL";"MASCULINO";"ENSINO MÉDIO COMPLETO";"DIVORCIADO(A)";"PARDA";"CABELEIREIRO E BARBEIRO";"APTO";"N";NA;"NÃO ELEITO";295;NA;NA;NA
250000058357;"ANTONIO ALVES PEDROZA";"#NULO#";"PTN";"MASCULINO";"LÊ E ESCREVE";"CASADO(A)";"BRANCA";"GARÇOM";"APTO";"N";14900;"SUPLENTE";604;142,2;"Outros Recursos";"Recursos de outros candidatos"
250000019173;"MARCO AURÉLIO KÜHL";"#NULO#";"PTB";"MASCULINO";"ENSINO MÉDIO INCOMPLETO";"CASADO(A)";"BRANCA";"TAXISTA";"APTO";"N";NA;"SUPLENTE";547;NA;NA;NA
250000013974;"VERUSKA RODRIGUES DA SILVA";"#NULO#";"PRTB";"FEMININO";"ENSINO MÉDIO COMPLETO";"DIVORCIADO(A)";"BRANCA";"JORNALISTA E REDATOR";"APTO";"N";NA;"NÃO ELEITO";82;NA;NA;NA
250000014890;"ADRIANO PELOSO";"#NULO#";"PSOL";"MASCULINO";"SUPERIOR COMPLETO";"CASADO(A)";"BRANCA";"ODONTÓLOGO";"APTO";"N";NA;"SUPLENTE";415;1600;"Outros Recursos";"Recursos próprios"
250000010844;"ROBERTA GIMENEZ DAMASCENO";"#NULO#";"PPS";"FEMININO";"SUPERIOR COMPLETO";"DIVORCIADO(A)";"BRANCA";"OUTROS";"APTO";"N";NA;"SUPLENTE";88;NA;NA;NA
250000019188;"GLEISON JOÃO GOMES PEGO";"#NULO#";"PTB";"MASCULINO";"ENSINO MÉDIO COMPLETO";"SOLTEIRO(A)";"BRANCA";"LOCUTOR E COMENTARISTA DE RÁDIO E TELEVISÃO E RADIALISTA";"APTO";"N";NA;"SUPLENTE";833;NA;NA;NA
250000058365;"ANDREA CAMBRAIA DA SILVA";"#NULO#";"PTN";"FEMININO";"SUPERIOR INCOMPLETO";"CASADO(A)";"BRANCA";"EMPRESÁRIO";"APTO";"N";27838,61;"SUPLENTE";1031;2843,3;"Outros Recursos";"Recursos de pessoas físicas, Recursos de outros candidatos"
250000058390;"DAVID SANTOS SOUSA";"#NULO#";"PTN";"MASCULINO";"ENSINO MÉDIO COMPLETO";"SOLTEIRO(A)";"PARDA";"OUTROS";"APTO";"N";NA;"SUPLENTE";1880;NA;NA;NA
250000010995;"FRANCISCO CANINDE DO NASCIMENTO";"#NULO#";"PSB";"MASCULINO";"ENSINO MÉDIO COMPLETO";"CASADO(A)";"BRANCA";"OUTROS";"APTO";"N";192750;"SUPLENTE";1249;NA;NA;NA
250000005015;"ROSIMEIRE MARIA DIAS";"#NULO#";"PSDB";"FEMININO";"ENSINO MÉDIO COMPLETO";"CASADO(A)";"BRANCA";"OUTROS";"APTO";"N";203;"SUPLENTE";293;NA;NA;NA
250000040575;"LUCAS SOUZA DOS SANTOS";"#NULO#";"SD";"MASCULINO";"ENSINO MÉDIO COMPLETO";"CASADO(A)";"PARDA";"EMPRESÁRIO";"APTO";"N";NA;"NÃO ELEITO";2064;NA;NA;NA
250000058379;"JEFFERSON RODRIGUES DOS SANTOS";"#NULO#";"PTN";"MASCULINO";"SUPERIOR COMPLETO";"CASADO(A)";"BRANCA";"AGENTE ADMINISTRATIVO";"APTO";"N";11338,98;"SUPLENTE";585;284,4;"Outros Recursos";"Recursos de outros candidatos"
250000019142;"ENOC GOMES DA SILVA";"#NULO#";"PTB";"MASCULINO";"ENSINO FUNDAMENTAL COMPLETO";"CASADO(A)";"PRETA";"OUTROS";"APTO";"N";NA;"SUPLENTE";339;NA;NA;NA
250000040570;"KARIUM DE ALMEIDA BRIZOLLA";"#NULO#";"SD";"MASCULINO";"SUPERIOR COMPLETO";"DIVORCIADO(A)";"BRANCA";"ECONOMISTA";"APTO";"N";6900;"NÃO ELEITO";71;NA;NA;NA
250000058358;"VLADIMIR FERNANDES DE ALMEIDA";"#NULO#";"PTN";"MASCULINO";"SUPERIOR COMPLETO";"CASADO(A)";"PRETA";"PROFESSOR DE ENSINO MÉDIO";"APTO";"N";501;"SUPLENTE";1837;1608,44;"Outros Recursos";"Recursos de pessoas físicas, Recursos de outros candidatos"
250000005789;"NILTON ROSSANO";"#NULO#";"NOVO";"MASCULINO";"SUPERIOR COMPLETO";"SEPARADO(A) JUDICIALMENTE";"BRANCA";"SERVIDOR PÚBLICO MUNICIPAL";"APTO";"N";27251,36;"SUPLENTE";400;5611,7;"Outros Recursos";"Recursos de origens não identificadas, Recursos próprios, Recursos de partido político, Recursos de pessoas físicas"
250000019182;"MARCIO JOSÉ DA SILVA BARBOZA";"#NULO#";"PTB";"MASCULINO";"SUPERIOR INCOMPLETO";"SOLTEIRO(A)";"PRETA";"TÉCNICO DE ENFERMAGEM E ASSEMELHADOS (EXCETO ENFERMEIRO)";"APTO";"N";350000;"SUPLENTE";980;NA;NA;NA
250000006197;"MAÍSA LOPES DOS SANTOS";"#NULO#";"PC do B";"FEMININO";"SUPERIOR COMPLETO";"SOLTEIRO(A)";"PRETA";"NUTRICIONISTA E ASSEMELHADOS";"APTO";"N";NA;"NÃO ELEITO";587;8683,15;"Outros Recursos, Fundo Partidario";"Recursos próprios, Recursos de partido político"
250000008352;"DANIA LIMA DE OLIVEIRA";"#NULO#";"PRB";"FEMININO";"ENSINO MÉDIO COMPLETO";"SOLTEIRO(A)";"BRANCA";"OUTROS";"APTO";"N";NA;"SUPLENTE";1092;NA;NA;NA
250000008323;"JEAN MADEIRA DA SILVA";"#NULO#";"PRB";"MASCULINO";"ENSINO MÉDIO COMPLETO";"CASADO(A)";"BRANCA";"VEREADOR";"APTO";"S";98203;"SUPLENTE";5833;23850;"Fundo Partidario, Outros Recursos";"Recursos de partido político, Recursos de pessoas físicas"
250000008365;"JOSE SOUZA DOS SANTOS";"#NULO#";"PRB";"MASCULINO";"SUPERIOR INCOMPLETO";"CASADO(A)";"PARDA";"VEREADOR";"APTO";"S";134883,56;"ELEITO POR QP";55924;211612,5;"Outros Recursos, Fundo Partidario";"Recursos próprios, Recursos de pessoas físicas, Recursos de partido político"
250000093409;"FRANKLIN THIAGO NEVES KAWABATA";"#NULO#";"PPL";"MASCULINO";"SUPERIOR COMPLETO";"DIVORCIADO(A)";"BRANCA";"VENDEDOR PRACISTA, REPRESENTANTE, CAIXEIRO-VIAJANTE E ASSEMELHADOS";"APTO";"N";15000;"NÃO ELEITO";210;NA;NA;NA
250000019179;"AUDEIDE CARDOSO";"#NULO#";"PTB";"FEMININO";"SUPERIOR COMPLETO";"DIVORCIADO(A)";"PRETA";"EMPRESÁRIO";"APTO";"N";975000;"SUPLENTE";136;NA;NA;NA
250000013966;"MAURICIO GABAI TANURCOV";"#NULO#";"PRTB";"MASCULINO";"ENSINO MÉDIO COMPLETO";"CASADO(A)";"PARDA";"OUTROS";"APTO";"N";198696,52;"NÃO ELEITO";58;NA;NA;NA
250000044423;"JOSÉ MARIA DE OLIVEIRA";"#NULO#";"PPL";"MASCULINO";"ENSINO FUNDAMENTAL COMPLETO";"DIVORCIADO(A)";"PARDA";"LOCUTOR E COMENTARISTA DE RÁDIO E TELEVISÃO E RADIALISTA";"APTO";"N";NA;"NÃO ELEITO";65;2750;"Outros Recursos";"Recursos de partido político, Recursos de pessoas físicas"
250000050148;"ANTONIO CARLOS SOARES FERREIRA";"#NULO#";"PSL";"MASCULINO";"LÊ E ESCREVE";"SOLTEIRO(A)";"BRANCA";"ATOR E DIRETOR DE ESPETÁCULOS PÚBLICOS";"APTO";"N";NA;"NÃO ELEITO";176;NA;NA;NA
250000019131;"ELIANE OLIVEIRA DA SILVA";"#NULO#";"PTB";"FEMININO";"ENSINO MÉDIO COMPLETO";"SOLTEIRO(A)";"BRANCA";"OUTROS";"APTO";"N";20000;"SUPLENTE";264;NA;NA;NA
250000008353;"JOSE GARRIS DEL VALLE";"#NULO#";"PRB";"MASCULINO";"SUPERIOR COMPLETO";"CASADO(A)";"BRANCA";"ODONTÓLOGO";"APTO";"N";1162519,68;"SUPLENTE";888;6100;"Outros Recursos, Fundo Partidario";"Recursos próprios, Recursos de partido político"
250000027293;"DORACI MARIANO";"#NULO#";"PRP";"MASCULINO";"ENSINO MÉDIO COMPLETO";"SOLTEIRO(A)";"BRANCA";"PROFESSOR E INSTRUTOR DE FORMAÇÃO PROFISSIONAL";"APTO";"N";NA;"NÃO ELEITO";2452;NA;NA;NA
250000004981;"ALINE PEREIRA CARDOSO DE SÁ BARABINOT";"#NULO#";"PSDB";"FEMININO";"SUPERIOR COMPLETO";"CASADO(A)";"BRANCA";"EMPRESÁRIO";"APTO";"N";1053871,49;"ELEITO POR MÉDIA";25769;649095,72;"Outros Recursos, Fundo Partidario";"Recursos de outros candidatos, Recursos próprios, Recursos de pessoas físicas, Recursos de partido político"
250000062797;"MARIA JOSÉ DOS SANTOS";"#NULO#";"PATRIOTA";"FEMININO";"SUPERIOR COMPLETO";"SOLTEIRO(A)";"BRANCA";"PROFESSOR DE ENSINO MÉDIO";"APTO";"N";NA;"NÃO ELEITO";551;NA;NA;NA
250000011628;"FRANCISCO TADEU GARDESANI LUZ";"#NULO#";"PV";"MASCULINO";"SUPERIOR COMPLETO";"SOLTEIRO(A)";"BRANCA";"SERVIDOR PÚBLICO FEDERAL";"APTO";"N";537667;"SUPLENTE";241;5621,7;"Outros Recursos, Fundo Partidario";"Recursos próprios, Recursos de pessoas físicas, Recursos de outros candidatos"
250000006199;"ROBERTO SILVA DOS SANTOS";"#NULO#";"PC do B";"MASCULINO";"ENSINO FUNDAMENTAL INCOMPLETO";"SOLTEIRO(A)";"PARDA";"OUTROS";"APTO";"N";40000;"NÃO ELEITO";351;4647,48;"Outros Recursos";"Recursos de pessoas físicas, Recursos de partido político"
250000038335;"LUIS CARLOS DA SILVA";"#NULO#";"PSDC";"MASCULINO";"SUPERIOR COMPLETO";"SOLTEIRO(A)";"PRETA";"EMPRESÁRIO";"APTO";"N";37000;"NÃO ELEITO";637;NA;NA;NA
250000010847;"CLAUDIO GOMES FONSECA";"#NULO#";"PPS";"MASCULINO";"SUPERIOR COMPLETO";"CASADO(A)";"PARDA";"PROFESSOR DE ENSINO MÉDIO";"APTO";"N";809053,51;"ELEITO POR QP";18444;66520;"Outros Recursos";"Recursos próprios, Recursos de pessoas físicas"
250000006152;"LOURIVALDO PRATES";"#NULO#";"PC do B";"MASCULINO";"ENSINO MÉDIO COMPLETO";"SOLTEIRO(A)";"PARDA";"FUNILEIRO";"APTO";"N";NA;"NÃO ELEITO";716;3687,45;"Outros Recursos";"Recursos próprios, Recursos de pessoas físicas, Recursos de partido político"
250000050170;"GILSON PEREIRA MENDES";"#NULO#";"PSL";"MASCULINO";"SUPERIOR COMPLETO";"SOLTEIRO(A)";"PRETA";"PEDAGOGO";"APTO";"N";NA;"NÃO ELEITO";324;NA;NA;NA
250000058413;"JOAO AUGUSTO BARBOSA DE LIMA";"#NULO#";"PTN";"MASCULINO";"ENSINO MÉDIO COMPLETO";"CASADO(A)";"BRANCA";"ADMINISTRADOR";"APTO";"N";NA;"SUPLENTE";394;NA;NA;NA
250000006151;"VALMIR FERREIRA VERAS";"#NULO#";"PC do B";"MASCULINO";"ENSINO MÉDIO COMPLETO";"CASADO(A)";"PRETA";"COMERCIANTE";"APTO";"N";220000;"NÃO ELEITO";767;3317,45;"Outros Recursos";"Recursos de partido político, Recursos de pessoas físicas"
250000010882;"VINICIUS PETRONIO FERRAZ VIEIRA";"#NULO#";"PHS";"MASCULINO";"SUPERIOR COMPLETO";"DIVORCIADO(A)";"PARDA";"ADMINISTRADOR";"APTO";"N";5587189,83;"SUPLENTE";295;5301,38;"Outros Recursos";"Recursos próprios, Recursos de pessoas físicas, Recursos de outros candidatos"
250000010891;"MARCELO MOISES MOURA LIMA";"#NULO#";"PHS";"MASCULINO";"ENSINO FUNDAMENTAL INCOMPLETO";"SOLTEIRO(A)";"PARDA";"TAXISTA";"APTO";"N";NA;"SUPLENTE";740;NA;NA;NA
250000020825;"EDIR SALES";"#NULO#";"PSD";"FEMININO";"SUPERIOR COMPLETO";"CASADO(A)";"BRANCA";"VEREADOR";"APTO";"S";1318092,04;"ELEITO POR QP";39062;685166,71;"Outros Recursos, Fundo Partidario";"Recursos próprios, Recursos de pessoas físicas, Recursos de partido político"
250000005782;"ANDRÉ PEREZ BOLINI";"#NULO#";"NOVO";"MASCULINO";"SUPERIOR INCOMPLETO";"SOLTEIRO(A)";"BRANCA";"ESTUDANTE, BOLSISTA, ESTAGIÁRIO E ASSEMELHADOS";"APTO";"N";8597,7;"SUPLENTE";4945;4001,59;"Outros Recursos";"Recursos de origens não identificadas, Recursos próprios, Recursos de pessoas físicas"
250000038402;"JAIME DA SILVA";"#NULO#";"PSDC";"MASCULINO";"ENSINO MÉDIO COMPLETO";"CASADO(A)";"PRETA";"SERVIDOR PÚBLICO ESTADUAL";"APTO";"N";240000;"NÃO ELEITO";207;NA;NA;NA
250000010848;"ANTONIO ARGEMIRO ALVES LEITÃO";"#NULO#";"PPS";"MASCULINO";"ENSINO MÉDIO COMPLETO";"SOLTEIRO(A)";"BRANCA";"COMERCIANTE";"APTO";"N";218000;"SUPLENTE";9527;NA;NA;NA
250000038329;"EMERALDO LOPES DE MELO";"#NULO#";"PSDC";"MASCULINO";"ENSINO FUNDAMENTAL INCOMPLETO";"DIVORCIADO(A)";"PRETA";"VENDEDOR DE COMÉRCIO VAREJISTA E ATACADISTA";"APTO";"N";NA;"NÃO ELEITO";279;3091,12;"Outros Recursos, Fundo Partidario";"Recursos de outros candidatos, Recursos de partido político, Recursos de pessoas físicas"
250000010910;"VIVIANE RODRIGUES DA SILVA AUGUSTO";"#NULO#";"PHS";"FEMININO";"ENSINO MÉDIO COMPLETO";"CASADO(A)";"PARDA";"ENFERMEIRO";"APTO";"N";9000;"SUPLENTE";477;NA;NA;NA
250000038419;"CARLOS ALBERTO DA CONCEIÇÃO";"#NULO#";"PSDC";"MASCULINO";"ENSINO MÉDIO COMPLETO";"CASADO(A)";"BRANCA";"OUTROS";"APTO";"N";NA;"NÃO ELEITO";260;3091,12;"Outros Recursos, Fundo Partidario";"Recursos de outros candidatos, Recursos de partido político, Recursos de pessoas físicas"
250000019198;"JOSÉ ANTONIO DE SOUZA";"#NULO#";"PTB";"MASCULINO";"ENSINO MÉDIO COMPLETO";"CASADO(A)";"BRANCA";"COMERCIANTE";"APTO";"N";1090000;"SUPLENTE";539;NA;NA;NA
250000014877;"MOACIR CAVALCANTI DOS SANTOS";"#NULO#";"PSOL";"MASCULINO";"ENSINO MÉDIO INCOMPLETO";"VIÚVO(A)";"PARDA";"APOSENTADO (EXCETO SERVIDOR PÚBLICO)";"APTO";"N";NA;"SUPLENTE";1316;NA;NA;NA
250000058417;"GERALDO AMARO DA SILVA";"#NULO#";"PTN";"MASCULINO";"LÊ E ESCREVE";"CASADO(A)";"BRANCA";"OUTROS";"APTO";"N";NA;"SUPLENTE";874;142,2;"Outros Recursos";"Recursos de outros candidatos"
250000010840;"ESTER DA SILVA";"#NULO#";"PPS";"FEMININO";"SUPERIOR COMPLETO";"CASADO(A)";"PRETA";"ASSISTENTE SOCIAL";"APTO";"N";NA;"SUPLENTE";450;NA;NA;NA
250000010869;"RICARDO DONG GIM KIM";"#NULO#";"PHS";"MASCULINO";"ENSINO MÉDIO COMPLETO";"SOLTEIRO(A)";"AMARELA";"EMPRESÁRIO";"APTO";"N";340500;"SUPLENTE";3432;120213,3;"Outros Recursos";"Recursos próprios, Recursos de outros candidatos"
250000050156;"FERNANDO SERGIO COVRE";"#NULO#";"PSL";"MASCULINO";"ENSINO MÉDIO COMPLETO";"DIVORCIADO(A)";"BRANCA";"POLICIAL MILITAR";"APTO";"N";NA;"NÃO ELEITO";476;NA;NA;NA
250000010883;"JOSÉ MARIA TRINDADE BRANDÃO";"#NULO#";"PHS";"MASCULINO";"SUPERIOR COMPLETO";"CASADO(A)";"BRANCA";"ADMINISTRADOR";"APTO";"N";68000;"SUPLENTE";10388;18177,3;"Outros Recursos";"Recursos de pessoas físicas, Recursos de outros candidatos"
250000058415;"ZENILTON BEZERRA DE MELO";"#NULO#";"PTN";"MASCULINO";"ENSINO MÉDIO COMPLETO";"CASADO(A)";"PARDA";"ADMINISTRADOR";"APTO";"N";197500;"SUPLENTE";448;NA;NA;NA
250000019169;"JADIR DA SILVA PORTO";"#NULO#";"PTB";"MASCULINO";"ENSINO FUNDAMENTAL COMPLETO";"CASADO(A)";"BRANCA";"SERVIDOR PÚBLICO MUNICIPAL";"APTO";"N";NA;"SUPLENTE";563;NA;NA;NA
250000058414;"SOCRATES DAMASCENO NOVELLI";"#NULO#";"PTN";"MASCULINO";"ENSINO MÉDIO COMPLETO";"SOLTEIRO(A)";"BRANCA";"EMPRESÁRIO";"APTO";"N";NA;"SUPLENTE";918;NA;NA;NA
250000038393;"IRENE DE FÁTIMA DE MEDEIROS TARABORELLI";"#NULO#";"PSDC";"FEMININO";"ENSINO MÉDIO COMPLETO";"DIVORCIADO(A)";"BRANCA";"COMERCIANTE";"APTO";"N";350000;"NÃO ELEITO";23;NA;NA;NA
250000014862;"JOSÉ NILO DE ARAÚJO PEREIRA";"#NULO#";"PSOL";"MASCULINO";"ENSINO MÉDIO COMPLETO";"CASADO(A)";"BRANCA";"GARÇOM";"APTO";"N";12000;"SUPLENTE";504;NA;NA;NA
250000006162;"ALEX OLIVEIRA GARCIA";"#NULO#";"PC do B";"MASCULINO";"SUPERIOR COMPLETO";"SOLTEIRO(A)";"BRANCA";"SERVIDOR PÚBLICO ESTADUAL";"APTO";"N";20000;"NÃO ELEITO";233;3217,45;"Outros Recursos";"Recursos de pessoas físicas, Recursos de partido político"
250000020793;"ADEMILTON ARAÚJO AGRA";"#NULO#";"PMDB";"MASCULINO";"ENSINO MÉDIO COMPLETO";"CASADO(A)";"BRANCA";"COMERCIANTE";"APTO";"N";180200;"SUPLENTE";975;NA;NA;NA
250000040610;"ZILDA LOPES DO CARMO";"#NULO#";"SD";"FEMININO";"ENSINO MÉDIO COMPLETO";"SOLTEIRO(A)";"BRANCA";"APOSENTADO (EXCETO SERVIDOR PÚBLICO)";"APTO";"N";NA;"NÃO ELEITO";6;NA;NA;NA
250000093257;"ARMINDO ALBINO MUNHOZ";"#NULO#";"PRP";"MASCULINO";"ENSINO MÉDIO COMPLETO";"CASADO(A)";"BRANCA";"APOSENTADO (EXCETO SERVIDOR PÚBLICO)";"APTO";"N";6000;"NÃO ELEITO";212;NA;NA;NA
250000020829;"FABIO ARCO E FLEXA VEIGA";"#NULO#";"PSD";"MASCULINO";"ENSINO MÉDIO INCOMPLETO";"SOLTEIRO(A)";"BRANCA";"OUTROS";"APTO";"N";NA;"SUPLENTE";592;NA;NA;NA
250000022109;"ANTONINHA JOSELI PEREIRA";"#NULO#";"PR";"FEMININO";"ENSINO MÉDIO COMPLETO";"CASADO(A)";"BRANCA";"COMERCIANTE";"APTO";"N";15200;"SUPLENTE";29;NA;NA;NA
250000006146;"FABIO ADONIS PEREIRA";"#NULO#";"PC do B";"MASCULINO";"SUPERIOR INCOMPLETO";"CASADO(A)";"BRANCA";"SERVIDOR PÚBLICO MUNICIPAL";"APTO";"N";70188,98;"NÃO ELEITO";2015;17846,25;"Fundo Partidario, Outros Recursos";"Recursos de partido político"
250000038404;"JEAN PAULO DA SILVA";"#NULO#";"PSDC";"MASCULINO";"SUPERIOR COMPLETO";"SOLTEIRO(A)";"BRANCA";"SOCIÓLOGO";"APTO";"N";7000;"NÃO ELEITO";389;NA;NA;NA
250000038406;"JOSÉ ANTÔNIO DE SOUZA";"#NULO#";"PSDC";"MASCULINO";"ENSINO MÉDIO INCOMPLETO";"DIVORCIADO(A)";"PRETA";"COMERCIANTE";"APTO";"N";NA;"NÃO ELEITO";42;NA;NA;NA
250000038403;"JASIEL PEREIRA GARCIA";"#NULO#";"PSDC";"MASCULINO";"ENSINO FUNDAMENTAL COMPLETO";"SOLTEIRO(A)";"BRANCA";"MOTORISTA DE VEÍCULOS DE TRANSPORTE COLETIVO DE PASSAGEIROS";"APTO";"N";NA;"NÃO ELEITO";333;NA;NA;NA
250000006195;"MARIA CICERA MINEIRO DA SILVA";"#NULO#";"PC do B";"FEMININO";"SUPERIOR INCOMPLETO";"SOLTEIRO(A)";"PRETA";"OUTROS";"APTO";"N";NA;"NÃO ELEITO";921;16041,85;"Outros Recursos";"Recursos próprios, Recursos de partido político"
250000020815;"MARIA DA CONCEIÇÃO CHAVES";"#NULO#";"PMDB";"FEMININO";"ENSINO MÉDIO INCOMPLETO";"CASADO(A)";"BRANCA";"AUXILIAR DE ESCRITÓRIO E ASSEMELHADOS";"APTO";"N";NA;"SUPLENTE";308;900;"Outros Recursos";"Recursos próprios, Recursos de pessoas físicas"
250000022107;"ADAIL LEITE DA SILVA";"#NULO#";"PR";"MASCULINO";"ENSINO FUNDAMENTAL COMPLETO";"CASADO(A)";"BRANCA";"COMERCIANTE";"APTO";"N";544000;"SUPLENTE";551;NA;NA;NA
250000058369;"CLARICE AGUILLAR COSTA";"#NULO#";"PTN";"FEMININO";"ENSINO MÉDIO COMPLETO";"SOLTEIRO(A)";"BRANCA";"COMERCIANTE";"APTO";"N";NA;"SUPLENTE";99;NA;NA;NA
250000038382;"ANA PERWIN FRAIMAN";"#NULO#";"PSDC";"FEMININO";"SUPERIOR COMPLETO";"CASADO(A)";"BRANCA";"PSICÓLOGO";"APTO";"N";437000;"NÃO ELEITO";599;NA;NA;NA
250000005825;"JOÃO MARCELLO ORTEGA DE ARAUJO";"#NULO#";"NOVO";"MASCULINO";"SUPERIOR COMPLETO";"DIVORCIADO(A)";"BRANCA";"PUBLICITÁRIO";"APTO";"N";84331,09;"SUPLENTE";1414;3250;"Outros Recursos";"Recursos próprios, Recursos de pessoas físicas"
250000050153;"CLEBSON JOSE GOMES DA SILVA";"#NULO#";"PSL";"MASCULINO";"ENSINO MÉDIO COMPLETO";"SOLTEIRO(A)";"PRETA";"CARPINTEIRO, MARCENEIRO E ASSEMELHADOS";"APTO";"N";NA;"NÃO ELEITO";55;NA;NA;NA
250000020820;"ADOLFO QUINTAS GONÇALVES NETO";"#NULO#";"PSD";"MASCULINO";"ENSINO MÉDIO COMPLETO";"CASADO(A)";"BRANCA";"VEREADOR";"APTO";"S";392000;"SUPLENTE";21416;58200;"Outros Recursos";"Recursos de pessoas físicas"
250000011637;"LEANDRO SILVA BATISTA";"#NULO#";"PV";"MASCULINO";"SUPERIOR COMPLETO";"CASADO(A)";"PARDA";"JORNALISTA E REDATOR";"APTO";"N";15223,55;"SUPLENTE";3341;16500;"Outros Recursos";"Recursos de pessoas físicas"
250000015096;"ANDRÉ RICARDO DE SOUZA";"#NULO#";"REDE";"MASCULINO";"ENSINO MÉDIO INCOMPLETO";"SOLTEIRO(A)";"PRETA";"MOTORISTA DE VEÍCULOS DE TRANSPORTE COLETIVO DE PASSAGEIROS";"APTO";"N";NA;"NÃO ELEITO";1021;NA;NA;NA
250000058354;"LENIR MARIA DE OLIVEIRA";"#NULO#";"PTN";"FEMININO";"ENSINO FUNDAMENTAL COMPLETO";"CASADO(A)";"PARDA";"OUTROS";"APTO";"N";NA;"SUPLENTE";675;NA;NA;NA
250000015097;"DENIS DUCK";"#NULO#";"REDE";"MASCULINO";"SUPERIOR COMPLETO";"SEPARADO(A) JUDICIALMENTE";"BRANCA";"ARQUITETO";"APTO";"N";245125,95;"NÃO ELEITO";650;14154,14;"Outros Recursos";"Recursos próprios, Recursos de partido político"
250000011667;"VLADIMIR CAMELO PINTO";"#NULO#";"PV";"MASCULINO";"SUPERIOR COMPLETO";"CASADO(A)";"PARDA";"SERVIDOR PÚBLICO MUNICIPAL";"APTO";"N";NA;"SUPLENTE";366;NA;NA;NA
250000062816;"MAURO AKIO HASHIMOTO";"#NULO#";"PATRIOTA";"MASCULINO";"ENSINO MÉDIO COMPLETO";"CASADO(A)";"PARDA";"OUTROS";"APTO";"N";7137;"NÃO ELEITO";277;NA;NA;NA
250000050213;"ANA PAULA DOS SANTOS";"#NULO#";"PSL";"FEMININO";"ENSINO FUNDAMENTAL COMPLETO";"SOLTEIRO(A)";"BRANCA";"EMPRESÁRIO";"APTO";"N";2000603,2;"NÃO ELEITO";1845;5088,41;"Outros Recursos, Fundo Partidario";"Recursos próprios, Recursos de outros candidatos, Recursos de partido político"
250000038394;"JOSE CARLOS DE JESUS OLIVEIRA";"#NULO#";"PSDC";"MASCULINO";"ENSINO MÉDIO COMPLETO";"CASADO(A)";"PRETA";"PORTEIRO DE EDIFÍCIO, ASCENSORISTA, GARAGISTA E ZELADOR";"APTO";"N";NA;"NÃO ELEITO";128;1104,21;"Outros Recursos, Fundo Partidario";"Recursos próprios, Recursos de outros candidatos"
250000058405;"RILDO AUGUSTO DA SILVA JUNIOR";"#NULO#";"PTN";"MASCULINO";"SUPERIOR COMPLETO";"SOLTEIRO(A)";"BRANCA";"OUTROS";"APTO";"N";NA;"SUPLENTE";885;310;"Outros Recursos";"Recursos próprios"
250000010845;"ALESSANDRO FABIANO DE OLIVEIRA";"#NULO#";"PPS";"MASCULINO";"ENSINO MÉDIO COMPLETO";"CASADO(A)";"BRANCA";"ATLETA PROFISSIONAL E TÉCNICO EM DESPORTOS";"APTO";"N";NA;"SUPLENTE";167;NA;NA;NA
250000008316;"ANITA DOS SANTOS TAKAIYASU";"#NULO#";"PRB";"FEMININO";"SUPERIOR COMPLETO";"CASADO(A)";"BRANCA";"ENFERMEIRO";"APTO";"N";NA;"SUPLENTE";11534;23741,97;"Outros Recursos, Fundo Partidario";"Recursos próprios, Recursos de pessoas físicas, Recursos de partido político, Recursos de outros candidatos"
250000022111;"ANTONIO DE PAIVA MONTEIRO FILHO";"#NULO#";"PR";"MASCULINO";"ENSINO FUNDAMENTAL COMPLETO";"CASADO(A)";"BRANCA";"VEREADOR";"APTO";"S";1997792,22;"ELEITO POR QP";35219;185838;"Outros Recursos, Fundo Partidario";"Recursos próprios, Recursos de pessoas físicas, Recursos de partido político"
250000062808;"BEATRIZ BATISTA VALCHI";"#NULO#";"PATRIOTA";"FEMININO";"SUPERIOR COMPLETO";"CASADO(A)";"BRANCA";"ADVOGADO";"APTO";"N";NA;"NÃO ELEITO";74;NA;NA;NA
250000050203;"LUCIMARA APARECIDA DA SILVA";"#NULO#";"PSL";"FEMININO";"ENSINO MÉDIO COMPLETO";"SOLTEIRO(A)";"PARDA";"VEREADOR";"APTO";"N";NA;"NÃO ELEITO";115;NA;NA;NA
250000020797;"ARMANDO FERREIRO RODRIGUES";"#NULO#";"PMDB";"MASCULINO";"SUPERIOR COMPLETO";"SOLTEIRO(A)";"BRANCA";"PROFESSOR DE ENSINO FUNDAMENTAL";"APTO";"N";NA;"SUPLENTE";14681;29572,47;"Outros Recursos";"Recursos próprios, Recursos de partido político, Recursos de pessoas físicas"
250000019138;"VALDECIR APARECIDO DO NASCIMENTO";"#NULO#";"PTB";"MASCULINO";"SUPERIOR COMPLETO";"CASADO(A)";"BRANCA";"SERVIDOR PÚBLICO ESTADUAL";"APTO";"N";74500;"SUPLENTE";13130;38894;"Outros Recursos, Fundo Partidario";"Recursos de pessoas físicas, Recursos de partido político, Recursos próprios, Recursos de outros candidatos"
250000011697;"ROSEMARY FALCONE MONFARDINI";"#NULO#";"PV";"FEMININO";"ENSINO MÉDIO COMPLETO";"CASADO(A)";"BRANCA";"OUTROS";"APTO";"N";NA;"SUPLENTE";6;NA;NA;NA
250000038400;"IZAMAR NUNES DA SILVA";"#NULO#";"PSDC";"MASCULINO";"ENSINO FUNDAMENTAL COMPLETO";"SOLTEIRO(A)";"PRETA";"COMERCIANTE";"APTO";"N";15000;"NÃO ELEITO";288;NA;NA;NA
250000015099;"KLEBER VELHO NEVES";"#NULO#";"REDE";"MASCULINO";"SUPERIOR COMPLETO";"CASADO(A)";"BRANCA";"ENGENHEIRO";"APTO";"N";195700;"NÃO ELEITO";944;1500;"Outros Recursos";"Recursos de pessoas físicas"
250000005796;"RICARDO LUIS MELLÃO";"#NULO#";"NOVO";"MASCULINO";"SUPERIOR COMPLETO";"SOLTEIRO(A)";"BRANCA";"ADVOGADO";"APTO";"N";144722,13;"SUPLENTE";12664;218193,77;"Outros Recursos";"Recursos próprios, Doações pela Internet, Recursos de pessoas físicas"
250000011621;"FRANCISCO JOSE CARVALHO";"#NULO#";"PV";"MASCULINO";"SUPERIOR COMPLETO";"CASADO(A)";"BRANCA";"ADVOGADO";"APTO";"N";201160,7;"SUPLENTE";2348;19970,45;"Outros Recursos, Fundo Partidario";"Recursos próprios, Recursos de partido político, Recursos de outros candidatos"
250000040573;"JULIANA VALIAS PAZINATTO";"#NULO#";"SD";"FEMININO";"SUPERIOR COMPLETO";"SOLTEIRO(A)";"PARDA";"ESTUDANTE, BOLSISTA, ESTAGIÁRIO E ASSEMELHADOS";"APTO";"N";NA;"NÃO ELEITO";121;3980,5;"Fundo Partidario";"Recursos de partido político"
250000013943;"IVANILDO SOARES DA SILVA";"#NULO#";"PRTB";"MASCULINO";"ENSINO MÉDIO COMPLETO";"SOLTEIRO(A)";"BRANCA";"OUTROS";"APTO";"N";NA;"NÃO ELEITO";501;NA;NA;NA
250000019192;"ELYANA BELCHIOR MARTINS CASTILHO";"#NULO#";"PTB";"FEMININO";"SUPERIOR COMPLETO";"CASADO(A)";"BRANCA";"ADVOGADO";"APTO";"N";446303,74;"SUPLENTE";1277;60;"Outros Recursos";"Recursos próprios"
250000093365;"SONIA DE SOUZA GARCIA";"#NULO#";"SD";"FEMININO";"SUPERIOR COMPLETO";"SEPARADO(A) JUDICIALMENTE";"PARDA";"EMPRESÁRIO";"APTO";"N";67500;"NÃO ELEITO";260;NA;NA;NA
250000058348;"ANTONIA MARIA COSTA SILVA";"#NULO#";"PTN";"FEMININO";"ENSINO MÉDIO COMPLETO";"CASADO(A)";"BRANCA";"OUTROS";"APTO";"N";NA;"SUPLENTE";361;NA;NA;NA
250000010853;"DIEGO PENUELA RODRIGUES";"#NULO#";"PPS";"MASCULINO";"SUPERIOR INCOMPLETO";"CASADO(A)";"BRANCA";"ENFERMEIRO";"APTO";"N";NA;"SUPLENTE";388;284,4;"Outros Recursos";"Recursos de partido político"
250000019139;"AIRTON LUIZ VANZELLI FILHO";"#NULO#";"PTB";"MASCULINO";"SUPERIOR COMPLETO";"DIVORCIADO(A)";"BRANCA";"POLICIAL MILITAR";"APTO";"N";NA;"SUPLENTE";814;NA;NA;NA
250000019204;"ALEXANDRE GABRIEL CARNEIRO";"#NULO#";"PTB";"MASCULINO";"ENSINO MÉDIO COMPLETO";"CASADO(A)";"BRANCA";"TAXISTA";"APTO";"N";NA;"SUPLENTE";343;NA;NA;NA
250000020846;"MARIO AUGUSTO DE SOUZA";"#NULO#";"PSD";"MASCULINO";"ENSINO MÉDIO COMPLETO";"CASADO(A)";"BRANCA";"EMPRESÁRIO";"APTO";"N";175244;"SUPLENTE";1291;NA;NA;NA
250000013968;"ROBERTO DE LIMA FERNANDES";"#NULO#";"PRTB";"MASCULINO";"SUPERIOR COMPLETO";"SOLTEIRO(A)";"BRANCA";"POLICIAL MILITAR";"APTO";"N";NA;"NÃO ELEITO";1160;4080,28;"Outros Recursos, Fundo Partidario";"Recursos próprios, Recursos de partido político, Recursos de pessoas físicas"
250000040595;"SIDNEY MATIAS DOS SANTOS";"#NULO#";"SD";"MASCULINO";"SUPERIOR COMPLETO";"CASADO(A)";"PRETA";"POLICIAL MILITAR";"APTO";"N";120000;"NÃO ELEITO";394;NA;NA;NA
250000008324;"FABIANA SANTOS FERREIRA REINHOLZ BOTELHO";"#NULO#";"PRB";"FEMININO";"SUPERIOR COMPLETO";"CASADO(A)";"BRANCA";"VETERINÁRIO";"APTO";"N";662572,71;"SUPLENTE";842;21934,27;"Outros Recursos";"Recursos próprios, Recursos de pessoas físicas, Recursos de partido político"
250000008337;"EDVALDO ANTONIO DOS SANTOS";"#NULO#";"PRB";"MASCULINO";"ENSINO MÉDIO COMPLETO";"CASADO(A)";"PARDA";"ELETRICISTA E ASSEMELHADOS";"APTO";"N";NA;"SUPLENTE";313;NA;NA;NA
250000040597;"VERA LUCIA ROSA DIAS";"#NULO#";"SD";"FEMININO";"SUPERIOR COMPLETO";"CASADO(A)";"BRANCA";"ENFERMEIRO";"APTO";"N";258000;"NÃO ELEITO";233;8980,5;"Fundo Partidario";"Recursos de partido político"
250000050167;"JOSE RICARDO DE PAULA";"#NULO#";"PSL";"MASCULINO";"ENSINO MÉDIO COMPLETO";"SOLTEIRO(A)";"PARDA";"OUTROS";"APTO";"N";NA;"NÃO ELEITO";4;NA;NA;NA
250000010872;"EVANIO MARCELINO";"#NULO#";"PHS";"MASCULINO";"ENSINO MÉDIO COMPLETO";"CASADO(A)";"BRANCA";"ENFERMEIRO";"APTO";"N";260000;"SUPLENTE";600;1512,99;"Outros Recursos";"Recursos próprios, Recursos de outros candidatos, Recursos de pessoas físicas"
250000010999;"MASATAKA OTA";"#NULO#";"PSB";"MASCULINO";"ENSINO MÉDIO COMPLETO";"CASADO(A)";"AMARELA";"VEREADOR";"APTO";"S";1289478,7;"ELEITO POR QP";45915;130213,8;"Fundo Partidario, Outros Recursos";"Recursos de partido político, Recursos de outros candidatos, Recursos de pessoas físicas"
250000011699;"ANTONIO CARLOS ALVES DA SILVA";"#NULO#";"PV";"MASCULINO";"SUPERIOR INCOMPLETO";"CASADO(A)";"PARDA";"SERVIDOR PÚBLICO MUNICIPAL";"APTO";"N";420000;"SUPLENTE";1775;10000;"Outros Recursos";"Recursos de partido político"
250000019143;"FERNANDO NUNES DA SILVA";"#NULO#";"PTB";"MASCULINO";"SUPERIOR COMPLETO";"DIVORCIADO(A)";"PARDA";"OUTROS";"APTO";"N";16758,3;"SUPLENTE";732;NA;NA;NA
250000019186;"ANDERSON ARAUJO DE OLIVEIRA";"#NULO#";"PTB";"MASCULINO";"SUPERIOR COMPLETO";"SOLTEIRO(A)";"PARDA";"OUTROS";"APTO";"N";30000;"SUPLENTE";914;NA;NA;NA
250000093118;"ANSELMO JOSE DE ALMEIDA";"#NULO#";"PTN";"MASCULINO";"ENSINO MÉDIO COMPLETO";"CASADO(A)";"PARDA";"AGENTE ADMINISTRATIVO";"APTO";"N";NA;"SUPLENTE";113;NA;NA;NA
250000058408;"TATIANA POLI DE OLIVEIRA";"#NULO#";"PTN";"FEMININO";"LÊ E ESCREVE";"SOLTEIRO(A)";"BRANCA";"OUTROS";"APTO";"N";NA;"SUPLENTE";578;142,2;"Outros Recursos";"Recursos de outros candidatos"
250000050202;"KATIA SABINO DA SILVA BASTOS";"#NULO#";"PSL";"FEMININO";"SUPERIOR INCOMPLETO";"SOLTEIRO(A)";"PARDA";"PROFESSOR DE ENSINO FUNDAMENTAL";"APTO";"N";47000;"NÃO ELEITO";633;NA;NA;NA
250000010991;"CAMILO CRISTÓFARO MARTINS JUNIOR";"#NULO#";"PSB";"MASCULINO";"SUPERIOR COMPLETO";"CASADO(A)";"BRANCA";"ADVOGADO";"APTO";"N";1223857,41;"ELEITO POR QP";29603;39780;"Outros Recursos";"Recursos próprios, Recursos de pessoas físicas"
250000020840;"JULIANA REGINA GARCIA SILVA";"#NULO#";"PSD";"FEMININO";"SUPERIOR COMPLETO";"SOLTEIRO(A)";"BRANCA";"ARQUITETO";"APTO";"N";NA;"SUPLENTE";297;10000;"Fundo Partidario";"Recursos de partido político"
250000014892;"ANDERSON SEVERIANO GOMES";"#NULO#";"PSOL";"MASCULINO";"SUPERIOR COMPLETO";"CASADO(A)";"PRETA";"DIRETOR DE ESTABELECIMENTO DE ENSINO";"APTO";"N";NA;"SUPLENTE";2220;1238,35;"Fundo Partidario";"Recursos de partido político"
250000019127;"CLAUDIA MARQUES DAMASCENO";"#NULO#";"PTB";"FEMININO";"SUPERIOR COMPLETO";"SOLTEIRO(A)";"PARDA";"PEDAGOGO";"APTO";"N";243406,31;"SUPLENTE";784;NA;NA;NA
250000006139;"FABIO LIBERIO MARCOS SANTOS";"#NULO#";"PC do B";"MASCULINO";"ENSINO MÉDIO COMPLETO";"CASADO(A)";"PRETA";"EMPRESÁRIO";"APTO";"N";89000;"NÃO ELEITO";302;3317,45;"Outros Recursos";"Recursos de partido político, Recursos de pessoas físicas"
250000019181;"WAGNER DA SILVA";"#NULO#";"PTB";"MASCULINO";"SUPERIOR COMPLETO";"DIVORCIADO(A)";"PRETA";"POLICIAL CIVIL";"APTO";"N";312735,04;"SUPLENTE";198;NA;NA;NA
250000011016;"DAVID BEZERRA RIBEIRO SOARES";"#NULO#";"DEM";"MASCULINO";"SUPERIOR COMPLETO";"SOLTEIRO(A)";"BRANCA";"VEREADOR";"APTO";"S";506483,64;"ELEITO POR MÉDIA";24892;319791;"Outros Recursos, Fundo Partidario";"Recursos de outros candidatos, Recursos próprios, Recursos de partido político, Recursos de pessoas físicas"
250000006176;"ANGELA BEATRIZ MEYER";"#NULO#";"PC do B";"FEMININO";"ENSINO MÉDIO INCOMPLETO";"SOLTEIRO(A)";"BRANCA";"OUTROS";"APTO";"N";NA;"NÃO ELEITO";551;38654,15;"Outros Recursos";"Recursos de partido político, Recursos de pessoas físicas"
250000058401;"PAULO VITOR FERRARI CAMPS";"#NULO#";"PTN";"MASCULINO";"SUPERIOR COMPLETO";"CASADO(A)";"BRANCA";"ADMINISTRADOR";"APTO";"N";NA;"SUPLENTE";485;NA;NA;NA
250000050159;"CARLOS UILIAN PEREIRA MARTINEZ";"#NULO#";"PSL";"MASCULINO";"SUPERIOR INCOMPLETO";"CASADO(A)";"BRANCA";"EMPRESÁRIO";"APTO";"N";948000;"NÃO ELEITO";785;1588,41;"Outros Recursos, Fundo Partidario";"Recursos de pessoas físicas, Recursos de outros candidatos, Recursos de partido político"
250000022085;"JOSÉ EDIMAR DE CARVALHO";"#NULO#";"PT";"MASCULINO";"ENSINO MÉDIO COMPLETO";"CASADO(A)";"PRETA";"OUTROS";"APTO";"N";3e+05;"SUPLENTE";1995;22307,27;"Outros Recursos, Fundo Partidario";"Recursos de outros candidatos, Recursos de pessoas físicas, Recursos de partido político"
250000010873;"JOSE AIRTON FERREIRA DAS NEVES";"#NULO#";"PHS";"MASCULINO";"ENSINO MÉDIO COMPLETO";"CASADO(A)";"BRANCA";"MOTORISTA DE VEÍCULOS DE TRANSPORTE COLETIVO DE PASSAGEIROS";"APTO";"N";364000;"SUPLENTE";3311;19713,3;"Outros Recursos";"Recursos próprios, Recursos de outros candidatos, Recursos de pessoas físicas"
250000020836;"JOSÉ LUIZ NODAR RIBEIRO";"#NULO#";"PSD";"MASCULINO";"ENSINO MÉDIO COMPLETO";"CASADO(A)";"BRANCA";"REPRESENTANTE COMERCIAL";"APTO";"N";NA;"SUPLENTE";749;NA;NA;NA
250000038341;"MARIA MELLO DA CRUZ";"#NULO#";"PSDC";"FEMININO";"SUPERIOR INCOMPLETO";"DIVORCIADO(A)";"BRANCA";"SERVIDOR PÚBLICO ESTADUAL";"APTO";"N";232015;"NÃO ELEITO";727;3298,66;"Outros Recursos, Fundo Partidario";"Recursos próprios, Recursos de outros candidatos, Recursos de partido político"
250000008361;"MARIA MANOELA DOS SANTOS";"#NULO#";"PRB";"FEMININO";"ENSINO MÉDIO COMPLETO";"SEPARADO(A) JUDICIALMENTE";"PARDA";"COMERCIANTE";"APTO";"N";NA;"SUPLENTE";365;NA;NA;NA
250000019206;"ANDREIA CARVALHO DE SOUZA";"#NULO#";"PTB";"FEMININO";"SUPERIOR INCOMPLETO";"SOLTEIRO(A)";"PRETA";"PROFESSOR DE ENSINO FUNDAMENTAL";"APTO";"N";NA;"SUPLENTE";133;NA;NA;NA
250000011626;"ANDERSON DA SILVA CRUZ";"#NULO#";"PV";"MASCULINO";"SUPERIOR COMPLETO";"SOLTEIRO(A)";"BRANCA";"ADVOGADO";"APTO";"N";NA;"SUPLENTE";962;1400;"Outros Recursos";"Recursos próprios"
250000008299;"MARCO ANTONIO AZKOUL";"#NULO#";"PRB";"MASCULINO";"SUPERIOR COMPLETO";"SOLTEIRO(A)";"BRANCA";"POLICIAL CIVIL";"APTO";"N";57925,03;"SUPLENTE";938;NA;NA;NA
250000010886;"MARCIO ALVARES DE SOUZA";"#NULO#";"PHS";"MASCULINO";"ENSINO FUNDAMENTAL INCOMPLETO";"CASADO(A)";"PARDA";"VENDEDOR DE COMÉRCIO VAREJISTA E ATACADISTA";"APTO";"N";NA;"SUPLENTE";2843;NA;NA;NA
250000027328;"RICARDO ZAPPAROLI";"#NULO#";"PTC";"MASCULINO";"ENSINO MÉDIO COMPLETO";"CASADO(A)";"BRANCA";"CORRETOR DE IMÓVEIS, SEGUROS, TÍTULOS E VALORES";"APTO";"N";14490;"NÃO ELEITO";937;1540;"Outros Recursos";"Recursos próprios"
250000008332;"UILSON CAJUY DE OLIVEIRA";"#NULO#";"PRB";"MASCULINO";"ENSINO FUNDAMENTAL COMPLETO";"CASADO(A)";"BRANCA";"APOSENTADO (EXCETO SERVIDOR PÚBLICO)";"APTO";"N";150000;"SUPLENTE";288;NA;NA;NA
250000027266;"EDITH FERREIRA DE SOUZA OLIVEIRA";"#NULO#";"PRP";"FEMININO";"SUPERIOR COMPLETO";"CASADO(A)";"BRANCA";"ENFERMEIRO";"APTO";"N";11563,24;"NÃO ELEITO";612;NA;NA;NA
250000014905;"RODRIGO RODRIGUES DE LIMA";"#NULO#";"PSOL";"MASCULINO";"ENSINO MÉDIO COMPLETO";"SOLTEIRO(A)";"PARDA";"TAXISTA";"APTO";"N";3500;"SUPLENTE";225;NA;NA;NA
250000020783;"AIRTON LOPES DE SOUZA";"#NULO#";"PMDB";"MASCULINO";"ENSINO MÉDIO COMPLETO";"CASADO(A)";"BRANCA";"AUXILIAR DE ESCRITÓRIO E ASSEMELHADOS";"APTO";"N";22800;"SUPLENTE";4821;8683,57;"Outros Recursos";"Rendimentos de aplicações financeiras, Recursos próprios, Recursos de pessoas físicas"
250000005813;"THABATA BARBOSA ARELLANO";"#NULO#";"NOVO";"FEMININO";"SUPERIOR COMPLETO";"DIVORCIADO(A)";"BRANCA";"PEDAGOGO";"APTO";"N";11867;"SUPLENTE";921;2985,3;"Outros Recursos";"Recursos próprios, Recursos de pessoas físicas"
250000022122;"MARIA EMILIA DANTAS OLIVEIRA";"#NULO#";"PR";"FEMININO";"SUPERIOR INCOMPLETO";"DIVORCIADO(A)";"PARDA";"APOSENTADO (EXCETO SERVIDOR PÚBLICO)";"APTO";"N";2000;"SUPLENTE";71;1850;"Outros Recursos, Fundo Partidario";"Recursos próprios, Recursos de partido político"
250000015106;"MADALENA BUZZO";"#NULO#";"REDE";"FEMININO";"SUPERIOR COMPLETO";"SOLTEIRO(A)";"BRANCA";"OUTROS";"APTO";"N";229278,52;"NÃO ELEITO";700;1100;"Outros Recursos";"Recursos próprios"
250000005001;"ANESIA MACHADO DZULE";"#NULO#";"PSDB";"FEMININO";"SUPERIOR COMPLETO";"SOLTEIRO(A)";"BRANCA";"PSICÓLOGO";"APTO";"N";3e+05;"SUPLENTE";587;NA;NA;NA
250000010865;"RICARDO HOLZ VIDAL DOS SANTOS";"#NULO#";"PHS";"MASCULINO";"SUPERIOR COMPLETO";"SOLTEIRO(A)";"BRANCA";"EMPRESÁRIO";"APTO";"N";1174000;"SUPLENTE";3599;29386,42;"Outros Recursos";"Recursos próprios, Recursos de pessoas físicas"
250000014885;"SÂMIA DE SOUZA BOMFIM";"#NULO#";"PSOL";"FEMININO";"SUPERIOR INCOMPLETO";"SOLTEIRO(A)";"BRANCA";"SERVIDOR PÚBLICO ESTADUAL";"APTO";"N";NA;"ELEITO POR MÉDIA";12464;45004,78;"Outros Recursos, Fundo Partidario";"Recursos próprios, Recursos de pessoas físicas, Doações pela Internet, Recursos de partido político"
250000044419;"RONALDO DOS SANTOS MALACHIAS";"#NULO#";"PPL";"MASCULINO";"SUPERIOR INCOMPLETO";"SOLTEIRO(A)";"BRANCA";"LOCUTOR E COMENTARISTA DE RÁDIO E TELEVISÃO E RADIALISTA";"APTO";"N";162206,83;"NÃO ELEITO";324;NA;NA;NA
250000020821;"ALAN BEZERRA GOMES";"#NULO#";"PSD";"MASCULINO";"SUPERIOR COMPLETO";"CASADO(A)";"PARDA";"EMPRESÁRIO";"APTO";"N";43166,19;"SUPLENTE";4281;3991;"Outros Recursos";"Recursos de pessoas físicas"
250000020851;"PEDRO PEREIRA PESSOA";"#NULO#";"PSD";"MASCULINO";"SUPERIOR COMPLETO";"CASADO(A)";"PARDA";"PROFESSOR DE ENSINO SUPERIOR";"APTO";"N";275000;"SUPLENTE";266;NA;NA;NA
250000038409;"JOSÉ SEVERINO VIEIRA GOMES";"#NULO#";"PSDC";"MASCULINO";"ENSINO MÉDIO COMPLETO";"CASADO(A)";"PRETA";"OUTROS";"APTO";"N";180000;"NÃO ELEITO";474;NA;NA;NA
250000013934;"CESÁRIO LANGE DA SILVA PIRES JUNIOR";"#NULO#";"PRTB";"MASCULINO";"SUPERIOR COMPLETO";"SOLTEIRO(A)";"BRANCA";"MILITAR REFORMADO";"APTO";"N";259000;"NÃO ELEITO";377;NA;NA;NA
250000020832;"FRANCISCO NOGUEIRA DA SILVA";"#NULO#";"PSD";"MASCULINO";"SUPERIOR COMPLETO";"DIVORCIADO(A)";"PRETA";"ADVOGADO";"APTO";"N";37000;"SUPLENTE";1261;NA;NA;NA
250000058383;"RENATO LIBONATI";"#NULO#";"PTN";"MASCULINO";"SUPERIOR COMPLETO";"CASADO(A)";"BRANCA";"ADMINISTRADOR";"APTO";"N";1350024,86;"SUPLENTE";4528;15482,85;"Outros Recursos";"Recursos próprios, Recursos de pessoas físicas, Recursos de outros candidatos"
250000006137;"PATRICIA ALMEIDA TAVARES DA SILVA";"#NULO#";"PC do B";"FEMININO";"SUPERIOR INCOMPLETO";"CASADO(A)";"PRETA";"SERVIDOR PÚBLICO ESTADUAL";"APTO";"N";NA;"NÃO ELEITO";119;500,03;"Outros Recursos";"Recursos de partido político"
250000022146;"CLAUDIO BEZERRA DA COSTA";"#NULO#";"PDT";"MASCULINO";"ENSINO FUNDAMENTAL INCOMPLETO";"CASADO(A)";"BRANCA";"PORTEIRO DE EDIFÍCIO, ASCENSORISTA, GARAGISTA E ZELADOR";"APTO";"N";NA;"SUPLENTE";473;NA;NA;NA
250000005002;"CLAIRE BARBAGALLO";"#NULO#";"PSDB";"FEMININO";"SUPERIOR COMPLETO";"SEPARADO(A) JUDICIALMENTE";"BRANCA";"GERENTE";"APTO";"N";32200;"SUPLENTE";517;5209,1;"Outros Recursos";"Recursos de pessoas físicas, Recursos de outros candidatos, Recursos próprios"
250000022137;"RICARDO TEIXEIRA";"#NULO#";"PROS";"MASCULINO";"SUPERIOR COMPLETO";"CASADO(A)";"BRANCA";"ENGENHEIRO";"APTO";"S";153537,65;"ELEITO POR QP";28515;406268,85;"Outros Recursos, Fundo Partidario";"Recursos de partido político, Recursos próprios, Recursos de pessoas físicas"
250000022080;"EDIVALDO DE OLIVEIRA LIMA";"#NULO#";"PT";"MASCULINO";"ENSINO MÉDIO COMPLETO";"CASADO(A)";"PRETA";"CANTOR E COMPOSITOR";"APTO";"N";NA;"SUPLENTE";291;21727,27;"Outros Recursos, Fundo Partidario";"Recursos de outros candidatos, Recursos de partido político"
250000044416;"FABIANO DA SILVA AVELINO";"#NULO#";"PPL";"MASCULINO";"SUPERIOR INCOMPLETO";"CASADO(A)";"PARDA";"PROFESSOR E INSTRUTOR DE FORMAÇÃO PROFISSIONAL";"APTO";"N";799739,48;"NÃO ELEITO";791;82782;"Outros Recursos";"Recursos próprios, Recursos de pessoas físicas"
250000004988;"ELIZEU RAFAEL COSTA NASCIMENTO";"#NULO#";"PSDB";"MASCULINO";"SUPERIOR COMPLETO";"SOLTEIRO(A)";"BRANCA";"EMPRESÁRIO";"APTO";"N";959000;"SUPLENTE";1069;12992,35;"Outros Recursos";"Recursos de outros candidatos, Recursos próprios, Recursos de pessoas físicas"
250000020777;"LETIVAN RODRIGUES DE CARVALHO";"#NULO#";"PMDB";"MASCULINO";"SUPERIOR COMPLETO";"DIVORCIADO(A)";"BRANCA";"POLICIAL MILITAR";"APTO";"N";289454,86;"SUPLENTE";2789;NA;NA;NA
250000058366;"ANTONIO CARDOSO ANDRADE";"#NULO#";"PTN";"MASCULINO";"ENSINO MÉDIO COMPLETO";"CASADO(A)";"PARDA";"APOSENTADO (EXCETO SERVIDOR PÚBLICO)";"APTO";"N";39166,74;"SUPLENTE";1595;20728,49;"Outros Recursos";"Recursos próprios, Recursos de pessoas físicas, Recursos de outros candidatos"
250000011682;"GABRIELA MUNIZ FERREIRA GIRALDI";"#NULO#";"PV";"FEMININO";"SUPERIOR COMPLETO";"DIVORCIADO(A)";"BRANCA";"VETERINÁRIO";"APTO";"N";93467;"SUPLENTE";938;695;"Outros Recursos";"Recursos próprios"
250000022108;"ALEXANDRA REGINA PUJOL";"#NULO#";"PR";"FEMININO";"SUPERIOR COMPLETO";"DIVORCIADO(A)";"BRANCA";"ODONTÓLOGO";"APTO";"N";51000;"SUPLENTE";540;4500;"Outros Recursos, Fundo Partidario";"Recursos próprios, Recursos de pessoas físicas, Recursos de partido político"
250000050161;"RODRIGO INACIO DE LIMA OLIVEIRA";"#NULO#";"PSL";"MASCULINO";"ENSINO MÉDIO COMPLETO";"CASADO(A)";"PARDA";"EMPRESÁRIO";"APTO";"N";2068789,99;"NÃO ELEITO";8693;25000;"Outros Recursos";"Recursos próprios, Recursos de pessoas físicas"
250000019177;"MAURICIO LUDOVICO DOS SANTOS";"#NULO#";"PTB";"MASCULINO";"SUPERIOR COMPLETO";"CASADO(A)";"PRETA";"POLICIAL CIVIL";"APTO";"N";170344,13;"SUPLENTE";511;NA;NA;NA
250000038405;"JOSÉ AFONSO NARCISO";"#NULO#";"PSDC";"MASCULINO";"SUPERIOR COMPLETO";"CASADO(A)";"PRETA";"COMERCIANTE";"APTO";"N";NA;"NÃO ELEITO";92;NA;NA;NA
250000044420;"CELINA CORREIA SOBRINHO DE SOUZA";"#NULO#";"PPL";"FEMININO";"SUPERIOR COMPLETO";"CASADO(A)";"PARDA";"PROFESSOR DE ENSINO MÉDIO";"APTO";"N";22500;"NÃO ELEITO";393;230;"Outros Recursos";"Recursos próprios"
250000058387;"CLEBER ARAUJO BARBOSA";"#NULO#";"PTN";"MASCULINO";"LÊ E ESCREVE";"SOLTEIRO(A)";"BRANCA";"OUTROS";"APTO";"N";NA;"SUPLENTE";2498;NA;NA;NA
250000005004;"DIVA APARECIDA LEITE ALVES DE ALMEIDA";"#NULO#";"PSDB";"FEMININO";"SUPERIOR COMPLETO";"VIÚVO(A)";"BRANCA";"ADVOGADO";"APTO";"N";587847;"SUPLENTE";267;2084,4;"Outros Recursos";"Recursos próprios, Recursos de outros candidatos, Recursos de pessoas físicas"
250000050193;"CAROLINE FERNANDES VALIM";"#NULO#";"PSL";"FEMININO";"ENSINO MÉDIO COMPLETO";"SOLTEIRO(A)";"BRANCA";"ADMINISTRADOR";"APTO";"N";NA;"NÃO ELEITO";6;NA;NA;NA
250000024510;"ELLEN RUIZ";"#NULO#";"PSTU";"FEMININO";"SUPERIOR COMPLETO";"SOLTEIRO(A)";"BRANCA";"BANCÁRIO E ECONOMIÁRIO";"APTO";"N";16000;"NÃO ELEITO";61;NA;NA;NA
250000038364;"PAULO PEREIRA PIMENTEL";"#NULO#";"PSDC";"MASCULINO";"ENSINO FUNDAMENTAL COMPLETO";"SOLTEIRO(A)";"BRANCA";"MÚSICO";"APTO";"N";70000;"NÃO ELEITO";33;NA;NA;NA
250000020790;"MANOEL SIMIÃO SABINO NETO";"#NULO#";"PMDB";"MASCULINO";"ENSINO MÉDIO COMPLETO";"SOLTEIRO(A)";"BRANCA";"COMERCIANTE";"APTO";"N";152000;"SUPLENTE";1225;NA;NA;NA
250000011660;"DIOGENES BARBOSA PAIVA JUNIOR";"#NULO#";"PV";"MASCULINO";"SUPERIOR COMPLETO";"SOLTEIRO(A)";"BRANCA";"OUTROS";"APTO";"N";8860,42;"SUPLENTE";1111;NA;NA;NA
250000011676;"ROGERIO EDUARDO NAGAI";"#NULO#";"PV";"MASCULINO";"SUPERIOR COMPLETO";"SOLTEIRO(A)";"BRANCA";"ANALISTA DE SISTEMAS";"APTO";"N";NA;"SUPLENTE";592;1500;"Outros Recursos";"Recursos próprios, Recursos de pessoas físicas"
250000022144;"ARMANDO FERREIRA INGLÊS JUNIOR";"#NULO#";"PDT";"MASCULINO";"SUPERIOR COMPLETO";"DIVORCIADO(A)";"BRANCA";"EMPRESÁRIO";"APTO";"N";438589,56;"SUPLENTE";976;2050;"Outros Recursos";"Recursos próprios, Recursos de pessoas físicas"
250000010994;"PAULO MOURA DA SILVA";"#NULO#";"PSB";"MASCULINO";"SUPERIOR COMPLETO";"DIVORCIADO(A)";"BRANCA";"OUTROS";"APTO";"N";NA;"SUPLENTE";1949;11284,4;"Outros Recursos";"Recursos de outros candidatos, Recursos de pessoas físicas"
250000050174;"LUIZ FERNANDO BRASILIENSE";"#NULO#";"PSL";"MASCULINO";"SUPERIOR INCOMPLETO";"SOLTEIRO(A)";"BRANCA";"APOSENTADO (EXCETO SERVIDOR PÚBLICO)";"APTO";"N";45000;"NÃO ELEITO";3617;NA;NA;NA
250000011003;"ANTONIO SALIM CURIATI JUNIOR";"#NULO#";"PP";"MASCULINO";"SUPERIOR COMPLETO";"CASADO(A)";"BRANCA";"ADVOGADO";"APTO";"N";718907,16;"SUPLENTE";10860;134963,39;"Outros Recursos";"Recursos próprios, Recursos de pessoas físicas, Recursos de outros candidatos"
250000050201;"GERSON DA CUNHA";"#NULO#";"PSL";"MASCULINO";"ENSINO MÉDIO COMPLETO";"CASADO(A)";"BRANCA";"CONTADOR";"APTO";"N";27950;"NÃO ELEITO";1096;5588,41;"Outros Recursos, Fundo Partidario";"Recursos próprios, Recursos de outros candidatos, Recursos de partido político"
250000008314;"SUELI APARECIDA DA PAZ DE REZENDE";"#NULO#";"PRB";"FEMININO";"ENSINO FUNDAMENTAL INCOMPLETO";"CASADO(A)";"PARDA";"OUTROS";"APTO";"N";NA;"SUPLENTE";613;NA;NA;NA
250000005794;"MARIA ISABEL RODRIGUES TEIXEIRA";"#NULO#";"NOVO";"FEMININO";"SUPERIOR COMPLETO";"CASADO(A)";"BRANCA";"ENGENHEIRO";"APTO";"N";302289,26;"SUPLENTE";2106;100168,18;"Outros Recursos";"Recursos de pessoas físicas, Recursos próprios, Doações pela Internet"
250000010860;"JOÃO MARIA LOPES AZEVEDO";"#NULO#";"PHS";"MASCULINO";"ENSINO FUNDAMENTAL INCOMPLETO";"CASADO(A)";"BRANCA";"COMERCIANTE";"APTO";"N";NA;"SUPLENTE";749;2998,9;"Outros Recursos";"Recursos de pessoas físicas, Recursos de outros candidatos"
250000013955;"VERA LUCIA DA SILVA RANU";"#NULO#";"PRTB";"FEMININO";"ENSINO FUNDAMENTAL COMPLETO";"DIVORCIADO(A)";"PARDA";"OUTROS";"APTO";"N";1980;"NÃO ELEITO";426;NA;NA;NA
250000011643;"SAMANTHA FREIRE DIAS";"#NULO#";"PV";"FEMININO";"SUPERIOR INCOMPLETO";"SOLTEIRO(A)";"BRANCA";"ESTETICISTA";"APTO";"N";NA;"SUPLENTE";104;NA;NA;NA
250000038383;"CELI PAULINO CARLOTA";"#NULO#";"PSDC";"FEMININO";"SUPERIOR COMPLETO";"CASADO(A)";"PRETA";"POLICIAL CIVIL";"APTO";"N";536620,67;"NÃO ELEITO";1129;5258,66;"Outros Recursos, Fundo Partidario";"Recursos próprios, Recursos de partido político, Recursos de outros candidatos, Recursos de pessoas físicas"
250000038384;"CLAUDETE GOMES BEZERRA";"#NULO#";"PSDC";"FEMININO";"SUPERIOR COMPLETO";"CASADO(A)";"BRANCA";"SERVIDOR PÚBLICO CIVIL APOSENTADO";"APTO";"N";267925,22;"NÃO ELEITO";81;NA;NA;NA
250000013961;"TIAGO RUSSO PANARIELLO";"#NULO#";"PRTB";"MASCULINO";"SUPERIOR INCOMPLETO";"CASADO(A)";"BRANCA";"PROFESSOR E INSTRUTOR DE FORMAÇÃO PROFISSIONAL";"APTO";"N";NA;"NÃO ELEITO";135;NA;NA;NA
250000027342;"SUÉLEM ALINE MENDES NAMI CURY";"#NULO#";"PT do B";"FEMININO";"ENSINO FUNDAMENTAL COMPLETO";"CASADO(A)";"BRANCA";"CANTOR E COMPOSITOR";"APTO";"N";50000;"NÃO ELEITO";294;NA;NA;NA
250000019154;"PAULO HENRIQUE EVARISTO";"#NULO#";"PTB";"MASCULINO";"ENSINO MÉDIO INCOMPLETO";"SOLTEIRO(A)";"PRETA";"OUTROS";"APTO";"N";NA;"SUPLENTE";1285;1700;"Outros Recursos";"Recursos de pessoas físicas"
250000008311;"VERA LUCIA GRACIANO BARBOSA";"#NULO#";"PRB";"FEMININO";"SUPERIOR COMPLETO";"CASADO(A)";"PRETA";"ADVOGADO";"APTO";"N";NA;"SUPLENTE";456;NA;NA;NA
250000014857;"LUIZ OTÁVIO PEREIRA COPPIETERS";"#NULO#";"PSOL";"MASCULINO";"SUPERIOR COMPLETO";"SOLTEIRO(A)";"BRANCA";"PROFESSOR DE ENSINO MÉDIO";"APTO";"N";NA;"SUPLENTE";9744;14573,35;"Outros Recursos, Fundo Partidario";"Recursos próprios, Recursos de pessoas físicas, Recursos de partido político"
250000091164;"GILSON DA CRUZ RODRIGUES";"#NULO#";"PPL";"MASCULINO";"ENSINO MÉDIO COMPLETO";"DIVORCIADO(A)";"PRETA";"OUTROS";"APTO";"N";NA;"NÃO ELEITO";3873;18050;"Outros Recursos";"Recursos próprios, Recursos de pessoas físicas"
250000020838;"JOÃO CARVALHO DE AMORIM";"#NULO#";"PSD";"MASCULINO";"ENSINO FUNDAMENTAL COMPLETO";"CASADO(A)";"BRANCA";"OUTROS";"APTO";"N";NA;"SUPLENTE";517;5507,09;"Fundo Partidario";"Recursos de outros candidatos"
250000011662;"JOEL CARLOS CALANDRA DOS SANTOS";"#NULO#";"PV";"MASCULINO";"SUPERIOR COMPLETO";"SOLTEIRO(A)";"BRANCA";"ADMINISTRADOR";"APTO";"N";1088986,29;"SUPLENTE";684;NA;NA;NA
250000011700;"MARCO ANTONIO CAETANO";"#NULO#";"PV";"MASCULINO";"SUPERIOR COMPLETO";"SOLTEIRO(A)";"PARDA";"SERVIDOR PÚBLICO MUNICIPAL";"APTO";"N";NA;"SUPLENTE";34;NA;NA;NA
250000019141;"CLAUDIO MARTINS NEVES DE FRANÇA";"#NULO#";"PTB";"MASCULINO";"SUPERIOR COMPLETO";"CASADO(A)";"BRANCA";"ADVOGADO";"APTO";"N";NA;"SUPLENTE";2026;NA;NA;NA
250000008374;"MARLON FABIANO DA SILVA";"#NULO#";"PRB";"MASCULINO";"ENSINO MÉDIO COMPLETO";"CASADO(A)";"BRANCA";"EMPRESÁRIO";"APTO";"N";76000;"SUPLENTE";14190;65566,65;"Outros Recursos";"Recursos próprios, Recursos de pessoas físicas, Recursos de partido político"
250000008362;"CLARICE SILVA BARBOSA";"#NULO#";"PRB";"FEMININO";"ENSINO MÉDIO COMPLETO";"CASADO(A)";"BRANCA";"ARTISTA PLÁSTICO E ASSEMELHADOS";"APTO";"N";225000;"SUPLENTE";498;NA;NA;NA
250000010914;"OZEIAS BATISTA DOS SANTOS";"#NULO#";"PMB";"MASCULINO";"SUPERIOR COMPLETO";"SOLTEIRO(A)";"PARDA";"OUTROS";"APTO";"N";NA;"SUPLENTE";3859;NA;NA;NA
250000091139;"EDMILSON NAZARENO MONTEIRO DA COSTA";"#NULO#";"PPL";"MASCULINO";"SUPERIOR INCOMPLETO";"DIVORCIADO(A)";"BRANCA";"OUTROS";"APTO";"N";150000;"NÃO ELEITO";293;100;"Outros Recursos";"Recursos de pessoas físicas"
250000020834;"GISLAINE LAMBERT DE BRITO DOS SANTOS";"#NULO#";"PSD";"FEMININO";"SUPERIOR COMPLETO";"CASADO(A)";"BRANCA";"PROFESSOR DE ENSINO FUNDAMENTAL";"APTO";"N";32939,66;"SUPLENTE";577;10000;"Fundo Partidario";"Recursos de partido político"
250000038410;"JOÃO FERREIRA DE MORAES NETO";"#NULO#";"PSDC";"MASCULINO";"SUPERIOR COMPLETO";"SEPARADO(A) JUDICIALMENTE";"BRANCA";"JORNALISTA E REDATOR";"APTO";"N";552279,42;"NÃO ELEITO";469;4436,98;"Outros Recursos, Fundo Partidario";"Recursos próprios, Recursos de partido político, Recursos de outros candidatos, Recursos de pessoas físicas"
250000050195;"GERALDO DOS REIS BORGES";"#NULO#";"PSL";"MASCULINO";"LÊ E ESCREVE";"DIVORCIADO(A)";"BRANCA";"MONTADOR DE ESTRUTURA METÁLICA";"APTO";"N";NA;"NÃO ELEITO";1450;1214,21;"Outros Recursos, Fundo Partidario";"Recursos próprios, Recursos de outros candidatos, Recursos de partido político"
250000004998;"JOSÉ ROLIM DA SILVA";"#NULO#";"PSDB";"MASCULINO";"ENSINO FUNDAMENTAL INCOMPLETO";"CASADO(A)";"BRANCA";"COMERCIANTE";"APTO";"N";291400;"SUPLENTE";8652;NA;NA;NA
250000093984;"LEANDRA MOREIRA CARDOSO";"#NULO#";"PSL";"FEMININO";"LÊ E ESCREVE";"SOLTEIRO(A)";"PARDA";"EMPRESÁRIO";"APTO";"N";NA;"NÃO ELEITO";143;NA;NA;NA
250000027338;"JORGE NOGUEIRA DA SILVA";"#NULO#";"PT do B";"MASCULINO";"ENSINO MÉDIO INCOMPLETO";"VIÚVO(A)";"BRANCA";"CANTOR E COMPOSITOR";"APTO";"N";8000;"NÃO ELEITO";646;120;"Outros Recursos";"Recursos próprios"
250000014899;"DOUGLAS ELIAS BELCHIOR";"#NULO#";"PSOL";"MASCULINO";"SUPERIOR COMPLETO";"SOLTEIRO(A)";"PRETA";"PROFESSOR DE ENSINO MÉDIO";"APTO";"N";NA;"SUPLENTE";10557;19659,35;"Outros Recursos, Fundo Partidario";"Doações pela Internet, Recursos de pessoas físicas, Recursos de partido político"
250000006155;"LUIS ARAUJO FRANÇA";"#NULO#";"PC do B";"MASCULINO";"ENSINO MÉDIO COMPLETO";"CASADO(A)";"BRANCA";"SERVIDOR PÚBLICO FEDERAL";"APTO";"N";25000;"NÃO ELEITO";4195;44723,25;"Outros Recursos, Fundo Partidario";"Recursos de pessoas físicas, Recursos de partido político"
250000011698;"MARLENE BERNARDINO";"#NULO#";"PV";"FEMININO";"SUPERIOR INCOMPLETO";"SOLTEIRO(A)";"PRETA";"OUTROS";"APTO";"N";NA;"SUPLENTE";60;NA;NA;NA
250000091663;"DELVAIR RODRIGUES DO PRADO";"#NULO#";"SD";"MASCULINO";"SUPERIOR COMPLETO";"SOLTEIRO(A)";"BRANCA";"EMPRESÁRIO";"APTO";"N";3478559,59;"NÃO ELEITO";1411;82699,52;"Outros Recursos, Fundo Partidario";"Recursos próprios, Recursos de pessoas físicas, Recursos de partido político"
250000008301;"MARILDA FELIPE";"#NULO#";"PRB";"FEMININO";"ENSINO MÉDIO INCOMPLETO";"SOLTEIRO(A)";"BRANCA";"COMERCIANTE";"APTO";"N";3951;"SUPLENTE";6550;NA;NA;NA
250000014853;"FERNANDO JOSÉ DE SOUZA";"#NULO#";"PSOL";"MASCULINO";"ENSINO MÉDIO COMPLETO";"CASADO(A)";"PARDA";"COMERCIANTE";"APTO";"N";10000;"SUPLENTE";2892;5158,35;"Outros Recursos, Fundo Partidario";"Recursos próprios, Recursos de pessoas físicas, Recursos de partido político"
250000044415;"HENRIQUE NOSTORIO SILVA";"#NULO#";"PPL";"MASCULINO";"SUPERIOR COMPLETO";"CASADO(A)";"BRANCA";"ADVOGADO";"APTO";"N";55266,8;"NÃO ELEITO";963;NA;NA;NA
250000050200;"FABIANO ALAOR";"#NULO#";"PSL";"MASCULINO";"ENSINO MÉDIO COMPLETO";"SOLTEIRO(A)";"PRETA";"BOMBEIRO CIVIL";"APTO";"N";NA;"NÃO ELEITO";96;241,51;"Fundo Partidario";"Recursos de partido político"
250000019129;"DARLAN DE LIMA E SILVA";"#NULO#";"PTB";"MASCULINO";"ENSINO MÉDIO COMPLETO";"CASADO(A)";"BRANCA";"EMPRESÁRIO";"APTO";"N";10000;"SUPLENTE";2017;920;"Fundo Partidario, Outros Recursos";"Recursos de partido político, Recursos de pessoas físicas"
250000011673;"ALEXANDRE PIMENTA ARAUJO";"#NULO#";"PV";"MASCULINO";"SUPERIOR COMPLETO";"SOLTEIRO(A)";"BRANCA";"CORRETOR DE IMÓVEIS, SEGUROS, TÍTULOS E VALORES";"APTO";"N";37662;"SUPLENTE";1775;1000;"Outros Recursos";"Recursos próprios"
250000014851;"EDUARDO FRANCISCO";"#NULO#";"PSOL";"MASCULINO";"SUPERIOR COMPLETO";"SOLTEIRO(A)";"BRANCA";"SERVIDOR PÚBLICO MUNICIPAL";"APTO";"N";215000;"SUPLENTE";1661;2041,6;"Outros Recursos";"Recursos de pessoas físicas"
250000005781;"CAUE DE CARVALHO BOCCHI";"#NULO#";"NOVO";"MASCULINO";"SUPERIOR COMPLETO";"SOLTEIRO(A)";"BRANCA";"ADVOGADO";"APTO";"N";79000;"SUPLENTE";1991;11850;"Outros Recursos";"Recursos próprios, Recursos de pessoas físicas"
250000038346;"ROSA MARIA DE OLIVEIRA ISIDORO";"#NULO#";"PSDC";"FEMININO";"ENSINO FUNDAMENTAL COMPLETO";"CASADO(A)";"BRANCA";"VENDEDOR DE COMÉRCIO VAREJISTA E ATACADISTA";"APTO";"N";NA;"NÃO ELEITO";41;NA;NA;NA
250000038381;"AMILCAR ELOY DE CASTRO JUNIOR";"#NULO#";"PSDC";"MASCULINO";"SUPERIOR COMPLETO";"DIVORCIADO(A)";"BRANCA";"POLICIAL CIVIL";"APTO";"N";250000;"NÃO ELEITO";190;3091,12;"Fundo Partidario, Outros Recursos";"Recursos de partido político, Recursos de outros candidatos, Recursos de pessoas físicas"
250000011672;"SERGIO NAVARRA";"#NULO#";"PV";"MASCULINO";"ENSINO MÉDIO INCOMPLETO";"CASADO(A)";"PARDA";"EMPRESÁRIO";"APTO";"N";45000;"SUPLENTE";368;NA;NA;NA
250000038343;"PATRICIA KIYOMI TANI";"#NULO#";"PSDC";"FEMININO";"SUPERIOR COMPLETO";"SOLTEIRO(A)";"AMARELA";"OUTROS";"APTO";"N";30000;"NÃO ELEITO";111;NA;NA;NA
250000038373;"SERGIO ANTONIO SÁ DE ALBUQUERQUE";"#NULO#";"PSDC";"MASCULINO";"SUPERIOR COMPLETO";"CASADO(A)";"PRETA";"MÚSICO";"APTO";"N";NA;"NÃO ELEITO";354;6691,12;"Outros Recursos, Fundo Partidario";"Recursos de pessoas físicas, Recursos de outros candidatos, Recursos de partido político"
250000008315;"MARCELO PEREIRA SURCIN";"#NULO#";"PRB";"MASCULINO";"SUPERIOR COMPLETO";"DIVORCIADO(A)";"PRETA";"JORNALISTA E REDATOR";"APTO";"N";2718650;"SUPLENTE";12602;NA;NA;NA
250000013948;"KENNEDY RENE RODRIGUES DA SILVA";"#NULO#";"PRTB";"MASCULINO";"SUPERIOR COMPLETO";"SOLTEIRO(A)";"BRANCA";"JORNALISTA E REDATOR";"APTO";"N";1e+05;"NÃO ELEITO";567;NA;NA;NA
250000013969;"RUI FERNANDES CORREA JUNIOR";"#NULO#";"PRTB";"MASCULINO";"SUPERIOR COMPLETO";"CASADO(A)";"BRANCA";"ADVOGADO";"APTO";"N";232925,01;"NÃO ELEITO";334;NA;NA;NA
250000020792;"MARCO ANTONIO NOTARI";"#NULO#";"PMDB";"MASCULINO";"SUPERIOR COMPLETO";"SOLTEIRO(A)";"BRANCA";"ADVOGADO";"APTO";"N";NA;"SUPLENTE";408;2600;"Outros Recursos";"Recursos de pessoas físicas"
250000008328;"IZILDINHA SOUZA DOS SANTOS";"#NULO#";"PRB";"FEMININO";"ENSINO MÉDIO COMPLETO";"SOLTEIRO(A)";"BRANCA";"GERENTE";"APTO";"N";NA;"SUPLENTE";316;NA;NA;NA
250000024542;"SÉRGIO KOEI IKEHARA";"#NULO#";"PSTU";"MASCULINO";"SUPERIOR COMPLETO";"SEPARADO(A) JUDICIALMENTE";"AMARELA";"BANCÁRIO E ECONOMIÁRIO";"APTO";"N";NA;"NÃO ELEITO";101;NA;NA;NA
250000014902;"GILBERTO JACINTO FEITOSA";"#NULO#";"PSOL";"MASCULINO";"ENSINO MÉDIO COMPLETO";"CASADO(A)";"PARDA";"OUTROS";"APTO";"N";24800;"SUPLENTE";517;1150;"Outros Recursos";"Recursos próprios"
250000011020;"JOÃO CARLOS CAMISA NOVA";"#NULO#";"DEM";"MASCULINO";"SUPERIOR COMPLETO";"CASADO(A)";"BRANCA";"EMPRESÁRIO";"APTO";"S";213025,14;"SUPLENTE";18278;240754,97;"Outros Recursos, Fundo Partidario";"Recursos de outros candidatos, Recursos próprios, Recursos de partido político"
250000004978;"ADMIR GERVASIO MOREIRA";"#NULO#";"PSDB";"MASCULINO";"SUPERIOR COMPLETO";"DIVORCIADO(A)";"PRETA";"MILITAR REFORMADO";"APTO";"N";772000;"SUPLENTE";4005;NA;NA;NA
250000006142;"JAMIL MURAD";"#NULO#";"PC do B";"MASCULINO";"SUPERIOR COMPLETO";"CASADO(A)";"BRANCA";"VEREADOR";"APTO";"S";587608,37;"NÃO ELEITO";6615;283734,32;"Outros Recursos, Fundo Partidario";"Recursos próprios, Recursos de pessoas físicas, Recursos de partido político"
250000027326;"RAIMUNDO NONATO DOS SANTOS SOUZA";"#NULO#";"PTC";"MASCULINO";"ENSINO FUNDAMENTAL COMPLETO";"SOLTEIRO(A)";"BRANCA";"MOTORISTA PARTICULAR";"APTO";"N";NA;"NÃO ELEITO";621;NA;NA;NA
250000022099;"PAULO ROBERTO FIORILO";"#NULO#";"PT";"MASCULINO";"SUPERIOR COMPLETO";"CASADO(A)";"BRANCA";"VEREADOR";"APTO";"S";598732,31;"SUPLENTE";24767;393008,57;"Outros Recursos, Fundo Partidario";"Recursos de pessoas físicas, Recursos de partido político, Recursos próprios"
250000011694;"VERA LUCIA SOARES SIMOES";"#NULO#";"PV";"FEMININO";"ENSINO MÉDIO COMPLETO";"SOLTEIRO(A)";"BRANCA";"CORRETOR DE IMÓVEIS, SEGUROS, TÍTULOS E VALORES";"APTO";"N";NA;"SUPLENTE";299;NA;NA;NA
250000014894;"CARLA CRISTINA SOARES DE CARVALHO";"#NULO#";"PSOL";"FEMININO";"SUPERIOR COMPLETO";"SOLTEIRO(A)";"BRANCA";"PROFESSOR DE ENSINO FUNDAMENTAL";"APTO";"N";39826,76;"SUPLENTE";2042;3523,35;"Fundo Partidario, Outros Recursos";"Recursos de partido político, Recursos de pessoas físicas"
250000004993;"VIVIANE MODESTO DE SOUZA";"#NULO#";"PSDB";"FEMININO";"ENSINO FUNDAMENTAL COMPLETO";"CASADO(A)";"PRETA";"COZINHEIRO";"APTO";"N";NA;"SUPLENTE";789;4700;"Outros Recursos";"Recursos próprios, Recursos de pessoas físicas"
250000020852;"RODRIGO HAYASHI GOULART";"#NULO#";"PSD";"MASCULINO";"SUPERIOR COMPLETO";"SOLTEIRO(A)";"BRANCA";"VETERINÁRIO";"APTO";"N";2236931,54;"ELEITO POR QP";49364;1070368,14;"Outros Recursos, Fundo Partidario";"Recursos próprios, Recursos de pessoas físicas, Recursos de partido político"
250000050198;"ANDERSON COSTA FERRARO";"#NULO#";"PSL";"MASCULINO";"ENSINO MÉDIO COMPLETO";"SOLTEIRO(A)";"BRANCA";"EMPRESÁRIO";"APTO";"N";NA;"NÃO ELEITO";114;NA;NA;NA
250000008318;"EDUARDO DOS REIS";"#NULO#";"PRB";"MASCULINO";"ENSINO MÉDIO INCOMPLETO";"CASADO(A)";"BRANCA";"OUTROS";"APTO";"N";2205000;"SUPLENTE";1123;NA;NA;NA
250000008368;"AGOSTINHO DE ASSUNÇÃO NETO";"#NULO#";"PSC";"MASCULINO";"SUPERIOR COMPLETO";"CASADO(A)";"BRANCA";"ADVOGADO";"APTO";"N";985000;"SUPLENTE";3077;7563,33;"Outros Recursos, Fundo Partidario";"Recursos de pessoas físicas, Recursos de partido político, Recursos próprios"
250000040608;"HERVANDO LUIZ VELOZO";"#NULO#";"SD";"MASCULINO";"SUPERIOR COMPLETO";"CASADO(A)";"PRETA";"APOSENTADO (EXCETO SERVIDOR PÚBLICO)";"APTO";"N";NA;"NÃO ELEITO";4578;17121,69;"Outros Recursos, Fundo Partidario";"Recursos próprios, Recursos de pessoas físicas, Recursos de partido político"
250000027331;"WELLINGTON DE JESUS PINTO";"#NULO#";"PTC";"MASCULINO";"SUPERIOR COMPLETO";"SOLTEIRO(A)";"PRETA";"CORRETOR DE IMÓVEIS, SEGUROS, TÍTULOS E VALORES";"APTO";"N";NA;"NÃO ELEITO";189;NA;NA;NA
250000005821;"FLÁVIO RODRIGO GOMES PEDRO";"#NULO#";"NOVO";"MASCULINO";"SUPERIOR COMPLETO";"CASADO(A)";"BRANCA";"EMPRESÁRIO";"APTO";"N";634207,73;"SUPLENTE";510;13450;"Outros Recursos";"Recursos próprios, Recursos de pessoas físicas"
250000019132;"FRANCELANE DA SILVA MARÇAL";"#NULO#";"PTB";"FEMININO";"SUPERIOR COMPLETO";"SOLTEIRO(A)";"BRANCA";"OUTROS";"APTO";"N";177871,01;"SUPLENTE";460;NA;NA;NA
250000011671;"MAURICIO BARROS GONZAGA DO NASCIMENTO";"#NULO#";"PV";"MASCULINO";"ENSINO MÉDIO COMPLETO";"CASADO(A)";"BRANCA";"EMPRESÁRIO";"APTO";"N";64723;"SUPLENTE";246;NA;NA;NA
250000019140;"CELIA REGINA CORRÊA";"#NULO#";"PTB";"FEMININO";"SUPERIOR COMPLETO";"VIÚVO(A)";"BRANCA";"JORNALISTA E REDATOR";"APTO";"N";125654,11;"SUPLENTE";429;NA;NA;NA
250000094290;"JOSELITO MIRANDA DOS SANTOS";"#NULO#";"PTN";"MASCULINO";"SUPERIOR COMPLETO";"CASADO(A)";"BRANCA";"PROFESSOR DE ENSINO MÉDIO";"APTO";"N";NA;"SUPLENTE";543;NA;NA;NA
250000093114;"CLAUDIA RODRIGUES DE SOUSA";"#NULO#";"PTN";"FEMININO";"ENSINO MÉDIO COMPLETO";"SOLTEIRO(A)";"BRANCA";"OUTROS";"APTO";"N";NA;"SUPLENTE";214;142,2;"Outros Recursos";"Recursos de outros candidatos"
250000027269;"ROSANGELA HENRIQUE DE LIMA";"#NULO#";"PRP";"FEMININO";"SUPERIOR INCOMPLETO";"SOLTEIRO(A)";"BRANCA";"PSICÓLOGO";"APTO";"N";NA;"NÃO ELEITO";202;NA;NA;NA
250000008313;"EDSON MARQUES DA SILVA";"#NULO#";"PRB";"MASCULINO";"ENSINO FUNDAMENTAL COMPLETO";"SOLTEIRO(A)";"PRETA";"EMPRESÁRIO";"APTO";"N";NA;"SUPLENTE";835;NA;NA;NA
250000010842;"SONIA FRANCINE GASPAR MARMO";"#NULO#";"PPS";"FEMININO";"SUPERIOR COMPLETO";"DIVORCIADO(A)";"BRANCA";"JORNALISTA E REDATOR";"APTO";"N";350000;"ELEITO POR QP";40113;36197;"Outros Recursos, Fundo Partidario";"Recursos de pessoas físicas, Recursos de partido político, Recursos de outros candidatos"
250000005018;"BEATRIZ HELENA FALCÃO BOTELHO";"#NULO#";"PSDB";"FEMININO";"SUPERIOR COMPLETO";"SEPARADO(A) JUDICIALMENTE";"BRANCA";"PSICÓLOGO";"APTO";"N";574264,76;"SUPLENTE";2877;16673,77;"Outros Recursos";"Recursos de outros candidatos, Recursos de pessoas físicas"
250000008346;"ALBERTO SABINO DE OLIVEIRA";"#NULO#";"PRB";"MASCULINO";"SUPERIOR COMPLETO";"SOLTEIRO(A)";"PARDA";"APOSENTADO (EXCETO SERVIDOR PÚBLICO)";"APTO";"N";250423,68;"SUPLENTE";1164;NA;NA;NA
250000006136;"ISRAEL NERI";"#NULO#";"PC do B";"MASCULINO";"ENSINO MÉDIO INCOMPLETO";"CASADO(A)";"PARDA";"APOSENTADO (EXCETO SERVIDOR PÚBLICO)";"APTO";"N";375000;"NÃO ELEITO";244;4707,8;"Outros Recursos";"Recursos de pessoas físicas, Recursos de partido político"
250000020822;"ALEXANDRE MARQUES TIRELLI";"#NULO#";"PSD";"MASCULINO";"SUPERIOR COMPLETO";"CASADO(A)";"BRANCA";"EMPRESÁRIO";"APTO";"N";850521,88;"SUPLENTE";2186;100;"Outros Recursos";"Recursos próprios"
250000014863;"GIVANILDO MANOEL DA SILVA";"#NULO#";"PSOL";"MASCULINO";"SUPERIOR INCOMPLETO";"SOLTEIRO(A)";"INDÍGENA";"OUTROS";"APTO";"N";NA;"SUPLENTE";2486;22238,35;"Outros Recursos, Fundo Partidario";"Recursos de pessoas físicas, Recursos de partido político"
250000010837;"QUITÉRIO NASCIMENTO BARROS";"#NULO#";"PPS";"MASCULINO";"ENSINO FUNDAMENTAL COMPLETO";"CASADO(A)";"PARDA";"APOSENTADO (EXCETO SERVIDOR PÚBLICO)";"APTO";"N";266711,5;"SUPLENTE";363;NA;NA;NA
250000011678;"GILBERTO PUJOL BISCARO";"#NULO#";"PV";"MASCULINO";"ENSINO FUNDAMENTAL INCOMPLETO";"CASADO(A)";"PARDA";"EMPRESÁRIO";"APTO";"N";6000;"SUPLENTE";442;NA;NA;NA
250000058346;"FLAVIA RAINHA MARTINS ANDRADE PINTO";"#NULO#";"PTN";"FEMININO";"ENSINO MÉDIO COMPLETO";"SOLTEIRO(A)";"BRANCA";"OUTROS";"APTO";"N";NA;"SUPLENTE";154;3030;"Outros Recursos";"Recursos próprios, Recursos de pessoas físicas"
250000010913;"MIRIAN ROSA ZAMPERO";"#NULO#";"PMB";"FEMININO";"SUPERIOR COMPLETO";"CASADO(A)";"BRANCA";"ADVOGADO";"APTO";"N";6000;"SUPLENTE";91;NA;NA;NA
250000027330;"TEREZINHA APARECIDA MARQUES TOSINI ESTEVES";"#NULO#";"PTC";"FEMININO";"SUPERIOR INCOMPLETO";"CASADO(A)";"BRANCA";"APOSENTADO (EXCETO SERVIDOR PÚBLICO)";"APTO";"N";390000;"NÃO ELEITO";276;NA;NA;NA
250000010897;"ADRIANA SANCHES GALDEANO BORGO";"#NULO#";"PHS";"FEMININO";"SUPERIOR INCOMPLETO";"CASADO(A)";"BRANCA";"PROFESSOR DE ENSINO FUNDAMENTAL";"APTO";"N";NA;"SUPLENTE";3802;3190;"Outros Recursos";"Recursos de pessoas físicas"
250000022150;"RAIMUNDO SOUZA SOARES";"#NULO#";"PDT";"MASCULINO";"ENSINO FUNDAMENTAL INCOMPLETO";"CASADO(A)";"PARDA";"EMPRESÁRIO";"APTO";"N";NA;"SUPLENTE";492;NA;NA;NA
250000027261;"ANDRÉA JOFRE OLIVEIRA";"#NULO#";"PRP";"FEMININO";"ENSINO MÉDIO INCOMPLETO";"CASADO(A)";"BRANCA";"DONA DE CASA";"APTO";"N";118695;"NÃO ELEITO";538;NA;NA;NA
250000027322;"MARCELO LUCIANO DA SILVA";"#NULO#";"PTC";"MASCULINO";"ENSINO FUNDAMENTAL COMPLETO";"SOLTEIRO(A)";"PARDA";"MOTORISTA PARTICULAR";"APTO";"N";7000;"NÃO ELEITO";369;NA;NA;NA
250000022091;"MANOEL DEL RIO BLAS FILHO";"#NULO#";"PT";"MASCULINO";"SUPERIOR COMPLETO";"DIVORCIADO(A)";"BRANCA";"ADVOGADO";"APTO";"N";637857;"SUPLENTE";22770;246465,26;"Outros Recursos, Fundo Partidario";"Recursos de pessoas físicas, Recursos de partido político, Recursos de origens não identificadas, Recursos próprios"
250000038345;"ROBERTA CRISTINA RONCADA GASPAR";"#NULO#";"PSDC";"FEMININO";"SUPERIOR COMPLETO";"SOLTEIRO(A)";"BRANCA";"PEDAGOGO";"APTO";"N";225000;"NÃO ELEITO";173;200,57;"Outros Recursos";"Recursos de origens não identificadas, Recursos próprios"
250000010857;"RODRIGO GOMES DE SOUZA";"#NULO#";"PHS";"MASCULINO";"SUPERIOR COMPLETO";"CASADO(A)";"BRANCA";"ENGENHEIRO";"APTO";"N";447827,25;"SUPLENTE";14199;95722;"Outros Recursos";"Recursos próprios, Recursos de outros candidatos"
250000027321;"LUCIO PEREIRA DO NASCIMENTO";"#NULO#";"PTC";"MASCULINO";"ENSINO MÉDIO INCOMPLETO";"CASADO(A)";"BRANCA";"SERVIDOR PÚBLICO MUNICIPAL";"APTO";"N";NA;"NÃO ELEITO";252;NA;NA;NA
250000050163;"SERGIO FRANCISCO TERRA";"#NULO#";"PSL";"MASCULINO";"SUPERIOR COMPLETO";"CASADO(A)";"BRANCA";"ADVOGADO";"APTO";"N";NA;"NÃO ELEITO";2361;12490;"Outros Recursos";"Recursos próprios, Recursos de pessoas físicas"
250000010900;"MONICA BERBEL ROCHA";"#NULO#";"PHS";"FEMININO";"ENSINO MÉDIO COMPLETO";"CASADO(A)";"BRANCA";"OUTROS";"APTO";"N";NA;"SUPLENTE";1149;NA;NA;NA
250000006138;"MARCIO EVANGELISTA DOS SANTOS";"#NULO#";"PC do B";"MASCULINO";"ENSINO MÉDIO COMPLETO";"SOLTEIRO(A)";"PARDA";"ELETRICISTA E ASSEMELHADOS";"APTO";"N";1e+05;"NÃO ELEITO";241;NA;NA;NA
250000015108;"SERGIO BORGES ARRUDA";"#NULO#";"REDE";"MASCULINO";"SUPERIOR COMPLETO";"DIVORCIADO(A)";"PRETA";"EMPRESÁRIO";"APTO";"N";352282,55;"NÃO ELEITO";6308;202450;"Outros Recursos";"Recursos próprios, Recursos de pessoas físicas"
250000014900;"EDSON SENA NETO";"#NULO#";"PSOL";"MASCULINO";"ENSINO MÉDIO COMPLETO";"SOLTEIRO(A)";"BRANCA";"MOTORISTA DE VEÍCULOS DE TRANSPORTE COLETIVO DE PASSAGEIROS";"APTO";"N";511000;"SUPLENTE";1254;NA;NA;NA
250000019152;"MARIA ERIVANDA CAVALCANTE ARAÚJO";"#NULO#";"PTB";"FEMININO";"ENSINO MÉDIO COMPLETO";"SOLTEIRO(A)";"BRANCA";"EMPRESÁRIO";"APTO";"N";350000;"SUPLENTE";253;763;"Outros Recursos, Fundo Partidario";"Recursos de partido político, Recursos próprios, Recursos de outros candidatos"
250000011640;"LAURECI LUCIO DO PRADO";"#NULO#";"PV";"MASCULINO";"SUPERIOR COMPLETO";"CASADO(A)";"BRANCA";"SERVIDOR PÚBLICO MUNICIPAL";"APTO";"N";37224;"SUPLENTE";327;NA;NA;NA
250000020779;"GEORGE VATUTIN HATO";"#NULO#";"PMDB";"MASCULINO";"SUPERIOR COMPLETO";"SOLTEIRO(A)";"BRANCA";"VEREADOR";"APTO";"S";827175,44;"ELEITO POR MÉDIA";26104;424670;"Outros Recursos, Fundo Partidario";"Recursos de pessoas físicas, Recursos de partido político, Recursos próprios"
250000006175;"ALESSANDRO BUZO DE SOUZA";"#NULO#";"PC do B";"MASCULINO";"ENSINO FUNDAMENTAL INCOMPLETO";"CASADO(A)";"BRANCA";"EMPRESÁRIO";"APTO";"N";105000;"NÃO ELEITO";1023;5843,67;"Outros Recursos, Fundo Partidario";"Recursos de partido político"
250000006165;"NILSON JOSÉ GARRIDO";"#NULO#";"PC do B";"MASCULINO";"ENSINO FUNDAMENTAL COMPLETO";"SOLTEIRO(A)";"PRETA";"OUTROS";"APTO";"N";NA;"NÃO ELEITO";380;NA;NA;NA
250000020823;"BENEDITO VILLELA ALVES COSTA JUNIOR";"#NULO#";"PSD";"MASCULINO";"SUPERIOR COMPLETO";"CASADO(A)";"BRANCA";"ADVOGADO";"APTO";"N";441688,77;"SUPLENTE";306;3300;"Outros Recursos";"Recursos próprios"
250000013930;"ADRIANO SAVIANO";"#NULO#";"PRTB";"MASCULINO";"ENSINO MÉDIO COMPLETO";"DIVORCIADO(A)";"BRANCA";"MOTORISTA DE VEÍCULOS DE TRANSPORTE DE CARGA";"APTO";"N";NA;"NÃO ELEITO";123;NA;NA;NA
250000062811;"VINICIUS RECIO LEITE";"#NULO#";"PATRIOTA";"MASCULINO";"ENSINO MÉDIO COMPLETO";"SOLTEIRO(A)";"BRANCA";"OUTROS";"APTO";"N";31700;"NÃO ELEITO";310;NA;NA;NA
250000006190;"JEFFERSON ERECY SANTOS";"#NULO#";"PC do B";"MASCULINO";"SUPERIOR COMPLETO";"SOLTEIRO(A)";"BRANCA";"ENFERMEIRO";"APTO";"N";NA;"NÃO ELEITO";3063;25026,25;"Outros Recursos, Fundo Partidario";"Recursos de pessoas físicas, Recursos de partido político"
250000010858;"MARCOS DE SOUZA";"#NULO#";"PHS";"MASCULINO";"SUPERIOR COMPLETO";"CASADO(A)";"BRANCA";"ADVOGADO";"APTO";"N";361949,69;"SUPLENTE";884;37243,3;"Fundo Partidario, Outros Recursos";"Recursos de partido político, Recursos de pessoas físicas, Recursos de outros candidatos"
250000011658;"PAOLA ELIDE CHIARELLO";"#NULO#";"PV";"FEMININO";"ENSINO MÉDIO COMPLETO";"SOLTEIRO(A)";"BRANCA";"OUTROS";"APTO";"N";120005,69;"SUPLENTE";115;NA;NA;NA
250000022074;"ALFREDO ALVES CAVALCANTE";"#NULO#";"PT";"MASCULINO";"SUPERIOR INCOMPLETO";"CASADO(A)";"PARDA";"VEREADOR";"APTO";"S";764996,34;"ELEITO POR QP";36324;232825;"Outros Recursos";"Recursos próprios, Recursos de pessoas físicas"
250000014887;"WARLEY ALVES BARBOSA";"#NULO#";"PSOL";"MASCULINO";"SUPERIOR INCOMPLETO";"SOLTEIRO(A)";"BRANCA";"OUTROS";"APTO";"N";NA;"SUPLENTE";24;NA;NA;NA
250000006160;"ANTONIO CARLOS DOS SANTOS";"#NULO#";"PC do B";"MASCULINO";"SUPERIOR COMPLETO";"DIVORCIADO(A)";"PRETA";"ADMINISTRADOR";"APTO";"N";NA;"NÃO ELEITO";210;5446,45;"Outros Recursos";"Recursos próprios, Recursos de partido político"
250000011651;"CARLITO RICARDO";"#NULO#";"PV";"MASCULINO";"SUPERIOR COMPLETO";"CASADO(A)";"PARDA";"SERVIDOR PÚBLICO MUNICIPAL";"APTO";"N";14000;"SUPLENTE";515;NA;NA;NA
250000062807;"FABIO APARECIDO FARIA";"#NULO#";"PATRIOTA";"MASCULINO";"SUPERIOR COMPLETO";"CASADO(A)";"BRANCA";"CORRETOR DE IMÓVEIS, SEGUROS, TÍTULOS E VALORES";"APTO";"N";NA;"NÃO ELEITO";157;NA;NA;NA
250000006191;"JOSÉ MARCELO DA SILVA";"#NULO#";"PC do B";"MASCULINO";"ENSINO MÉDIO COMPLETO";"CASADO(A)";"PRETA";"OUTROS";"APTO";"N";NA;"NÃO ELEITO";1414;16970,77;"Fundo Partidario, Outros Recursos";"Recursos de partido político, Recursos de pessoas físicas"
250000013960;"RISLAINE FEITOZA ALVES";"#NULO#";"PRTB";"FEMININO";"ENSINO MÉDIO COMPLETO";"CASADO(A)";"BRANCA";"AUXILIAR DE ESCRITÓRIO E ASSEMELHADOS";"APTO";"N";NA;"NÃO ELEITO";24;NA;NA;NA
250000020794;"NELLO RODOLPHO GIONGO FILHO";"#NULO#";"PMDB";"MASCULINO";"SUPERIOR COMPLETO";"CASADO(A)";"BRANCA";"VEREADOR";"APTO";"S";2148792,38;"SUPLENTE";18321;262213,93;"Outros Recursos, Fundo Partidario";"Recursos próprios, Recursos de pessoas físicas, Recursos de outros candidatos, Recursos de partido político"
250000011675;"VALTER LIMA";"#NULO#";"PV";"MASCULINO";"ENSINO MÉDIO COMPLETO";"DIVORCIADO(A)";"BRANCA";"EMPRESÁRIO";"APTO";"N";1500;"SUPLENTE";470;NA;NA;NA
250000011632;"ANIBAL DE FREITAS FILHO";"#NULO#";"PV";"MASCULINO";"SUPERIOR COMPLETO";"CASADO(A)";"BRANCA";"ENGENHEIRO";"APTO";"S";1056492,56;"SUPLENTE";16503;148600;"Outros Recursos";"Recursos de pessoas físicas, Recursos próprios"
250000006200;"ROMILDO LIMA DE ANDRADE ROCHA";"#NULO#";"PC do B";"MASCULINO";"ENSINO MÉDIO COMPLETO";"CASADO(A)";"PARDA";"OUTROS";"APTO";"N";NA;"NÃO ELEITO";75;4684,84;"Outros Recursos";"Recursos de partido político"
250000014869;"BRUNO VIEIRA MAIA";"#NULO#";"PSOL";"MASCULINO";"SUPERIOR COMPLETO";"SOLTEIRO(A)";"BRANCA";"OUTROS";"APTO";"N";NA;"SUPLENTE";8640;5500;"Outros Recursos";"Recursos de pessoas físicas"
250000020845;"MARIA ANGELICA LEITE DE SOUZA";"#NULO#";"PSD";"FEMININO";"SUPERIOR COMPLETO";"DIVORCIADO(A)";"BRANCA";"OUTROS";"APTO";"N";552563;"SUPLENTE";403;11000;"Outros Recursos, Fundo Partidario";"Recursos de pessoas físicas, Recursos de partido político"
250000020788;"ROBERTO PIRES";"#NULO#";"PMDB";"MASCULINO";"SUPERIOR COMPLETO";"CASADO(A)";"BRANCA";"COMERCIÁRIO";"APTO";"N";926334,8;"SUPLENTE";3989;21704,37;"Outros Recursos";"Recursos próprios"
250000091142;"JOSE HENRIQUE PEIXINHO CARDOSO";"#NULO#";"PPL";"MASCULINO";"SUPERIOR COMPLETO";"SOLTEIRO(A)";"PARDA";"OUTROS";"APTO";"N";70000;"NÃO ELEITO";490;NA;NA;NA
250000008305;"ALEXANDRE SAMPAIO MAURICIO";"#NULO#";"PRB";"MASCULINO";"SUPERIOR COMPLETO";"SOLTEIRO(A)";"BRANCA";"ADVOGADO";"APTO";"N";95000;"SUPLENTE";291;NA;NA;NA
250000004984;"FABIO RIVA DOS SANTOS";"#NULO#";"PSDB";"MASCULINO";"SUPERIOR COMPLETO";"CASADO(A)";"BRANCA";"ADVOGADO";"APTO";"N";1109384,94;"ELEITO POR QP";28041;78000;"Outros Recursos";"Recursos próprios, Recursos de pessoas físicas"
250000020795;"ROGERIO COELHO GRAFT";"#NULO#";"PMDB";"MASCULINO";"ENSINO MÉDIO COMPLETO";"CASADO(A)";"BRANCA";"VENDEDOR PRACISTA, REPRESENTANTE, CAIXEIRO-VIAJANTE E ASSEMELHADOS";"APTO";"N";27000;"SUPLENTE";7435;2800;"Outros Recursos";"Recursos próprios, Recursos de pessoas físicas"
250000011622;"JOSE REGINALDO NAZELO DE ALVARENGA TRIPOLI";"#NULO#";"PV";"MASCULINO";"ENSINO MÉDIO COMPLETO";"SOLTEIRO(A)";"BRANCA";"EMPRESÁRIO";"APTO";"N";412678,21;"ELEITO POR QP";88843;517744,57;"Outros Recursos, Fundo Partidario";"Recursos de outros candidatos, Recursos próprios, Recursos de pessoas físicas, Recursos de partido político"
250000024351;"ANA LUIZA DE FIGUEIREDO GOMES";"#NULO#";"PSTU";"FEMININO";"SUPERIOR INCOMPLETO";"DIVORCIADO(A)";"BRANCA";"SERVIDOR PÚBLICO FEDERAL";"APTO";"N";NA;"NÃO ELEITO";958;NA;NA;NA
250000062819;"FRANCISCO CLEDIONY DA SILVA";"#NULO#";"PATRIOTA";"MASCULINO";"ENSINO MÉDIO COMPLETO";"CASADO(A)";"PARDA";"OUTROS";"APTO";"N";NA;"NÃO ELEITO";1918;NA;NA;NA
250000050194;"SUHELLEN MAYARA RODRIGUES DA SILVA";"#NULO#";"PSL";"FEMININO";"SUPERIOR INCOMPLETO";"SOLTEIRO(A)";"BRANCA";"EMPRESÁRIO";"APTO";"N";NA;"NÃO ELEITO";6;179,01;"Fundo Partidario";"Recursos de partido político"
250000040594;"ADRIANO LIMA DE OLIVEIRA";"#NULO#";"SD";"MASCULINO";"SUPERIOR COMPLETO";"CASADO(A)";"PRETA";"PEDAGOGO";"APTO";"N";NA;"NÃO ELEITO";502;NA;NA;NA
250000010849;"EDMAR LUZ DE ALMEIDA";"#NULO#";"PPS";"MASCULINO";"SUPERIOR COMPLETO";"CASADO(A)";"BRANCA";"JORNALISTA E REDATOR";"APTO";"N";415188,37;"SUPLENTE";709;NA;NA;NA
250000019167;"BRUNO ALVES MIRANDA";"#NULO#";"PTB";"MASCULINO";"SUPERIOR COMPLETO";"CASADO(A)";"BRANCA";"ADVOGADO";"APTO";"N";205000;"SUPLENTE";294;NA;NA;NA
250000006184;"EFIGENIA JANUARIA DE FREITAS";"#NULO#";"PC do B";"FEMININO";"ENSINO MÉDIO INCOMPLETO";"CASADO(A)";"PRETA";"DONA DE CASA";"APTO";"N";12000;"NÃO ELEITO";267;4653,2;"Outros Recursos";"Recursos de pessoas físicas, Recursos de partido político"
250000050166;"JOSÉ IVO DE ARAUJO SILVA";"#NULO#";"PSL";"MASCULINO";"ENSINO MÉDIO COMPLETO";"CASADO(A)";"PARDA";"EMPRESÁRIO";"APTO";"N";369500;"NÃO ELEITO";1819;NA;NA;NA
250000022145;"CLAUDIA CASTANHEIRA ALVES";"#NULO#";"PDT";"FEMININO";"ENSINO MÉDIO INCOMPLETO";"CASADO(A)";"BRANCA";"EMPRESÁRIO";"APTO";"N";NA;"SUPLENTE";10782;46006,86;"Outros Recursos";"Recursos de pessoas físicas, Recursos de outros candidatos, Recursos de partido político"
250000062801;"NISVALDO TASSO JUNIOR";"#NULO#";"PATRIOTA";"MASCULINO";"ENSINO MÉDIO COMPLETO";"SOLTEIRO(A)";"BRANCA";"OUTROS";"APTO";"N";43604;"NÃO ELEITO";534;NA;NA;NA
250000011014;"DANIEL DA SILVA";"#NULO#";"DEM";"MASCULINO";"SUPERIOR INCOMPLETO";"CASADO(A)";"BRANCA";"FOTÓGRAFO E ASSEMELHADOS";"APTO";"N";NA;"SUPLENTE";251;2426,6;"Outros Recursos, Fundo Partidario";"Recursos de outros candidatos, Recursos de partido político"
250000027271;"ZENAIDE GONÇALVES VIANA";"#NULO#";"PRP";"FEMININO";"ENSINO MÉDIO COMPLETO";"SOLTEIRO(A)";"BRANCA";"ENFERMEIRO";"APTO";"N";NA;"NÃO ELEITO";132;NA;NA;NA
250000038342;"MONICA MATHIAS DE FARIA";"#NULO#";"PSDC";"FEMININO";"SUPERIOR COMPLETO";"CASADO(A)";"BRANCA";"PSICÓLOGO";"APTO";"N";62551,44;"NÃO ELEITO";178;2898,66;"Fundo Partidario, Outros Recursos";"Recursos de partido político, Recursos de outros candidatos, Recursos de pessoas físicas"
250000040567;"EDILSON FERREIRA";"#NULO#";"SD";"MASCULINO";"ENSINO FUNDAMENTAL INCOMPLETO";"SOLTEIRO(A)";"BRANCA";"OUTROS";"APTO";"N";NA;"NÃO ELEITO";161;NA;NA;NA
250000019199;"JOSÉ FERREIRA FERRO DA SILVA";"#NULO#";"PTB";"MASCULINO";"SUPERIOR INCOMPLETO";"CASADO(A)";"PARDA";"SERVIDOR PÚBLICO MUNICIPAL";"APTO";"N";NA;"SUPLENTE";678;NA;NA;NA
250000027296;"ALLISON MAGALHÃES PAULESCHI";"#NULO#";"PRP";"MASCULINO";"SUPERIOR COMPLETO";"CASADO(A)";"BRANCA";"EMPRESÁRIO";"APTO";"N";NA;"NÃO ELEITO";128;NA;NA;NA
250000011650;"JOSE TRINDADE CELIS";"#NULO#";"PV";"MASCULINO";"SUPERIOR COMPLETO";"DIVORCIADO(A)";"PARDA";"JORNALISTA E REDATOR";"APTO";"N";101000;"SUPLENTE";487;NA;NA;NA
250000011012;"THAMMY CHRISTINA BRITO DE MIRANDA E SILVA";"#NULO#";"PP";"MASCULINO";"ENSINO MÉDIO COMPLETO";"SEPARADO(A) JUDICIALMENTE";"BRANCA";"ATOR E DIRETOR DE ESPETÁCULOS PÚBLICOS";"APTO";"N";488000;"SUPLENTE";12408;84378,2;"Outros Recursos, Fundo Partidario";"Recursos próprios, Recursos de pessoas físicas, Recursos de outros candidatos, Recursos de partido político"
250000038325;"EDEZIO DINIZ ROCHA";"#NULO#";"PSDC";"MASCULINO";"SUPERIOR COMPLETO";"CASADO(A)";"BRANCA";"CARPINTEIRO, MARCENEIRO E ASSEMELHADOS";"APTO";"N";NA;"NÃO ELEITO";27;NA;NA;NA
250000019201;"HUGO TADEU GHIRALDINI";"#NULO#";"PTB";"MASCULINO";"SUPERIOR COMPLETO";"CASADO(A)";"BRANCA";"EMPRESÁRIO";"APTO";"N";747093,7;"SUPLENTE";787;3070;"Outros Recursos, Fundo Partidario";"Recursos próprios, Recursos de partido político"
250000044422;"AILTON TEODORO GOMES";"#NULO#";"PPL";"MASCULINO";"SUPERIOR INCOMPLETO";"SOLTEIRO(A)";"PARDA";"PROFESSOR DE ENSINO MÉDIO";"APTO";"N";NA;"NÃO ELEITO";172;NA;NA;NA
250000008297;"GERALDO FLORENCIO DOS SANTOS";"#NULO#";"PRB";"MASCULINO";"ENSINO FUNDAMENTAL COMPLETO";"CASADO(A)";"PARDA";"APOSENTADO (EXCETO SERVIDOR PÚBLICO)";"APTO";"N";NA;"SUPLENTE";2049;20431,75;"Outros Recursos, Fundo Partidario";"Recursos próprios, Recursos de partido político"
250000050187;"ENIO TADEU ZENEZI";"#NULO#";"PSL";"MASCULINO";"ENSINO FUNDAMENTAL COMPLETO";"CASADO(A)";"BRANCA";"JORNALISTA E REDATOR";"APTO";"N";32500;"NÃO ELEITO";454;NA;NA;NA
250000044417;"DENISE APARECIDA SOUZA FREITAS";"#NULO#";"PPL";"FEMININO";"SUPERIOR COMPLETO";"SOLTEIRO(A)";"BRANCA";"PROFESSOR DE ENSINO MÉDIO";"APTO";"N";35690;"NÃO ELEITO";108;NA;NA;NA
250000013962;"WALTER LUIZ KAAPE";"#NULO#";"PRTB";"MASCULINO";"ENSINO MÉDIO COMPLETO";"SOLTEIRO(A)";"BRANCA";"OUTROS";"APTO";"N";NA;"NÃO ELEITO";141;NA;NA;NA
250000013959;"MERVET FARAH";"#NULO#";"PRTB";"FEMININO";"ENSINO MÉDIO COMPLETO";"SOLTEIRO(A)";"BRANCA";"PROTÉTICO";"APTO";"N";NA;"NÃO ELEITO";233;NA;NA;NA
250000014880;"ROBERTO BEZERRA DOS SANTOS";"#NULO#";"PSOL";"MASCULINO";"SUPERIOR COMPLETO";"CASADO(A)";"PRETA";"PROFESSOR DE ENSINO FUNDAMENTAL";"APTO";"N";411781,5;"SUPLENTE";2222;6770;"Outros Recursos";"Recursos próprios, Recursos de pessoas físicas"
250000050168;"ALEXANDRE MARIANO GENTIL";"#NULO#";"PSL";"MASCULINO";"SUPERIOR COMPLETO";"CASADO(A)";"BRANCA";"EMPRESÁRIO";"APTO";"N";1487580,83;"NÃO ELEITO";4802;68667,71;"Outros Recursos, Fundo Partidario";"Recursos de outros candidatos, Recursos próprios, Recursos de pessoas físicas, Recursos de partido político"
250000013970;"WILSON GONDOLFO FILHO";"#NULO#";"PRTB";"MASCULINO";"ENSINO MÉDIO COMPLETO";"SOLTEIRO(A)";"BRANCA";"OUTROS";"APTO";"N";NA;"NÃO ELEITO";63;NA;NA;NA
250000011631;"BRUNO FRANCHI THEOPHILO";"#NULO#";"PV";"MASCULINO";"SUPERIOR COMPLETO";"SOLTEIRO(A)";"BRANCA";"BIOMÉDICO";"APTO";"N";NA;"SUPLENTE";683;500;"Outros Recursos";"Recursos próprios"
250000014878;"RAFAEL MARMO";"#NULO#";"PSOL";"MASCULINO";"SUPERIOR COMPLETO";"DIVORCIADO(A)";"BRANCA";"PSICÓLOGO";"APTO";"N";52000;"SUPLENTE";273;NA;NA;NA
250000008300;"MARCOS PAULO RAMOS";"#NULO#";"PRB";"MASCULINO";"ENSINO MÉDIO COMPLETO";"CASADO(A)";"BRANCA";"EMPRESÁRIO";"APTO";"N";NA;"SUPLENTE";2645;NA;NA;NA
250000027276;"WALDIR PERES ARRUDA";"#NULO#";"PRP";"MASCULINO";"LÊ E ESCREVE";"DIVORCIADO(A)";"BRANCA";"OUTROS";"APTO";"N";NA;"NÃO ELEITO";1341;NA;NA;NA
250000058381;"MILTON FERREIRA DA SILVA";"#NULO#";"PTN";"MASCULINO";"SUPERIOR COMPLETO";"SOLTEIRO(A)";"BRANCA";"MÉDICO";"APTO";"N";716100;"ELEITO POR QP";21849;91300,4;"Fundo Partidario";"Recursos de partido político, Recursos de outros candidatos"
250000008347;"ATILIO FRANCISCO DA SILVA";"#NULO#";"PRB";"MASCULINO";"SUPERIOR COMPLETO";"CASADO(A)";"BRANCA";"VEREADOR";"APTO";"S";609919,92;"ELEITO POR QP";46961;69362,5;"Outros Recursos, Fundo Partidario";"Recursos próprios, Recursos de partido político"
250000005803;"PEDRO IVO FRANCISCO TURATI";"#NULO#";"NOVO";"MASCULINO";"SUPERIOR COMPLETO";"CASADO(A)";"BRANCA";"ENGENHEIRO";"APTO";"N";459979,66;"SUPLENTE";1104;500;"Outros Recursos";"Recursos próprios"
250000058343;"CYBELE DA SILVA";"#NULO#";"PTN";"FEMININO";"SUPERIOR COMPLETO";"SOLTEIRO(A)";"BRANCA";"ECONOMISTA";"APTO";"N";NA;"SUPLENTE";718;NA;NA;NA
250000005788;"MARIA LUCIA SIVELLI ROZA";"#NULO#";"NOVO";"FEMININO";"SUPERIOR COMPLETO";"DIVORCIADO(A)";"BRANCA";"ADVOGADO";"APTO";"N";1042801,95;"SUPLENTE";491;915;"Outros Recursos";"Recursos próprios"
250000027282;"ANDREA NUNES DE SOUZA";"#NULO#";"PRP";"FEMININO";"SUPERIOR COMPLETO";"SOLTEIRO(A)";"BRANCA";"CONTADOR";"APTO";"N";NA;"NÃO ELEITO";79;NA;NA;NA
250000014850;"SEBASTIÃO ADILSON COIMBRA";"#NULO#";"PSOL";"MASCULINO";"SUPERIOR COMPLETO";"CASADO(A)";"BRANCA";"ADVOGADO";"APTO";"N";740000;"SUPLENTE";574;NA;NA;NA
250000010997;"GERALDO ANTONIO DA NOBREGA";"#NULO#";"PSB";"MASCULINO";"ENSINO MÉDIO COMPLETO";"SOLTEIRO(A)";"BRANCA";"MOTORISTA DE VEÍCULOS DE TRANSPORTE COLETIVO DE PASSAGEIROS";"APTO";"N";149788,38;"SUPLENTE";1692;11390,17;"Outros Recursos";"Recursos próprios, Recursos de outros candidatos, Recursos de pessoas físicas"
250000011683;"SHIRLEI SIOLARI";"#NULO#";"PV";"FEMININO";"SUPERIOR INCOMPLETO";"SOLTEIRO(A)";"BRANCA";"EMPRESÁRIO";"APTO";"N";NA;"SUPLENTE";598;NA;NA;NA
250000044425;"ANTONIO VALDO DE SOUZA";"#NULO#";"PPL";"MASCULINO";"ENSINO MÉDIO COMPLETO";"SOLTEIRO(A)";"PARDA";"CORRETOR DE IMÓVEIS, SEGUROS, TÍTULOS E VALORES";"APTO";"N";75600;"NÃO ELEITO";145;5827;"Outros Recursos";"Recursos próprios, Recursos de pessoas físicas"
250000010890;"LUCILIO FERREIRA DA SILVA";"#NULO#";"PHS";"MASCULINO";"SUPERIOR COMPLETO";"CASADO(A)";"BRANCA";"FARMACÊUTICO";"APTO";"N";855001;"SUPLENTE";1782;NA;NA;NA
250000027313;"GUILHERME BOAVENTURA";"#NULO#";"PTC";"MASCULINO";"ENSINO MÉDIO COMPLETO";"CASADO(A)";"PRETA";"CORRETOR DE IMÓVEIS, SEGUROS, TÍTULOS E VALORES";"APTO";"N";NA;"NÃO ELEITO";400;NA;NA;NA
250000020791;"JAMES VIUDES DICK";"#NULO#";"PMDB";"MASCULINO";"SUPERIOR COMPLETO";"SOLTEIRO(A)";"BRANCA";"BANCÁRIO E ECONOMIÁRIO";"APTO";"N";23262;"SUPLENTE";497;8979,58;"Outros Recursos";"Recursos próprios, Recursos de pessoas físicas"
250000027287;"ORIDES MARTINS NEVES";"#NULO#";"PRP";"MASCULINO";"ENSINO MÉDIO COMPLETO";"SOLTEIRO(A)";"PARDA";"ELETRICISTA E ASSEMELHADOS";"APTO";"N";NA;"NÃO ELEITO";276;NA;NA;NA
250000020856;"VALDEMIR CORREIA MENDES";"#NULO#";"PSD";"MASCULINO";"ENSINO MÉDIO INCOMPLETO";"CASADO(A)";"BRANCA";"EMPRESÁRIO";"APTO";"N";NA;"SUPLENTE";801;NA;NA;NA
250000011695;"GILBERTO HOLOVATINO";"#NULO#";"PV";"MASCULINO";"SUPERIOR COMPLETO";"DIVORCIADO(A)";"BRANCA";"CONTADOR";"APTO";"N";128490;"SUPLENTE";711;2410,9;"Outros Recursos";"Recursos próprios, Recursos de pessoas físicas"
250000020837;"JOSÉ POLICE NETO";"#NULO#";"PSD";"MASCULINO";"SUPERIOR INCOMPLETO";"SOLTEIRO(A)";"BRANCA";"VEREADOR";"APTO";"S";119436,96;"ELEITO POR QP";33537;359597,83;"Outros Recursos";"Recursos de pessoas físicas, Recursos próprios"
250000094186;"MARCIA CARNEIRO ABRANTES";"#NULO#";"PTN";"FEMININO";"ENSINO MÉDIO COMPLETO";"SOLTEIRO(A)";"BRANCA";"OUTROS";"APTO";"N";NA;"SUPLENTE";23;NA;NA;NA
250000022114;"CELSO DO CARMO JATENE";"#NULO#";"PR";"MASCULINO";"SUPERIOR COMPLETO";"CASADO(A)";"BRANCA";"VEREADOR";"APTO";"S";1606743,87;"ELEITO POR QP";53715;482783,54;"Outros Recursos, Fundo Partidario";"Recursos próprios, Recursos de pessoas físicas, Recursos de partido político"
250000093877;"JOSÉ DIAS DA SILVA FILHO";"#NULO#";"PSDC";"MASCULINO";"ENSINO MÉDIO COMPLETO";"DIVORCIADO(A)";"BRANCA";"POLICIAL MILITAR";"APTO";"N";NA;"NÃO ELEITO";187;NA;NA;NA
250000093979;"JACQUELINE MENEZES DOS SANTOS BRAGA";"#NULO#";"PSL";"FEMININO";"SUPERIOR COMPLETO";"SOLTEIRO(A)";"BRANCA";"PROFESSOR E INSTRUTOR DE FORMAÇÃO PROFISSIONAL";"APTO";"N";NA;"NÃO ELEITO";204;NA;NA;NA
250000014861;"MARIA RITA PEREIRA DOS SANTOS CASAGRANDE";"#NULO#";"PSOL";"FEMININO";"SUPERIOR COMPLETO";"DIVORCIADO(A)";"PRETA";"OUTROS";"APTO";"N";NA;"SUPLENTE";2169;NA;NA;NA
250000010863;"JOSÉ ARIVALDO RODRIGUES";"#NULO#";"PHS";"MASCULINO";"ENSINO MÉDIO COMPLETO";"CASADO(A)";"PARDA";"COMERCIANTE";"APTO";"N";480917,09;"ELEITO POR MÉDIA";14957;91928,35;"Outros Recursos";"Recursos próprios, Recursos de pessoas físicas, Recursos de outros candidatos"
250000010906;"DAMARIS DIAS MOURA KUO";"#NULO#";"PHS";"FEMININO";"SUPERIOR COMPLETO";"CASADO(A)";"BRANCA";"ADVOGADO";"APTO";"N";NA;"SUPLENTE";11863;NA;NA;NA
250000005005;"EDSON APARECIDO DOS SANTOS";"#NULO#";"PSDB";"MASCULINO";"SUPERIOR COMPLETO";"CASADO(A)";"BRANCA";"SERVIDOR PÚBLICO MUNICIPAL";"APTO";"N";1445848,15;"SUPLENTE";21291;295640,89;"Outros Recursos";"Recursos de outros candidatos, Recursos de origens não identificadas, Recursos próprios, Recursos de pessoas físicas"
250000022121;"JOSIAS ANTONIO JANUARIO FILHO";"#NULO#";"PR";"MASCULINO";"SUPERIOR COMPLETO";"DIVORCIADO(A)";"BRANCA";"CONTADOR";"APTO";"N";360050;"SUPLENTE";108;NA;NA;NA
250000040554;"JOSÉ EDMILSON SILVESTRE DA SILVA";"#NULO#";"SD";"MASCULINO";"SUPERIOR COMPLETO";"SEPARADO(A) JUDICIALMENTE";"PARDA";"EMPRESÁRIO";"APTO";"N";70000;"NÃO ELEITO";847;10105,96;"Outros Recursos, Fundo Partidario";"Recursos próprios, Recursos de pessoas físicas, Recursos de partido político"
250000040563;"AYRAM RIBEIRO SANTOS";"#NULO#";"SD";"FEMININO";"SUPERIOR COMPLETO";"SOLTEIRO(A)";"PRETA";"PEDAGOGO";"APTO";"N";101500;"NÃO ELEITO";47;6580,5;"Fundo Partidario";"Recursos de partido político"
250000022131;"GABRIEL DE OLIVEIRA";"#NULO#";"PROS";"MASCULINO";"SUPERIOR COMPLETO";"SOLTEIRO(A)";"PARDA";"ADMINISTRADOR";"APTO";"N";147905,53;"SUPLENTE";2480;5352,34;"Fundo Partidario, Outros Recursos";"Recursos de partido político, Recursos de pessoas físicas"
250000050172;"JOANIRO AMANCIO PEREIRA";"#NULO#";"PSL";"MASCULINO";"ENSINO MÉDIO COMPLETO";"SOLTEIRO(A)";"PARDA";"FISCAL";"APTO";"N";NA;"NÃO ELEITO";344;NA;NA;NA
250000011625;"PAULO SERGIO ABOU ANNI";"#NULO#";"PV";"MASCULINO";"SUPERIOR COMPLETO";"SOLTEIRO(A)";"BRANCA";"VEREADOR";"APTO";"S";848578,25;"SUPLENTE";27334;306781,2;"Outros Recursos, Fundo Partidario";"Recursos de outros candidatos, Recursos próprios, Recursos de pessoas físicas"
250000005786;"JOSE CARLOS TOLEDO DE PAULA";"#NULO#";"NOVO";"MASCULINO";"SUPERIOR COMPLETO";"CASADO(A)";"BRANCA";"ENGENHEIRO";"APTO";"N";1732810,39;"SUPLENTE";630;11800;"Outros Recursos";"Recursos próprios, Recursos de pessoas físicas"
250000038396;"LUCIANA LASPRO";"#NULO#";"PSDC";"FEMININO";"SUPERIOR COMPLETO";"DIVORCIADO(A)";"BRANCA";"ADVOGADO";"APTO";"N";1352192,98;"NÃO ELEITO";950;NA;NA;NA
250000027323;"MARIA DAS GRACAS SILVA";"#NULO#";"PTC";"FEMININO";"SUPERIOR COMPLETO";"SOLTEIRO(A)";"BRANCA";"ASSISTENTE SOCIAL";"APTO";"N";1e+05;"NÃO ELEITO";448;NA;NA;NA
250000058368;"CARLOS ROBERTO GOMES DE LAIA";"#NULO#";"PTN";"MASCULINO";"ENSINO MÉDIO COMPLETO";"CASADO(A)";"BRANCA";"TAXISTA";"APTO";"N";1e+05;"SUPLENTE";335;1276,6;"Outros Recursos";"Recursos de pessoas físicas, Recursos de outros candidatos"
250000038424;"DOMINGOS SALVIO SANTOS DA ANUNCIAÇÃO";"#NULO#";"PSDC";"MASCULINO";"ENSINO FUNDAMENTAL COMPLETO";"CASADO(A)";"PRETA";"TAXISTA";"APTO";"N";50359;"NÃO ELEITO";146;NA;NA;NA
250000011668;"ANTONIO VLASITON VIDAL";"#NULO#";"PV";"MASCULINO";"ENSINO MÉDIO COMPLETO";"CASADO(A)";"BRANCA";"DESPACHANTE";"APTO";"N";72182,54;"SUPLENTE";755;NA;NA;NA
250000014891;"AILTON AMARAL DOS SANTOS";"#NULO#";"PSOL";"MASCULINO";"SUPERIOR COMPLETO";"CASADO(A)";"PRETA";"PROFESSOR DE ENSINO SUPERIOR";"APTO";"N";25000;"SUPLENTE";724;NA;NA;NA
250000050157;"ED CARLOS COSTA";"#NULO#";"PSL";"MASCULINO";"SUPERIOR COMPLETO";"SOLTEIRO(A)";"BRANCA";"EMPRESÁRIO";"APTO";"N";633624,05;"NÃO ELEITO";1096;383,72;"Outros Recursos, Fundo Partidario";"Recursos de outros candidatos, Recursos de partido político"
250000019126;"PAULO JESUS FRANGE";"#NULO#";"PTB";"MASCULINO";"SUPERIOR COMPLETO";"CASADO(A)";"BRANCA";"MÉDICO";"APTO";"S";1274155,57;"ELEITO POR QP";29242;560901;"Outros Recursos";"Recursos próprios, Recursos de pessoas físicas"
250000022101;"SIMÃO PEDRO CHIOVETTI";"#NULO#";"PT";"MASCULINO";"SUPERIOR COMPLETO";"CASADO(A)";"BRANCA";"PROFESSOR DE ENSINO SUPERIOR";"APTO";"N";484812,22;"SUPLENTE";18357;565761,4;"Outros Recursos, Fundo Partidario";"Recursos de pessoas físicas, Recursos próprios, Recursos de partido político"
250000050155;"SERGIO APARECIDO ALVES CAMPOS MACEDO";"#NULO#";"PSL";"MASCULINO";"ENSINO MÉDIO INCOMPLETO";"CASADO(A)";"PARDA";"EMPRESÁRIO";"APTO";"N";NA;"NÃO ELEITO";1476;NA;NA;NA
250000020785;"AMÉLIA ROSA DO NASCIMENTO";"#NULO#";"PMDB";"FEMININO";"ENSINO MÉDIO INCOMPLETO";"DIVORCIADO(A)";"BRANCA";"DONA DE CASA";"APTO";"N";60000;"SUPLENTE";245;NA;NA;NA
250000019175;"RUBENS CLAUDIO SIQUEIRA NERI";"#NULO#";"PTB";"MASCULINO";"SUPERIOR COMPLETO";"CASADO(A)";"PARDA";"POLICIAL MILITAR";"APTO";"N";225200;"SUPLENTE";4353;37290;"Outros Recursos, Fundo Partidario";"Recursos próprios, Recursos de pessoas físicas, Recursos de partido político"
250000027297;"RENEÉ TOMAS DO NASCIMENTO";"#NULO#";"PRP";"MASCULINO";"SUPERIOR INCOMPLETO";"CASADO(A)";"PARDA";"ENFERMEIRO";"APTO";"N";NA;"NÃO ELEITO";636;NA;NA;NA
250000093110;"KARINE MESQUITA PEREIRA DA SILVA";"#NULO#";"PTN";"FEMININO";"ENSINO MÉDIO COMPLETO";"CASADO(A)";"PRETA";"ADMINISTRADOR";"APTO";"N";NA;"SUPLENTE";486;NA;NA;NA
250000006135;"ED WILSON CARVALHO RIBEIRO";"#NULO#";"PC do B";"MASCULINO";"SUPERIOR COMPLETO";"DIVORCIADO(A)";"BRANCA";"SERVIDOR PÚBLICO MUNICIPAL";"APTO";"N";80000;"NÃO ELEITO";1839;18269,25;"Fundo Partidario, Outros Recursos";"Recursos de partido político"
250000015103;"PAULO DE ABREU LEME FILHO";"#NULO#";"REDE";"MASCULINO";"SUPERIOR COMPLETO";"CASADO(A)";"BRANCA";"ADVOGADO";"APTO";"N";1773463,07;"NÃO ELEITO";2255;357990;"Outros Recursos";"Recursos próprios, Recursos de pessoas físicas"
250000022112;"ANTONIO JOSE DE ALMEIDA";"#NULO#";"PR";"MASCULINO";"SUPERIOR COMPLETO";"CASADO(A)";"BRANCA";"SERVIDOR PÚBLICO MUNICIPAL";"APTO";"N";38067,66;"SUPLENTE";664;5520;"Outros Recursos, Fundo Partidario";"Recursos próprios, Recursos de partido político"
250000062796;"JOSÉ EDUARDO JACOB";"#NULO#";"PATRIOTA";"MASCULINO";"SUPERIOR COMPLETO";"SOLTEIRO(A)";"BRANCA";"PROFESSOR DE ENSINO MÉDIO";"APTO";"N";NA;"NÃO ELEITO";218;NA;NA;NA
250000019202;"ULISSES TAYLOR MARTINS";"#NULO#";"PTB";"MASCULINO";"SUPERIOR COMPLETO";"CASADO(A)";"BRANCA";"OUTROS";"APTO";"N";NA;"SUPLENTE";724;NA;NA;NA
250000027309;"DANIELA CRISTINA MIGUEL BRUZARROSCO";"#NULO#";"PTC";"FEMININO";"SUPERIOR COMPLETO";"CASADO(A)";"BRANCA";"ADVOGADO";"APTO";"N";NA;"NÃO ELEITO";5981;NA;NA;NA
250000011684;"SERGIO ALVES DA SILVA";"#NULO#";"PV";"MASCULINO";"SUPERIOR COMPLETO";"SOLTEIRO(A)";"PARDA";"ADVOGADO";"APTO";"N";52000;"SUPLENTE";700;12699,15;"Outros Recursos";"Recursos próprios, Recursos de pessoas físicas"
250000006188;"GLORIA MARIA SILVA";"#NULO#";"PC do B";"FEMININO";"ENSINO FUNDAMENTAL COMPLETO";"SOLTEIRO(A)";"PRETA";"ATOR E DIRETOR DE ESPETÁCULOS PÚBLICOS";"APTO";"N";NA;"NÃO ELEITO";219;5101,45;"Outros Recursos";"Recursos próprios, Recursos de partido político"
250000006164;"GENIVALDO BARBOSA DOS SANTOS";"#NULO#";"PC do B";"MASCULINO";"ENSINO FUNDAMENTAL COMPLETO";"SOLTEIRO(A)";"PRETA";"MECÂNICO DE MANUTENÇÃO";"APTO";"N";265000;"NÃO ELEITO";1609;6562,05;"Outros Recursos";"Recursos próprios, Recursos de pessoas físicas, Recursos de partido político"
250000027329;"RONIVALDO REIS DA COSTA";"#NULO#";"PTC";"MASCULINO";"ENSINO FUNDAMENTAL COMPLETO";"CASADO(A)";"PRETA";"COMERCIANTE";"APTO";"N";108000;"NÃO ELEITO";1446;NA;NA;NA
250000019176;"VERA LÚCIA PEREIRA ALVES";"#NULO#";"PTB";"FEMININO";"ENSINO MÉDIO COMPLETO";"DIVORCIADO(A)";"BRANCA";"OUTROS";"APTO";"N";150000;"SUPLENTE";116;NA;NA;NA
250000040574;"JOÃO CARLOS DE SOUZA";"#NULO#";"SD";"MASCULINO";"ENSINO MÉDIO COMPLETO";"CASADO(A)";"PARDA";"SERVIDOR PÚBLICO MUNICIPAL";"APTO";"N";NA;"NÃO ELEITO";728;NA;NA;NA
250000019189;"ANDERSON FRANCISCO DOS SANTOS";"#NULO#";"PTB";"MASCULINO";"SUPERIOR COMPLETO";"CASADO(A)";"PRETA";"ADMINISTRADOR";"APTO";"N";539500;"SUPLENTE";523;NA;NA;NA
250000013941;"GERSON NUNES DA SILVA";"#NULO#";"PRTB";"MASCULINO";"ENSINO MÉDIO COMPLETO";"DIVORCIADO(A)";"BRANCA";"OUTROS";"APTO";"N";18000;"NÃO ELEITO";313;NA;NA;NA
250000038375;"SÉRGIO ROSA JUNIOR";"#NULO#";"PSDC";"MASCULINO";"SUPERIOR COMPLETO";"CASADO(A)";"BRANCA";"ADVOGADO";"APTO";"N";1330000;"NÃO ELEITO";604;NA;NA;NA
250000006196;"MARIA RIBEIRO GRIGORIO";"#NULO#";"PC do B";"FEMININO";"ENSINO FUNDAMENTAL COMPLETO";"CASADO(A)";"PRETA";"OUTROS";"APTO";"N";6e+05;"NÃO ELEITO";110;NA;NA;NA
250000022118;"GRAÇA ERNESTINA ANAY SILVA DIAS";"#NULO#";"PR";"FEMININO";"SUPERIOR INCOMPLETO";"VIÚVO(A)";"BRANCA";"DONA DE CASA";"APTO";"N";310;"SUPLENTE";33;NA;NA;NA
250000011685;"ANDREA MARIA HABINOSKI";"#NULO#";"PV";"FEMININO";"SUPERIOR COMPLETO";"SOLTEIRO(A)";"BRANCA";"VENDEDOR PRACISTA, REPRESENTANTE, CAIXEIRO-VIAJANTE E ASSEMELHADOS";"APTO";"N";NA;"SUPLENTE";299;NA;NA;NA
250000011009;"LILIAN ROQUE ROJAS";"#NULO#";"PP";"FEMININO";"SUPERIOR INCOMPLETO";"SOLTEIRO(A)";"BRANCA";"EMPRESÁRIO";"APTO";"N";65905,71;"SUPLENTE";197;NA;NA;NA
250000005016;"SILVIA DOS REIS MOREIRA";"#NULO#";"PSDB";"FEMININO";"ENSINO MÉDIO COMPLETO";"SOLTEIRO(A)";"PARDA";"OUTROS";"APTO";"N";560;"SUPLENTE";561;NA;NA;NA
250000062794;"ELAINE APARECIDA BARBOZA";"#NULO#";"PATRIOTA";"FEMININO";"ENSINO MÉDIO COMPLETO";"CASADO(A)";"PARDA";"SERVIDOR PÚBLICO ESTADUAL";"APTO";"N";NA;"NÃO ELEITO";380;NA;NA;NA
250000008319;"BENEDITO CUSTODIO NETO";"#NULO#";"PRB";"MASCULINO";"SUPERIOR COMPLETO";"SEPARADO(A) JUDICIALMENTE";"BRANCA";"POLICIAL MILITAR";"APTO";"N";92000;"SUPLENTE";1884;NA;NA;NA
250000050152;"SIDNEY SELES";"#NULO#";"PSL";"MASCULINO";"ENSINO FUNDAMENTAL COMPLETO";"SOLTEIRO(A)";"PARDA";"EMPRESÁRIO";"APTO";"N";69310;"NÃO ELEITO";2858;7000;"Outros Recursos";"Recursos de pessoas físicas"
250000008355;"LUCIANA GISELE DE OLIVEIRA";"#NULO#";"PRB";"FEMININO";"SUPERIOR COMPLETO";"CASADO(A)";"PARDA";"OUTROS";"APTO";"N";23100;"SUPLENTE";2777;NA;NA;NA
250000011692;"PATRICIA DA SILVA FEITOSA";"#NULO#";"PV";"FEMININO";"SUPERIOR COMPLETO";"CASADO(A)";"BRANCA";"ADVOGADO";"APTO";"N";80000;"SUPLENTE";1902;5074,1;"Outros Recursos, Fundo Partidario";"Recursos próprios, Recursos de outros candidatos, Recursos de pessoas físicas"
250000040592;"RUBENS DE SOUZA FERNANDES";"#NULO#";"SD";"MASCULINO";"SUPERIOR COMPLETO";"CASADO(A)";"PRETA";"OUTROS";"APTO";"N";NA;"NÃO ELEITO";177;NA;NA;NA
250000062792;"NISABETE SOUSA DE OLIVEIRA";"#NULO#";"PATRIOTA";"FEMININO";"ENSINO MÉDIO COMPLETO";"CASADO(A)";"PARDA";"ADMINISTRADOR";"APTO";"N";NA;"NÃO ELEITO";673;NA;NA;NA
250000027320;"LUCIANO FREIRE DA SILVA";"#NULO#";"PTC";"MASCULINO";"SUPERIOR COMPLETO";"CASADO(A)";"PARDA";"BOMBEIRO MILITAR";"APTO";"N";155000;"NÃO ELEITO";605;NA;NA;NA
250000058370;"CLODOALDO MACIEL FILHO";"#NULO#";"PTN";"MASCULINO";"ENSINO MÉDIO COMPLETO";"CASADO(A)";"BRANCA";"COMERCIANTE";"APTO";"N";1793000;"SUPLENTE";1554;NA;NA;NA
250000058386;"CARLOS ROBERTO TELES";"#NULO#";"PTN";"MASCULINO";"LÊ E ESCREVE";"CASADO(A)";"PARDA";"OUTROS";"APTO";"N";7000;"SUPLENTE";930;55;"Outros Recursos";"Recursos próprios"
250000004999;"ALBERTO LUIZ DA SILVA";"#NULO#";"PSDB";"MASCULINO";"ENSINO MÉDIO COMPLETO";"SOLTEIRO(A)";"PARDA";"EMPRESÁRIO";"APTO";"N";632733,7;"SUPLENTE";21423;65227;"Outros Recursos";"Recursos de outros candidatos, Recursos próprios, Recursos de pessoas físicas"
250000020841;"LUIZ EDUARDO PESCE DE ARRUDA";"#NULO#";"PSD";"MASCULINO";"SUPERIOR COMPLETO";"CASADO(A)";"BRANCA";"MILITAR REFORMADO";"APTO";"N";563389,94;"SUPLENTE";7708;61921,5;"Outros Recursos";"Recursos de pessoas físicas"
250000050144;"ALEX SANTOS DE OLIVEIRA";"#NULO#";"PSL";"MASCULINO";"ENSINO MÉDIO COMPLETO";"SOLTEIRO(A)";"BRANCA";"EMPRESÁRIO";"APTO";"N";NA;"NÃO ELEITO";960;NA;NA;NA
250000058395;"MAURICIO DE MELLO";"#NULO#";"PTN";"MASCULINO";"ENSINO MÉDIO COMPLETO";"SOLTEIRO(A)";"BRANCA";"OUTROS";"APTO";"N";174073,3;"SUPLENTE";1260;142,2;"Fundo Partidario";"Recursos de outros candidatos"
250000011659;"JUSSARA MARIA ROSIN DELPHINO";"#NULO#";"PV";"FEMININO";"SUPERIOR COMPLETO";"SOLTEIRO(A)";"BRANCA";"SERVIDOR PÚBLICO ESTADUAL";"APTO";"N";149121,3;"SUPLENTE";5066;4000;"Outros Recursos";"Recursos próprios"
250000013940;"FLAVIA AMORIM MAIA";"#NULO#";"PRTB";"FEMININO";"ENSINO MÉDIO COMPLETO";"DIVORCIADO(A)";"BRANCA";"ARTESÃO";"APTO";"N";375500;"NÃO ELEITO";166;NA;NA;NA
250000027280;"NIVALDO MOURA DA SILVA";"#NULO#";"PRP";"MASCULINO";"SUPERIOR COMPLETO";"SOLTEIRO(A)";"BRANCA";"SERVIDOR PÚBLICO ESTADUAL";"APTO";"N";NA;"NÃO ELEITO";391;NA;NA;NA
250000062788;"BENJAMIM DOS SANTOS CARVALHO";"#NULO#";"PATRIOTA";"MASCULINO";"ENSINO MÉDIO COMPLETO";"SOLTEIRO(A)";"PARDA";"OUTROS";"APTO";"N";NA;"NÃO ELEITO";89;NA;NA;NA
250000013932;"ANTONIO GOMES FILHO";"#NULO#";"PRTB";"MASCULINO";"ENSINO FUNDAMENTAL INCOMPLETO";"CASADO(A)";"BRANCA";"MOTORISTA PARTICULAR";"APTO";"N";NA;"NÃO ELEITO";215;NA;NA;NA
250000040599;"VALDIR PEREIRA DA SILVA";"#NULO#";"SD";"MASCULINO";"ENSINO FUNDAMENTAL INCOMPLETO";"CASADO(A)";"BRANCA";"TRABALHADOR METALÚRGICO E SIDERÚRGICO";"APTO";"N";497629,05;"NÃO ELEITO";12665;516415,94;"Outros Recursos, Fundo Partidario";"Recursos de partido político, Recursos de origens não identificadas, Recursos de pessoas físicas"
250000038414;"ALESSANDRO AUGUSTO CORTEZI";"#NULO#";"PSDC";"MASCULINO";"SUPERIOR COMPLETO";"VIÚVO(A)";"BRANCA";"EMPRESÁRIO";"APTO";"N";NA;"NÃO ELEITO";323;2491,14;"Fundo Partidario, Outros Recursos";"Recursos de partido político, Recursos de outros candidatos"
250000022124;"NOEMI PEREIRA NONATO";"#NULO#";"PR";"FEMININO";"ENSINO FUNDAMENTAL INCOMPLETO";"DIVORCIADO(A)";"BRANCA";"CANTOR E COMPOSITOR";"APTO";"S";698267,05;"ELEITO POR QP";32116;227868,78;"Outros Recursos, Fundo Partidario";"Recursos próprios, Recursos de pessoas físicas, Recursos de partido político"
250000006157;"RICARDO EDUARDO DE OLIVEIRA BEZERRA";"#NULO#";"PC do B";"MASCULINO";"ENSINO MÉDIO COMPLETO";"SOLTEIRO(A)";"BRANCA";"CORRETOR DE IMÓVEIS, SEGUROS, TÍTULOS E VALORES";"APTO";"N";NA;"NÃO ELEITO";126;1823,38;"Outros Recursos";"Recursos de partido político, Recursos de pessoas físicas"
250000022149;"MARCELO DA SILVA TERRA";"#NULO#";"PDT";"MASCULINO";"SUPERIOR COMPLETO";"SOLTEIRO(A)";"BRANCA";"MÉDICO";"APTO";"N";1543171,01;"SUPLENTE";721;4310;"Outros Recursos";"Recursos próprios"
250000015104;"RONALDO DA SILVA SANTOS";"#NULO#";"REDE";"MASCULINO";"SUPERIOR COMPLETO";"CASADO(A)";"PRETA";"EMPRESÁRIO";"APTO";"N";820000;"NÃO ELEITO";379;NA;NA;NA
250000011664;"ELCIO APARECIDO MUNIN";"#NULO#";"PV";"MASCULINO";"ENSINO MÉDIO INCOMPLETO";"CASADO(A)";"PARDA";"OUTROS";"APTO";"N";NA;"SUPLENTE";264;396,1;"Outros Recursos";"Recursos de outros candidatos"
250000020848;"MIRIAM DE SOUZA";"#NULO#";"PSD";"FEMININO";"SUPERIOR COMPLETO";"SOLTEIRO(A)";"BRANCA";"SECURITÁRIO";"APTO";"N";NA;"SUPLENTE";298;10000;"Fundo Partidario";"Recursos de partido político"
250000011636;"JOSE GERALDO DE CASTRO NETO";"#NULO#";"PV";"MASCULINO";"SUPERIOR COMPLETO";"SOLTEIRO(A)";"BRANCA";"SERVIDOR PÚBLICO MUNICIPAL";"APTO";"N";NA;"SUPLENTE";179;NA;NA;NA
250000022135;"JOSÉ BRITO CAVALCANTE FILHO";"#NULO#";"PROS";"MASCULINO";"ENSINO FUNDAMENTAL COMPLETO";"SOLTEIRO(A)";"PARDA";"REPRESENTANTE COMERCIAL";"APTO";"N";165000;"SUPLENTE";333;NA;NA;NA
250000006154;"WANDERLEY FREITAS NABONO";"#NULO#";"PC do B";"MASCULINO";"SUPERIOR INCOMPLETO";"CASADO(A)";"PRETA";"CORRETOR DE IMÓVEIS, SEGUROS, TÍTULOS E VALORES";"APTO";"N";NA;"NÃO ELEITO";145;1166,67;"Outros Recursos";"Recursos de partido político, Recursos próprios"
250000014868;"ANTONIO BIAGIO VESPOLI";"#NULO#";"PSOL";"MASCULINO";"SUPERIOR COMPLETO";"CASADO(A)";"BRANCA";"VEREADOR";"APTO";"S";517058,15;"ELEITO POR QP";16012;207875,12;"Outros Recursos";"Recursos próprios, Recursos de pessoas físicas, Recursos de origens não identificadas"
250000010901;"MARIA DA CONCEICAO RODRIGUES DOS SANTOS";"#NULO#";"PHS";"FEMININO";"ENSINO MÉDIO COMPLETO";"VIÚVO(A)";"PARDA";"COMERCIANTE";"APTO";"N";2e+05;"SUPLENTE";495;500;"Outros Recursos";"Recursos próprios"
250000040591;"IVANETE ANTONIA DA COSTA";"#NULO#";"SD";"FEMININO";"ENSINO MÉDIO COMPLETO";"DIVORCIADO(A)";"PRETA";"OUTROS";"APTO";"N";NA;"NÃO ELEITO";2095;NA;NA;NA
250000038416;"ANTONIO ALEXANDRE GALDI DELGADO";"#NULO#";"PSDC";"MASCULINO";"SUPERIOR COMPLETO";"CASADO(A)";"BRANCA";"ADVOGADO";"APTO";"N";NA;"NÃO ELEITO";105;NA;NA;NA
250000040551;"ROQUE JORGE";"#NULO#";"SD";"MASCULINO";"ENSINO FUNDAMENTAL COMPLETO";"CASADO(A)";"PARDA";"APOSENTADO (EXCETO SERVIDOR PÚBLICO)";"APTO";"N";NA;"NÃO ELEITO";572;NA;NA;NA
250000008344;"SIMONE APARECIDA DOS SANTOS";"#NULO#";"PRB";"FEMININO";"SUPERIOR INCOMPLETO";"CASADO(A)";"PRETA";"PROFESSOR DE ENSINO FUNDAMENTAL";"APTO";"N";NA;"SUPLENTE";491;NA;NA;NA
250000010896;"DORCAS HENRIQUE DE FREITAS";"#NULO#";"PHS";"FEMININO";"SUPERIOR COMPLETO";"DIVORCIADO(A)";"PARDA";"ASSISTENTE SOCIAL";"APTO";"N";NA;"SUPLENTE";398;213,3;"Outros Recursos";"Recursos de outros candidatos"
250000058353;"KARINA MARIA DA SILVA";"#NULO#";"PTN";"FEMININO";"SUPERIOR INCOMPLETO";"CASADO(A)";"BRANCA";"OUTROS";"APTO";"N";NA;"SUPLENTE";32;NA;NA;NA
250000008308;"ERIVALDO ARAUJO DOS SANTOS";"#NULO#";"PRB";"MASCULINO";"ENSINO FUNDAMENTAL COMPLETO";"CASADO(A)";"PARDA";"EMPRESÁRIO";"APTO";"N";315732;"SUPLENTE";919;760;"Outros Recursos";"Recursos próprios"
250000058378;"JADSON MENDES DE LIMA";"#NULO#";"PTN";"MASCULINO";"SUPERIOR COMPLETO";"CASADO(A)";"BRANCA";"JORNALISTA E REDATOR";"APTO";"N";347295,13;"SUPLENTE";5146;70132,2;"Fundo Partidario";"Recursos de outros candidatos, Recursos de partido político"
250000013953;"MARIA CORDELIZA DOS SANTOS";"#NULO#";"PRTB";"FEMININO";"SUPERIOR COMPLETO";"SOLTEIRO(A)";"PRETA";"OUTROS";"APTO";"N";410000;"NÃO ELEITO";174;500;"Outros Recursos";"Recursos próprios"
250000027302;"MANOEL MESSIAS VALADÃO DOS SANTOS";"#NULO#";"PRP";"MASCULINO";"LÊ E ESCREVE";"CASADO(A)";"BRANCA";"TRABALHADOR DE CONSTRUÇÃO CIVIL";"APTO";"N";NA;"NÃO ELEITO";334;NA;NA;NA
250000013947;"JULIO CESAR DO NASCIMENTO";"#NULO#";"PRTB";"MASCULINO";"ENSINO FUNDAMENTAL COMPLETO";"SOLTEIRO(A)";"PARDA";"OUTROS";"APTO";"N";NA;"NÃO ELEITO";1031;NA;NA;NA
250000038421;"CLAUDIO SABINO";"#NULO#";"PSDC";"MASCULINO";"ENSINO FUNDAMENTAL COMPLETO";"CASADO(A)";"BRANCA";"COMERCIANTE";"APTO";"N";680000;"NÃO ELEITO";449;6991,12;"Outros Recursos, Fundo Partidario";"Recursos de pessoas físicas, Recursos de outros candidatos, Recursos de partido político"
250000011656;"MILENA BEATRICE LYKOUROPOULOS";"#NULO#";"PV";"FEMININO";"SUPERIOR COMPLETO";"CASADO(A)";"BRANCA";"PROFESSOR DE ENSINO SUPERIOR";"APTO";"N";124008,51;"SUPLENTE";1748;6200;"Outros Recursos";"Recursos de pessoas físicas"
250000008320;"CARLOS CAVALCANTE DE SOUZA";"#NULO#";"PRB";"MASCULINO";"SUPERIOR COMPLETO";"CASADO(A)";"BRANCA";"JORNALISTA E REDATOR";"APTO";"N";662945,62;"SUPLENTE";10013;NA;NA;NA
250000040550;"ANDRE COLOSIMO";"#NULO#";"SD";"MASCULINO";"ENSINO MÉDIO COMPLETO";"SOLTEIRO(A)";"BRANCA";"PILOTO DE AVIAÇÃO COMERCIAL, NAVEGADOR, MECÂNICO DE VÔO E ASSEMELHADOS";"APTO";"N";NA;"NÃO ELEITO";126;NA;NA;NA
250000040559;"AYRTON LIMA BATISTA";"#NULO#";"SD";"MASCULINO";"ENSINO FUNDAMENTAL INCOMPLETO";"SOLTEIRO(A)";"BRANCA";"COMUNICÓLOGO";"APTO";"N";NA;"NÃO ELEITO";193;NA;NA;NA
250000027294;"JOSÉ OTACÍLIO PEREIRA DE MATOS";"#NULO#";"PRP";"MASCULINO";"SUPERIOR COMPLETO";"SOLTEIRO(A)";"PARDA";"SERVIDOR PÚBLICO MUNICIPAL";"APTO";"N";NA;"NÃO ELEITO";438;NA;NA;NA
250000022086;"JULIANA CARDOSO";"#NULO#";"PT";"FEMININO";"SUPERIOR COMPLETO";"CASADO(A)";"BRANCA";"VEREADOR";"APTO";"S";266496,81;"ELEITO POR QP";34949;245410,61;"Outros Recursos, Fundo Partidario";"Recursos próprios, Doações pela Internet, Comercialização de bens ou realização de eventos, Recursos de pessoas físicas, Recursos de partido político"
250000058392;"MARCOS JESUS TACHIBANA";"#NULO#";"PTN";"MASCULINO";"SUPERIOR COMPLETO";"CASADO(A)";"AMARELA";"ADVOGADO";"APTO";"N";96784,89;"SUPLENTE";706;4264,77;"Outros Recursos";"Recursos próprios, Recursos de pessoas físicas, Recursos de outros candidatos"
250000008295;"EDSON FRANCISCO DE SANTANA";"#NULO#";"PRB";"MASCULINO";"SUPERIOR COMPLETO";"SEPARADO(A) JUDICIALMENTE";"PARDA";"EMPRESÁRIO";"APTO";"N";615498,17;"SUPLENTE";6063;277530;"Outros Recursos, Fundo Partidario";"Recursos próprios, Recursos de pessoas físicas, Recursos de partido político"
250000005011;"MARTHA RAQUEL ALVES LEITÃO";"#NULO#";"PSDB";"FEMININO";"SUPERIOR COMPLETO";"SOLTEIRO(A)";"BRANCA";"ADVOGADO";"APTO";"N";25000;"SUPLENTE";565;NA;NA;NA
250000011633;"ADRIANA APARECIDA DOS SANTOS";"#NULO#";"PV";"FEMININO";"SUPERIOR INCOMPLETO";"SOLTEIRO(A)";"PARDA";"POLICIAL MILITAR";"APTO";"N";4159,03;"SUPLENTE";803;NA;NA;NA
250000011654;"JOSE LUIZ ZANZINI";"#NULO#";"PV";"MASCULINO";"SUPERIOR COMPLETO";"CASADO(A)";"BRANCA";"PEDAGOGO";"APTO";"N";201202,8;"SUPLENTE";1047;NA;NA;NA
250000011635;"FATIMA DE OLIVEIRA AFFONSO";"#NULO#";"PV";"FEMININO";"SUPERIOR COMPLETO";"DIVORCIADO(A)";"BRANCA";"PROFESSOR DE ENSINO SUPERIOR";"APTO";"N";NA;"SUPLENTE";1586;240;"Outros Recursos";"Recursos de pessoas físicas"
250000008339;"JOÃO PAULO DE ARAÚJO SERRA";"#NULO#";"PRB";"MASCULINO";"SUPERIOR COMPLETO";"SOLTEIRO(A)";"BRANCA";"OUTROS";"APTO";"N";85000;"SUPLENTE";950;NA;NA;NA
250000040566;"DINÁ MARIA FERREIRA";"#NULO#";"SD";"FEMININO";"SUPERIOR COMPLETO";"SEPARADO(A) JUDICIALMENTE";"PARDA";"SECRETÁRIO E DATILÓGRAFO";"APTO";"N";1521,05;"NÃO ELEITO";183;NA;NA;NA
250000019170;"SERGIO HENRIQUE RODRIGUES VIEIRA";"#NULO#";"PTB";"MASCULINO";"SUPERIOR COMPLETO";"SOLTEIRO(A)";"BRANCA";"ENFERMEIRO";"APTO";"N";NA;"SUPLENTE";605;NA;NA;NA
250000010912;"RAIMUNDO NONATO ALVES BATISTA";"#NULO#";"PMB";"MASCULINO";"ENSINO FUNDAMENTAL COMPLETO";"CASADO(A)";"BRANCA";"EMPRESÁRIO";"APTO";"N";NA;"SUPLENTE";883;NA;NA;NA
250000050185;"CARINA SOARES PORTELA";"#NULO#";"PSL";"FEMININO";"ENSINO MÉDIO COMPLETO";"SOLTEIRO(A)";"PARDA";"VENDEDOR DE COMÉRCIO VAREJISTA E ATACADISTA";"APTO";"N";NA;"NÃO ELEITO";10;NA;NA;NA
250000010875;"ALUIZIO PEREIRA SIMOES";"#NULO#";"PHS";"MASCULINO";"ENSINO FUNDAMENTAL INCOMPLETO";"CASADO(A)";"PARDA";"GERENTE";"APTO";"N";NA;"SUPLENTE";888;NA;NA;NA
250000027278;"DOJEVAL ALVES LOPES";"#NULO#";"PRP";"MASCULINO";"SUPERIOR COMPLETO";"CASADO(A)";"BRANCA";"SERVIDOR PÚBLICO ESTADUAL";"APTO";"N";50000;"NÃO ELEITO";448;NA;NA;NA
250000027286;"CLOVIS CASSIANO DA SILVA";"#NULO#";"PRP";"MASCULINO";"ENSINO FUNDAMENTAL COMPLETO";"DIVORCIADO(A)";"PRETA";"AGENTE DE SAÚDE E SANITARISTA";"APTO";"N";NA;"NÃO ELEITO";458;NA;NA;NA
250000015098;"JACQUELINE MOREIRA DOS SANTOS ALMEIDA";"#NULO#";"REDE";"FEMININO";"SUPERIOR COMPLETO";"CASADO(A)";"PRETA";"PROFESSOR DE ENSINO MÉDIO";"APTO";"N";10000;"NÃO ELEITO";1826;1000;"Outros Recursos";"Recursos próprios"
250000092254;"BEATRIZ HUMMEL QUERIDO";"#NULO#";"PP";"FEMININO";"SUPERIOR COMPLETO";"SOLTEIRO(A)";"BRANCA";"TAXISTA";"APTO";"N";0,01;"SUPLENTE";168;NA;NA;NA
250000006167;"NELSON FERREIRA FILHO";"#NULO#";"PC do B";"MASCULINO";"SUPERIOR COMPLETO";"DIVORCIADO(A)";"BRANCA";"EMPRESÁRIO";"APTO";"N";580431,18;"NÃO ELEITO";1443;4267,25;"Outros Recursos, Fundo Partidario";"Recursos de partido político"
250000093149;"MARCIO VICENTE DE MIRANDA";"#NULO#";"PC do B";"MASCULINO";"ENSINO MÉDIO COMPLETO";"SOLTEIRO(A)";"BRANCA";"TAXISTA";"APTO";"N";NA;"NÃO ELEITO";378;766,67;"Outros Recursos";"Recursos de pessoas físicas, Recursos de partido político"
250000019150;"LUCI ADÃO";"#NULO#";"PTB";"FEMININO";"SUPERIOR COMPLETO";"DIVORCIADO(A)";"PRETA";"PROFESSOR DE ENSINO FUNDAMENTAL";"APTO";"N";390845;"SUPLENTE";817;NA;NA;NA
250000008357;"MAURO HENRIQUE MANDEL";"#NULO#";"PRB";"MASCULINO";"SUPERIOR COMPLETO";"DIVORCIADO(A)";"BRANCA";"OUTROS";"APTO";"N";269658,29;"SUPLENTE";474;5280;"Fundo Partidario";"Recursos de partido político"
250000040564;"CASSIA PATRICIA GARCIA DE TOLEDO RODRIGUES";"#NULO#";"SD";"FEMININO";"SUPERIOR COMPLETO";"CASADO(A)";"BRANCA";"ADVOGADO";"APTO";"N";225106,2;"NÃO ELEITO";205;NA;NA;NA
250000022110;"ANTONIO DAMASCENO BORGES FILHO";"#NULO#";"PR";"MASCULINO";"ENSINO FUNDAMENTAL COMPLETO";"CASADO(A)";"PARDA";"ADMINISTRADOR";"APTO";"N";20071,69;"SUPLENTE";734;15060;"Outros Recursos, Fundo Partidario";"Recursos próprios, Recursos de pessoas físicas, Recursos de partido político"
250000024353;"JOÃO BATISTA MAGALHÃES PAES DE BARROS FILHO";"#NULO#";"PSTU";"MASCULINO";"SUPERIOR COMPLETO";"SOLTEIRO(A)";"BRANCA";"PROFESSOR DE ENSINO FUNDAMENTAL";"APTO";"N";24900;"NÃO ELEITO";511;6571,16;"Outros Recursos";"Recursos próprios, Recursos de pessoas físicas, Recursos de partido político"
250000008351;"ANA CLEIDE BRITO BORGES DE OLIVEIRA";"#NULO#";"PRB";"FEMININO";"SUPERIOR COMPLETO";"CASADO(A)";"BRANCA";"ADMINISTRADOR";"APTO";"N";NA;"SUPLENTE";1734;NA;NA;NA
250000022104;"VERA EUNICE RODRIGUES DA SILVA";"#NULO#";"PT";"FEMININO";"ENSINO MÉDIO COMPLETO";"DIVORCIADO(A)";"PRETA";"VENDEDOR DE COMÉRCIO VAREJISTA E ATACADISTA";"APTO";"N";NA;"SUPLENTE";10464;51760,97;"Fundo Partidario, Outros Recursos";"Recursos de outros candidatos, Recursos de pessoas físicas, Recursos de partido político"
250000050192;"SILVIA FERNANDES DA SILVA";"#NULO#";"PSL";"FEMININO";"ENSINO FUNDAMENTAL COMPLETO";"CASADO(A)";"PARDA";"DONA DE CASA";"APTO";"N";NA;"NÃO ELEITO";114;NA;NA;NA
250000040552;"JOSÉ SEBASTIÃO DE OLIVEIRA";"#NULO#";"SD";"MASCULINO";"ENSINO MÉDIO COMPLETO";"SOLTEIRO(A)";"BRANCA";"APOSENTADO (EXCETO SERVIDOR PÚBLICO)";"APTO";"N";45000;"NÃO ELEITO";134;NA;NA;NA
250000058398;"NIVALDO SOARES DA SILVA FILHO";"#NULO#";"PTN";"MASCULINO";"SUPERIOR COMPLETO";"CASADO(A)";"PARDA";"ADMINISTRADOR";"APTO";"N";180000;"SUPLENTE";1031;NA;NA;NA
250000022132;"GILBERTO DE ALMEIDA RIBEIRO";"#NULO#";"PROS";"MASCULINO";"SUPERIOR COMPLETO";"CASADO(A)";"BRANCA";"FARMACÊUTICO";"APTO";"N";NA;"SUPLENTE";281;14482,73;"Outros Recursos, Fundo Partidario";"Recursos de origens não identificadas, Recursos próprios, Recursos de partido político"
250000022143;"ANDREA BAZARIAN";"#NULO#";"PDT";"FEMININO";"SUPERIOR COMPLETO";"CASADO(A)";"BRANCA";"COMERCIANTE";"APTO";"N";750000;"SUPLENTE";368;2000;"Outros Recursos";"Recursos de pessoas físicas"
250000011665;"MAURO CESAR CARDOSO MENDRADO";"#NULO#";"PV";"MASCULINO";"SUPERIOR COMPLETO";"SOLTEIRO(A)";"PARDA";"CORRETOR DE IMÓVEIS, SEGUROS, TÍTULOS E VALORES";"APTO";"N";NA;"SUPLENTE";849;NA;NA;NA
250000022096;"NAZARENO ANTÔNIO DA SILVA";"#NULO#";"PT";"MASCULINO";"ENSINO FUNDAMENTAL COMPLETO";"SOLTEIRO(A)";"PRETA";"OUTROS";"APTO";"N";38973;"SUPLENTE";8252;55692,27;"Outros Recursos";"Recursos próprios, Recursos de pessoas físicas, Recursos de outros candidatos, Recursos de partido político"
250000093882;"NELSON SANTANA DE OLIVEIRA";"#NULO#";"PSDC";"MASCULINO";"ENSINO MÉDIO INCOMPLETO";"CASADO(A)";"PARDA";"COMERCIANTE";"APTO";"N";NA;"NÃO ELEITO";126;NA;NA;NA
250000011652;"ADRIANA SIMOES DE ARAUJO";"#NULO#";"PV";"FEMININO";"ENSINO MÉDIO COMPLETO";"SOLTEIRO(A)";"BRANCA";"SECRETÁRIO E DATILÓGRAFO";"APTO";"N";NA;"SUPLENTE";189;NA;NA;NA
250000027301;"LUIZ ROBERTO COPATI";"#NULO#";"PRP";"MASCULINO";"SUPERIOR COMPLETO";"CASADO(A)";"BRANCA";"OUTROS";"APTO";"N";650000;"NÃO ELEITO";1450;1286,97;"Outros Recursos, Fundo Partidario";"Recursos próprios, Recursos de partido político"
250000020812;"STEFANIA RODRIGUES SALVIATI";"#NULO#";"PMDB";"FEMININO";"SUPERIOR INCOMPLETO";"SOLTEIRO(A)";"BRANCA";"OUTROS";"APTO";"N";41000;"SUPLENTE";180;NA;NA;NA
250000019200;"BRUNO LISBOA DOS SANTOS";"#NULO#";"PTB";"MASCULINO";"ENSINO MÉDIO COMPLETO";"SOLTEIRO(A)";"PARDA";"EMPRESÁRIO";"APTO";"N";29500;"SUPLENTE";366;NA;NA;NA
250000050209;"SILVIA DOS SANTOS NAKANO";"#NULO#";"PSL";"FEMININO";"SUPERIOR COMPLETO";"SOLTEIRO(A)";"BRANCA";"ADVOGADO";"APTO";"N";NA;"NÃO ELEITO";432;NA;NA;NA
250000010851;"HAMILTON DA SILVA FARIA";"#NULO#";"PPS";"MASCULINO";"SUPERIOR COMPLETO";"CASADO(A)";"BRANCA";"ASSISTENTE SOCIAL";"APTO";"N";189003,95;"SUPLENTE";42;NA;NA;NA
250000006172;"FRANCISLEI RIBEIRO BISPO";"#NULO#";"PC do B";"MASCULINO";"ENSINO FUNDAMENTAL INCOMPLETO";"CASADO(A)";"BRANCA";"CABELEIREIRO E BARBEIRO";"APTO";"N";NA;"NÃO ELEITO";1004;8826,59;"Outros Recursos";"Recursos próprios, Recursos de partido político"
250000014871;"FERNANDO TAVARES ARAUJO DA SILVA";"#NULO#";"PSOL";"MASCULINO";"SUPERIOR COMPLETO";"SOLTEIRO(A)";"BRANCA";"ADVOGADO";"APTO";"N";NA;"SUPLENTE";1776;3522,95;"Outros Recursos, Fundo Partidario";"Recursos de origens não identificadas, Recursos próprios, Recursos de pessoas físicas, Recursos de partido político"
250000005811;"PAULO TOGNOLA PIMENTEL";"#NULO#";"NOVO";"MASCULINO";"SUPERIOR COMPLETO";"SOLTEIRO(A)";"BRANCA";"MÉDICO";"APTO";"N";139360,47;"SUPLENTE";398;9214,58;"Outros Recursos";"Recursos próprios, Recursos de pessoas físicas"
250000010843;"IZILDINHA MARCONDES DE MATTOS ESQUIRRA";"#NULO#";"PPS";"FEMININO";"SUPERIOR COMPLETO";"DIVORCIADO(A)";"BRANCA";"DIRETOR DE EMPRESAS";"APTO";"N";180000;"SUPLENTE";92;NA;NA;NA
250000024350;"FLAVIA BISCHAIN ROSA";"#NULO#";"PSTU";"FEMININO";"SUPERIOR COMPLETO";"SOLTEIRO(A)";"BRANCA";"PROFESSOR DE ENSINO MÉDIO";"APTO";"N";NA;"NÃO ELEITO";1470;NA;NA;NA
250000005820;"SAMANTHA DANGOT";"#NULO#";"NOVO";"FEMININO";"SUPERIOR COMPLETO";"SOLTEIRO(A)";"BRANCA";"ADVOGADO";"APTO";"N";277905,19;"SUPLENTE";2815;137184;"Outros Recursos";"Recursos de pessoas físicas, Recursos próprios, Recursos de partido político"
250000014881;"ROBSON GOMES";"#NULO#";"PSOL";"MASCULINO";"ENSINO MÉDIO COMPLETO";"DIVORCIADO(A)";"BRANCA";"TÉCNICO DE BIOLOGIA";"APTO";"N";120000;"SUPLENTE";90;NA;NA;NA
250000022113;"CARLOS AUGUSTO DA CUNHA SILVA";"#NULO#";"PR";"MASCULINO";"ENSINO MÉDIO COMPLETO";"DIVORCIADO(A)";"PARDA";"EMPRESÁRIO";"APTO";"N";50150;"SUPLENTE";443;NA;NA;NA
250000027295;"ANTONIO CLAUDINO CORDEIRO";"#NULO#";"PRP";"MASCULINO";"SUPERIOR COMPLETO";"CASADO(A)";"BRANCA";"APOSENTADO (EXCETO SERVIDOR PÚBLICO)";"APTO";"N";NA;"NÃO ELEITO";236;NA;NA;NA
250000010868;"JANIO CARVALHO SANTOS";"#NULO#";"PHS";"MASCULINO";"SUPERIOR COMPLETO";"CASADO(A)";"PARDA";"PROFESSOR DE ENSINO FUNDAMENTAL";"APTO";"N";14500;"SUPLENTE";4017;NA;NA;NA
250000020853;"RODRIGO ZARAGUETA MARTINS SCALISE";"#NULO#";"PSD";"MASCULINO";"ENSINO MÉDIO COMPLETO";"DIVORCIADO(A)";"BRANCA";"EMPRESÁRIO";"APTO";"N";693940,77;"SUPLENTE";688;NA;NA;NA
250000019137;"SIDERVAL MARQUES DE BRITO";"#NULO#";"PTB";"MASCULINO";"ENSINO MÉDIO INCOMPLETO";"CASADO(A)";"BRANCA";"EMPRESÁRIO";"APTO";"N";669458,69;"SUPLENTE";1779;18300;"Outros Recursos";"Recursos de pessoas físicas"
250000014888;"CELSO LUIS GIANNASI";"#NULO#";"PSOL";"MASCULINO";"SUPERIOR COMPLETO";"CASADO(A)";"BRANCA";"SERVIDOR PÚBLICO MUNICIPAL";"APTO";"N";995619,22;"SUPLENTE";12139;153402,89;"Outros Recursos";"Recursos próprios, Recursos de pessoas físicas"
250000014875;"MARIANA LUZIA ARON";"#NULO#";"PSOL";"FEMININO";"SUPERIOR COMPLETO";"SOLTEIRO(A)";"BRANCA";"PROFESSOR DE ENSINO SUPERIOR";"APTO";"N";529000;"SUPLENTE";1831;3077,01;"Outros Recursos";"Recursos próprios, Recursos de pessoas físicas"
250000005791;"FERNANDO BERTO DE BARROS FEITOSA";"#NULO#";"NOVO";"MASCULINO";"SUPERIOR COMPLETO";"SOLTEIRO(A)";"BRANCA";"EMPRESÁRIO";"APTO";"N";2526,62;"SUPLENTE";192;NA;NA;NA
250000058393;"MARIO COGUE FILHO";"#NULO#";"PTN";"MASCULINO";"ENSINO FUNDAMENTAL COMPLETO";"CASADO(A)";"BRANCA";"OUTROS";"APTO";"N";637500;"SUPLENTE";473;100,01;"Outros Recursos, Fundo Partidario";"Recursos próprios, Recursos de partido político"
250000022142;"ANDRE LUIZ DE OLIVEIRA";"#NULO#";"PDT";"MASCULINO";"ENSINO MÉDIO COMPLETO";"CASADO(A)";"PRETA";"COMERCIANTE";"APTO";"N";3195326,72;"SUPLENTE";20481;195550;"Outros Recursos";"Recursos próprios, Recursos de pessoas físicas"
250000006134;"SILVANA REGINA AZEREDO DOS SANTOS";"#NULO#";"PC do B";"FEMININO";"ENSINO FUNDAMENTAL COMPLETO";"CASADO(A)";"PRETA";"SERVIDOR PÚBLICO FEDERAL";"APTO";"N";NA;"NÃO ELEITO";342;10745,07;"Outros Recursos";"Recursos de pessoas físicas, Recursos de partido político"
250000006183;"EDNA APARECIDA DA SILVA";"#NULO#";"PC do B";"FEMININO";"SUPERIOR COMPLETO";"SOLTEIRO(A)";"PRETA";"TÉCNICO DE LABORATÓRIO E RAIOS X";"APTO";"N";NA;"NÃO ELEITO";293;4601,45;"Outros Recursos";"Recursos de partido político"
250000062804;"JOAO ROBERTO DE SIQUEIRA";"#NULO#";"PATRIOTA";"MASCULINO";"SUPERIOR COMPLETO";"SOLTEIRO(A)";"PARDA";"OUTROS";"APTO";"N";250000;"NÃO ELEITO";396;NA;NA;NA
250000010833;"RAIMUNDO SCAFF JUNIOR";"#NULO#";"PPS";"MASCULINO";"SUPERIOR COMPLETO";"CASADO(A)";"BRANCA";"EMPRESÁRIO";"APTO";"N";455956,27;"SUPLENTE";1527;NA;NA;NA
250000093254;"JOÃO VIANELLE PINTO";"#NULO#";"PTB";"MASCULINO";"ENSINO FUNDAMENTAL COMPLETO";"CASADO(A)";"BRANCA";"OUTROS";"APTO";"N";NA;"SUPLENTE";474;NA;NA;NA
250000011022;"MILTON LEITE DA SILVA";"#NULO#";"DEM";"MASCULINO";"SUPERIOR COMPLETO";"CASADO(A)";"PARDA";"VEREADOR";"APTO";"S";2852041,38;"ELEITO POR QP";107957;2396056;"Outros Recursos, Fundo Partidario";"Recursos próprios, Recursos de partido político"
250000014882;"RODRIGO OLEGARIO CARMELITA";"#NULO#";"PSOL";"MASCULINO";"ENSINO MÉDIO COMPLETO";"SOLTEIRO(A)";"PRETA";"AGENTE DE SAÚDE E SANITARISTA";"APTO";"N";NA;"SUPLENTE";1177;NA;NA;NA
250000058362;"ALESSANDRO LOPES RODRIGUES";"#NULO#";"PTN";"MASCULINO";"ENSINO MÉDIO COMPLETO";"SOLTEIRO(A)";"PARDA";"TAXISTA";"APTO";"N";31900;"SUPLENTE";1050;NA;NA;NA
250000006147;"EMERSON RODRIGUES DA SILVA ROCHA";"#NULO#";"PC do B";"MASCULINO";"ENSINO MÉDIO COMPLETO";"CASADO(A)";"PRETA";"SACERDOTE OU MEMBRO DE ORDEM OU SEITA RELIGIOSA";"APTO";"N";NA;"NÃO ELEITO";78;5821,45;"Outros Recursos";"Recursos de pessoas físicas, Recursos de partido político"
250000008335;"ADEMAR ALVES DE CARVALHO";"#NULO#";"PRB";"MASCULINO";"ENSINO FUNDAMENTAL COMPLETO";"CASADO(A)";"PARDA";"AUXILIAR DE ESCRITÓRIO E ASSEMELHADOS";"APTO";"N";20000;"SUPLENTE";5329;NA;NA;NA
250000027312;"GERSON FELIP CURPIEVSKY";"#NULO#";"PTC";"MASCULINO";"SUPERIOR COMPLETO";"CASADO(A)";"BRANCA";"EMPRESÁRIO";"APTO";"N";NA;"NÃO ELEITO";489;3209,4;"Fundo Partidario, Outros Recursos";"Recursos de partido político, Recursos de outros candidatos, Recursos de pessoas físicas"
250000027317;"JOSE AILTON DE SOUZA";"#NULO#";"PTC";"MASCULINO";"ENSINO MÉDIO COMPLETO";"SOLTEIRO(A)";"BRANCA";"OUTROS";"APTO";"N";NA;"NÃO ELEITO";105;NA;NA;NA
250000022094;"MARIA IZABEL BEZERRA DE SÁ";"#NULO#";"PT";"FEMININO";"ENSINO MÉDIO COMPLETO";"SOLTEIRO(A)";"PRETA";"OUTROS";"APTO";"N";70000;"SUPLENTE";438;43414,23;"Fundo Partidario, Outros Recursos";"Recursos de partido político, Recursos de pessoas físicas, Recursos de outros candidatos, Recursos próprios"
250000011686;"BRUNO BUM CHIN KIM";"#NULO#";"PV";"MASCULINO";"SUPERIOR COMPLETO";"CASADO(A)";"AMARELA";"PEDAGOGO";"APTO";"N";NA;"SUPLENTE";1095;NA;NA;NA
250000010838;"VALDENIR SIVIRINO VIRGINO";"#NULO#";"PPS";"MASCULINO";"ENSINO MÉDIO COMPLETO";"SOLTEIRO(A)";"PARDA";"COMERCIANTE";"APTO";"N";NA;"SUPLENTE";999;7265,4;"Outros Recursos, Fundo Partidario";"Recursos próprios, Recursos de partido político, Recursos de outros candidatos"
250000038420;"CICERO DE HOLANDA CAVALCANTE";"#NULO#";"PSDC";"MASCULINO";"ENSINO FUNDAMENTAL COMPLETO";"SOLTEIRO(A)";"BRANCA";"COMERCIANTE";"APTO";"N";72000;"NÃO ELEITO";274;2491,12;"Outros Recursos, Fundo Partidario";"Recursos de outros candidatos, Recursos de partido político"
250000010859;"JUAREZ DOMINGOS COSTA";"#NULO#";"PHS";"MASCULINO";"ENSINO FUNDAMENTAL COMPLETO";"CASADO(A)";"PARDA";"SUPERVISOR, INSPETOR E AGENTE DE COMPRAS E VENDAS";"APTO";"N";NA;"SUPLENTE";812;NA;NA;NA
250000013964;"UMBERTO DE CAMPOS SARTI FILHO";"#NULO#";"PRTB";"MASCULINO";"ENSINO MÉDIO COMPLETO";"CASADO(A)";"BRANCA";"PRODUTOR AGROPECUÁRIO";"APTO";"N";102000;"NÃO ELEITO";1243;NA;NA;NA
250000019148;"JUAREZ PEREIRA DA SILVA";"#NULO#";"PTB";"MASCULINO";"SUPERIOR COMPLETO";"SOLTEIRO(A)";"BRANCA";"COMERCIANTE";"APTO";"N";6000;"SUPLENTE";6539;NA;NA;NA
250000093112;"CARLOS ROBERTO CERQUEIRA DA SILVA";"#NULO#";"PTN";"MASCULINO";"ENSINO MÉDIO COMPLETO";"CASADO(A)";"BRANCA";"COMERCIÁRIO";"APTO";"N";61700;"SUPLENTE";711;NA;NA;NA
250000020780;"GISLAINE SAVIA";"#NULO#";"PMDB";"FEMININO";"ENSINO MÉDIO INCOMPLETO";"SOLTEIRO(A)";"BRANCA";"RELAÇÕES-PÚBLICAS";"APTO";"N";NA;"SUPLENTE";1256;NA;NA;NA
250000011693;"TATIANA DE OLIVEIRA";"#NULO#";"PV";"FEMININO";"ENSINO MÉDIO COMPLETO";"SOLTEIRO(A)";"BRANCA";"OUTROS";"APTO";"N";NA;"SUPLENTE";1427;NA;NA;NA
250000093436;"SAMIRA JORGOV LIMA";"#NULO#";"PSD";"FEMININO";"SUPERIOR INCOMPLETO";"CASADO(A)";"BRANCA";"EMPRESÁRIO";"APTO";"N";NA;"SUPLENTE";113;10000;"Fundo Partidario";"Recursos de partido político"
250000019146;"HERALDO LOPES GUIMARÃES";"#NULO#";"PTB";"MASCULINO";"ENSINO FUNDAMENTAL COMPLETO";"DIVORCIADO(A)";"BRANCA";"SACERDOTE OU MEMBRO DE ORDEM OU SEITA RELIGIOSA";"APTO";"N";NA;"SUPLENTE";3749;7460,01;"Outros Recursos";"Recursos próprios, Recursos de pessoas físicas"
250000058344;"EVERSON MARCOS DE OLIVEIRA";"#NULO#";"PTN";"MASCULINO";"ENSINO MÉDIO COMPLETO";"CASADO(A)";"BRANCA";"OUTROS";"APTO";"S";24000;"SUPLENTE";7334;92383,17;"Outros Recursos, Fundo Partidario";"Recursos de outros candidatos, Recursos próprios, Recursos de pessoas físicas, Recursos de partido político"
250000022153;"USHITARO KAMIA";"#NULO#";"PDT";"MASCULINO";"SUPERIOR COMPLETO";"CASADO(A)";"AMARELA";"ADVOGADO";"APTO";"S";257000;"SUPLENTE";18608;135281,17;"Outros Recursos";"Recursos próprios, Recursos de pessoas físicas"
250000011639;"AUGUSTO JOSE ANDRADE";"#NULO#";"PV";"MASCULINO";"SUPERIOR COMPLETO";"DIVORCIADO(A)";"BRANCA";"PROFESSOR E INSTRUTOR DE FORMAÇÃO PROFISSIONAL";"APTO";"N";92006,11;"SUPLENTE";1218;10870,57;"Outros Recursos, Fundo Partidario";"Recursos de outros candidatos, Recursos de partido político, Recursos de pessoas físicas"
250000062815;"MARCOS EDUARDO RODRIGUES";"#NULO#";"PATRIOTA";"MASCULINO";"SUPERIOR INCOMPLETO";"SOLTEIRO(A)";"BRANCA";"OUTROS";"APTO";"N";NA;"NÃO ELEITO";117;NA;NA;NA
250000006171;"ALCIDES AMAZONAS ARAUJO DOS SANTOS";"#NULO#";"PC do B";"MASCULINO";"ENSINO FUNDAMENTAL COMPLETO";"CASADO(A)";"BRANCA";"SERVIDOR PÚBLICO MUNICIPAL";"APTO";"N";423211,21;"NÃO ELEITO";8471;327218,6;"Outros Recursos";"Recursos de pessoas físicas, Recursos de partido político, Recursos de origens não identificadas, Recursos próprios"
250000015109;"FRANCISCO VINICIUS ESTEVES DE OLIVEIRA";"#NULO#";"REDE";"MASCULINO";"SUPERIOR COMPLETO";"SOLTEIRO(A)";"BRANCA";"OUTROS";"APTO";"N";4976,03;"NÃO ELEITO";719;1000;"Outros Recursos";"Recursos próprios"
250000027264;"PATRICIA ARRUDA APOLINÁRIO";"#NULO#";"PRP";"FEMININO";"LÊ E ESCREVE";"CASADO(A)";"BRANCA";"DONA DE CASA";"APTO";"N";NA;"NÃO ELEITO";95;NA;NA;NA
250000004995;"MARCUS VINICIUS DE ALMEIDA FERREIRA";"#NULO#";"PSDB";"MASCULINO";"SUPERIOR INCOMPLETO";"VIÚVO(A)";"BRANCA";"ADMINISTRADOR";"APTO";"S";524297,23;"SUPLENTE";21673;202656,4;"Outros Recursos, Fundo Partidario";"Recursos de partido político, Recursos de pessoas físicas"
250000006177;"CARLOS EDUARDO CAIRO GUIMARÃES";"#NULO#";"PC do B";"MASCULINO";"ENSINO MÉDIO COMPLETO";"DIVORCIADO(A)";"BRANCA";"COMERCIANTE";"APTO";"N";NA;"NÃO ELEITO";1304;20569,52;"Outros Recursos";"Recursos de origens não identificadas, Recursos de pessoas físicas, Doações pela Internet, Recursos de partido político"
250000006173;"CINTIA MARA GONÇALVES MUNIZ";"#NULO#";"PC do B";"FEMININO";"SUPERIOR INCOMPLETO";"CASADO(A)";"PARDA";"MANICURE E MAQUILADOR";"APTO";"N";NA;"NÃO ELEITO";139;NA;NA;NA
250000005793;"JULIO CESAR MARTINS CASARIN";"#NULO#";"NOVO";"MASCULINO";"SUPERIOR COMPLETO";"DIVORCIADO(A)";"BRANCA";"ADVOGADO";"APTO";"N";113287,45;"SUPLENTE";1544;27474,9;"Outros Recursos";"Recursos próprios, Recursos de pessoas físicas, Recursos de partido político"
250000014860;"MARIA DE FÁTIMA ALVES BATISTA";"#NULO#";"PSOL";"FEMININO";"SUPERIOR INCOMPLETO";"SOLTEIRO(A)";"PARDA";"GERENTE";"APTO";"N";NA;"SUPLENTE";186;NA;NA;NA
250000008304;"VERA NILZA DIAS";"#NULO#";"PRB";"FEMININO";"ENSINO FUNDAMENTAL COMPLETO";"SOLTEIRO(A)";"PARDA";"COMERCIANTE";"APTO";"N";NA;"SUPLENTE";130;NA;NA;NA
250000038334;"LINDBERG CLEMENTE DE MORAIS";"#NULO#";"PSDC";"MASCULINO";"SUPERIOR COMPLETO";"CASADO(A)";"BRANCA";"PROFESSOR DE ENSINO SUPERIOR";"APTO";"N";50100;"NÃO ELEITO";1602;NA;NA;NA
250000050178;"RONALDO ERNI KLASSMANN";"#NULO#";"PSL";"MASCULINO";"ENSINO MÉDIO INCOMPLETO";"CASADO(A)";"BRANCA";"ADMINISTRADOR";"APTO";"N";NA;"NÃO ELEITO";1275;1000;"Outros Recursos";"Recursos próprios"
250000010898;"HAIFA KALIL";"#NULO#";"PHS";"FEMININO";"SUPERIOR COMPLETO";"DIVORCIADO(A)";"BRANCA";"MÉDICO";"APTO";"N";182084,11;"SUPLENTE";1487;NA;NA;NA
250000022106;"NABIL GEORGES BONDUKI";"#NULO#";"PT";"MASCULINO";"SUPERIOR COMPLETO";"CASADO(A)";"BRANCA";"ARQUITETO";"APTO";"S";1394803,91;"SUPLENTE";23269;313698,56;"Outros Recursos";"Recursos próprios, Doações pela Internet, Recursos de pessoas físicas, Recursos de partido político"
250000011008;"LEVI GONÇALO CAVALINI";"#NULO#";"PP";"MASCULINO";"ENSINO MÉDIO COMPLETO";"DIVORCIADO(A)";"BRANCA";"ATOR E DIRETOR DE ESPETÁCULOS PÚBLICOS";"APTO";"N";40000;"SUPLENTE";965;NA;NA;NA
250000014854;"ISADORA MARTINATTI PENNA";"#NULO#";"PSOL";"FEMININO";"SUPERIOR COMPLETO";"SOLTEIRO(A)";"BRANCA";"ADVOGADO";"APTO";"N";NA;"SUPLENTE";12439;12427,67;"Outros Recursos";"Recursos de pessoas físicas"
250000008321;"EDSON COQUEIRO FILHO";"#NULO#";"PRB";"MASCULINO";"SUPERIOR INCOMPLETO";"CASADO(A)";"BRANCA";"EMPRESÁRIO";"APTO";"N";121040;"SUPLENTE";5732;14542;"Outros Recursos, Fundo Partidario";"Recursos próprios, Recursos de pessoas físicas, Recursos de partido político"
250000008326;"IDÊ DE FARIA SANTOS MANSUR";"#NULO#";"PRB";"FEMININO";"ENSINO MÉDIO COMPLETO";"DIVORCIADO(A)";"BRANCA";"COMERCIANTE";"APTO";"N";355000;"SUPLENTE";278;NA;NA;NA
250000038359;"VERA LUCIA MARIA GOMES";"#NULO#";"PSDC";"FEMININO";"ENSINO MÉDIO COMPLETO";"VIÚVO(A)";"BRANCA";"CORRETOR DE IMÓVEIS, SEGUROS, TÍTULOS E VALORES";"APTO";"N";NA;"NÃO ELEITO";80;NA;NA;NA
250000011027;"SANDRA REGINA CARBONE TADEU MUDALEN";"#NULO#";"DEM";"FEMININO";"SUPERIOR COMPLETO";"CASADO(A)";"BRANCA";"VEREADOR";"APTO";"S";2839012,68;"ELEITO POR QP";34182;660325;"Outros Recursos, Fundo Partidario";"Recursos de outros candidatos, Recursos de partido político"
250000027306;"MOISES FERREIRA DA SILVA";"#NULO#";"PRP";"MASCULINO";"ENSINO FUNDAMENTAL INCOMPLETO";"DIVORCIADO(A)";"BRANCA";"COMERCIANTE";"APTO";"N";50000;"NÃO ELEITO";485;NA;NA;NA
250000005817;"LEO VINICIUS PIRES DE LIMA";"#NULO#";"NOVO";"MASCULINO";"SUPERIOR COMPLETO";"CASADO(A)";"BRANCA";"SERVIDOR PÚBLICO MUNICIPAL";"APTO";"N";1229326,47;"SUPLENTE";2738;20675;"Outros Recursos";"Recursos próprios, Recursos de pessoas físicas"
250000058412;"FRANCISCO NELIM LUCAS";"#NULO#";"PTN";"MASCULINO";"ENSINO MÉDIO COMPLETO";"CASADO(A)";"BRANCA";"ADMINISTRADOR";"APTO";"N";NA;"SUPLENTE";277;NA;NA;NA
250000044421;"RENATO DOS SANTOS NASCIMENTO";"#NULO#";"PPL";"MASCULINO";"SUPERIOR COMPLETO";"SOLTEIRO(A)";"PRETA";"PROFESSOR DE ENSINO MÉDIO";"APTO";"N";8000;"NÃO ELEITO";1137;230;"Outros Recursos";"Recursos próprios"
250000027333;"ARMANDO HUSSEIN SALEH";"#NULO#";"PT do B";"MASCULINO";"ENSINO MÉDIO COMPLETO";"CASADO(A)";"BRANCA";"ADMINISTRADOR";"APTO";"N";184365,04;"NÃO ELEITO";1103;NA;NA;NA
250000027290;"JOABE ALMEIDA DOS SANTOS";"#NULO#";"PRP";"MASCULINO";"ENSINO MÉDIO COMPLETO";"CASADO(A)";"PRETA";"MOTORISTA DE VEÍCULOS DE TRANSPORTE COLETIVO DE PASSAGEIROS";"APTO";"N";NA;"NÃO ELEITO";536;NA;NA;NA
250000040555;"GILBERTO PEREIRA DA COSTA";"#NULO#";"SD";"MASCULINO";"ENSINO MÉDIO COMPLETO";"CASADO(A)";"BRANCA";"POLICIAL CIVIL";"APTO";"N";1080000;"NÃO ELEITO";2523;19192,08;"Outros Recursos, Fundo Partidario";"Recursos de partido político, Recursos próprios, Recursos de pessoas físicas"
250000006203;"THIAGO DE ALMEIDA VILASBOA";"#NULO#";"PC do B";"MASCULINO";"ENSINO FUNDAMENTAL COMPLETO";"CASADO(A)";"BRANCA";"COMERCIANTE";"APTO";"N";NA;"NÃO ELEITO";244;5454,84;"Outros Recursos";"Recursos próprios, Recursos de pessoas físicas, Recursos de partido político"
250000008338;"GETULIO FERNANDES DOS SANTOS";"#NULO#";"PRB";"MASCULINO";"ENSINO MÉDIO COMPLETO";"VIÚVO(A)";"PRETA";"OUTROS";"APTO";"N";688000;"SUPLENTE";1328;NA;NA;NA
250000058372;"DINACI FERREIRA OLEAN";"#NULO#";"PTN";"FEMININO";"SUPERIOR COMPLETO";"CASADO(A)";"BRANCA";"OUTROS";"APTO";"N";NA;"SUPLENTE";290;NA;NA;NA
250000020784;"ADRIANA VALERIA SILVA LOSSANI";"#NULO#";"PMDB";"FEMININO";"ENSINO MÉDIO COMPLETO";"CASADO(A)";"BRANCA";"EMPRESÁRIO";"APTO";"N";80000;"SUPLENTE";143;NA;NA;NA
250000022075;"ANTONIO DONATO MADORMO";"#NULO#";"PT";"MASCULINO";"SUPERIOR COMPLETO";"CASADO(A)";"BRANCA";"VEREADOR";"APTO";"S";1111897,16;"ELEITO POR QP";32592;821004,14;"Outros Recursos, Fundo Partidario";"Recursos de pessoas físicas, Recursos de partido político"
250000011629;"ULISSES MACIEL PEIXOTO MENDONÇA";"#NULO#";"PV";"MASCULINO";"SUPERIOR COMPLETO";"SOLTEIRO(A)";"BRANCA";"ADVOGADO";"APTO";"N";NA;"SUPLENTE";974;NA;NA;NA
250000093311;"ANISIO VICENTE MARCONDES";"#NULO#";"PRP";"MASCULINO";"LÊ E ESCREVE";"CASADO(A)";"BRANCA";"OUTROS";"APTO";"N";NA;"NÃO ELEITO";246;NA;NA;NA
250000062814;"RUBENS PEREIRA DE BRITO";"#NULO#";"PATRIOTA";"MASCULINO";"SUPERIOR COMPLETO";"CASADO(A)";"BRANCA";"POLICIAL MILITAR";"APTO";"N";357000;"NÃO ELEITO";1390;4398;"Outros Recursos";"Recursos próprios, Recursos de partido político"
250000027324;"MARILIA DO NASCIMENTO MARTINS PEREIRA";"#NULO#";"PTC";"FEMININO";"SUPERIOR COMPLETO";"CASADO(A)";"BRANCA";"ENFERMEIRO";"APTO";"N";NA;"NÃO ELEITO";935;NA;NA;NA
250000020813;"RICARDO LUIS REIS NUNES";"#NULO#";"PMDB";"MASCULINO";"SUPERIOR INCOMPLETO";"CASADO(A)";"BRANCA";"VEREADOR";"APTO";"S";4505337,23;"ELEITO POR QP";54692;738606,86;"Outros Recursos, Fundo Partidario";"Recursos de pessoas físicas, Recursos de partido político, Recursos de outros candidatos, Recursos próprios"
250000027275;"ANDREA LETICIA DE SOUZA BARROS";"#NULO#";"PRP";"FEMININO";"SUPERIOR COMPLETO";"CASADO(A)";"BRANCA";"CORRETOR DE IMÓVEIS, SEGUROS, TÍTULOS E VALORES";"APTO";"N";NA;"NÃO ELEITO";80;NA;NA;NA
250000013933;"CARLOS ALBERTO CLARO DE ALMEIDA";"#NULO#";"PRTB";"MASCULINO";"ENSINO FUNDAMENTAL INCOMPLETO";"SOLTEIRO(A)";"BRANCA";"OUTROS";"APTO";"N";NA;"NÃO ELEITO";59;NA;NA;NA
250000050175;"MARINALVA DE SOUZA";"#NULO#";"PSL";"FEMININO";"ENSINO MÉDIO INCOMPLETO";"SOLTEIRO(A)";"PARDA";"GERENTE";"APTO";"N";NA;"NÃO ELEITO";95;NA;NA;NA
250000050151;"FERNANDA LOPES ANDRADE";"#NULO#";"PSL";"FEMININO";"SUPERIOR COMPLETO";"SOLTEIRO(A)";"PRETA";"PROFESSOR DE ENSINO FUNDAMENTAL";"APTO";"N";NA;"NÃO ELEITO";518;NA;NA;NA
250000062825;"MOZART ABAETE PERUIBE RUSSOMANNO";"#NULO#";"PATRIOTA";"MASCULINO";"SUPERIOR INCOMPLETO";"DIVORCIADO(A)";"PARDA";"OUTROS";"APTO";"N";NA;"NÃO ELEITO";4349;10000;"Outros Recursos";"Recursos de pessoas físicas"
250000024580;"LEANDRO JOSÉ DE SOUZA DUQUE";"#NULO#";"PSTU";"MASCULINO";"SUPERIOR COMPLETO";"SOLTEIRO(A)";"PRETA";"PROFESSOR DE ENSINO MÉDIO";"APTO";"N";14000;"NÃO ELEITO";88;NA;NA;NA
250000050160;"FABIO DE VASCONCELLOS MENNA";"#NULO#";"PSL";"MASCULINO";"SUPERIOR COMPLETO";"CASADO(A)";"BRANCA";"ADVOGADO";"APTO";"N";215245;"NÃO ELEITO";1015;10540,66;"Outros Recursos, Fundo Partidario";"Recursos de outros candidatos, Recursos próprios, Recursos de partido político"
250000050176;"RODRIGO REY RODRIGUEZ";"#NULO#";"PSL";"MASCULINO";"ENSINO MÉDIO COMPLETO";"CASADO(A)";"PARDA";"PROGRAMADOR DE COMPUTADOR";"APTO";"N";1000;"NÃO ELEITO";153;5779,01;"Fundo Partidario";"Recursos de partido político"
250000006149;"ILDSLAINE MONICA DA SILVA";"#NULO#";"PC do B";"FEMININO";"SUPERIOR COMPLETO";"SOLTEIRO(A)";"PRETA";"PRODUTOR DE ESPETÁCULOS PÚBLICOS";"APTO";"N";NA;"NÃO ELEITO";1366;13793,77;"Outros Recursos, Fundo Partidario";"Recursos próprios, Recursos de pessoas físicas, Recursos de partido político"
250000027316;"JOAO ONOFRE DE SOUZA NETO";"#NULO#";"PTC";"MASCULINO";"ENSINO MÉDIO COMPLETO";"CASADO(A)";"PARDA";"OUTROS";"APTO";"N";261000;"NÃO ELEITO";415;NA;NA;NA
250000019147;"JOACIR SAVAZI DA SILVA";"#NULO#";"PTB";"MASCULINO";"SUPERIOR COMPLETO";"CASADO(A)";"BRANCA";"AGRICULTOR";"APTO";"N";879198,09;"SUPLENTE";1687;18300;"Outros Recursos";"Recursos próprios"
250000019184;"CLAUDIO ROGERIO FIRMINO";"#NULO#";"PTB";"MASCULINO";"ENSINO MÉDIO COMPLETO";"CASADO(A)";"PRETA";"COMERCIANTE";"APTO";"N";1e+05;"SUPLENTE";898;NA;NA;NA
250000093900;"IVONEIDE COELHO GOMES MOREIRA";"#NULO#";"PPL";"FEMININO";"ENSINO MÉDIO COMPLETO";"CASADO(A)";"BRANCA";"OUTROS";"APTO";"N";NA;"NÃO ELEITO";136;NA;NA;NA
250000005818;"LUIZ VICENTE VICENTIN AGUILAR";"#NULO#";"NOVO";"MASCULINO";"SUPERIOR COMPLETO";"CASADO(A)";"BRANCA";"ENGENHEIRO";"APTO";"N";1753348,38;"SUPLENTE";1365;15700;"Outros Recursos";"Recursos próprios, Recursos de pessoas físicas"
250000027288;"UZIEL FERREIRA DO NASCIMENTO";"#NULO#";"PRP";"MASCULINO";"ENSINO MÉDIO COMPLETO";"SOLTEIRO(A)";"BRANCA";"TRABALHADOR DE CONSTRUÇÃO CIVIL";"APTO";"N";31000;"NÃO ELEITO";602;294;"Outros Recursos";"Recursos próprios"
250000004980;"ALBERTO ALVES COUTINHO";"#NULO#";"PSDB";"MASCULINO";"SUPERIOR COMPLETO";"SEPARADO(A) JUDICIALMENTE";"BRANCA";"SERVIDOR PÚBLICO FEDERAL";"APTO";"N";25001,13;"SUPLENTE";1984;5284,4;"Outros Recursos";"Recursos de pessoas físicas, Recursos de outros candidatos, Recursos próprios"
250000058364;"ANA LUCIA GERALDO DE SANTANA";"#NULO#";"PTN";"FEMININO";"ENSINO MÉDIO COMPLETO";"CASADO(A)";"BRANCA";"ADMINISTRADOR";"APTO";"N";NA;"SUPLENTE";454;142,2;"Outros Recursos";"Recursos de outros candidatos"
250000006169;"ODENILDO SOARES BRAGA";"#NULO#";"PC do B";"MASCULINO";"ENSINO FUNDAMENTAL COMPLETO";"VIÚVO(A)";"PARDA";"VIGILANTE";"APTO";"N";NA;"NÃO ELEITO";156;5436,45;"Outros Recursos";"Recursos próprios, Recursos de partido político"
250000011019;"HUMBERTO YUDI WATANABE";"#NULO#";"DEM";"MASCULINO";"SUPERIOR COMPLETO";"CASADO(A)";"AMARELA";"EMPRESÁRIO";"APTO";"N";123052,61;"SUPLENTE";9336;52791,8;"Outros Recursos, Fundo Partidario";"Recursos de outros candidatos, Recursos próprios, Recursos de partido político"
250000005008;"JOSÉ LEONARDO DE MOURA COUTINHO FILHO";"#NULO#";"PSDB";"MASCULINO";"ENSINO MÉDIO INCOMPLETO";"CASADO(A)";"BRANCA";"JORNALISTA E REDATOR";"APTO";"N";NA;"SUPLENTE";6044;163718,42;"Outros Recursos, Fundo Partidario";"Recursos de outros candidatos, Doações pela Internet, Recursos de pessoas físicas, Recursos de partido político"
250000010888;"MARCELO MORENO";"#NULO#";"PHS";"MASCULINO";"SUPERIOR COMPLETO";"DIVORCIADO(A)";"PARDA";"EMPRESÁRIO";"APTO";"N";20,59;"SUPLENTE";1217;8700;"Outros Recursos";"Recursos de pessoas físicas"
250000044426;"MARIA APARECIDA DE SOUSA";"#NULO#";"PPL";"FEMININO";"SUPERIOR INCOMPLETO";"DIVORCIADO(A)";"BRANCA";"OUTROS";"APTO";"N";NA;"NÃO ELEITO";91;200;"Outros Recursos";"Recursos próprios"
250000038353;"SONIA CRISTINA DOS SANTOS CIPRIANO";"#NULO#";"PSDC";"FEMININO";"ENSINO MÉDIO COMPLETO";"VIÚVO(A)";"PRETA";"OUTROS";"APTO";"N";NA;"NÃO ELEITO";105;NA;NA;NA
250000005785;"ELANIR SILVA DOS SANTOS";"#NULO#";"NOVO";"MASCULINO";"SUPERIOR COMPLETO";"CASADO(A)";"BRANCA";"ECONOMISTA";"APTO";"N";55061,4;"SUPLENTE";995;2320,73;"Outros Recursos";"Recursos de origens não identificadas, Recursos próprios, Recursos de pessoas físicas"
250000008302;"ROBERTO VITOR DA SILVA";"#NULO#";"PRB";"MASCULINO";"ENSINO MÉDIO COMPLETO";"CASADO(A)";"PARDA";"OPERADOR DE EQUIPAMENTO DE RÁDIO, TELEVISÃO, SOM E CINEMA";"APTO";"N";NA;"SUPLENTE";1305;NA;NA;NA
250000006201;"RONALDO CRUZ DA SILVA";"#NULO#";"PC do B";"MASCULINO";"SUPERIOR COMPLETO";"DIVORCIADO(A)";"PARDA";"JORNALISTA E REDATOR";"APTO";"N";NA;"NÃO ELEITO";125;4647,48;"Outros Recursos";"Recursos próprios, Recursos de partido político"
250000005010;"LUCAS HIDEO NAMASU";"#NULO#";"PSDB";"MASCULINO";"SUPERIOR INCOMPLETO";"SOLTEIRO(A)";"BRANCA";"PROFESSOR E INSTRUTOR DE FORMAÇÃO PROFISSIONAL";"APTO";"N";26896,23;"SUPLENTE";1265;NA;NA;NA
250000038401;"IZAUL PEREIRA DE AGUIAR";"#NULO#";"PSDC";"MASCULINO";"ENSINO MÉDIO COMPLETO";"CASADO(A)";"PRETA";"REPRESENTANTE COMERCIAL";"APTO";"N";27000;"NÃO ELEITO";324;4625,12;"Outros Recursos, Fundo Partidario";"Recursos próprios, Recursos de outros candidatos, Recursos de partido político"
250000011657;"RONALDO GONÇALVES DA SILVA";"#NULO#";"PV";"MASCULINO";"ENSINO MÉDIO COMPLETO";"SOLTEIRO(A)";"PARDA";"EMPRESÁRIO";"APTO";"N";NA;"SUPLENTE";297;NA;NA;NA
250000011000;"PATRICIA ELISUA DE OLIVEIRA FERREIRA FERNANDES";"#NULO#";"PSB";"FEMININO";"SUPERIOR COMPLETO";"CASADO(A)";"BRANCA";"ADVOGADO";"APTO";"N";NA;"SUPLENTE";1245;NA;NA;NA
250000011026;"SALVADOR SERRATO";"#NULO#";"DEM";"MASCULINO";"SUPERIOR COMPLETO";"CASADO(A)";"BRANCA";"EMPRESÁRIO";"APTO";"N";430000;"SUPLENTE";584;3594,8;"Outros Recursos, Fundo Partidario";"Recursos de outros candidatos, Recursos de partido político"
250000058384;"RICARDO MARTINS PEREIRA";"#NULO#";"PTN";"MASCULINO";"SUPERIOR COMPLETO";"CASADO(A)";"BRANCA";"ADVOGADO";"APTO";"N";29000;"SUPLENTE";1915;1351,17;"Outros Recursos";"Recursos próprios, Recursos de partido político"
250000040553;"INALDO JOSÉ RAIMUNDO";"#NULO#";"SD";"MASCULINO";"SUPERIOR COMPLETO";"CASADO(A)";"PRETA";"APOSENTADO (EXCETO SERVIDOR PÚBLICO)";"APTO";"N";10000;"NÃO ELEITO";178;NA;NA;NA
250000006185;"FENELON GONÇALVES DA COSTA";"#NULO#";"PC do B";"MASCULINO";"SUPERIOR COMPLETO";"SOLTEIRO(A)";"BRANCA";"OUTROS";"APTO";"N";NA;"NÃO ELEITO";238;5436,45;"Outros Recursos";"Recursos de pessoas físicas, Recursos de partido político"
250000010864;"CARLOS ALBERTO DE JESUS ANTUNES RAMOS";"#NULO#";"PHS";"MASCULINO";"SUPERIOR COMPLETO";"CASADO(A)";"BRANCA";"SERVIDOR PÚBLICO ESTADUAL";"APTO";"N";1770000;"SUPLENTE";865;NA;NA;NA
250000006179;"DENIS VEIGA JUNIOR";"#NULO#";"PC do B";"MASCULINO";"SUPERIOR COMPLETO";"SEPARADO(A) JUDICIALMENTE";"BRANCA";"ADVOGADO";"APTO";"N";48557,68;"NÃO ELEITO";1053;4843,67;"Outros Recursos, Fundo Partidario";"Recursos de partido político, Recursos de pessoas físicas"
250000038379;"WALTER DOMARASCKI";"#NULO#";"PSDC";"MASCULINO";"ENSINO MÉDIO COMPLETO";"CASADO(A)";"BRANCA";"TAXISTA";"APTO";"N";245286,18;"NÃO ELEITO";250;10878,8;"Outros Recursos, Fundo Partidario";"Recursos próprios, Recursos de pessoas físicas, Recursos de partido político, Recursos de outros candidatos"
250000027279;"LUIZ CARLOS MODUGNO";"#NULO#";"PRP";"MASCULINO";"ENSINO FUNDAMENTAL COMPLETO";"SOLTEIRO(A)";"BRANCA";"COMERCIANTE";"APTO";"N";NA;"NÃO ELEITO";1623;NA;NA;NA
250000008331;"SONIA MARIA ALVES PEREIRA LIMA";"#NULO#";"PRB";"FEMININO";"SUPERIOR COMPLETO";"SEPARADO(A) JUDICIALMENTE";"BRANCA";"APOSENTADO (EXCETO SERVIDOR PÚBLICO)";"APTO";"N";1047280,13;"SUPLENTE";80;8587,5;"Outros Recursos, Fundo Partidario";"Recursos próprios, Recursos de partido político"
250000058407;"SHINSHO TAKARA";"#NULO#";"PTN";"MASCULINO";"SUPERIOR COMPLETO";"CASADO(A)";"AMARELA";"ENGENHEIRO";"APTO";"N";69801,22;"SUPLENTE";605;3013,3;"Outros Recursos, Fundo Partidario";"Recursos próprios, Recursos de outros candidatos"
250000027310;"EDSON TEIXEIRA";"#NULO#";"PTC";"MASCULINO";"SUPERIOR COMPLETO";"CASADO(A)";"BRANCA";"PROFESSOR DE ENSINO MÉDIO";"APTO";"N";48000;"NÃO ELEITO";216;NA;NA;NA
250000027341;"ROSA GOMES DA FONSECA RIBEIRO";"#NULO#";"PT do B";"FEMININO";"ENSINO MÉDIO COMPLETO";"CASADO(A)";"PARDA";"DONA DE CASA";"APTO";"N";NA;"NÃO ELEITO";66;NA;NA;NA
250000006166;"FERNANDO ANTONIO ALVES DE SOUZA";"#NULO#";"PC do B";"MASCULINO";"SUPERIOR COMPLETO";"DIVORCIADO(A)";"PRETA";"SERVIDOR PÚBLICO ESTADUAL";"APTO";"N";93065,96;"NÃO ELEITO";665;6331,45;"Outros Recursos";"Recursos próprios, Recursos de pessoas físicas, Recursos de partido político"
250000077186;"NATALIA BRAGA COSTA PIMENTA";"#NULO#";"PCO";"FEMININO";"SUPERIOR COMPLETO";"SOLTEIRO(A)";"BRANCA";"TRADUTOR, INTÉRPRETE E FILÓLOGO";"APTO";"N";NA;"NÃO ELEITO";77;NA;NA;NA
250000040612;"OSVALDO NUNES PEREIRA";"#NULO#";"SD";"MASCULINO";"ENSINO FUNDAMENTAL COMPLETO";"CASADO(A)";"PARDA";"OUTROS";"APTO";"N";290000;"NÃO ELEITO";346;280;"Outros Recursos";"Recursos próprios"
250000008333;"VALDINEIA MEIRA MOTA";"#NULO#";"PRB";"FEMININO";"SUPERIOR COMPLETO";"CASADO(A)";"BRANCA";"PROFESSOR DE ENSINO FUNDAMENTAL";"APTO";"N";17000;"SUPLENTE";3271;18744,47;"Outros Recursos, Fundo Partidario";"Recursos próprios, Recursos de partido político, Recursos de outros candidatos, Recursos de pessoas físicas"
250000008330;"RICARDO ELIAS IRALLA";"#NULO#";"PRB";"MASCULINO";"ENSINO MÉDIO COMPLETO";"DIVORCIADO(A)";"PARDA";"OUTROS";"APTO";"N";90000;"SUPLENTE";949;5195,01;"Fundo Partidario";"Recursos de partido político"
250000050158;"EDINORA MARIA DO NASCIMENTO JESUS";"#NULO#";"PSL";"FEMININO";"ENSINO MÉDIO COMPLETO";"CASADO(A)";"PARDA";"ENFERMEIRO";"APTO";"N";294000;"NÃO ELEITO";1354;NA;NA;NA
250000058376;"ITAMAR VENANCIO DAS NEVES";"#NULO#";"PTN";"FEMININO";"SUPERIOR INCOMPLETO";"DIVORCIADO(A)";"INDÍGENA";"AGENTE DE SAÚDE E SANITARISTA";"APTO";"N";NA;"SUPLENTE";321;NA;NA;NA
250000058406;"ROSIMERY SANTANA ROSA";"#NULO#";"PTN";"FEMININO";"ENSINO MÉDIO COMPLETO";"SOLTEIRO(A)";"BRANCA";"OUTROS";"APTO";"N";NA;"SUPLENTE";293;NA;NA;NA
250000027336;"GILVAN RIBEIRO XAVIER";"#NULO#";"PT do B";"MASCULINO";"SUPERIOR INCOMPLETO";"SOLTEIRO(A)";"BRANCA";"VENDEDOR PRACISTA, REPRESENTANTE, CAIXEIRO-VIAJANTE E ASSEMELHADOS";"APTO";"N";NA;"NÃO ELEITO";163;NA;NA;NA
250000019172;"HÉLIO TERUO TAKATA";"#NULO#";"PTB";"MASCULINO";"SUPERIOR COMPLETO";"CASADO(A)";"AMARELA";"EMPRESÁRIO";"APTO";"N";1568276,62;"SUPLENTE";2358;5000;"Outros Recursos";"Recursos próprios"
250000038367;"RAFAEL ANGELO ABUD";"#NULO#";"PSDC";"MASCULINO";"SUPERIOR COMPLETO";"DIVORCIADO(A)";"BRANCA";"PROFESSOR DE ENSINO SUPERIOR";"APTO";"N";42000;"NÃO ELEITO";181;2366,98;"Fundo Partidario, Outros Recursos";"Recursos de partido político, Recursos de outros candidatos, Recursos de pessoas físicas"
250000015102;"RENATA VIEIRA SILVA E SOUSA";"#NULO#";"REDE";"FEMININO";"SUPERIOR COMPLETO";"CASADO(A)";"BRANCA";"ADVOGADO";"APTO";"N";480837,05;"NÃO ELEITO";315;200;"Outros Recursos";"Recursos próprios"
250000015105;"MARCIO FERREIRA DE ARAUJO JUNIOR";"#NULO#";"REDE";"MASCULINO";"SUPERIOR COMPLETO";"SOLTEIRO(A)";"PRETA";"CIENTISTA POLÍTICO";"APTO";"N";NA;"NÃO ELEITO";2140;18299,98;"Outros Recursos";"Recursos de pessoas físicas"
250000038326;"EDUARDO TSUNEO SAITO";"#NULO#";"PSDC";"MASCULINO";"SUPERIOR COMPLETO";"CASADO(A)";"AMARELA";"POLICIAL CIVIL";"APTO";"N";369801,18;"NÃO ELEITO";562;5261,12;"Outros Recursos, Fundo Partidario";"Recursos próprios, Recursos de partido político, Recursos de outros candidatos, Recursos de pessoas físicas"
250000038415;"ANDERSON DOS SANTOS";"#NULO#";"PSDC";"MASCULINO";"ENSINO MÉDIO COMPLETO";"CASADO(A)";"PRETA";"COMERCIANTE";"APTO";"N";130000;"NÃO ELEITO";397;NA;NA;NA
250000005009;"LEANDRO BRAGA SOUZA";"#NULO#";"PSDB";"MASCULINO";"SUPERIOR COMPLETO";"CASADO(A)";"PARDA";"EMPRESÁRIO";"APTO";"N";15000;"SUPLENTE";3089;23821,56;"Outros Recursos, Fundo Partidario";"Recursos próprios, Recursos de pessoas físicas, Recursos de outros candidatos, Recursos de partido político"
250000040562;"ADEMIR ALONSO";"#NULO#";"SD";"MASCULINO";"ENSINO MÉDIO COMPLETO";"CASADO(A)";"BRANCA";"APOSENTADO (EXCETO SERVIDOR PÚBLICO)";"APTO";"N";50000;"NÃO ELEITO";545;4980,5;"Outros Recursos, Fundo Partidario";"Recursos próprios, Recursos de partido político"
250000008373;"AMAURI DA SILVA";"#NULO#";"PSC";"MASCULINO";"ENSINO MÉDIO COMPLETO";"DIVORCIADO(A)";"BRANCA";"OUTROS";"APTO";"N";36000;"SUPLENTE";17790;71953,33;"Outros Recursos, Fundo Partidario";"Recursos próprios, Recursos de pessoas físicas, Recursos de partido político"
250000010855;"ROGÉRIO DE PAULA MATEUS";"#NULO#";"PPS";"MASCULINO";"SUPERIOR COMPLETO";"CASADO(A)";"PRETA";"SERVENTUÁRIO DE JUSTIÇA";"APTO";"N";NA;"SUPLENTE";555;NA;NA;NA
250000010905;"ROSANA PEREIRA DA SILVA";"#NULO#";"PHS";"FEMININO";"ENSINO MÉDIO COMPLETO";"DIVORCIADO(A)";"PARDA";"TAXISTA";"APTO";"N";6611369,85;"SUPLENTE";336;NA;NA;NA
250000014876;"MARZENI PEREIRA DA SILVA";"#NULO#";"PSOL";"MASCULINO";"SUPERIOR COMPLETO";"CASADO(A)";"PARDA";"OUTROS";"APTO";"N";3e+05;"SUPLENTE";1589;NA;NA;NA
250000022154;"WADIH JORGE MUTRAN";"#NULO#";"PDT";"MASCULINO";"SUPERIOR COMPLETO";"CASADO(A)";"BRANCA";"VEREADOR";"APTO";"S";4794190,61;"SUPLENTE";17646;231522,96;"Outros Recursos";"Recursos próprios, Recursos de pessoas físicas"
250000013957;"SUELI DE MELO";"#NULO#";"PRTB";"FEMININO";"ENSINO FUNDAMENTAL COMPLETO";"DIVORCIADO(A)";"PARDA";"COMERCIANTE";"APTO";"N";471500;"NÃO ELEITO";567;NA;NA;NA
250000014870;"CAIO JÚLIO CESAR DEZORZI";"#NULO#";"PSOL";"MASCULINO";"SUPERIOR COMPLETO";"SOLTEIRO(A)";"BRANCA";"OUTROS";"APTO";"N";NA;"SUPLENTE";1266;1115;"Outros Recursos";"Recursos de pessoas físicas"
250000005822;"GENYS ALVES JUNIOR";"#NULO#";"NOVO";"MASCULINO";"SUPERIOR COMPLETO";"CASADO(A)";"BRANCA";"ADVOGADO";"APTO";"N";621720,85;"SUPLENTE";1415;7300;"Outros Recursos";"Recursos próprios, Recursos de pessoas físicas"
250000006170;"MONICA VIVIANE CHAVES CORREA SISMANOGLU";"#NULO#";"PC do B";"FEMININO";"SUPERIOR COMPLETO";"CASADO(A)";"BRANCA";"ADVOGADO";"APTO";"N";47500;"NÃO ELEITO";265;9105,89;"Outros Recursos";"Recursos de partido político, Recursos de pessoas físicas"
250000006174;"ADELSON FERREIRA DA SILVA";"#NULO#";"PC do B";"MASCULINO";"SUPERIOR INCOMPLETO";"SOLTEIRO(A)";"BRANCA";"OUTROS";"APTO";"N";427000;"NÃO ELEITO";233;NA;NA;NA
250000050164;"PAULO SERGIO DE ALMEIDA BRAGA";"#NULO#";"PSL";"MASCULINO";"ENSINO MÉDIO INCOMPLETO";"CASADO(A)";"BRANCA";"APOSENTADO (EXCETO SERVIDOR PÚBLICO)";"APTO";"N";NA;"NÃO ELEITO";2017;NA;NA;NA
250000019187;"MARIA APARECIDA PINTO SANCHEZ";"#NULO#";"PTB";"FEMININO";"SUPERIOR COMPLETO";"CASADO(A)";"BRANCA";"OUTROS";"APTO";"N";585905,56;"SUPLENTE";191;NA;NA;NA
250000011001;"PAULO ROBERTO DE ABREU";"#NULO#";"PSB";"MASCULINO";"SUPERIOR COMPLETO";"CASADO(A)";"BRANCA";"PROFESSOR DE ENSINO SUPERIOR";"APTO";"N";542344,14;"SUPLENTE";761;NA;NA;NA
250000011021;"MAURO KOVTUN SLIACHTICAS";"#NULO#";"DEM";"MASCULINO";"SUPERIOR COMPLETO";"SOLTEIRO(A)";"BRANCA";"ADMINISTRADOR";"APTO";"N";NA;"SUPLENTE";496;2615,83;"Outros Recursos, Fundo Partidario";"Recursos de outros candidatos, Recursos de partido político"
250000013937;"DANIELA RODRIGUES SIQUEIRA CAMPOS";"#NULO#";"PRTB";"FEMININO";"ENSINO MÉDIO INCOMPLETO";"DIVORCIADO(A)";"BRANCA";"OUTROS";"APTO";"N";NA;"NÃO ELEITO";186;NA;NA;NA
250000006182;"EDILENE SOUZA MACHADO";"#NULO#";"PC do B";"FEMININO";"SUPERIOR INCOMPLETO";"SOLTEIRO(A)";"BRANCA";"BANCÁRIO E ECONOMIÁRIO";"APTO";"N";NA;"NÃO ELEITO";211;11054,72;"Outros Recursos";"Recursos de pessoas físicas, Recursos de partido político"
250000019159;"ROQUE PINHEIRO GODOY";"#NULO#";"PTB";"MASCULINO";"SUPERIOR COMPLETO";"CASADO(A)";"PARDA";"COMERCIANTE";"APTO";"N";163389,24;"SUPLENTE";1871;21378;"Outros Recursos, Fundo Partidario";"Recursos próprios, Recursos de pessoas físicas, Recursos de partido político"
250000020818;"DICESAR FERREIRA DOS SANTOS";"#NULO#";"PMDB";"MASCULINO";"ENSINO FUNDAMENTAL INCOMPLETO";"SOLTEIRO(A)";"BRANCA";"MANICURE E MAQUILADOR";"APTO";"N";728000;"SUPLENTE";2932;NA;NA;NA
250000019156;"SÉTIMA MARIA VIEIRA DE ARAUJO";"#NULO#";"PTB";"FEMININO";"SUPERIOR COMPLETO";"CASADO(A)";"PARDA";"PEDAGOGO";"APTO";"N";350000;"SUPLENTE";1321;18030;"Outros Recursos, Fundo Partidario";"Recursos de partido político, Recursos próprios, Recursos de pessoas físicas"
250000019160;"MARCO ANTONIO COMBERTINO";"#NULO#";"PTB";"MASCULINO";"ENSINO MÉDIO COMPLETO";"CASADO(A)";"BRANCA";"COMERCIANTE";"APTO";"N";29000;"SUPLENTE";596;NA;NA;NA
250000022138;"RITA DE CASSIA DA SILVA VASCONCELOS";"#NULO#";"PROS";"FEMININO";"ENSINO MÉDIO COMPLETO";"SOLTEIRO(A)";"PARDA";"ADMINISTRADOR";"APTO";"N";NA;"SUPLENTE";305;NA;NA;NA
250000040585;"EDSON SILVA SANTOS";"#NULO#";"SD";"MASCULINO";"ENSINO FUNDAMENTAL INCOMPLETO";"DIVORCIADO(A)";"PARDA";"OUTROS";"APTO";"N";NA;"NÃO ELEITO";292;6980,5;"Outros Recursos, Fundo Partidario";"Recursos de pessoas físicas, Recursos de partido político"
250000062791;"LUIZ HENRIQUE CASARETTI";"#NULO#";"PATRIOTA";"MASCULINO";"SUPERIOR COMPLETO";"CASADO(A)";"BRANCA";"PSICÓLOGO";"APTO";"N";693331,17;"NÃO ELEITO";504;NA;NA;NA
250000004996;"ROBERTO GUASTELLI TESTASECCA";"#NULO#";"PSDB";"MASCULINO";"SUPERIOR COMPLETO";"CASADO(A)";"BRANCA";"EMPRESÁRIO";"APTO";"N";392173,77;"SUPLENTE";2899;NA;NA;NA
250000014879;"RAPHAEL MARTINS FERRIS";"#NULO#";"PSOL";"MASCULINO";"SUPERIOR COMPLETO";"SOLTEIRO(A)";"BRANCA";"FISIOTERAPEUTA E TERAPEUTA OCUPACIONAL";"APTO";"N";460000;"SUPLENTE";1127;2850;"Outros Recursos";"Recursos próprios, Recursos de pessoas físicas"
250000038349;"SIMONE MICHICO GAVA HIEDA";"#NULO#";"PSDC";"FEMININO";"SUPERIOR INCOMPLETO";"DIVORCIADO(A)";"AMARELA";"OUTROS";"APTO";"N";14000;"NÃO ELEITO";29;NA;NA;NA
250000011642;"MAURO PINTO FERREIRA";"#NULO#";"PV";"MASCULINO";"ENSINO MÉDIO COMPLETO";"CASADO(A)";"BRANCA";"TAXISTA";"APTO";"N";16850;"SUPLENTE";598;1060;"Outros Recursos";"Recursos próprios"
250000010885;"JOSE AN";"#NULO#";"PHS";"MASCULINO";"SUPERIOR COMPLETO";"DIVORCIADO(A)";"BRANCA";"POLICIAL CIVIL";"APTO";"N";185000;"SUPLENTE";362;NA;NA;NA
250000027292;"ANTONIO ORDEIRDO MAURICIO SILVA";"#NULO#";"PRP";"MASCULINO";"LÊ E ESCREVE";"DIVORCIADO(A)";"BRANCA";"MOTORISTA DE VEÍCULOS DE TRANSPORTE COLETIVO DE PASSAGEIROS";"APTO";"N";NA;"NÃO ELEITO";368;NA;NA;NA
250000004983;"CELIA REGINA SILVA BICUDO";"#NULO#";"PSDB";"FEMININO";"SUPERIOR COMPLETO";"CASADO(A)";"BRANCA";"APOSENTADO (EXCETO SERVIDOR PÚBLICO)";"APTO";"N";775000;"SUPLENTE";1887;NA;NA;NA
250000058391;"LUIZ PASCHOAL";"#NULO#";"PTN";"MASCULINO";"ENSINO MÉDIO COMPLETO";"CASADO(A)";"BRANCA";"ADMINISTRADOR";"APTO";"N";1138974,69;"SUPLENTE";12029;93168,59;"Fundo Partidario, Outros Recursos";"Recursos de outros candidatos, Recursos de pessoas físicas, Recursos de partido político"
250000022139;"RODINEI FERREIRA SOUZA";"#NULO#";"PROS";"MASCULINO";"ENSINO FUNDAMENTAL COMPLETO";"CASADO(A)";"PARDA";"SUPERVISOR, INSPETOR E AGENTE DE COMPRAS E VENDAS";"APTO";"N";NA;"SUPLENTE";1666;69097,12;"Outros Recursos, Fundo Partidario";"Recursos de partido político, Recursos próprios, Recursos de pessoas físicas"
250000020850;"PAULO EDUARDO LEITÃO TEIXEIRA";"#NULO#";"PSD";"MASCULINO";"ENSINO MÉDIO COMPLETO";"CASADO(A)";"BRANCA";"CORRETOR DE IMÓVEIS, SEGUROS, TÍTULOS E VALORES";"APTO";"N";338973,06;"SUPLENTE";259;700;"Outros Recursos";"Recursos próprios"
250000019197;"PAULO BORGES SIQUEIRA";"#NULO#";"PTB";"MASCULINO";"SUPERIOR COMPLETO";"CASADO(A)";"PARDA";"EMPRESÁRIO";"APTO";"N";NA;"SUPLENTE";1178;NA;NA;NA
250000010902;"PATRICIA SALINAS CICARELLI";"#NULO#";"PHS";"FEMININO";"SUPERIOR COMPLETO";"CASADO(A)";"BRANCA";"PSICÓLOGO";"APTO";"N";50000;"SUPLENTE";694;NA;NA;NA
250000008325;"FABIANO MESSIAS BORGES DA SILVA";"#NULO#";"PRB";"MASCULINO";"SUPERIOR COMPLETO";"CASADO(A)";"BRANCA";"SERVIDOR PÚBLICO ESTADUAL";"APTO";"N";120000;"SUPLENTE";2165;6417,5;"Outros Recursos";"Recursos próprios, Recursos de partido político"
250000011011;"ROBERVAL CONTE LOPES LIMA";"#NULO#";"PP";"MASCULINO";"SUPERIOR COMPLETO";"CASADO(A)";"BRANCA";"POLICIAL MILITAR";"APTO";"S";2855523,47;"ELEITO POR QP";80052;214125,56;"Outros Recursos, Fundo Partidario";"Recursos próprios, Recursos de pessoas físicas, Recursos de outros candidatos, Recursos de partido político"
250000020844;"MARCELO PEREIRA MACEDO";"#NULO#";"PSD";"MASCULINO";"SUPERIOR COMPLETO";"CASADO(A)";"BRANCA";"EMPRESÁRIO";"APTO";"N";NA;"SUPLENTE";110;NA;NA;NA
250000022076;"ARSELINO ROQUE TATTO";"#NULO#";"PT";"MASCULINO";"SUPERIOR COMPLETO";"CASADO(A)";"BRANCA";"VEREADOR";"APTO";"S";620882;"ELEITO POR MÉDIA";26596;196455,09;"Outros Recursos, Fundo Partidario";"Recursos de pessoas físicas, Recursos de partido político"
250000005800;"RODRIGO DE FREITAS BORGES FONSECA";"#NULO#";"NOVO";"MASCULINO";"SUPERIOR COMPLETO";"CASADO(A)";"BRANCA";"ENGENHEIRO";"APTO";"N";1042000;"SUPLENTE";7343;52144,15;"Outros Recursos";"Recursos de pessoas físicas, Doações pela Internet"
250000006168;"JORGE ANTONIO DA SILVA";"#NULO#";"PC do B";"MASCULINO";"ENSINO MÉDIO COMPLETO";"CASADO(A)";"PRETA";"SERVIDOR PÚBLICO FEDERAL";"APTO";"N";550000;"NÃO ELEITO";1429;22719,25;"Outros Recursos, Fundo Partidario";"Recursos próprios, Recursos de partido político"
250000008358;"VALTER ALVES DE PAIVA";"#NULO#";"PRB";"MASCULINO";"SUPERIOR COMPLETO";"CASADO(A)";"BRANCA";"ADVOGADO";"APTO";"N";510037,24;"SUPLENTE";659;NA;NA;NA
250000040601;"ELVIS VIEIRA DAVID DE BRITO";"#NULO#";"SD";"MASCULINO";"ENSINO MÉDIO COMPLETO";"DIVORCIADO(A)";"BRANCA";"MOTORISTA PARTICULAR";"APTO";"N";NA;"NÃO ELEITO";118;NA;NA;NA
250000008356;"MARIA VERONICE BELARMINO DE FREITAS";"#NULO#";"PRB";"FEMININO";"ENSINO FUNDAMENTAL INCOMPLETO";"CASADO(A)";"BRANCA";"DONA DE CASA";"APTO";"N";NA;"SUPLENTE";355;NA;NA;NA
250000038344;"REGINA MARIANO";"#NULO#";"PSDC";"FEMININO";"ENSINO MÉDIO COMPLETO";"SOLTEIRO(A)";"PRETA";"OUTROS";"APTO";"N";NA;"NÃO ELEITO";14;NA;NA;NA
250000014874;"MARIA DE LOURDES OLIVEIRA";"#NULO#";"PSOL";"FEMININO";"SUPERIOR COMPLETO";"DIVORCIADO(A)";"BRANCA";"APOSENTADO (EXCETO SERVIDOR PÚBLICO)";"APTO";"N";450000;"SUPLENTE";182;3535,05;"Outros Recursos";"Recursos próprios"
250000050189;"LEONOR LISBOA ALVES";"#NULO#";"PSL";"FEMININO";"ENSINO MÉDIO COMPLETO";"SEPARADO(A) JUDICIALMENTE";"PARDA";"VIGILANTE";"APTO";"N";NA;"NÃO ELEITO";437;NA;NA;NA
250000040589;"CRISPINIANO BOMFIM DE SANTANA";"#NULO#";"SD";"MASCULINO";"ENSINO MÉDIO COMPLETO";"SOLTEIRO(A)";"BRANCA";"EMPRESÁRIO";"APTO";"N";NA;"NÃO ELEITO";82;NA;NA;NA
250000011674;"DORALICE MARIA DE JESUS SILVA";"#NULO#";"PV";"FEMININO";"SUPERIOR COMPLETO";"CASADO(A)";"PARDA";"ENFERMEIRO";"APTO";"N";NA;"SUPLENTE";659;NA;NA;NA
250000008303;"ROGER LIN";"#NULO#";"PRB";"MASCULINO";"SUPERIOR COMPLETO";"CASADO(A)";"AMARELA";"MÉDICO";"APTO";"N";1196381,68;"SUPLENTE";6186;NA;NA;NA
250000019149;"LEANDRO CABRAL DA CONCEIÇÃO";"#NULO#";"PTB";"MASCULINO";"SUPERIOR COMPLETO";"SOLTEIRO(A)";"PRETA";"OUTROS";"APTO";"N";1e+05;"SUPLENTE";1282;NA;NA;NA
250000006204;"VALÉRIA RODRIGUES";"#NULO#";"PC do B";"FEMININO";"ENSINO MÉDIO COMPLETO";"SOLTEIRO(A)";"PARDA";"OUTROS";"APTO";"N";NA;"NÃO ELEITO";57;NA;NA;NA
250000020807;"JURACI SOUZA SANTANA";"#NULO#";"PMDB";"MASCULINO";"ENSINO MÉDIO COMPLETO";"SOLTEIRO(A)";"BRANCA";"MOTORISTA DE VEÍCULOS DE TRANSPORTE COLETIVO DE PASSAGEIROS";"APTO";"N";352157,6;"SUPLENTE";3352;19292,65;"Outros Recursos";"Recursos próprios, Recursos de pessoas físicas"
250000020831;"FERNANDO JOSÉ VELUCCI";"#NULO#";"PSD";"MASCULINO";"SUPERIOR COMPLETO";"CASADO(A)";"BRANCA";"EMPRESÁRIO";"APTO";"N";523591,08;"SUPLENTE";2977;1320;"Outros Recursos";"Recursos próprios"
250000058410;"EVANDRO VICENTE RIBEIRO";"#NULO#";"PTN";"MASCULINO";"ENSINO MÉDIO COMPLETO";"SOLTEIRO(A)";"BRANCA";"ENFERMEIRO";"APTO";"N";NA;"SUPLENTE";676;NA;NA;NA
250000058342;"MARISA BELTRAME";"#NULO#";"PTN";"FEMININO";"SUPERIOR COMPLETO";"SOLTEIRO(A)";"BRANCA";"ADMINISTRADOR";"APTO";"N";NA;"SUPLENTE";770;NA;NA;NA
250000011623;"MARCIO ALEXANDRE PEREIRA";"#NULO#";"PV";"MASCULINO";"SUPERIOR COMPLETO";"SOLTEIRO(A)";"BRANCA";"ADVOGADO";"APTO";"N";150801,91;"SUPLENTE";1584;1410;"Outros Recursos";"Recursos próprios"
250000010878;"FABIANO TAKESHI YAMASHITA";"#NULO#";"PHS";"MASCULINO";"ENSINO MÉDIO COMPLETO";"SOLTEIRO(A)";"BRANCA";"COMERCIANTE";"APTO";"N";62000;"SUPLENTE";1349;NA;NA;NA
250000008334;"VILMA MISSIAS CERQUEIRA DA ROCHA";"#NULO#";"PRB";"FEMININO";"SUPERIOR INCOMPLETO";"CASADO(A)";"PARDA";"OUTROS";"APTO";"N";NA;"SUPLENTE";443;NA;NA;NA
250000008350;"OSVALDO APARECIDO DE JESUS";"#NULO#";"PRB";"MASCULINO";"SUPERIOR COMPLETO";"CASADO(A)";"PARDA";"COMERCIANTE";"APTO";"N";1470000;"SUPLENTE";1737;NA;NA;NA
250000013972;"SIGMAR DUPRE GUIMARAES";"#NULO#";"PRTB";"MASCULINO";"SUPERIOR COMPLETO";"CASADO(A)";"BRANCA";"APOSENTADO (EXCETO SERVIDOR PÚBLICO)";"APTO";"N";307603,38;"NÃO ELEITO";1158;7729,99;"Outros Recursos, Fundo Partidario";"Recursos próprios, Recursos de pessoas físicas, Recursos de partido político"
250000040584;"TANIA CALHEIROS MOTTA";"#NULO#";"SD";"FEMININO";"ENSINO MÉDIO COMPLETO";"SEPARADO(A) JUDICIALMENTE";"BRANCA";"OUTROS";"APTO";"N";NA;"NÃO ELEITO";95;NA;NA;NA
250000022078;"CAROLINE DE MORAES SOARES";"#NULO#";"PT";"FEMININO";"SUPERIOR INCOMPLETO";"SOLTEIRO(A)";"BRANCA";"ESTUDANTE, BOLSISTA, ESTAGIÁRIO E ASSEMELHADOS";"APTO";"N";NA;"SUPLENTE";516;31975,87;"Fundo Partidario, Outros Recursos";"Recursos de partido político, Recursos de outros candidatos, Recursos de pessoas físicas"
250000019135;"MARCELLIE ANUNCIAÇÃO DESSIMONI BATISTA";"#NULO#";"PTB";"FEMININO";"SUPERIOR COMPLETO";"SOLTEIRO(A)";"PARDA";"ENGENHEIRO";"APTO";"N";NA;"SUPLENTE";1830;30000;"Outros Recursos";"Recursos de partido político, Recursos de pessoas físicas"
250000019161;"EDUARDO MARQUES RIBEIRO";"#NULO#";"PTB";"MASCULINO";"SUPERIOR COMPLETO";"CASADO(A)";"BRANCA";"SERVIDOR PÚBLICO ESTADUAL";"APTO";"N";107695;"SUPLENTE";378;1675;"Outros Recursos, Fundo Partidario";"Recursos de partido político, Recursos de outros candidatos, Recursos de pessoas físicas"
250000019203;"MANOEL FERNANDO GOMES RODRIGUES";"#NULO#";"PTB";"MASCULINO";"ENSINO MÉDIO COMPLETO";"CASADO(A)";"BRANCA";"COMERCIANTE";"APTO";"N";362500;"SUPLENTE";3372;NA;NA;NA
250000006202;"TATIANA RODRIGUES ARAUJO";"#NULO#";"PC do B";"FEMININO";"SUPERIOR COMPLETO";"SOLTEIRO(A)";"BRANCA";"MOTORISTA DE VEÍCULOS DE TRANSPORTE COLETIVO DE PASSAGEIROS";"APTO";"N";NA;"NÃO ELEITO";506;5841,45;"Outros Recursos";"Recursos de pessoas físicas, Recursos de partido político"
250000027334;"GENIVAL PEREIRA DA SILVA";"#NULO#";"PT do B";"MASCULINO";"SUPERIOR COMPLETO";"CASADO(A)";"BRANCA";"PROFESSOR DE ENSINO MÉDIO";"APTO";"N";166495,2;"NÃO ELEITO";1415;NA;NA;NA
250000040561;"CLAUDIA CRISTINA LUCAS DRYGALA";"#NULO#";"SD";"FEMININO";"ENSINO MÉDIO COMPLETO";"DIVORCIADO(A)";"BRANCA";"OUTROS";"APTO";"N";12000;"NÃO ELEITO";269;NA;NA;NA
250000010884;"GUILHERME LEVY GARISIO SARTORI";"#NULO#";"PHS";"MASCULINO";"SUPERIOR COMPLETO";"SOLTEIRO(A)";"BRANCA";"ADMINISTRADOR";"APTO";"N";126783,5;"SUPLENTE";2546;42838,3;"Outros Recursos";"Recursos de outros candidatos, Recursos próprios, Recursos de pessoas físicas"
250000006143;"ANTONIO CARLOS DA COSTA GONÇALVES";"#NULO#";"PC do B";"MASCULINO";"SUPERIOR COMPLETO";"CASADO(A)";"PRETA";"ATLETA PROFISSIONAL E TÉCNICO EM DESPORTOS";"APTO";"N";50400,37;"NÃO ELEITO";590;19007,55;"Outros Recursos, Fundo Partidario";"Recursos de partido político"
250000024355;"GABRIELA GUERRERO ARIONE";"#NULO#";"PSTU";"FEMININO";"SUPERIOR COMPLETO";"CASADO(A)";"BRANCA";"PROFESSOR DE ENSINO MÉDIO";"APTO";"N";222000;"NÃO ELEITO";266;NA;NA;NA
250000058360;"ALAX LEANDRO CRIPPA PORTO";"#NULO#";"PTN";"MASCULINO";"ENSINO MÉDIO COMPLETO";"SOLTEIRO(A)";"BRANCA";"ADMINISTRADOR";"APTO";"N";NA;"SUPLENTE";410;NA;NA;NA
250000014898;"DORBERTO ROCHA CARVALHO";"#NULO#";"PSOL";"MASCULINO";"SUPERIOR COMPLETO";"DIVORCIADO(A)";"PARDA";"ESCRITOR E CRÍTICO";"APTO";"N";14500;"SUPLENTE";1994;13879,32;"Outros Recursos";"Recursos próprios, Recursos de pessoas físicas"
250000020830;"FABIO GOMES SOUTO";"#NULO#";"PSD";"MASCULINO";"SUPERIOR COMPLETO";"SOLTEIRO(A)";"BRANCA";"OUTROS";"APTO";"N";NA;"SUPLENTE";1544;NA;NA;NA
250000005824;"ISABEL CRISTINA ALVES BARCELLO";"#NULO#";"NOVO";"FEMININO";"SUPERIOR INCOMPLETO";"SOLTEIRO(A)";"PRETA";"ESTUDANTE, BOLSISTA, ESTAGIÁRIO E ASSEMELHADOS";"APTO";"N";0,1;"SUPLENTE";399;NA;NA;NA
250000050177;"ROMILDO FIDELIS";"#NULO#";"PSL";"MASCULINO";"ENSINO MÉDIO INCOMPLETO";"SOLTEIRO(A)";"BRANCA";"VIGILANTE";"APTO";"N";160000;"NÃO ELEITO";345;446,21;"Outros Recursos, Fundo Partidario";"Recursos de outros candidatos, Recursos de partido político"
250000062795;"JEAN PAULO MICHELETTI";"#NULO#";"PATRIOTA";"MASCULINO";"ENSINO FUNDAMENTAL INCOMPLETO";"SOLTEIRO(A)";"BRANCA";"OUTROS";"APTO";"N";NA;"NÃO ELEITO";97;NA;NA;NA
250000011638;"ANDRE LUIZ CAGNI";"#NULO#";"PV";"MASCULINO";"SUPERIOR COMPLETO";"SOLTEIRO(A)";"BRANCA";"PRODUTOR DE ESPETÁCULOS PÚBLICOS";"APTO";"N";230579,59;"SUPLENTE";2065;2450;"Outros Recursos";"Recursos próprios, Recursos de pessoas físicas"
250000004987;"CLAUDIO ROBERTO BARBOSA DE SOUZA";"#NULO#";"PSDB";"MASCULINO";"ENSINO FUNDAMENTAL COMPLETO";"SEPARADO(A) JUDICIALMENTE";"BRANCA";"VEREADOR";"APTO";"S";549004,68;"ELEITO POR MÉDIA";24923;325740;"Outros Recursos, Fundo Partidario";"Recursos de outros candidatos, Recursos próprios, Recursos de pessoas físicas"
250000077187;"DORALICE DOS SANTOS";"#NULO#";"PCO";"FEMININO";"SUPERIOR COMPLETO";"SOLTEIRO(A)";"BRANCA";"ASSISTENTE SOCIAL";"APTO";"N";NA;"NÃO ELEITO";65;NA;NA;NA
250000093983;"RENIA APARECIDA PEREIRA VAZ AMARANTE";"#NULO#";"PSL";"FEMININO";"LÊ E ESCREVE";"SOLTEIRO(A)";"BRANCA";"MOTORISTA DE VEÍCULOS DE TRANSPORTE COLETIVO DE PASSAGEIROS";"APTO";"N";NA;"NÃO ELEITO";207;NA;NA;NA
250000011649;"MARCOS NERES ASSIS";"#NULO#";"PV";"MASCULINO";"SUPERIOR COMPLETO";"CASADO(A)";"PRETA";"REPRESENTANTE COMERCIAL";"APTO";"N";NA;"SUPLENTE";735;NA;NA;NA
250000008343;"SIDNEY SAULO DE OLIVEIRA";"#NULO#";"PRB";"MASCULINO";"SUPERIOR INCOMPLETO";"SOLTEIRO(A)";"BRANCA";"EMPRESÁRIO";"APTO";"N";88421,41;"SUPLENTE";5833;NA;NA;NA
250000050143;"AGEU DA CRUZ ALMEIDA";"#NULO#";"PSL";"MASCULINO";"ENSINO MÉDIO COMPLETO";"CASADO(A)";"PRETA";"POLICIAL MILITAR";"APTO";"N";NA;"NÃO ELEITO";1271;4588,41;"Outros Recursos, Fundo Partidario";"Recursos próprios, Recursos de outros candidatos, Recursos de partido político"
250000077184;"MARCIO ROBERTO OLIVEIRA";"#NULO#";"PCO";"MASCULINO";"ENSINO MÉDIO COMPLETO";"SOLTEIRO(A)";"PARDA";"AGENTE DE SERVIÇOS FUNERÁRIOS E EMBALSAMADOR";"APTO";"N";7000;"NÃO ELEITO";56;NA;NA;NA
250000027318;"JOSE ROBERTO DO NASCIMENTO";"#NULO#";"PTC";"MASCULINO";"ENSINO MÉDIO COMPLETO";"CASADO(A)";"PRETA";"OUTROS";"APTO";"N";NA;"NÃO ELEITO";40;NA;NA;NA
250000022077;"CARIN SANCHES DE MORAES";"#NULO#";"PT";"FEMININO";"SUPERIOR COMPLETO";"SOLTEIRO(A)";"PRETA";"PROFESSOR DE ENSINO FUNDAMENTAL";"APTO";"N";16500;"SUPLENTE";295;9727,27;"Outros Recursos, Fundo Partidario";"Recursos de outros candidatos, Recursos de partido político"
250000005003;"DANIEL ANNENBERG";"#NULO#";"PSDB";"MASCULINO";"SUPERIOR COMPLETO";"CASADO(A)";"BRANCA";"ADMINISTRADOR";"APTO";"N";528737,09;"ELEITO POR QP";36983;622449,26;"Outros Recursos";"Recursos de pessoas físicas, Doações pela Internet, Recursos de partido político, Recursos de outros candidatos, Rendimentos de aplicações financeiras, Recursos próprios"
250000050183;"LUIZ CARLOS CORREA";"#NULO#";"PSL";"MASCULINO";"SUPERIOR COMPLETO";"CASADO(A)";"BRANCA";"SERVIDOR PÚBLICO ESTADUAL";"APTO";"N";341947,3;"NÃO ELEITO";503;NA;NA;NA
250000013936;"CLAUDIO RIBEIRO";"#NULO#";"PRTB";"MASCULINO";"ENSINO MÉDIO COMPLETO";"CASADO(A)";"BRANCA";"CORRETOR DE IMÓVEIS, SEGUROS, TÍTULOS E VALORES";"APTO";"N";223000;"NÃO ELEITO";144;NA;NA;NA
250000062809;"ROBINSON HERRERO NOVAIS";"#NULO#";"PATRIOTA";"MASCULINO";"ENSINO MÉDIO COMPLETO";"CASADO(A)";"BRANCA";"OUTROS";"APTO";"N";875000;"NÃO ELEITO";2435;2720;"Outros Recursos";"Recursos de pessoas físicas, Recursos de partido político"
250000022092;"MARCIA REGINA GABRIELA CABRAL PEREIRA";"#NULO#";"PT";"FEMININO";"SUPERIOR COMPLETO";"SOLTEIRO(A)";"BRANCA";"ADVOGADO";"APTO";"N";222000;"SUPLENTE";229;22007,27;"Outros Recursos, Fundo Partidario";"Recursos de outros candidatos, Recursos de partido político, Recursos de pessoas físicas"
250000038399;"MARIA LUCIA BORGES";"#NULO#";"PSDC";"FEMININO";"ENSINO MÉDIO COMPLETO";"SOLTEIRO(A)";"BRANCA";"EMPRESÁRIO";"APTO";"N";998800;"NÃO ELEITO";771;2298,66;"Outros Recursos, Fundo Partidario";"Recursos de outros candidatos, Recursos de partido político"
250000006189;"HELENA ROSÂNGELA SILVA SATTIM";"#NULO#";"PC do B";"FEMININO";"ENSINO FUNDAMENTAL COMPLETO";"VIÚVO(A)";"BRANCA";"OUTROS";"APTO";"N";20000;"NÃO ELEITO";263;NA;NA;NA
250000062789;"CARLOS AUGUSTO ALEXANDRE SOARES";"#NULO#";"PATRIOTA";"MASCULINO";"SUPERIOR COMPLETO";"SOLTEIRO(A)";"BRANCA";"PSICÓLOGO";"APTO";"N";NA;"NÃO ELEITO";902;NA;NA;NA
250000027304;"JOÃO BOSCO DANTAS LOPES";"#NULO#";"PRP";"MASCULINO";"ENSINO MÉDIO COMPLETO";"SEPARADO(A) JUDICIALMENTE";"BRANCA";"COMERCIÁRIO";"APTO";"N";NA;"NÃO ELEITO";286;NA;NA;NA
250000008298;"JOSÉ ANDRÉ CEZARIO";"#NULO#";"PRB";"MASCULINO";"ENSINO FUNDAMENTAL COMPLETO";"CASADO(A)";"PRETA";"APOSENTADO (EXCETO SERVIDOR PÚBLICO)";"APTO";"N";350000;"SUPLENTE";1076;NA;NA;NA
250000010880;"GERSON FIUZA DE JESUS";"#NULO#";"PHS";"MASCULINO";"ENSINO FUNDAMENTAL COMPLETO";"CASADO(A)";"PARDA";"VENDEDOR DE COMÉRCIO VAREJISTA E ATACADISTA";"APTO";"N";NA;"SUPLENTE";2062;NA;NA;NA
250000015107;"LUIZ ROGERIO DA SILVA";"#NULO#";"REDE";"MASCULINO";"ENSINO MÉDIO COMPLETO";"SOLTEIRO(A)";"PARDA";"OUTROS";"APTO";"N";500;"NÃO ELEITO";468;NA;NA;NA
250000062810;"JOSE CARLOS ALVES DE AGUIAR";"#NULO#";"PATRIOTA";"MASCULINO";"SUPERIOR COMPLETO";"SOLTEIRO(A)";"BRANCA";"OUTROS";"APTO";"N";97044;"NÃO ELEITO";1905;7000;"Outros Recursos";"Recursos próprios"
250000020839;"JOÃO MARCOS MARTINS";"#NULO#";"PSD";"MASCULINO";"SUPERIOR COMPLETO";"DIVORCIADO(A)";"BRANCA";"EMPRESÁRIO";"APTO";"N";252000;"SUPLENTE";907;8800;"Outros Recursos";"Recursos próprios, Recursos de pessoas físicas"
250000058388;"CREUSA VIEIRA DANTAS ARAUJO";"#NULO#";"PTN";"FEMININO";"SUPERIOR COMPLETO";"CASADO(A)";"BRANCA";"JORNALISTA E REDATOR";"APTO";"N";30000;"SUPLENTE";253;NA;NA;NA
250000044424;"CLEIDE DE ALMEIDA";"#NULO#";"PPL";"FEMININO";"SUPERIOR INCOMPLETO";"SOLTEIRO(A)";"PRETA";"OUTROS";"APTO";"N";NA;"NÃO ELEITO";172;NA;NA;NA
250000019134;"LIA MARCIA PEDROSA MARTINEZ LOPES";"#NULO#";"PTB";"FEMININO";"SUPERIOR COMPLETO";"CASADO(A)";"BRANCA";"EMPRESÁRIO";"APTO";"N";193151;"SUPLENTE";1332;23914,98;"Outros Recursos, Fundo Partidario";"Recursos de partido político, Recursos de outros candidatos, Recursos de pessoas físicas"
250000020816;"SILVANA SACCHIERO";"#NULO#";"PMDB";"FEMININO";"SUPERIOR INCOMPLETO";"SOLTEIRO(A)";"BRANCA";"OUTROS";"APTO";"N";NA;"SUPLENTE";211;NA;NA;NA
250000027270;"ALAINY PRYSCILLA OLIVEIRA DA SILVA";"#NULO#";"PRP";"FEMININO";"ENSINO MÉDIO COMPLETO";"SOLTEIRO(A)";"BRANCA";"EMPRESÁRIO";"APTO";"N";NA;"NÃO ELEITO";127;NA;NA;NA
250000006140;"TIAGO BITENCOURT DE CARVALHO";"#NULO#";"PC do B";"MASCULINO";"ENSINO MÉDIO INCOMPLETO";"CASADO(A)";"BRANCA";"FUNILEIRO";"APTO";"N";58000;"NÃO ELEITO";559;5194,84;"Outros Recursos";"Recursos próprios, Recursos de partido político"
250000062802;"MARIANA TONDIM MASSON";"#NULO#";"PATRIOTA";"FEMININO";"SUPERIOR COMPLETO";"SOLTEIRO(A)";"BRANCA";"OUTROS";"APTO";"N";NA;"NÃO ELEITO";158;NA;NA;NA
250000010876;"MARCELO DE SOUSA TOMAZ";"#NULO#";"PHS";"MASCULINO";"ENSINO FUNDAMENTAL COMPLETO";"DIVORCIADO(A)";"BRANCA";"EMPRESÁRIO";"APTO";"N";197383,47;"SUPLENTE";2957;6000;"Outros Recursos";"Recursos próprios, Recursos de pessoas físicas"
250000050154;"PAULO AGNALDO ROCHA";"#NULO#";"PSL";"MASCULINO";"SUPERIOR COMPLETO";"CASADO(A)";"PARDA";"PROFESSOR DE ENSINO MÉDIO";"APTO";"N";NA;"NÃO ELEITO";289;NA;NA;NA
250000044427;"GILSON DE ALMEIDA VENTURA";"#NULO#";"PPL";"MASCULINO";"SUPERIOR COMPLETO";"CASADO(A)";"PARDA";"OUTROS";"APTO";"N";NA;"NÃO ELEITO";348;NA;NA;NA
250000022117;"FABIANE MARQUES DE SOUZA CAMPOS";"#NULO#";"PR";"FEMININO";"SUPERIOR COMPLETO";"CASADO(A)";"PARDA";"ADVOGADO";"APTO";"N";1320;"SUPLENTE";352;3940;"Outros Recursos, Fundo Partidario";"Recursos de pessoas físicas, Recursos de partido político"
250000020799;"PAULO RIBEIRO";"#NULO#";"PMDB";"MASCULINO";"SUPERIOR COMPLETO";"CASADO(A)";"PARDA";"CORRETOR DE IMÓVEIS, SEGUROS, TÍTULOS E VALORES";"APTO";"N";29320;"SUPLENTE";834;NA;NA;NA
250000022152;"RUBENS WAGNER CALVO";"#NULO#";"PDT";"MASCULINO";"SUPERIOR COMPLETO";"CASADO(A)";"BRANCA";"MÉDICO";"APTO";"S";101533,68;"SUPLENTE";21804;195150;"Outros Recursos";"Recursos próprios, Recursos de pessoas físicas"
250000005007;"HALANA LUCRÉCIA DE AMORIM";"#NULO#";"PSDB";"FEMININO";"SUPERIOR COMPLETO";"SEPARADO(A) JUDICIALMENTE";"BRANCA";"TERAPEUTA";"APTO";"N";47286;"SUPLENTE";1072;NA;NA;NA
250000020786;"ADILSON LUIZ DA CRUZ";"#NULO#";"PMDB";"MASCULINO";"ENSINO MÉDIO COMPLETO";"CASADO(A)";"PARDA";"MOTORISTA PARTICULAR";"APTO";"N";30000;"SUPLENTE";855;NA;NA;NA
250000027267;"RENATA ORTIGOSA";"#NULO#";"PRP";"FEMININO";"SUPERIOR COMPLETO";"SOLTEIRO(A)";"BRANCA";"PROFESSOR DE ENSINO MÉDIO";"APTO";"N";124569,36;"NÃO ELEITO";357;NA;NA;NA
250000058371;"CRISTIANO CAPUTTI";"#NULO#";"PTN";"MASCULINO";"SUPERIOR COMPLETO";"SOLTEIRO(A)";"BRANCA";"MOTORISTA DE VEÍCULOS DE TRANSPORTE COLETIVO DE PASSAGEIROS";"APTO";"N";831000;"SUPLENTE";5483;NA;NA;NA
250000019190;"FERNANDO JOSÉ DOS SANTOS";"#NULO#";"PTB";"MASCULINO";"ENSINO FUNDAMENTAL INCOMPLETO";"CASADO(A)";"PARDA";"APOSENTADO (EXCETO SERVIDOR PÚBLICO)";"APTO";"N";NA;"SUPLENTE";782;285;"Outros Recursos";"Recursos de partido político"
250000027268;"MARCIA REGINA CASATI";"#NULO#";"PRP";"FEMININO";"SUPERIOR COMPLETO";"DIVORCIADO(A)";"BRANCA";"SERVIDOR PÚBLICO ESTADUAL";"APTO";"N";NA;"NÃO ELEITO";153;NA;NA;NA
250000004997;"JOÃO JORGE DE SOUZA";"#NULO#";"PSDB";"MASCULINO";"SUPERIOR COMPLETO";"CASADO(A)";"BRANCA";"SERVIDOR PÚBLICO ESTADUAL";"APTO";"N";971799,9;"ELEITO POR QP";42404;318431,99;"Outros Recursos";"Recursos próprios, Recursos de pessoas físicas"
250000022136;"MARIA JULIANA PATRICIA DA COSTA";"#NULO#";"PROS";"FEMININO";"ENSINO MÉDIO COMPLETO";"CASADO(A)";"PARDA";"ATENDENTE DE LANCHONETE E RESTAURANTE";"APTO";"N";NA;"SUPLENTE";113;NA;NA;NA
250000058367;"CARLOS ALVES COUTINHO";"#NULO#";"PTN";"MASCULINO";"SUPERIOR COMPLETO";"CASADO(A)";"BRANCA";"ADVOGADO";"APTO";"N";1005000;"SUPLENTE";1369;142,2;"Outros Recursos";"Recursos de outros candidatos"
250000062790;"JORGE DONIZETTI RIBEIRO DE MATOS";"#NULO#";"PATRIOTA";"MASCULINO";"SUPERIOR COMPLETO";"SEPARADO(A) JUDICIALMENTE";"BRANCA";"OUTROS";"APTO";"N";504454,49;"NÃO ELEITO";48;NA;NA;NA
250000014872;"JUDIVAL DE JESUS";"#NULO#";"PSOL";"MASCULINO";"ENSINO MÉDIO COMPLETO";"SOLTEIRO(A)";"PARDA";"VIGILANTE";"APTO";"N";309000;"SUPLENTE";670;2500;"Outros Recursos";"Recursos próprios"
250000038418;"APARECIDO LOURENÇO";"#NULO#";"PSDC";"MASCULINO";"ENSINO MÉDIO INCOMPLETO";"CASADO(A)";"PRETA";"COMERCIANTE";"APTO";"N";16000;"NÃO ELEITO";344;NA;NA;NA
250000020796;"SILVIA MARIA DA COSTA PAES";"#NULO#";"PMDB";"FEMININO";"SUPERIOR COMPLETO";"DIVORCIADO(A)";"BRANCA";"SECRETÁRIO E DATILÓGRAFO";"APTO";"N";319000;"SUPLENTE";97;NA;NA;NA
250000093180;"BIANCA GUEDES SOUSA DA SILVA";"#NULO#";"PC do B";"FEMININO";"SUPERIOR INCOMPLETO";"SOLTEIRO(A)";"PRETA";"ESTUDANTE, BOLSISTA, ESTAGIÁRIO E ASSEMELHADOS";"APTO";"N";NA;"NÃO ELEITO";183;NA;NA;NA
250000011018;"FERNANDO SILVA BISPO";"#NULO#";"DEM";"MASCULINO";"ENSINO MÉDIO COMPLETO";"SOLTEIRO(A)";"PRETA";"ESTUDANTE, BOLSISTA, ESTAGIÁRIO E ASSEMELHADOS";"APTO";"N";NA;"ELEITO POR QP";48055;36595;"Outros Recursos";"Recursos de pessoas físicas"
250000027274;"CLEIDE MARIA ARAUJO MODESTO";"#NULO#";"PRP";"FEMININO";"LÊ E ESCREVE";"CASADO(A)";"BRANCA";"COMERCIANTE";"APTO";"N";NA;"NÃO ELEITO";386;NA;NA;NA
250000005815;"KATIA BUENO DE OLIVEIRA";"#NULO#";"NOVO";"FEMININO";"SUPERIOR COMPLETO";"SOLTEIRO(A)";"BRANCA";"EMPRESÁRIO";"APTO";"N";481000;"SUPLENTE";1082;4150;"Outros Recursos";"Recursos próprios, Recursos de pessoas físicas"
250000011691;"MARIA CREUSA DE ALENCAR DURAES";"#NULO#";"PV";"FEMININO";"ENSINO MÉDIO COMPLETO";"SOLTEIRO(A)";"BRANCA";"APOSENTADO (EXCETO SERVIDOR PÚBLICO)";"APTO";"N";NA;"SUPLENTE";230;NA;NA;NA
250000062787;"ARLETE MARIA DOS SANTOS";"#NULO#";"PATRIOTA";"FEMININO";"SUPERIOR COMPLETO";"SOLTEIRO(A)";"BRANCA";"PSICÓLOGO";"APTO";"N";380000;"NÃO ELEITO";101;NA;NA;NA
250000022123;"NAILTON DA SILVA";"#NULO#";"PR";"MASCULINO";"ENSINO FUNDAMENTAL COMPLETO";"CASADO(A)";"PARDA";"MOTORISTA DE VEÍCULOS DE TRANSPORTE COLETIVO DE PASSAGEIROS";"APTO";"N";10098;"SUPLENTE";334;8429,98;"Outros Recursos, Fundo Partidario";"Recursos de partido político, Recursos de pessoas físicas, Recursos de outros candidatos, Recursos próprios"
250000008294;"CARLOS ALBERTO ADÃO";"#NULO#";"PRB";"MASCULINO";"SUPERIOR COMPLETO";"SOLTEIRO(A)";"PRETA";"ECONOMISTA";"APTO";"N";492000;"SUPLENTE";616;13387,5;"Fundo Partidario, Outros Recursos";"Recursos de partido político, Recursos próprios"
250000005795;"RAUL MONEGAGLIA";"#NULO#";"NOVO";"MASCULINO";"SUPERIOR COMPLETO";"CASADO(A)";"BRANCA";"ADVOGADO";"APTO";"N";1296258,88;"SUPLENTE";3354;18950;"Outros Recursos";"Recursos de pessoas físicas"
250000019166;"GILBERTO CELESTINO CAPITAN DIAS";"#NULO#";"PTB";"MASCULINO";"ENSINO MÉDIO COMPLETO";"CASADO(A)";"BRANCA";"REPRESENTANTE COMERCIAL";"APTO";"N";NA;"SUPLENTE";319;NA;NA;NA
250000010861;"DOUGLAS DE JESUS DA SILVA DE SOUZA";"#NULO#";"PHS";"MASCULINO";"ENSINO MÉDIO COMPLETO";"SOLTEIRO(A)";"PARDA";"MOTORISTA DE VEÍCULOS DE TRANSPORTE COLETIVO DE PASSAGEIROS";"APTO";"N";28000;"SUPLENTE";1541;NA;NA;NA
250000040578;"MARIA LUISA FRANCO DE GODOY";"#NULO#";"SD";"FEMININO";"SUPERIOR COMPLETO";"SOLTEIRO(A)";"BRANCA";"PROFESSOR DE ENSINO MÉDIO";"APTO";"N";382857,81;"NÃO ELEITO";308;NA;NA;NA
250000040605;"WAGNER DA SILVA";"#NULO#";"SD";"MASCULINO";"SUPERIOR INCOMPLETO";"CASADO(A)";"BRANCA";"POLICIAL MILITAR";"APTO";"N";124000;"NÃO ELEITO";566;NA;NA;NA
250000038376;"VALDIR LUIZ DOS SANTOS";"#NULO#";"PSDC";"MASCULINO";"SUPERIOR INCOMPLETO";"DIVORCIADO(A)";"PRETA";"GERENTE";"APTO";"N";9e+05;"NÃO ELEITO";93;1698,66;"Outros Recursos";"Recursos de outros candidatos, Recursos de pessoas físicas"
250000011010;"MARCOS TILELLI";"#NULO#";"PP";"MASCULINO";"SUPERIOR COMPLETO";"CASADO(A)";"BRANCA";"ADVOGADO";"APTO";"N";1248705;"SUPLENTE";786;284,4;"Outros Recursos";"Recursos de outros candidatos"
250000050191;"MARIA DE FATIMA ALVES BARBOSA";"#NULO#";"PSL";"FEMININO";"SUPERIOR COMPLETO";"SOLTEIRO(A)";"BRANCA";"JORNALISTA E REDATOR";"APTO";"N";186811,95;"NÃO ELEITO";2026;588,41;"Outros Recursos, Fundo Partidario";"Recursos de outros candidatos, Recursos de partido político"
250000010907;"OLGA MARIA DA SILVA LINO";"#NULO#";"PHS";"FEMININO";"ENSINO FUNDAMENTAL INCOMPLETO";"SOLTEIRO(A)";"PARDA";"VENDEDOR DE COMÉRCIO VAREJISTA E ATACADISTA";"APTO";"N";40000;"SUPLENTE";439;NA;NA;NA
250000027263;"ROSANGELA LEMES";"#NULO#";"PRP";"FEMININO";"SUPERIOR COMPLETO";"DIVORCIADO(A)";"PARDA";"PEDAGOGO";"APTO";"N";50000;"NÃO ELEITO";252;NA;NA;NA
250000022147;"FABRICIO RAVELI BOLZAM";"#NULO#";"PDT";"MASCULINO";"ENSINO MÉDIO COMPLETO";"SOLTEIRO(A)";"BRANCA";"EMPRESÁRIO";"APTO";"N";NA;"SUPLENTE";3305;NA;NA;NA
250000010846;"ALMIR SANTOS DE MATOS";"#NULO#";"PPS";"MASCULINO";"SUPERIOR COMPLETO";"CASADO(A)";"BRANCA";"APOSENTADO (EXCETO SERVIDOR PÚBLICO)";"APTO";"N";NA;"SUPLENTE";676;12118,5;"Outros Recursos";"Recursos próprios, Recursos de pessoas físicas, Recursos de outros candidatos"
250000020805;"ERNESTO TEIXEIRA DA CUNHA";"#NULO#";"PMDB";"MASCULINO";"SUPERIOR INCOMPLETO";"CASADO(A)";"BRANCA";"JORNALISTA E REDATOR";"APTO";"N";134391,14;"SUPLENTE";9753;30250,08;"Outros Recursos, Fundo Partidario";"Recursos de outros candidatos, Recursos próprios, Recursos de pessoas físicas, Recursos de partido político"
250000011627;"ALVARO BRUNO CASTRO GARCIA";"#NULO#";"PV";"MASCULINO";"SUPERIOR COMPLETO";"CASADO(A)";"BRANCA";"PROFESSOR DE ENSINO FUNDAMENTAL";"APTO";"N";446076,52;"SUPLENTE";1148;3700;"Outros Recursos";"Recursos próprios"
250000050142;"ADILSON ALVES COSTA";"#NULO#";"PSL";"MASCULINO";"LÊ E ESCREVE";"SOLTEIRO(A)";"PARDA";"ADMINISTRADOR";"APTO";"N";NA;"NÃO ELEITO";828;NA;NA;NA
250000058373;"DONIVAN MOACIR DE ALMEIDA";"#NULO#";"PTN";"MASCULINO";"ENSINO MÉDIO INCOMPLETO";"CASADO(A)";"BRANCA";"OUTROS";"APTO";"N";NA;"SUPLENTE";512;NA;NA;NA
250000014908;"LÍGIA FERNANDES DE OLIVEIRA";"#NULO#";"PCB";"FEMININO";"SUPERIOR INCOMPLETO";"SOLTEIRO(A)";"BRANCA";"ESTUDANTE, BOLSISTA, ESTAGIÁRIO E ASSEMELHADOS";"APTO";"N";NA;"SUPLENTE";825;800;"Outros Recursos";"Recursos de pessoas físicas"
250000011666;"ANDREIZA DANTAS DE OLIVEIRA";"#NULO#";"PV";"FEMININO";"SUPERIOR COMPLETO";"SOLTEIRO(A)";"PARDA";"REPRESENTANTE COMERCIAL";"APTO";"N";NA;"SUPLENTE";1665;NA;NA;NA
250000006187;"GERALDO ALVES FAGUNDES";"#NULO#";"PC do B";"MASCULINO";"ENSINO FUNDAMENTAL COMPLETO";"VIÚVO(A)";"BRANCA";"OUTROS";"APTO";"N";3e+05;"NÃO ELEITO";66;NA;NA;NA
250000014859;"MARCIO ROBERTO FERREIRA LIMA";"#NULO#";"PSOL";"MASCULINO";"ENSINO MÉDIO COMPLETO";"SOLTEIRO(A)";"PRETA";"OUTROS";"APTO";"N";NA;"SUPLENTE";797;NA;NA;NA
250000040606;"DIRCE LOPES SILVA";"#NULO#";"SD";"FEMININO";"ENSINO FUNDAMENTAL COMPLETO";"VIÚVO(A)";"BRANCA";"OUTROS";"APTO";"N";NA;"NÃO ELEITO";5;NA;NA;NA
250000006198;"REGIANE ALVES FERREIRA";"#NULO#";"PC do B";"FEMININO";"ENSINO MÉDIO COMPLETO";"SOLTEIRO(A)";"PRETA";"DONA DE CASA";"APTO";"N";12000;"NÃO ELEITO";457;17901,07;"Outros Recursos";"Recursos próprios, Recursos de pessoas físicas, Recursos de partido político"
250000020857;"VICTOR KOBAYASHI";"#NULO#";"PSD";"MASCULINO";"SUPERIOR COMPLETO";"CASADO(A)";"AMARELA";"ADMINISTRADOR";"APTO";"N";657622,87;"SUPLENTE";11789;5000;"Outros Recursos";"Recursos próprios, Recursos de pessoas físicas"
250000050188;"ERALDO NUNES GALDINO";"#NULO#";"PSL";"MASCULINO";"ENSINO MÉDIO COMPLETO";"SOLTEIRO(A)";"PARDA";"CARPINTEIRO, MARCENEIRO E ASSEMELHADOS";"APTO";"N";NA;"NÃO ELEITO";451;NA;NA;NA
250000005020;"RODRIGO RAMOS FIORI";"#NULO#";"PSDB";"MASCULINO";"SUPERIOR COMPLETO";"SOLTEIRO(A)";"BRANCA";"EMPRESÁRIO";"APTO";"N";NA;"SUPLENTE";1852;NA;NA;NA
