"SQ_CANDIDATO";"NM_CANDIDATO";"NM_SOCIAL_CANDIDATO";"SG_PARTIDO";"DS_GENERO";"DS_GRAU_INSTRUCAO";"DS_ESTADO_CIVIL";"DS_COR_RACA";"DS_OCUPACAO";"DS_SITUACAO_CANDIDATURA";"BENS_TOTAL";"TOTAL_VOTOS";"DS_SIT_TOT_TURNO";"RECEITA_TOTAL";"FONTE_RECEITA";"ORIGEM_RECEITA";"ST_REELEICAO"
250001265969;"VALTER ESTEVAM";"#NULO";"DC";"MASCULINO";"SUPERIOR COMPLETO";"CASADO(A)";"PRETA";"OUTROS";"APTO";NA;134;"NÃO ELEITO";5057,1;"FUNDO ESPECIAL";"Recursos de partido político";"N"
250001129691;"HAILTON ANJOS DOS SANTOS FILHO";"#NULO";"DC";"MASCULINO";"ENSINO FUNDAMENTAL COMPLETO";"CASADO(A)";"PRETA";"OUTROS";"APTO";NA;231;"NÃO ELEITO";5057,1;"FUNDO ESPECIAL";"Recursos de partido político";"N"
250001129697;"SERGIO CASSAGNI";"#NULO";"DC";"MASCULINO";"ENSINO MÉDIO COMPLETO";"CASADO(A)";"BRANCA";"GERENTE";"APTO";NA;451;"NÃO ELEITO";4444,05;"OUTROS RECURSOS, FUNDO ESPECIAL";"Recursos próprios, Recursos de partido político";"N"
250001265959;"EGBERTO KUDO";"#NULO";"DC";"MASCULINO";"ENSINO MÉDIO COMPLETO";"CASADO(A)";"AMARELA";"EMPRESÁRIO";"APTO";NA;103;"NÃO ELEITO";3872,1;"FUNDO ESPECIAL";"Recursos de partido político";"N"
250001265970;"LUCIANA CRISTINA MENDES SANTOS";"#NULO";"DC";"FEMININO";"SUPERIOR INCOMPLETO";"CASADO(A)";"PARDA";"DONA DE CASA";"APTO";NA;317;"NÃO ELEITO";6360,33;"FUNDO ESPECIAL";"Recursos de partido político";"N"
250001088416;"VINICIUS COSTA DE SOUZA";"#NULO";"MDB";"MASCULINO";"ENSINO MÉDIO COMPLETO";"SOLTEIRO(A)";"BRANCA";"BOMBEIRO CIVIL";"APTO";NA;388;"SUPLENTE";1000;"FUNDO PARTIDARIO";"Recursos de partido político";"N"
250001088449;"MARIO PALUMBO JUNIOR";"#NULO";"MDB";"MASCULINO";"SUPERIOR COMPLETO";"SOLTEIRO(A)";"BRANCA";"POLICIAL CIVIL";"APTO";2347170,43;118395;"ELEITO POR QP";288360;"OUTROS RECURSOS";"Recursos de pessoas físicas";"N"
250001088462;"PATRICIA GOMES DA SILVA";"#NULO";"MDB";"FEMININO";"SUPERIOR COMPLETO";"SOLTEIRO(A)";"BRANCA";"PUBLICITÁRIO";"APTO";150000;273;"SUPLENTE";25628;"FUNDO ESPECIAL, OUTROS RECURSOS";"Recursos de partido político, Recursos próprios, Recursos de pessoas físicas";"N"
250001088460;"VIVIANE FERREIRA PROCOPIO";"#NULO";"MDB";"FEMININO";"SUPERIOR COMPLETO";"SOLTEIRO(A)";"BRANCA";"PSICÓLOGO";"APTO";NA;828;"SUPLENTE";45000;"FUNDO ESPECIAL";"Recursos de partido político";"N"
250001088402;"PEDRO ORLANDO PETRERE JUNIOR";"#NULO";"MDB";"MASCULINO";"SUPERIOR COMPLETO";"CASADO(A)";"BRANCA";"ODONTÓLOGO";"APTO";250406,46;558;"SUPLENTE";0;"#NULO";"#NULO";"N"
250001088465;"DANIELA BORGES BARRETTO";"#NULO";"MDB";"FEMININO";"SUPERIOR COMPLETO";"SEPARADO(A) JUDICIALMENTE";"BRANCA";"PUBLICITÁRIO";"APTO";15539,95;386;"SUPLENTE";52340;"FUNDO ESPECIAL, OUTROS RECURSOS";"Recursos de partido político, Recursos de pessoas físicas";"N"
250001088443;"MARCO ANTONIO ZITO ALVARENGA";"#NULO";"MDB";"MASCULINO";"SUPERIOR COMPLETO";"CASADO(A)";"PRETA";"SERVIDOR PÚBLICO FEDERAL";"APTO";553088,92;487;"SUPLENTE";10600;"FUNDO ESPECIAL, OUTROS RECURSOS";"Recursos de partido político, Recursos próprios";"N"
250001088440;"SIDNEY DORING GUERRA";"#NULO";"MDB";"MASCULINO";"SUPERIOR COMPLETO";"CASADO(A)";"BRANCA";"COMERCIANTE";"APTO";680627,89;4618;"SUPLENTE";75779;"OUTROS RECURSOS";"Recursos de pessoas físicas, Recursos próprios";"N"
250001088463;"CRISTIANE TRIGUEIRO DE OLIVEIRA";"#NULO";"MDB";"FEMININO";"SUPERIOR INCOMPLETO";"CASADO(A)";"BRANCA";"AUXILIAR DE ESCRITÓRIO E ASSEMELHADOS";"APTO";NA;69;"SUPLENTE";10000;"FUNDO ESPECIAL";"Recursos de partido político";"N"
250000651027;"ANTONIO EDUARDO DOS SANTOS";"#NULO";"DEM";"MASCULINO";"SUPERIOR COMPLETO";"CASADO(A)";"PARDA";"ADVOGADO";"APTO";567241,07;2528;"SUPLENTE";164023,39;"OUTROS RECURSOS, FUNDO ESPECIAL, FUNDO PARTIDARIO";"Recursos próprios, Recursos de pessoas físicas, Recursos de outros candidatos, Recursos de partido político";"N"
250000651038;"JANDIRA DE MENEZES CREPALDI";"#NULO";"DEM";"FEMININO";"SUPERIOR COMPLETO";"VIÚVO(A)";"PARDA";"PEDAGOGO";"APTO";920834,17;186;"SUPLENTE";109088,13;"FUNDO ESPECIAL, FUNDO PARTIDARIO, OUTROS RECURSOS";"Recursos de partido político, Recursos próprios";"N"
250000651020;"ANDRÉ BEZERRA RIBEIRO SOARES";"#NULO";"DEM";"MASCULINO";"SUPERIOR COMPLETO";"SOLTEIRO(A)";"BRANCA";"EMPRESÁRIO";"APTO";560204,18;16425;"SUPLENTE";364123,63;"OUTROS RECURSOS, FUNDO ESPECIAL, FUNDO PARTIDARIO";"Recursos de pessoas físicas, Recursos de partido político";"N"
250000651010;"JOSÉ DE DEUS ALENCAR";"#NULO";"DEM";"MASCULINO";"SUPERIOR COMPLETO";"DIVORCIADO(A)";"BRANCA";"ADVOGADO";"APTO";74000;1295;"SUPLENTE";112298,95;"OUTROS RECURSOS, FUNDO PARTIDARIO";"Recursos próprios, Recursos de pessoas físicas, Recursos de partido político";"N"
250000651043;"JOSE ROBERTO BARBOSA DE SOUZA";"#NULO";"DEM";"MASCULINO";"ENSINO MÉDIO COMPLETO";"SOLTEIRO(A)";"PARDA";"POLICIAL MILITAR";"APTO";16372;4374;"SUPLENTE";250863,38;"OUTROS RECURSOS, FUNDO PARTIDARIO, FUNDO ESPECIAL";"Recursos de pessoas físicas, Recursos de partido político";"N"
250000651046;"MARCELO ELIA CURY";"#NULO";"DEM";"MASCULINO";"SUPERIOR COMPLETO";"SOLTEIRO(A)";"BRANCA";"JORNALISTA E REDATOR";"APTO";441154,09;965;"SUPLENTE";176290,13;"FUNDO PARTIDARIO, OUTROS RECURSOS";"Recursos de partido político, Recursos de pessoas físicas";"N"
250000651061;"HAIDEE ALVES DE AQUINO BAPTISTA";"#NULO";"DEM";"FEMININO";"SUPERIOR COMPLETO";"CASADO(A)";"PRETA";"PEDAGOGO";"APTO";3700;917;"SUPLENTE";189469,88;"OUTROS RECURSOS, FUNDO PARTIDARIO, FUNDO ESPECIAL";"Recursos de pessoas físicas, Recursos próprios, Recursos de partido político";"N"
250000881949;"LUCAS PEREIRA CAVALCANTE DOS SANTOS";"#NULO";"PTB";"MASCULINO";"SUPERIOR COMPLETO";"SOLTEIRO(A)";"BRANCA";"ENGENHEIRO";"APTO";16000;53;"SUPLENTE";850;"FUNDO ESPECIAL";"Recursos de partido político";"N"
250000881906;"IARA REGINA CORREA GUSMÃO";"#NULO";"PTB";"FEMININO";"SUPERIOR INCOMPLETO";"SOLTEIRO(A)";"BRANCA";"COMERCIANTE";"APTO";NA;153;"SUPLENTE";20000;"FUNDO ESPECIAL";"Recursos de partido político";"N"
250000881972;"ROWILSON FERNANDES DE CARVALHO JUNIOR";"#NULO";"PTB";"MASCULINO";"ENSINO MÉDIO COMPLETO";"CASADO(A)";"PARDA";"VIGILANTE";"APTO";NA;198;"SUPLENTE";0;"#NULO";"#NULO";"N"
250000881979;"JULIANA MOREIRA DOS SANTOS";"#NULO";"PTB";"FEMININO";"SUPERIOR COMPLETO";"SOLTEIRO(A)";"BRANCA";"OUTROS";"APTO";NA;52;"SUPLENTE";5801,8;"FUNDO PARTIDARIO, OUTROS RECURSOS";"Recursos de partido político, Recursos próprios";"N"
250000881902;"ALBERTO RIBEIRO SILVA";"#NULO";"PTB";"MASCULINO";"SUPERIOR COMPLETO";"CASADO(A)";"BRANCA";"EMPRESÁRIO";"APTO";2075000;2277;"SUPLENTE";7966;"OUTROS RECURSOS";"Recursos próprios";"N"
250000881923;"PAULO JORGE VALENTIM";"#NULO";"PTB";"MASCULINO";"SUPERIOR COMPLETO";"CASADO(A)";"BRANCA";"MÉDICO";"APTO";679911,74;715;"SUPLENTE";1200;"OUTROS RECURSOS";"Recursos próprios";"N"
250000881922;"PATRICIA MAZZARIOLI DO NASCIMENTO PIVA";"#NULO";"PTB";"FEMININO";"SUPERIOR COMPLETO";"CASADO(A)";"BRANCA";"ODONTÓLOGO";"APTO";336287,73;630;"SUPLENTE";20000;"FUNDO ESPECIAL";"Recursos de partido político";"N"
250000881964;"MARCO AURELIO NUNES DOS SANTOS";"#NULO";"PTB";"MASCULINO";"SUPERIOR COMPLETO";"CASADO(A)";"PRETA";"ADVOGADO";"APTO";NA;2094;"SUPLENTE";78000;"FUNDO ESPECIAL";"Recursos de partido político";"N"
250001054370;"JOSÉ OSCAR DIONÍZIO FARIAS";"#NULO";"PMN";"MASCULINO";"ENSINO FUNDAMENTAL COMPLETO";"CASADO(A)";"PARDA";"CABELEIREIRO E BARBEIRO";"APTO";NA;394;"NÃO ELEITO";2021,95;"OUTROS RECURSOS, FUNDO ESPECIAL";"Recursos próprios, Recursos de partido político";"N"
250001054368;"DANIEL DE SOUZA CAMPOS";"#NULO";"PMN";"MASCULINO";"ENSINO MÉDIO COMPLETO";"CASADO(A)";"BRANCA";"OUTROS";"APTO";NA;78;"NÃO ELEITO";2000;"FUNDO ESPECIAL";"Recursos de partido político";"N"
250001054374;"ARABELA DA LUZ COELHO";"#NULO";"PMN";"FEMININO";"SUPERIOR COMPLETO";"CASADO(A)";"BRANCA";"OUTROS";"APTO";NA;28;"NÃO ELEITO";2000;"FUNDO ESPECIAL";"Recursos de partido político";"N"
250001181003;"MAURÍCIO SALAZAR AMORIN";"#NULO";"PCO";"MASCULINO";"SUPERIOR COMPLETO";"SOLTEIRO(A)";"BRANCA";"DESENHISTA";"APTO";NA;7;"NÃO ELEITO";1000;"FUNDO ESPECIAL";"Recursos de partido político";"N"
250000753986;"BRENO PENNA FREIRE";"#NULO";"PSL";"MASCULINO";"SUPERIOR INCOMPLETO";"SOLTEIRO(A)";"BRANCA";"POLICIAL MILITAR";"APTO";NA;404;"SUPLENTE";3510,45;"OUTROS RECURSOS";"Recursos de pessoas físicas, Recursos próprios";"N"
250000754044;"MIGUEL AFFONSO COIMBRA NETO";"#NULO";"PSL";"MASCULINO";"SUPERIOR COMPLETO";"CASADO(A)";"BRANCA";"POLICIAL MILITAR";"APTO";808150,21;1206;"SUPLENTE";93064;"OUTROS RECURSOS";"Recursos próprios";"N"
250001272880;"LUIZ DE SOUSA CHAGAS";"#NULO";"PSL";"MASCULINO";"SUPERIOR COMPLETO";"DIVORCIADO(A)";"BRANCA";"ADVOGADO";"APTO";NA;1029;"SUPLENTE";7289;"FUNDO ESPECIAL, OUTROS RECURSOS";"Recursos de partido político, Recursos de outros candidatos, Recursos próprios";"N"
250000754015;"FRANCISCO BERTULINO FILHO";"#NULO";"PSL";"MASCULINO";"SUPERIOR COMPLETO";"CASADO(A)";"PARDA";"AGENTE ADMINISTRATIVO";"APTO";NA;1487;"SUPLENTE";6912,74;"OUTROS RECURSOS";"Recursos de pessoas físicas";"N"
250000754052;"YGUREY TIARAJU ELMANO";"#NULO";"PSL";"MASCULINO";"SUPERIOR COMPLETO";"SOLTEIRO(A)";"BRANCA";"VETERINÁRIO";"APTO";5e+05;518;"SUPLENTE";0;"#NULO";"#NULO";"N"
250000754038;"PAULO SÉRGIO OLIVEIRA";"#NULO";"PSL";"MASCULINO";"SUPERIOR INCOMPLETO";"CASADO(A)";"BRANCA";"MILITAR REFORMADO";"APTO";NA;1797;"SUPLENTE";10390,83;"OUTROS RECURSOS";"Recursos de pessoas físicas, Recursos próprios";"N"
250000688236;"ROBERTA PINTO GRABERT";"#NULO";"NOVO";"FEMININO";"SUPERIOR COMPLETO";"SOLTEIRO(A)";"BRANCA";"MÉDICO";"APTO";3510000;5155;"SUPLENTE";69890,25;"OUTROS RECURSOS";"Recursos de pessoas físicas, Recursos de partido político, Recursos de Financiamento Coletivo";"N"
250000688219;"EDSON TEIXEIRA";"#NULO";"NOVO";"MASCULINO";"SUPERIOR COMPLETO";"SOLTEIRO(A)";"BRANCA";"ADMINISTRADOR";"APTO";10000;9836;"SUPLENTE";179339,35;"OUTROS RECURSOS";"Recursos de pessoas físicas, Recursos de partido político, Recursos de Financiamento Coletivo, Recursos próprios";"N"
250000688244;"RODRIGO LOPES FERREIRA";"#NULO";"NOVO";"MASCULINO";"SUPERIOR COMPLETO";"CASADO(A)";"BRANCA";"ADVOGADO";"APTO";19500;1606;"SUPLENTE";41424,39;"OUTROS RECURSOS";"Recursos de pessoas físicas, Recursos de partido político, Recursos de Financiamento Coletivo";"N"
250000688229;"EDUARDO HERNANDES DOMINGUES";"#NULO";"NOVO";"MASCULINO";"SUPERIOR COMPLETO";"CASADO(A)";"BRANCA";"ARQUITETO";"APTO";1031469,81;1052;"SUPLENTE";23715,5;"OUTROS RECURSOS";"Recursos de pessoas físicas, Recursos de partido político, Recursos de Financiamento Coletivo, Recursos próprios";"N"
250000688245;"WILSON DE MELLO JUNIOR";"#NULO";"NOVO";"MASCULINO";"SUPERIOR COMPLETO";"CASADO(A)";"BRANCA";"ADMINISTRADOR";"APTO";676700;496;"SUPLENTE";13829,35;"OUTROS RECURSOS";"Recursos de pessoas físicas, Recursos de partido político, Recursos de Financiamento Coletivo";"N"
250000919195;"ALINE ISABEL DA SILVA PAGANOTTI";"#NULO";"PSDB";"FEMININO";"ENSINO FUNDAMENTAL COMPLETO";"DIVORCIADO(A)";"BRANCA";"OUTROS";"APTO";NA;1856;"SUPLENTE";7317,07;"FUNDO PARTIDARIO";"Recursos de partido político";"N"
250000919230;"RUTE DA IGRAJA ASSUNÇÃO SOUZA";"#NULO";"PSDB";"FEMININO";"SUPERIOR COMPLETO";"DIVORCIADO(A)";"PARDA";"NUTRICIONISTA E ASSEMELHADOS";"APTO";NA;192;"SUPLENTE";7317,07;"FUNDO PARTIDARIO";"Recursos de partido político";"N"
250000919200;"ADRIANA ALVES DA SILVA RAMALHO";"#NULO";"PSDB";"FEMININO";"SUPERIOR COMPLETO";"DIVORCIADO(A)";"BRANCA";"EMPRESÁRIO";"APTO";1404885,09;14610;"SUPLENTE";281936,93;"OUTROS RECURSOS, FUNDO PARTIDARIO";"Recursos de pessoas físicas, Recursos de partido político, Recursos de Financiamento Coletivo, Recursos próprios";"N"
250000919215;"VINICIUS SCHAEFER";"#NULO";"PSDB";"MASCULINO";"SUPERIOR COMPLETO";"SOLTEIRO(A)";"BRANCA";"PROFESSOR DE ENSINO SUPERIOR";"APTO";NA;3596;"SUPLENTE";7373,82;"FUNDO PARTIDARIO, OUTROS RECURSOS";"Recursos de partido político, Recursos próprios";"N"
250000919190;"ZERILDO MALAQUIAS DOS SANTOS";"#NULO";"PSDB";"MASCULINO";"ENSINO MÉDIO COMPLETO";"DIVORCIADO(A)";"PARDA";"MOTORISTA PARTICULAR";"APTO";661277,88;254;"SUPLENTE";7317,07;"FUNDO PARTIDARIO";"Recursos de partido político";"N"
250000919184;"EDSON RODRIGUES DE QUEIROZ";"#NULO";"PSDB";"MASCULINO";"SUPERIOR COMPLETO";"SOLTEIRO(A)";"BRANCA";"ADVOGADO";"APTO";NA;824;"SUPLENTE";7317,07;"FUNDO PARTIDARIO";"Recursos de partido político";"N"
250000919239;"SILAS DOS SANTOS DE OLIVEIRA";"#NULO";"PSDB";"MASCULINO";"ENSINO MÉDIO COMPLETO";"SOLTEIRO(A)";"PRETA";"OUTROS";"APTO";NA;199;"SUPLENTE";9206,07;"OUTROS RECURSOS, FUNDO PARTIDARIO";"Recursos de pessoas físicas, Recursos de partido político, Recursos próprios";"N"
250000919210;"CAROLINA DOS SANTOS AGNELLO";"#NULO";"PSDB";"FEMININO";"ENSINO MÉDIO COMPLETO";"SOLTEIRO(A)";"BRANCA";"OUTROS";"APTO";NA;471;"SUPLENTE";7317,07;"FUNDO PARTIDARIO";"Recursos de partido político";"N"
250001154712;"MARIA DE LOURDES ANDRADE SILVA";"#NULO";"REDE";"FEMININO";"ENSINO MÉDIO INCOMPLETO";"CASADO(A)";"PARDA";"OUTROS";"APTO";39574;4070;"NÃO ELEITO";148819,92;"OUTROS RECURSOS, FUNDO ESPECIAL";"Recursos de pessoas físicas, Recursos de outros candidatos, Recursos de Financiamento Coletivo, Recursos de partido político";"N"
250001154722;"JAIR FERRO MEIRA";"#NULO";"REDE";"MASCULINO";"SUPERIOR COMPLETO";"SOLTEIRO(A)";"BRANCA";"ADMINISTRADOR";"APTO";NA;193;"NÃO ELEITO";11066;"OUTROS RECURSOS, FUNDO ESPECIAL";"Recursos próprios, Recursos de Financiamento Coletivo, Recursos de pessoas físicas, Recursos de partido político";"N"
250001123222;"JOSE AGRIPINO DA SILVA";"#NULO";"PSB";"MASCULINO";"ENSINO MÉDIO COMPLETO";"SOLTEIRO(A)";"BRANCA";"OUTROS";"APTO";NA;607;"SUPLENTE";60000;"FUNDO PARTIDARIO, FUNDO ESPECIAL";"Recursos de partido político";"N"
250001123255;"GILSON TEIXEIRA MEDEIROS";"#NULO";"PSB";"MASCULINO";"ENSINO MÉDIO COMPLETO";"SOLTEIRO(A)";"PARDA";"COMERCIANTE";"APTO";12000;187;"SUPLENTE";15000;"OUTROS RECURSOS";"Recursos de partido político";"N"
250001123249;"ANE CAROLINE SOLLAR PEREIRA";"#NULO";"PSB";"FEMININO";"SUPERIOR COMPLETO";"SOLTEIRO(A)";"BRANCA";"OUTROS";"APTO";572,74;510;"SUPLENTE";34800;"OUTROS RECURSOS, FUNDO ESPECIAL";"Recursos de pessoas físicas, Recursos de Financiamento Coletivo, Recursos de partido político, Recursos de outros candidatos";"N"
250001123261;"MARTHA RAQUEL ALVES LEITÃO";"#NULO";"PSB";"FEMININO";"SUPERIOR COMPLETO";"SOLTEIRO(A)";"BRANCA";"ADVOGADO";"APTO";1200;83;"SUPLENTE";0;"#NULO";"#NULO";"N"
250001123262;"NILDO SILVESTRE DA SILVA";"#NULO";"PSB";"MASCULINO";"ENSINO MÉDIO COMPLETO";"SOLTEIRO(A)";"PARDA";"MOTORISTA DE VEÍCULOS DE TRANSPORTE COLETIVO DE PASSAGEIROS";"APTO";4000;306;"SUPLENTE";0;"#NULO";"#NULO";"N"
250001123231;"MARCOS ANTONIO COUTINHO DA SILVA";"#NULO";"PSB";"MASCULINO";"ENSINO MÉDIO COMPLETO";"CASADO(A)";"BRANCA";"LOCUTOR E COMENTARISTA DE RÁDIO E TELEVISÃO E RADIALISTA";"APTO";NA;1451;"SUPLENTE";700;"OUTROS RECURSOS";"Recursos próprios";"N"
250001123211;"ALINE DA ROCHA PARRADO";"#NULO";"PSB";"FEMININO";"SUPERIOR COMPLETO";"CASADO(A)";"BRANCA";"ADVOGADO";"APTO";786500;355;"SUPLENTE";24796,98;"OUTROS RECURSOS, FUNDO ESPECIAL";"Recursos próprios, Recursos de partido político, Recursos de pessoas físicas";"N"
250001123274;"BRUNO CYPRIANO RINCO";"#NULO";"PSB";"MASCULINO";"SUPERIOR COMPLETO";"SOLTEIRO(A)";"BRANCA";"ADVOGADO";"APTO";18600;265;"SUPLENTE";15600;"FUNDO ESPECIAL, OUTROS RECURSOS";"Recursos de partido político, Recursos próprios";"N"
250001123246;"RONALDO LEITE FONSECA";"#NULO";"PSB";"MASCULINO";"SUPERIOR COMPLETO";"CASADO(A)";"PARDA";"SERVIDOR PÚBLICO MUNICIPAL";"APTO";1220000;939;"SUPLENTE";15000;"FUNDO ESPECIAL";"Recursos de partido político";"N"
250001123282;"LAURA GASBARRO MARQUES";"#NULO";"PSB";"FEMININO";"SUPERIOR COMPLETO";"SOLTEIRO(A)";"BRANCA";"MÉDICO";"APTO";3742500;300;"SUPLENTE";20040;"OUTROS RECURSOS, FUNDO ESPECIAL";"Recursos próprios, Recursos de partido político";"N"
250001123215;"LUIZ CARLOS GONCALVES PENHA";"#NULO";"PSB";"MASCULINO";"SUPERIOR COMPLETO";"DIVORCIADO(A)";"BRANCA";"COMERCIANTE";"APTO";303114,08;99;"SUPLENTE";17173,33;"OUTROS RECURSOS, FUNDO ESPECIAL";"Recursos próprios, Recursos de partido político";"N"
250001123284;"ELISABETH DE AMORIM AMANCIO";"#NULO";"PSB";"FEMININO";"ENSINO FUNDAMENTAL COMPLETO";"CASADO(A)";"BRANCA";"MECÂNICO DE MANUTENÇÃO";"APTO";NA;516;"SUPLENTE";20000;"FUNDO ESPECIAL";"Recursos de partido político";"S"
250000658742;"RAFAEL CAPALBO";"#NULO";"PATRIOTA";"MASCULINO";"SUPERIOR COMPLETO";"SOLTEIRO(A)";"BRANCA";"EMPRESÁRIO";"APTO";505396,09;521;"SUPLENTE";7076;"OUTROS RECURSOS";"Recursos próprios";"N"
250000658717;"JORGE MANUEL PINTO VARELAS";"#NULO";"PATRIOTA";"MASCULINO";"SUPERIOR COMPLETO";"SOLTEIRO(A)";"BRANCA";"ADVOGADO";"APTO";NA;211;"SUPLENTE";13000;"OUTROS RECURSOS";"Recursos de pessoas físicas";"N"
250000658718;"ARTUR FIRMINO DA SILVA NETO";"#NULO";"PATRIOTA";"MASCULINO";"SUPERIOR INCOMPLETO";"SOLTEIRO(A)";"PARDA";"EMPRESÁRIO";"APTO";3400;331;"SUPLENTE";0;"#NULO";"#NULO";"N"
250000658734;"CRISTIANE DAMO BERNART";"#NULO";"PATRIOTA";"FEMININO";"ENSINO MÉDIO COMPLETO";"SOLTEIRO(A)";"BRANCA";"ATOR E DIRETOR DE ESPETÁCULOS PÚBLICOS";"APTO";NA;318;"SUPLENTE";675;"OUTROS RECURSOS";"Recursos de Financiamento Coletivo";"N"
250000658705;"ÉLVICO DOS SANTOS SANTANA";"#NULO";"PATRIOTA";"MASCULINO";"ENSINO MÉDIO COMPLETO";"CASADO(A)";"BRANCA";"EMPRESÁRIO";"APTO";202000;256;"SUPLENTE";3075,56;"OUTROS RECURSOS";"Recursos próprios";"N"
250000885505;"NEZINHO GONCALVES NUNES";"#NULO";"SOLIDARIEDADE";"MASCULINO";"SUPERIOR COMPLETO";"CASADO(A)";"PARDA";"POLICIAL MILITAR";"APTO";67703;1091;"SUPLENTE";33785,49;"FUNDO ESPECIAL";"Recursos de partido político";"N"
250000885510;"VALDENILSO TEIXEIRA DE LIRA";"#NULO";"SOLIDARIEDADE";"MASCULINO";"ENSINO FUNDAMENTAL INCOMPLETO";"CASADO(A)";"BRANCA";"EMPRESÁRIO";"APTO";92000;1214;"SUPLENTE";9812,99;"FUNDO ESPECIAL";"Recursos de partido político";"N"
250000885560;"GILMAR CURTOLO";"#NULO";"SOLIDARIEDADE";"MASCULINO";"ENSINO MÉDIO COMPLETO";"CASADO(A)";"BRANCA";"EMPRESÁRIO";"APTO";1372435,9;1667;"SUPLENTE";43094,76;"FUNDO ESPECIAL, OUTROS RECURSOS";"Recursos de partido político, Recursos de pessoas físicas";"N"
250000885484;"GERSON FIUZA DE JESUS";"#NULO";"SOLIDARIEDADE";"MASCULINO";"ENSINO MÉDIO COMPLETO";"CASADO(A)";"PARDA";"APOSENTADO (EXCETO SERVIDOR PÚBLICO)";"APTO";NA;810;"SUPLENTE";9812,99;"FUNDO ESPECIAL";"Recursos de partido político";"N"
250000885520;"ROSANGELA MOREIRA BARROS";"#NULO";"SOLIDARIEDADE";"FEMININO";"ENSINO MÉDIO COMPLETO";"SOLTEIRO(A)";"BRANCA";"ADMINISTRADOR";"APTO";NA;391;"SUPLENTE";18212,84;"FUNDO ESPECIAL";"Recursos de partido político";"N"
250000885494;"JOAO FRANCISCO FERREIRA DO NASCIMENTO";"#NULO";"SOLIDARIEDADE";"MASCULINO";"SUPERIOR COMPLETO";"SOLTEIRO(A)";"PRETA";"PROFESSOR DE ENSINO FUNDAMENTAL";"APTO";1575000;2364;"SUPLENTE";60104,97;"FUNDO ESPECIAL";"Recursos de partido político";"N"
250000885513;"MARIA DE LOURDES DO NASCIMENTO NUNES";"#NULO";"SOLIDARIEDADE";"FEMININO";"SUPERIOR INCOMPLETO";"CASADO(A)";"BRANCA";"MOTORISTA PARTICULAR";"APTO";NA;179;"SUPLENTE";11212,86;"FUNDO ESPECIAL";"Recursos de partido político";"N"
250000885521;"MARIA GORETE DA SILVA";"#NULO";"SOLIDARIEDADE";"FEMININO";"SUPERIOR COMPLETO";"SOLTEIRO(A)";"BRANCA";"ASSISTENTE SOCIAL";"APTO";NA;388;"SUPLENTE";33965,34;"FUNDO ESPECIAL";"Recursos de partido político";"N"
250000687522;"ARNALDO BISPO DO ROSÁRIO";"#NULO";"PC do B";"MASCULINO";"SUPERIOR COMPLETO";"SOLTEIRO(A)";"PRETA";"ADVOGADO";"APTO";451722,35;1752;"NÃO ELEITO";37767,05;"FUNDO ESPECIAL, FUNDO PARTIDARIO, OUTROS RECURSOS";"Recursos de partido político, Recursos de pessoas físicas, Recursos próprios, Recursos de outros candidatos";"N"
250000687492;"ANTONIA KELE CRISTINA DOS SANTOS BIZERRA";"#NULO";"PC do B";"FEMININO";"SUPERIOR INCOMPLETO";"DIVORCIADO(A)";"PARDA";"OUTROS";"APTO";244,99;900;"NÃO ELEITO";39831,3;"FUNDO ESPECIAL, FUNDO PARTIDARIO";"Recursos de outros candidatos, Recursos de partido político";"N"
250000687511;"GLADYS WOSIACK D ALINCOURT";"#NULO";"PC do B";"FEMININO";"ENSINO MÉDIO COMPLETO";"SOLTEIRO(A)";"BRANCA";"OUTROS";"APTO";NA;7;"NÃO ELEITO";1041,38;"FUNDO ESPECIAL";"Recursos de partido político, Recursos de outros candidatos";"N"
250000687542;"KEILA PEREIRA FRANCISCO";"#NULO";"PC do B";"FEMININO";"ENSINO MÉDIO COMPLETO";"SOLTEIRO(A)";"PARDA";"ESTUDANTE, BOLSISTA, ESTAGIÁRIO E ASSEMELHADOS";"APTO";NA;1772;"NÃO ELEITO";63451,75;"OUTROS RECURSOS, FUNDO PARTIDARIO, FUNDO ESPECIAL";"Recursos de pessoas físicas, Recursos de partido político, Recursos de Financiamento Coletivo, Recursos de outros candidatos";"N"
250000687538;"JANAÍNA PEREIRA DE ARAÚJO";"#NULO";"PC do B";"FEMININO";"ENSINO MÉDIO COMPLETO";"DIVORCIADO(A)";"PARDA";"OUTROS";"APTO";NA;81;"NÃO ELEITO";3041,38;"FUNDO ESPECIAL";"Recursos de partido político, Recursos de outros candidatos";"N"
250000687523;"CAMILA DE AGUIAR";"#NULO";"PC do B";"FEMININO";"SUPERIOR COMPLETO";"SOLTEIRO(A)";"PRETA";"OUTROS";"APTO";NA;2218;"NÃO ELEITO";29484,43;"FUNDO PARTIDARIO, FUNDO ESPECIAL, OUTROS RECURSOS";"Recursos de partido político, Recursos de pessoas físicas, Recursos de Financiamento Coletivo";"N"
250000687491;"JOSÉ VALDENÊ TAVARES DE OLIVEIRA";"#NULO";"PC do B";"MASCULINO";"SUPERIOR COMPLETO";"SOLTEIRO(A)";"BRANCA";"PROFESSOR DE ENSINO MÉDIO";"APTO";NA;1765;"NÃO ELEITO";5442,23;"FUNDO ESPECIAL, FUNDO PARTIDARIO";"Recursos de partido político, Recursos de outros candidatos";"N"
250000687529;"MARÍLIA FIGUEIRA STRUMIELLO";"#NULO";"PC do B";"FEMININO";"SUPERIOR COMPLETO";"SOLTEIRO(A)";"BRANCA";"PUBLICITÁRIO";"APTO";627251,64;111;"NÃO ELEITO";3137,38;"OUTROS RECURSOS, FUNDO ESPECIAL";"Recursos próprios, Recursos de outros candidatos, Recursos de partido político";"N"
250000686824;"NORLAY ICLAY PEREIRA COSTA";"#NULO";"PSOL";"MASCULINO";"SUPERIOR COMPLETO";"CASADO(A)";"PARDA";"ADVOGADO";"APTO";439292,28;91;"SUPLENTE";22451,43;"FUNDO PARTIDARIO, OUTROS RECURSOS";"Recursos de partido político, Recursos próprios";"N"
250000686856;"CAROLINA OLGA FERNANDEZ GOMEZ";"#NULO";"PSOL";"FEMININO";"SUPERIOR COMPLETO";"SOLTEIRO(A)";"INDÍGENA";"OUTROS";"APTO";NA;106;"SUPLENTE";10427,02;"FUNDO ESPECIAL, OUTROS RECURSOS";"Recursos de partido político, Recursos de pessoas físicas";"N"
250000686846;"ALZIRA BOMBONATO DE MELO RIOS DA SILVA";"#NULO";"PSOL";"FEMININO";"SUPERIOR COMPLETO";"CASADO(A)";"BRANCA";"ENFERMEIRO";"APTO";65000;546;"SUPLENTE";6658,7;"FUNDO ESPECIAL";"Recursos de partido político";"N"
250000686817;"ANDRÉA WERNER SILVA BONOLI";"#NULO";"PSOL";"FEMININO";"SUPERIOR COMPLETO";"CASADO(A)";"BRANCA";"JORNALISTA E REDATOR";"APTO";6e+05;17565;"SUPLENTE";74794,23;"OUTROS RECURSOS, FUNDO ESPECIAL";"Recursos de pessoas físicas, Recursos de partido político";"N"
250000686822;"ELTON SILVA DOS SANTOS";"#NULO";"PSOL";"MASCULINO";"SUPERIOR INCOMPLETO";"SOLTEIRO(A)";"PARDA";"OUTROS";"APTO";NA;269;"SUPLENTE";8482,88;"FUNDO ESPECIAL, OUTROS RECURSOS";"Recursos de partido político, Recursos de pessoas físicas";"N"
250000686839;"RODRIGO JALLOUL";"#NULO";"PSOL";"MASCULINO";"ENSINO MÉDIO INCOMPLETO";"SOLTEIRO(A)";"BRANCA";"FEIRANTE, AMBULANTE E MASCATE";"APTO";NA;1623;"SUPLENTE";14823,93;"OUTROS RECURSOS, FUNDO ESPECIAL";"Recursos de pessoas físicas, Recursos de Financiamento Coletivo, Recursos de partido político";"N"
250000686818;"RUI TORQUATO OLIVEIRA";"#NULO";"PSOL";"MASCULINO";"SUPERIOR COMPLETO";"CASADO(A)";"PRETA";"PROFESSOR DE ENSINO FUNDAMENTAL";"APTO";335000;1351;"SUPLENTE";26004,89;"OUTROS RECURSOS, FUNDO ESPECIAL";"Recursos de pessoas físicas, Recursos de partido político";"N"
250000686873;"RENATA APARECIDA MORAIS DE VASCONCELOS";"#NULO";"PSOL";"FEMININO";"ENSINO MÉDIO COMPLETO";"DIVORCIADO(A)";"PRETA";"SERVIDOR PÚBLICO MUNICIPAL";"APTO";NA;659;"SUPLENTE";4219,74;"FUNDO ESPECIAL";"Recursos de partido político";"N"
250000686868;"JUSSARA BASSO DOS SANTOS";"#NULO";"PSOL";"FEMININO";"ENSINO MÉDIO COMPLETO";"SOLTEIRO(A)";"PRETA";"OUTROS";"APTO";NA;21172;"SUPLENTE";100151,76;"OUTROS RECURSOS, FUNDO ESPECIAL";"Recursos de Financiamento Coletivo, Recursos de pessoas físicas, Recursos de partido político";"N"
250000707268;"MARIA DA GRAÇA DIAS FERRARI";"#NULO";"PP";"FEMININO";"ENSINO MÉDIO COMPLETO";"SOLTEIRO(A)";"BRANCA";"COMERCIANTE";"APTO";25000;307;"SUPLENTE";2950,5;"OUTROS RECURSOS";"Recursos de pessoas físicas, Recursos de partido político";"N"
250000707296;"GISLAINE SANTANA";"#NULO";"PP";"FEMININO";"SUPERIOR INCOMPLETO";"SOLTEIRO(A)";"BRANCA";"TÉCNICO DE LABORATÓRIO E RAIOS X";"APTO";NA;162;"SUPLENTE";0;"#NULO";"#NULO";"N"
250001097167;"EDUARDO COSME DE JESUS BARBOSA";"#NULO";"PTC";"MASCULINO";"ENSINO MÉDIO COMPLETO";"SOLTEIRO(A)";"PRETA";"CABELEIREIRO E BARBEIRO";"APTO";NA;636;"NÃO ELEITO";0;"#NULO";"#NULO";"N"
250001097223;"WILKY ANDRADE OKAGAWA";"#NULO";"PTC";"MASCULINO";"ENSINO MÉDIO COMPLETO";"SOLTEIRO(A)";"BRANCA";"VIGILANTE";"APTO";4000;223;"NÃO ELEITO";0;"#NULO";"#NULO";"N"
250001263243;"LUIZ CARLOS GONÇALVES DE BRITO";"#NULO";"PTC";"MASCULINO";"ENSINO MÉDIO COMPLETO";"CASADO(A)";"BRANCA";"OUTROS";"APTO";NA;302;"NÃO ELEITO";0;"#NULO";"#NULO";"N"
250001097210;"ANDREY FELIPE BRÁS BLANCO DA SILVA";"#NULO";"PTC";"MASCULINO";"SUPERIOR COMPLETO";"CASADO(A)";"BRANCA";"ADVOGADO";"APTO";54000;817;"NÃO ELEITO";0;"#NULO";"#NULO";"N"
250001097190;"ANA CLAUDIA SEVERINO RIVERA";"#NULO";"PTC";"FEMININO";"ENSINO FUNDAMENTAL INCOMPLETO";"SOLTEIRO(A)";"PRETA";"COZINHEIRO";"APTO";NA;103;"NÃO ELEITO";0;"#NULO";"#NULO";"N"
250001097179;"CHU NENG TE";"#NULO";"PTC";"MASCULINO";"ENSINO MÉDIO COMPLETO";"SOLTEIRO(A)";"BRANCA";"COMERCIANTE";"APTO";2565000;479;"NÃO ELEITO";5000;"FUNDO ESPECIAL";"Recursos de partido político";"N"
250001263245;"DOUGLAS SIMA MOREIRA";"#NULO";"PTC";"MASCULINO";"ENSINO MÉDIO COMPLETO";"DIVORCIADO(A)";"PRETA";"EMPRESÁRIO";"APTO";1e+06;63;"NÃO ELEITO";0;"#NULO";"#NULO";"N"
250001097228;"JEAN CLARET DE OLIVEIRA";"#NULO";"PTC";"MASCULINO";"SUPERIOR COMPLETO";"SOLTEIRO(A)";"BRANCA";"FARMACÊUTICO";"APTO";80000;330;"NÃO ELEITO";0;"#NULO";"#NULO";"N"
250001097222;"MARLI ALMEIDA DA SILVA";"#NULO";"PTC";"FEMININO";"ENSINO FUNDAMENTAL INCOMPLETO";"DIVORCIADO(A)";"PARDA";"COMERCIANTE";"APTO";9000;141;"NÃO ELEITO";5000;"FUNDO ESPECIAL";"Recursos de partido político";"N"
250001097169;"MARILÚ DE PAULA AMARANTE";"#NULO";"PTC";"FEMININO";"ENSINO MÉDIO COMPLETO";"DIVORCIADO(A)";"PRETA";"OUTROS";"APTO";NA;49;"NÃO ELEITO";5000;"FUNDO ESPECIAL";"Recursos de partido político";"N"
250001097173;"DENIVIA ROSA DOS SANTOS OLIVEIRA";"#NULO";"PTC";"FEMININO";"SUPERIOR COMPLETO";"CASADO(A)";"PARDA";"ESTUDANTE, BOLSISTA, ESTAGIÁRIO E ASSEMELHADOS";"APTO";2e+05;48;"NÃO ELEITO";5000;"FUNDO ESPECIAL";"Recursos de partido político";"N"
250001097170;"ISAAC BRITES";"#NULO";"PTC";"MASCULINO";"ENSINO FUNDAMENTAL COMPLETO";"DIVORCIADO(A)";"BRANCA";"EMPRESÁRIO";"APTO";263000;458;"NÃO ELEITO";0;"#NULO";"#NULO";"N"
250001097226;"WAGNER BARBOSA DA SILVA";"#NULO";"PTC";"MASCULINO";"ENSINO MÉDIO COMPLETO";"CASADO(A)";"BRANCA";"OUTROS";"APTO";30000;351;"NÃO ELEITO";0;"#NULO";"#NULO";"N"
250001097195;"SÉRGIO SANTOS DE MELO";"#NULO";"PTC";"MASCULINO";"ENSINO MÉDIO INCOMPLETO";"CASADO(A)";"PRETA";"PRODUTOR DE ESPETÁCULOS PÚBLICOS";"APTO";NA;739;"NÃO ELEITO";10021,9;"OUTROS RECURSOS, FUNDO ESPECIAL";"Recursos próprios, Recursos de partido político";"S"
250000811443;"ERNESTO TEIXEIRA DA CUNHA";"#NULO";"PODE";"MASCULINO";"SUPERIOR COMPLETO";"CASADO(A)";"BRANCA";"JORNALISTA E REDATOR";"APTO";176048,34;3450;"SUPLENTE";100410;"OUTROS RECURSOS, FUNDO PARTIDARIO, FUNDO ESPECIAL";"Recursos próprios, Recursos de partido político";"N"
250000811393;"JOCINARA MOREIRA DA SILVA";"#NULO";"PODE";"FEMININO";"SUPERIOR INCOMPLETO";"SOLTEIRO(A)";"BRANCA";"OUTROS";"APTO";9000;333;"SUPLENTE";24540;"FUNDO ESPECIAL";"Recursos de partido político";"N"
250000811422;"VLADIMIR FERNANDES DE ALMEIDA";"#NULO";"PODE";"MASCULINO";"SUPERIOR COMPLETO";"SOLTEIRO(A)";"PRETA";"QUÍMICO";"APTO";NA;1764;"SUPLENTE";33310;"FUNDO ESPECIAL";"Recursos de partido político";"N"
250000811445;"RODRIGO DA SILVA VIANNA";"#NULO";"PODE";"MASCULINO";"SUPERIOR INCOMPLETO";"SOLTEIRO(A)";"PRETA";"ESTUDANTE, BOLSISTA, ESTAGIÁRIO E ASSEMELHADOS";"APTO";NA;598;"SUPLENTE";10000;"FUNDO ESPECIAL";"Recursos de partido político";"N"
250000811418;"OTACILIO MACHADO PINHEIRO";"#NULO";"PODE";"MASCULINO";"ENSINO MÉDIO COMPLETO";"CASADO(A)";"PARDA";"OUTROS";"APTO";NA;363;"SUPLENTE";9820;"FUNDO ESPECIAL";"Recursos de partido político";"N"
250000811406;"LUIZ HENRIQUE CORONADO DA PAZ";"#NULO";"PODE";"MASCULINO";"SUPERIOR COMPLETO";"CASADO(A)";"PARDA";"ADMINISTRADOR";"APTO";19775,22;1736;"SUPLENTE";23335;"FUNDO ESPECIAL, OUTROS RECURSOS";"Recursos de partido político, Recursos próprios";"N"
250000811378;"ANTONIO CARLOS PEREIRA SILVA";"#NULO";"PODE";"MASCULINO";"SUPERIOR COMPLETO";"CASADO(A)";"BRANCA";"PROGRAMADOR DE COMPUTADOR";"APTO";201000;1098;"SUPLENTE";10947;"OUTROS RECURSOS, FUNDO ESPECIAL, FUNDO PARTIDARIO";"Recursos próprios, Recursos de partido político";"N"
250000811421;"VANICE IZAURA CAMARGO COSTA DA SILVA";"#NULO";"PODE";"FEMININO";"ENSINO MÉDIO COMPLETO";"CASADO(A)";"PARDA";"PROFESSOR DE ENSINO FUNDAMENTAL";"APTO";1450000;461;"SUPLENTE";10320;"FUNDO ESPECIAL";"Recursos de partido político";"N"
250000811449;"FRANCISCO CARLOS DA SILVA";"#NULO";"PODE";"MASCULINO";"SUPERIOR COMPLETO";"CASADO(A)";"PARDA";"ANALISTA DE SISTEMAS";"APTO";894957,38;4005;"SUPLENTE";116530;"OUTROS RECURSOS, FUNDO ESPECIAL";"Recursos de pessoas físicas, Recursos próprios, Recursos de partido político";"N"
250001041970;"ALEXANDRE GONÇALVES";"#NULO";"PRTB";"MASCULINO";"SUPERIOR COMPLETO";"SOLTEIRO(A)";"PRETA";"OUTROS";"APTO";280000;455;"NÃO ELEITO";5910;"OUTROS RECURSOS";"Recursos próprios, Recursos de pessoas físicas";"N"
250001041957;"RISLAINE FEITOZA ALVES";"#NULO";"PRTB";"FEMININO";"ENSINO MÉDIO COMPLETO";"CASADO(A)";"BRANCA";"OUTROS";"APTO";NA;4;"NÃO ELEITO";941,5;"OUTROS RECURSOS";"Recursos de partido político";"N"
250001041997;"MARCIO LUIZ FRANCISCO DE LIMA PEREIRA";"#NULO";"PRTB";"MASCULINO";"ENSINO MÉDIO COMPLETO";"CASADO(A)";"BRANCA";"POLICIAL MILITAR";"APTO";NA;450;"NÃO ELEITO";0;"#NULO";"#NULO";"N"
250001041965;"ALEXANDRE GUIMARÃES DA COSTA ALECRIM";"#NULO";"PRTB";"MASCULINO";"SUPERIOR COMPLETO";"CASADO(A)";"BRANCA";"MILITAR REFORMADO";"APTO";NA;232;"NÃO ELEITO";1800;"OUTROS RECURSOS";"Recursos de pessoas físicas, Recursos próprios";"N"
250001041979;"RICARDO ROCCHI";"#NULO";"PRTB";"MASCULINO";"ENSINO MÉDIO COMPLETO";"SEPARADO(A) JUDICIALMENTE";"BRANCA";"OUTROS";"APTO";3e+05;109;"NÃO ELEITO";1220;"OUTROS RECURSOS";"Recursos de pessoas físicas";"N"
250001259483;"AELISON ALCANTARA DE QUEIROZ";"#NULO";"PRTB";"MASCULINO";"SUPERIOR COMPLETO";"CASADO(A)";"BRANCA";"PROFESSOR DE ENSINO SUPERIOR";"APTO";NA;458;"NÃO ELEITO";1501,5;"OUTROS RECURSOS";"Recursos de pessoas físicas, Recursos de partido político";"N"
250001041959;"VALERIA TAVARES DA SILVA";"#NULO";"PRTB";"FEMININO";"ENSINO FUNDAMENTAL INCOMPLETO";"SOLTEIRO(A)";"BRANCA";"PADEIRO, CONFEITEIRO E ASSEMELHADOS";"APTO";747,04;1;"NÃO ELEITO";0;"#NULO";"#NULO";"N"
250001041996;"LUCIANA APARECIDA FONTES";"#NULO";"PRTB";"FEMININO";"SUPERIOR COMPLETO";"SOLTEIRO(A)";"BRANCA";"OUTROS";"APTO";1e+05;86;"NÃO ELEITO";0;"#NULO";"#NULO";"N"
250001041994;"ERNESTINA LUIZA DOS SANTOS RAIOL";"#NULO";"PRTB";"FEMININO";"SUPERIOR COMPLETO";"CASADO(A)";"BRANCA";"ADVOGADO";"APTO";NA;230;"NÃO ELEITO";15670;"OUTROS RECURSOS";"Recursos de pessoas físicas";"N"
250001042005;"EVERALDO JOSE RIBEIRO";"#NULO";"PRTB";"MASCULINO";"ENSINO MÉDIO COMPLETO";"SOLTEIRO(A)";"BRANCA";"PRODUTOR DE ESPETÁCULOS PÚBLICOS";"APTO";NA;247;"NÃO ELEITO";941,5;"OUTROS RECURSOS";"Recursos de partido político";"N"
250001041978;"PATRICIA MOREIRA CANUTO";"#NULO";"PRTB";"FEMININO";"SUPERIOR COMPLETO";"SOLTEIRO(A)";"BRANCA";"ADVOGADO";"APTO";160000;196;"NÃO ELEITO";941,5;"OUTROS RECURSOS";"Recursos de partido político";"N"
250001042006;"CRISTINA ALVES DE GODOY";"#NULO";"PRTB";"FEMININO";"SUPERIOR COMPLETO";"DIVORCIADO(A)";"BRANCA";"PSICÓLOGO";"APTO";51074,26;1879;"NÃO ELEITO";13485,05;"OUTROS RECURSOS";"Recursos de pessoas físicas, Recursos próprios, Recursos de Financiamento Coletivo, Recursos de partido político";"N"
250001041964;"FABIO MITSUO MARIA";"#NULO";"PRTB";"MASCULINO";"ENSINO MÉDIO COMPLETO";"SOLTEIRO(A)";"AMARELA";"EMPRESÁRIO";"APTO";NA;338;"NÃO ELEITO";0;"#NULO";"#NULO";"N"
250000706717;"SAMANTHA FREIRE DIAS";"#NULO";"PV";"FEMININO";"SUPERIOR COMPLETO";"SEPARADO(A) JUDICIALMENTE";"BRANCA";"BIOMÉDICO";"APTO";NA;92;"SUPLENTE";5000;"FUNDO ESPECIAL";"Recursos de partido político";"N"
250000706754;"MÁRCIO VINICIUS DE MORAES";"#NULO";"PV";"MASCULINO";"ENSINO FUNDAMENTAL COMPLETO";"CASADO(A)";"BRANCA";"COMERCIANTE";"APTO";NA;174;"SUPLENTE";NA;NA;NA;"N"
250000706749;"REGINA PEDROSO CAMINHA";"#NULO";"PV";"FEMININO";"SUPERIOR COMPLETO";"DIVORCIADO(A)";"BRANCA";"ADVOGADO";"APTO";1097000;374;"SUPLENTE";10070;"FUNDO ESPECIAL, OUTROS RECURSOS";"Recursos de partido político, Recursos de Financiamento Coletivo";"N"
250000706735;"HENRIQUE MORGAN DE AGUIAR FILHO";"#NULO";"PV";"MASCULINO";"ENSINO FUNDAMENTAL COMPLETO";"VIÚVO(A)";"BRANCA";"APOSENTADO (EXCETO SERVIDOR PÚBLICO)";"APTO";364932,85;45;"SUPLENTE";10724,1;"OUTROS RECURSOS";"Recursos próprios";"N"
250000706759;"ROBERTO CARLOS FLAVIANO";"#NULO";"PV";"MASCULINO";"ENSINO FUNDAMENTAL COMPLETO";"CASADO(A)";"BRANCA";"OUTROS";"APTO";NA;207;"SUPLENTE";3000;"FUNDO ESPECIAL";"Recursos de partido político";"N"
250000706736;"DILCEA CYRNE ALVES AUGUSTO";"#NULO";"PV";"FEMININO";"SUPERIOR COMPLETO";"DIVORCIADO(A)";"BRANCA";"OUTROS";"APTO";NA;122;"SUPLENTE";7000;"FUNDO ESPECIAL";"Recursos de partido político";"N"
250000706748;"JURANDIR MARQUES DA SILVA";"#NULO";"PV";"MASCULINO";"SUPERIOR INCOMPLETO";"CASADO(A)";"BRANCA";"VENDEDOR DE COMÉRCIO VAREJISTA E ATACADISTA";"APTO";NA;210;"SUPLENTE";3000;"FUNDO ESPECIAL";"Recursos de partido político";"N"
250000706731;"ELOISA LIMA PEREIRA";"#NULO";"PV";"FEMININO";"SUPERIOR COMPLETO";"SOLTEIRO(A)";"BRANCA";"ADMINISTRADOR";"APTO";436203,08;310;"SUPLENTE";8000;"FUNDO ESPECIAL";"Recursos de partido político";"N"
250000706720;"SERGIO NAVARRA";"#NULO";"PV";"MASCULINO";"ENSINO MÉDIO COMPLETO";"CASADO(A)";"BRANCA";"COMERCIANTE";"APTO";85000;128;"SUPLENTE";3000;"FUNDO ESPECIAL";"Recursos de partido político";"N"
250001273997;"ESTER DA SILVA";"#NULO";"PV";"FEMININO";"ENSINO MÉDIO COMPLETO";"CASADO(A)";"BRANCA";"DETETIVE PARTICULAR";"APTO";298000;27;"SUPLENTE";0;"#NULO";"#NULO";"N"
250000706739;"MARTHA CHRISTINA CAMPOS DE ARAUJO";"#NULO";"PV";"FEMININO";"SUPERIOR INCOMPLETO";"SOLTEIRO(A)";"BRANCA";"ARTISTA PLÁSTICO E ASSEMELHADOS";"APTO";590000;220;"SUPLENTE";5000;"FUNDO ESPECIAL";"Recursos de partido político";"N"
250000706714;"REGINALDO DE CARVALHO LOPES";"#NULO";"PV";"MASCULINO";"SUPERIOR INCOMPLETO";"CASADO(A)";"PARDA";"OUTROS";"APTO";NA;597;"SUPLENTE";9000;"FUNDO ESPECIAL";"Recursos de partido político";"N"
250000706738;"RAUL THAME DE TOLEDO ALMEIDA";"#NULO";"PV";"MASCULINO";"SUPERIOR COMPLETO";"SOLTEIRO(A)";"BRANCA";"PROFESSOR DE ENSINO MÉDIO";"APTO";39000;532;"SUPLENTE";36000;"FUNDO ESPECIAL";"Recursos de partido político";"N"
250000883853;"ADÃO DIVINO DO NASCIMENTO";"#NULO";"REPUBLICANOS";"MASCULINO";"SUPERIOR INCOMPLETO";"SOLTEIRO(A)";"BRANCA";"DIRETOR DE EMPRESAS";"APTO";292441;406;"SUPLENTE";2817,5;"FUNDO ESPECIAL";"Recursos de partido político";"N"
250000925970;"LEVI VIEIRA SERRA";"#NULO";"PSC";"MASCULINO";"SUPERIOR COMPLETO";"CASADO(A)";"BRANCA";"ADVOGADO";"APTO";NA;294;"SUPLENTE";5995;"FUNDO ESPECIAL";"Recursos de partido político";"N"
250000925925;"LENIR MARIA DE OLIVEIRA";"#NULO";"PSC";"FEMININO";"ENSINO MÉDIO INCOMPLETO";"SOLTEIRO(A)";"PARDA";"DONA DE CASA";"APTO";NA;207;"SUPLENTE";17120;"FUNDO ESPECIAL";"Recursos de partido político";"N"
250000925919;"VALTER SANTIAGO";"#NULO";"PSC";"MASCULINO";"ENSINO MÉDIO INCOMPLETO";"CASADO(A)";"PARDA";"EMPRESÁRIO";"APTO";NA;580;"SUPLENTE";13495;"FUNDO ESPECIAL";"Recursos de partido político";"N"
250000883857;"CLAUDIO LUIZ GONÇALVES DE ALMEIDA";"#NULO";"REPUBLICANOS";"MASCULINO";"SUPERIOR COMPLETO";"SEPARADO(A) JUDICIALMENTE";"BRANCA";"OUTROS";"APTO";76768,99;319;"SUPLENTE";11105,48;"OUTROS RECURSOS, FUNDO ESPECIAL";"Recursos próprios, Recursos de partido político";"N"
250000883847;"DEFERSON FEITOSA DE LIMA";"#NULO";"REPUBLICANOS";"MASCULINO";"SUPERIOR COMPLETO";"CASADO(A)";"BRANCA";"EMPRESÁRIO";"APTO";NA;772;"SUPLENTE";11325,5;"OUTROS RECURSOS, FUNDO ESPECIAL";"Recursos de pessoas físicas, Recursos de partido político";"N"
250000883889;"NANCI DAMIÃO";"#NULO";"REPUBLICANOS";"FEMININO";"ENSINO FUNDAMENTAL INCOMPLETO";"SOLTEIRO(A)";"PARDA";"OUTROS";"APTO";NA;239;"SUPLENTE";12265,5;"FUNDO ESPECIAL";"Recursos de partido político";"N"
250000883906;"ROQUE PEREIRA MORAIS";"#NULO";"REPUBLICANOS";"MASCULINO";"ENSINO FUNDAMENTAL COMPLETO";"SOLTEIRO(A)";"PRETA";"OUTROS";"APTO";13000;775;"SUPLENTE";2432,48;"FUNDO ESPECIAL";"Recursos de partido político";"N"
250000925988;"REGINA CELIA SALLES";"#NULO";"PSC";"FEMININO";"SUPERIOR COMPLETO";"DIVORCIADO(A)";"PRETA";"ASSISTENTE SOCIAL";"APTO";NA;274;"SUPLENTE";18916,6;"OUTROS RECURSOS, FUNDO ESPECIAL";"Recursos próprios, Recursos de partido político";"N"
250000925964;"MARCIO ALVARES DE SOUZA";"#NULO";"PSC";"MASCULINO";"ENSINO FUNDAMENTAL INCOMPLETO";"CASADO(A)";"PRETA";"COMERCIANTE";"APTO";433000;1329;"SUPLENTE";17495;"FUNDO ESPECIAL";"Recursos de partido político";"N"
250000925928;"MARIA JOSEILDA REIS DA SILVA";"#NULO";"PSC";"FEMININO";"ENSINO MÉDIO COMPLETO";"CASADO(A)";"BRANCA";"COMERCIÁRIO";"APTO";NA;119;"SUPLENTE";10120;"FUNDO ESPECIAL";"Recursos de partido político";"N"
250000925972;"NILTON TÁPIA VIDAL";"#NULO";"PSC";"MASCULINO";"SUPERIOR INCOMPLETO";"CASADO(A)";"BRANCA";"COMERCIANTE";"APTO";NA;98;"SUPLENTE";7620;"FUNDO PARTIDARIO, FUNDO ESPECIAL";"Recursos de partido político";"N"
250000925927;"JOSE MANOEL DE LIRA FILHO";"#NULO";"PSC";"MASCULINO";"ENSINO MÉDIO COMPLETO";"CASADO(A)";"PARDA";"OPERADOR DE APARELHOS DE PRODUÇÃO INDUSTRIAL";"APTO";8000;508;"SUPLENTE";11495;"FUNDO ESPECIAL";"Recursos de partido político";"N"
250000883840;"JOSÉ ARIVALDO RODRIGUES";"#NULO";"REPUBLICANOS";"MASCULINO";"ENSINO MÉDIO COMPLETO";"CASADO(A)";"PARDA";"VEREADOR";"APTO";977032,09;11746;"SUPLENTE";335658,93;"OUTROS RECURSOS, FUNDO ESPECIAL";"Recursos de pessoas físicas, Recursos próprios, Recursos de partido político";"N"
250000883839;"PAULO SERGIO DOS REIS";"#NULO";"REPUBLICANOS";"MASCULINO";"ENSINO MÉDIO COMPLETO";"SOLTEIRO(A)";"PRETA";"EMPRESÁRIO";"APTO";NA;1151;"SUPLENTE";1838,25;"FUNDO ESPECIAL";"Recursos de partido político";"N"
250000883865;"DOUGLAS WILSON CAMARGO";"#NULO";"REPUBLICANOS";"MASCULINO";"SUPERIOR COMPLETO";"CASADO(A)";"BRANCA";"APOSENTADO (EXCETO SERVIDOR PÚBLICO)";"APTO";184354,97;99;"SUPLENTE";1906,75;"FUNDO ESPECIAL";"Recursos de partido político";"N"
250000925930;"ODILIA EXPEDITA DE SOUSA";"#NULO";"PSC";"FEMININO";"ENSINO MÉDIO COMPLETO";"SOLTEIRO(A)";"PARDA";"OUTROS";"APTO";314000;465;"SUPLENTE";17120;"FUNDO ESPECIAL";"Recursos de partido político";"N"
250000883887;"GERALDO FLORENCIO DOS SANTOS";"#NULO";"REPUBLICANOS";"MASCULINO";"ENSINO FUNDAMENTAL COMPLETO";"CASADO(A)";"PARDA";"APOSENTADO (EXCETO SERVIDOR PÚBLICO)";"APTO";100457,62;561;"SUPLENTE";3269,48;"FUNDO ESPECIAL";"Recursos de partido político";"N"
250000883838;"RAIMUNDO JOÃO SEBASTIÃO";"#NULO";"REPUBLICANOS";"MASCULINO";"ENSINO FUNDAMENTAL COMPLETO";"CASADO(A)";"PARDA";"OUTROS";"APTO";176390,23;785;"SUPLENTE";2857,5;"FUNDO ESPECIAL";"Recursos de partido político";"N"
250000883831;"DIVALDO ROSA";"#NULO";"REPUBLICANOS";"MASCULINO";"SUPERIOR COMPLETO";"CASADO(A)";"PRETA";"EMPRESÁRIO";"APTO";301752,26;2845;"SUPLENTE";51386,92;"OUTROS RECURSOS, FUNDO ESPECIAL";"Recursos de pessoas físicas, Recursos de partido político, Recursos próprios";"N"
250000883901;"JAIRO DE OLIVEIRA SERGIO";"#NULO";"REPUBLICANOS";"MASCULINO";"SUPERIOR INCOMPLETO";"SOLTEIRO(A)";"PARDA";"SUPERVISOR, INSPETOR E AGENTE DE COMPRAS E VENDAS";"APTO";NA;1023;"SUPLENTE";6502,5;"FUNDO ESPECIAL, OUTROS RECURSOS";"Recursos de partido político, Recursos de pessoas físicas";"N"
250000883863;"CLAUDINEI ALEXANDRE PIRES";"#NULO";"REPUBLICANOS";"MASCULINO";"ENSINO FUNDAMENTAL COMPLETO";"DIVORCIADO(A)";"PRETA";"ATLETA PROFISSIONAL E TÉCNICO EM DESPORTOS";"APTO";NA;2960;"SUPLENTE";138105;"FUNDO ESPECIAL";"Recursos de partido político";"N"
250000925915;"EDIVALDO MARCELO ABENÇOADO DOS SANTOS LEAL";"#NULO";"PSC";"MASCULINO";"ENSINO MÉDIO INCOMPLETO";"CASADO(A)";"PARDA";"MOTORISTA DE VEÍCULOS DE TRANSPORTE COLETIVO DE PASSAGEIROS";"APTO";222555,54;834;"SUPLENTE";11500;"FUNDO ESPECIAL";"Recursos de partido político";"N"
250001016173;"LEONARDO DOS SANTOS RAMOS";"#NULO";"PSD";"MASCULINO";"SUPERIOR COMPLETO";"SOLTEIRO(A)";"BRANCA";"ADMINISTRADOR";"APTO";200059,11;859;"SUPLENTE";23074,74;"OUTROS RECURSOS, FUNDO ESPECIAL";"Recursos próprios, Recursos de pessoas físicas, Recursos de Financiamento Coletivo, Recursos de partido político";"N"
250001016159;"ANDRE DE LUCCA VENTURINI";"#NULO";"PSD";"MASCULINO";"SUPERIOR COMPLETO";"SOLTEIRO(A)";"BRANCA";"EMPRESÁRIO";"APTO";31701,5;1990;"SUPLENTE";23781,74;"OUTROS RECURSOS, FUNDO ESPECIAL";"Recursos de pessoas físicas, Recursos próprios, Recursos de partido político";"N"
250001016162;"ENIO MARIN VERGEIRO";"#NULO";"PSD";"MASCULINO";"SUPERIOR COMPLETO";"CASADO(A)";"BRANCA";"PUBLICITÁRIO";"APTO";751058,91;1117;"SUPLENTE";19521,74;"FUNDO ESPECIAL, OUTROS RECURSOS";"Recursos de partido político, Recursos próprios";"N"
250001016197;"RUBIA MARA DA SILVA OLIVEIRA";"#NULO";"PSD";"FEMININO";"SUPERIOR COMPLETO";"SOLTEIRO(A)";"PRETA";"JORNALISTA E REDATOR";"APTO";5010,61;2248;"SUPLENTE";68131,74;"FUNDO ESPECIAL";"Recursos de partido político";"N"
250001016177;"GISLAINE LAMBERT DE BRITO DOS SANTOS";"#NULO";"PSD";"FEMININO";"SUPERIOR COMPLETO";"CASADO(A)";"BRANCA";"PROFESSOR DE ENSINO FUNDAMENTAL";"APTO";906000;286;"SUPLENTE";35021,74;"FUNDO ESPECIAL";"Recursos de partido político";"N"
250001016179;"MANOEL SILVA ARAÚJO JÚNIOR";"#NULO";"PSD";"MASCULINO";"SUPERIOR COMPLETO";"CASADO(A)";"PARDA";"ENFERMEIRO";"APTO";215300;260;"SUPLENTE";65121,74;"FUNDO ESPECIAL";"Recursos de partido político";"N"
250001016137;"MARIA RAIMUNDA MARINHO";"#NULO";"PSD";"FEMININO";"SUPERIOR COMPLETO";"SOLTEIRO(A)";"BRANCA";"MATEMÁTICO E ATUÁRIO";"APTO";246541,09;179;"SUPLENTE";22100;"OUTROS RECURSOS, FUNDO PARTIDARIO";"Recursos próprios, Recursos de partido político";"N"
250001016185;"ROGERIO BARRIOS";"#NULO";"PSD";"MASCULINO";"SUPERIOR COMPLETO";"CASADO(A)";"BRANCA";"EMPRESÁRIO";"APTO";948250;1463;"SUPLENTE";19166;"FUNDO ESPECIAL, OUTROS RECURSOS";"Recursos de partido político, Recursos de pessoas físicas, Recursos de Financiamento Coletivo";"N"
250000640999;"ELIANE KANAYAMA";"#NULO";"PL";"FEMININO";"SUPERIOR COMPLETO";"DIVORCIADO(A)";"BRANCA";"EMPRESÁRIO";"APTO";NA;280;"SUPLENTE";45992,11;"OUTROS RECURSOS, FUNDO ESPECIAL, FUNDO PARTIDARIO";"Recursos de pessoas físicas, Recursos próprios, Recursos de partido político";"N"
250000640972;"MARIA BEZERRA DE MENEZES SCORZA";"#NULO";"PL";"FEMININO";"SUPERIOR INCOMPLETO";"CASADO(A)";"PARDA";"AUXILIAR DE ESCRITÓRIO E ASSEMELHADOS";"APTO";171515,27;799;"SUPLENTE";17800;"FUNDO PARTIDARIO";"Recursos de partido político";"N"
250000641005;"LEONARDO FERREIRA LEMOS";"#NULO";"PL";"MASCULINO";"SUPERIOR COMPLETO";"CASADO(A)";"PARDA";"ANALISTA DE SISTEMAS";"APTO";28,63;309;"SUPLENTE";12800;"FUNDO ESPECIAL, FUNDO PARTIDARIO";"Recursos de partido político";"N"
250000640979;"RODRIGO SCARDELATO GONZALES";"#NULO";"PL";"MASCULINO";"SUPERIOR COMPLETO";"SOLTEIRO(A)";"BRANCA";"PUBLICITÁRIO";"APTO";1e+05;145;"SUPLENTE";12800;"FUNDO PARTIDARIO, FUNDO ESPECIAL";"Recursos de partido político";"N"
250000641034;"ANTONINHA JOSELI PEREIRA";"#NULO";"PL";"FEMININO";"ENSINO MÉDIO COMPLETO";"SOLTEIRO(A)";"BRANCA";"EMPREGADO DOMÉSTICO";"APTO";60;23;"SUPLENTE";12800;"FUNDO PARTIDARIO";"Recursos de partido político";"N"
250000641003;"JOÃO CARLOS QUINTINO LEITE";"#NULO";"PL";"MASCULINO";"SUPERIOR INCOMPLETO";"SOLTEIRO(A)";"PARDA";"JORNALISTA E REDATOR";"APTO";NA;28;"SUPLENTE";2000;"FUNDO PARTIDARIO";"Recursos de partido político";"N"
250000641043;"SARA PEREIRA PROTA";"#NULO";"PL";"FEMININO";"SUPERIOR COMPLETO";"SOLTEIRO(A)";"BRANCA";"OUTROS";"APTO";4000;235;"SUPLENTE";12802,91;"FUNDO PARTIDARIO, OUTROS RECURSOS";"Recursos de partido político, Recursos próprios";"N"
250000640978;"JOSÉ AIRTON FERREIRA DAS NEVES";"#NULO";"PL";"MASCULINO";"SUPERIOR INCOMPLETO";"CASADO(A)";"BRANCA";"MOTORISTA PARTICULAR";"APTO";394111,49;1861;"SUPLENTE";51550;"FUNDO ESPECIAL, OUTROS RECURSOS, FUNDO PARTIDARIO";"Recursos de partido político, Recursos próprios, Recursos de pessoas físicas";"N"
250000640985;"JOÃO PAULINO DA SILVA";"#NULO";"PL";"MASCULINO";"ENSINO FUNDAMENTAL COMPLETO";"DIVORCIADO(A)";"PARDA";"EMPRESÁRIO";"APTO";NA;372;"SUPLENTE";14400;"OUTROS RECURSOS, FUNDO ESPECIAL, FUNDO PARTIDARIO";"Recursos de pessoas físicas, Recursos de partido político";"N"
250000640997;"GISLAINE FIGUEIREDO LEMOS SILVA";"#NULO";"PL";"FEMININO";"ENSINO MÉDIO COMPLETO";"SOLTEIRO(A)";"PARDA";"EMPRESÁRIO";"APTO";3188,33;1715;"SUPLENTE";34400;"FUNDO PARTIDARIO";"Recursos de partido político";"N"
250000640975;"MARIA DO ROSÁRIO DE FÁTIMA MORAIS";"#NULO";"PL";"FEMININO";"SUPERIOR INCOMPLETO";"DIVORCIADO(A)";"PARDA";"OUTROS";"APTO";NA;9;"SUPLENTE";12800;"FUNDO PARTIDARIO";"Recursos de partido político";"N"
250001159204;"AILTON ALCÂNTARA DOS SANTOS";"#NULO";"PROS";"MASCULINO";"ENSINO MÉDIO COMPLETO";"CASADO(A)";"PARDA";"MOTORISTA DE VEÍCULOS DE TRANSPORTE COLETIVO DE PASSAGEIROS";"APTO";NA;48;"NÃO ELEITO";6159,7;"OUTROS RECURSOS, FUNDO PARTIDARIO, FUNDO ESPECIAL";"Recursos de outros candidatos, Recursos de partido político";"N"
250001159213;"JORGE JOSÉ DOS SANTOS";"#NULO";"PROS";"MASCULINO";"ENSINO FUNDAMENTAL COMPLETO";"CASADO(A)";"BRANCA";"MOTORISTA PARTICULAR";"APTO";70000;161;"NÃO ELEITO";6157,7;"OUTROS RECURSOS, FUNDO ESPECIAL, FUNDO PARTIDARIO";"Recursos de outros candidatos, Recursos de partido político";"N"
250001159243;"EDUARDO ROZ";"#NULO";"PROS";"MASCULINO";"SUPERIOR COMPLETO";"CASADO(A)";"BRANCA";"EMPRESÁRIO";"APTO";192000,68;4376;"NÃO ELEITO";95287,7;"FUNDO ESPECIAL, OUTROS RECURSOS, FUNDO PARTIDARIO";"Recursos de partido político, Recursos de outros candidatos";"N"
250001159231;"MAURO ANTUNES DA SILVA";"#NULO";"PROS";"MASCULINO";"ENSINO MÉDIO COMPLETO";"CASADO(A)";"BRANCA";"MILITAR REFORMADO";"APTO";16000;321;"NÃO ELEITO";5276,7;"FUNDO PARTIDARIO, OUTROS RECURSOS";"Recursos de partido político, Recursos de outros candidatos";"N"
250001159207;"ADRIANA CICERA DA SILVA";"#NULO";"PROS";"FEMININO";"ENSINO FUNDAMENTAL COMPLETO";"CASADO(A)";"PARDA";"FAXINEIRO";"APTO";146000;140;"NÃO ELEITO";5157,7;"FUNDO PARTIDARIO, OUTROS RECURSOS";"Recursos de partido político, Recursos de outros candidatos";"N"
250001159208;"MARCELO JACINTO HORTA";"#NULO";"PROS";"MASCULINO";"SUPERIOR COMPLETO";"SOLTEIRO(A)";"BRANCA";"MILITAR REFORMADO";"APTO";58357,31;506;"NÃO ELEITO";11000;"OUTROS RECURSOS";"Recursos próprios";"N"
250000944993;"VERA LUCIA MENESES ZANELATO";"#NULO";"CIDADANIA";"FEMININO";"SUPERIOR COMPLETO";"CASADO(A)";"BRANCA";"PROFESSOR DE ENSINO MÉDIO";"APTO";509312,62;544;"NÃO ELEITO";22638,16;"FUNDO ESPECIAL, FUNDO PARTIDARIO, OUTROS RECURSOS";"Recursos de partido político, Recursos próprios";"N"
250000944995;"LAUDICENE APARECIDA VENTURA";"#NULO";"CIDADANIA";"FEMININO";"SUPERIOR INCOMPLETO";"CASADO(A)";"PRETA";"OUTROS";"APTO";NA;332;"NÃO ELEITO";4138,16;"FUNDO PARTIDARIO";"Recursos de partido político";"N"
250000945004;"MARLI APARECIDA ANSELMO";"#NULO";"CIDADANIA";"FEMININO";"SUPERIOR COMPLETO";"DIVORCIADO(A)";"BRANCA";"ADVOGADO";"APTO";25000;168;"NÃO ELEITO";2000;"FUNDO ESPECIAL";"Recursos de partido político";"N"
250000944974;"HILDA MARIA AZEVEDO ALVES";"#NULO";"CIDADANIA";"FEMININO";"ENSINO FUNDAMENTAL COMPLETO";"CASADO(A)";"PARDA";"DONA DE CASA";"APTO";NA;197;"NÃO ELEITO";10638,16;"OUTROS RECURSOS, FUNDO ESPECIAL";"Recursos de partido político, Recursos de pessoas físicas";"N"
250000944991;"HERMIZIA DANIELA SILVEIRA DOS ANJOS";"#NULO";"CIDADANIA";"FEMININO";"SUPERIOR COMPLETO";"CASADO(A)";"BRANCA";"SERVIDOR PÚBLICO MUNICIPAL";"APTO";17000;1706;"NÃO ELEITO";16907,16;"OUTROS RECURSOS, FUNDO ESPECIAL, FUNDO PARTIDARIO";"Recursos de pessoas físicas, Recursos de partido político, Recursos de Financiamento Coletivo";"N"
250000945006;"SERGIO GARCIA";"#NULO";"CIDADANIA";"MASCULINO";"SUPERIOR INCOMPLETO";"CASADO(A)";"BRANCA";"COMERCIANTE";"APTO";90327,93;262;"NÃO ELEITO";6138,16;"OUTROS RECURSOS, FUNDO ESPECIAL";"Recursos próprios, Recursos de partido político";"N"
250000944994;"CLAUDIO RODRIGUES FERREIRA";"#NULO";"CIDADANIA";"MASCULINO";"ENSINO MÉDIO INCOMPLETO";"CASADO(A)";"PRETA";"APOSENTADO (EXCETO SERVIDOR PÚBLICO)";"APTO";NA;259;"NÃO ELEITO";5423,16;"OUTROS RECURSOS";"Recursos de pessoas físicas, Recursos próprios, Recursos de partido político";"N"
250000944975;"JOSE DOMINGOS SANTOS RIBEIRO";"#NULO";"CIDADANIA";"MASCULINO";"ENSINO FUNDAMENTAL COMPLETO";"SOLTEIRO(A)";"PRETA";"DIRETOR DE EMPRESAS";"APTO";NA;81;"NÃO ELEITO";8338,16;"OUTROS RECURSOS, FUNDO ESPECIAL";"Recursos de pessoas físicas, Recursos de partido político";"N"
250000944990;"BRUNO OLIVEIRA FUCHS";"#NULO";"CIDADANIA";"MASCULINO";"SUPERIOR INCOMPLETO";"SOLTEIRO(A)";"BRANCA";"ESTUDANTE, BOLSISTA, ESTAGIÁRIO E ASSEMELHADOS";"APTO";NA;99;"NÃO ELEITO";3498,16;"OUTROS RECURSOS, FUNDO ESPECIAL";"Recursos de pessoas físicas, Recursos próprios, Recursos de partido político";"N"
250000944992;"ELIANE DE CASSIA GALVÃO";"#NULO";"CIDADANIA";"FEMININO";"SUPERIOR COMPLETO";"SOLTEIRO(A)";"PRETA";"PEDAGOGO";"APTO";NA;180;"NÃO ELEITO";9783,16;"OUTROS RECURSOS, FUNDO ESPECIAL";"Recursos próprios, Recursos de pessoas físicas, Recursos de partido político";"N"
250001206104;"ALEXANDRE DE OLIVEIRA";"#NULO";"AVANTE";"MASCULINO";"SUPERIOR COMPLETO";"CASADO(A)";"PRETA";"ADVOGADO";"APTO";NA;722;"NÃO ELEITO";0;"#NULO";"#NULO";"N"
250001206097;"CAMILO PRUDENCIO GALHARDO";"#NULO";"AVANTE";"MASCULINO";"SUPERIOR COMPLETO";"CASADO(A)";"BRANCA";"OUTROS";"APTO";NA;707;"NÃO ELEITO";0;"#NULO";"#NULO";"N"
250001206027;"SEVERINO BISPO DO NASCIMENTO";"#NULO";"AVANTE";"MASCULINO";"ENSINO FUNDAMENTAL COMPLETO";"CASADO(A)";"BRANCA";"COMERCIANTE";"APTO";NA;1306;"NÃO ELEITO";0;"#NULO";"#NULO";"N"
250001206060;"RODOLFO ANTONIO LIMA DE OLIVEIRA";"#NULO";"AVANTE";"MASCULINO";"SUPERIOR INCOMPLETO";"SOLTEIRO(A)";"PARDA";"OUTROS";"APTO";NA;6803;"NÃO ELEITO";133889,99;"OUTROS RECURSOS, FUNDO ESPECIAL";"Recursos de pessoas físicas, Recursos de partido político, Recursos próprios";"N"
250001206062;"NIVALDO MOURA DA SILVA";"#NULO";"AVANTE";"MASCULINO";"SUPERIOR COMPLETO";"SOLTEIRO(A)";"BRANCA";"SERVIDOR PÚBLICO ESTADUAL";"APTO";NA;169;"NÃO ELEITO";0;"#NULO";"#NULO";"N"
250001206086;"FABIOLA TATCHER MARTINS RODA";"#NULO";"AVANTE";"FEMININO";"ENSINO MÉDIO COMPLETO";"SOLTEIRO(A)";"BRANCA";"SERVIDOR PÚBLICO ESTADUAL";"APTO";NA;306;"NÃO ELEITO";3550;"OUTROS RECURSOS, FUNDO ESPECIAL";"Recursos próprios, Recursos de partido político";"N"
250001206042;"LUIZ TEOFILO DA SILVA";"#NULO";"AVANTE";"MASCULINO";"ENSINO MÉDIO COMPLETO";"CASADO(A)";"PARDA";"APOSENTADO (EXCETO SERVIDOR PÚBLICO)";"APTO";NA;30;"NÃO ELEITO";0;"#NULO";"#NULO";"N"
250001206099;"BIANCA DE JESUS";"#NULO";"AVANTE";"FEMININO";"SUPERIOR INCOMPLETO";"SOLTEIRO(A)";"BRANCA";"OUTROS";"APTO";NA;216;"NÃO ELEITO";3000;"FUNDO ESPECIAL";"Recursos de partido político";"N"
250001206056;"LINDINALVA DO CARMO LIMA";"#NULO";"AVANTE";"FEMININO";"ENSINO FUNDAMENTAL INCOMPLETO";"SOLTEIRO(A)";"PRETA";"DONA DE CASA";"APTO";NA;322;"NÃO ELEITO";3000;"FUNDO ESPECIAL";"Recursos de partido político";"N"
250001206044;"REGINALDO DA ROCHA MAXIMO";"#NULO";"AVANTE";"MASCULINO";"SUPERIOR COMPLETO";"CASADO(A)";"PARDA";"SERVIDOR PÚBLICO ESTADUAL";"APTO";37044;920;"NÃO ELEITO";30000;"FUNDO ESPECIAL";"Recursos de partido político";"N"
250001206071;"IOLANDA REGINA ALVES FRONTEROTTA";"#NULO";"AVANTE";"FEMININO";"SUPERIOR COMPLETO";"DIVORCIADO(A)";"BRANCA";"DECORADOR";"APTO";NA;454;"NÃO ELEITO";10000;"FUNDO ESPECIAL";"Recursos de partido político";"N"
250001206087;"ROGERIO LIMA SENA";"#NULO";"AVANTE";"MASCULINO";"SUPERIOR COMPLETO";"CASADO(A)";"PARDA";"ADMINISTRADOR";"APTO";1333282,78;2784;"NÃO ELEITO";150000;"OUTROS RECURSOS";"Recursos próprios";"N"
250001119901;"LUIZ AUGUSTO DINAMARCA BARNA";"#NULO";"PDT";"MASCULINO";"SUPERIOR COMPLETO";"SEPARADO(A) JUDICIALMENTE";"BRANCA";"SERVIDOR PÚBLICO FEDERAL";"APTO";450000;547;"NÃO ELEITO";8295,57;"OUTROS RECURSOS, FUNDO ESPECIAL";"Recursos próprios, Recursos de partido político, Recursos de outros candidatos";"N"
250001119883;"JONAS TEODORO DA ROCHA";"#NULO";"PDT";"MASCULINO";"SUPERIOR COMPLETO";"SOLTEIRO(A)";"PRETA";"SERVIDOR PÚBLICO ESTADUAL";"APTO";22540;455;"NÃO ELEITO";6160,13;"FUNDO ESPECIAL";"Recursos de outros candidatos, Rendimentos de aplicações financeiras";"N"
250001119862;"RITA DE CÁSSIA SOUSA SANTOS";"#NULO";"PDT";"FEMININO";"SUPERIOR COMPLETO";"CASADO(A)";"PARDA";"ENFERMEIRO";"APTO";150000;68;"NÃO ELEITO";7195,57;"FUNDO ESPECIAL";"Recursos de partido político, Recursos de outros candidatos";"S"
250001119854;"JONAS DUARTE FERNANDES";"#NULO";"PDT";"MASCULINO";"SUPERIOR COMPLETO";"CASADO(A)";"BRANCA";"SUPERVISOR, INSPETOR E AGENTE DE COMPRAS E VENDAS";"APTO";NA;196;"NÃO ELEITO";6995,57;"FUNDO ESPECIAL";"Recursos de outros candidatos, Recursos de partido político";"N"
250001119903;"MARIA JEANE SILVA MOREIRA";"#NULO";"PDT";"FEMININO";"ENSINO MÉDIO COMPLETO";"CASADO(A)";"BRANCA";"OUTROS";"APTO";28500;164;"NÃO ELEITO";7480,57;"OUTROS RECURSOS, FUNDO ESPECIAL";"Recursos próprios, Recursos de outros candidatos, Recursos de Financiamento Coletivo, Recursos de partido político";"N"
250001119893;"ERICA MONTEIRO SACCO DE ALMEIDA";"#NULO";"PDT";"FEMININO";"SUPERIOR COMPLETO";"CASADO(A)";"BRANCA";"SERVIDOR PÚBLICO MUNICIPAL";"APTO";94304,24;332;"NÃO ELEITO";23755,57;"OUTROS RECURSOS, FUNDO ESPECIAL";"Recursos de Financiamento Coletivo, Recursos de pessoas físicas, Recursos de partido político, Recursos de outros candidatos";"N"
250001119889;"CAIO CESAR MARQUES NAHAS";"#NULO";"PDT";"MASCULINO";"ENSINO MÉDIO COMPLETO";"SOLTEIRO(A)";"BRANCA";"VIGILANTE";"APTO";273000;567;"NÃO ELEITO";5560,09;"FUNDO ESPECIAL";"Recursos de outros candidatos";"N"
250001119902;"MARCELO GOUVEIA NASCIMENTO";"#NULO";"PDT";"MASCULINO";"SUPERIOR COMPLETO";"SOLTEIRO(A)";"BRANCA";"SERVIDOR PÚBLICO MUNICIPAL";"APTO";54655,25;7706;"NÃO ELEITO";13040,57;"OUTROS RECURSOS, FUNDO ESPECIAL";"Recursos de Financiamento Coletivo, Recursos próprios, Recursos de outros candidatos, Recursos de partido político";"N"
250001119870;"IVAN DE JESUS CRUZ";"#NULO";"PDT";"MASCULINO";"ENSINO FUNDAMENTAL COMPLETO";"SOLTEIRO(A)";"PARDA";"ELETRICISTA E ASSEMELHADOS";"APTO";NA;153;"NÃO ELEITO";6545,57;"FUNDO ESPECIAL";"Recursos de outros candidatos, Recursos de partido político";"N"
250001100746;"ARTHUR BARBOSA VIEIRA";"#NULO";"PMB";"MASCULINO";"ENSINO MÉDIO COMPLETO";"SOLTEIRO(A)";"PARDA";"OUTROS";"APTO";NA;449;"NÃO ELEITO";0;"#NULO";"#NULO";"N"
250000789488;"GUSTAVO RODRIGUES COSTA";"#NULO";"PT";"MASCULINO";"ENSINO MÉDIO COMPLETO";"SOLTEIRO(A)";"PRETA";"OUTROS";"APTO";NA;738;"SUPLENTE";33423,5;"OUTROS RECURSOS, FUNDO ESPECIAL";"Recursos de pessoas físicas, Recursos de outros candidatos, Recursos de partido político";"N"
250000789519;"REGINA ADELAIDE DOS SANTOS";"#NULO";"PT";"FEMININO";"ENSINO MÉDIO COMPLETO";"SOLTEIRO(A)";"PRETA";"COZINHEIRO";"APTO";185000;1713;"SUPLENTE";19754,94;"OUTROS RECURSOS, FUNDO ESPECIAL";"Recursos de pessoas físicas, Recursos de outros candidatos, Recursos de partido político";"N"
250000789506;"NORMACI SOUSA SAMPAIO";"#NULO";"PT";"FEMININO";"ENSINO FUNDAMENTAL INCOMPLETO";"SOLTEIRO(A)";"PRETA";"OUTROS";"APTO";NA;622;"SUPLENTE";27883,5;"FUNDO ESPECIAL";"Recursos de partido político, Recursos de outros candidatos";"N"
250000789450;"RAIMUNDO LEITE LEMOS";"#NULO";"PT";"MASCULINO";"ENSINO MÉDIO COMPLETO";"SOLTEIRO(A)";"PARDA";"OUTROS";"APTO";NA;342;"SUPLENTE";14573,5;"FUNDO ESPECIAL, OUTROS RECURSOS";"Recursos de partido político, Recursos de pessoas físicas, Recursos de outros candidatos";"N"
250000789457;"EDMAR SILVA";"#NULO";"PT";"MASCULINO";"SUPERIOR COMPLETO";"CASADO(A)";"PRETA";"PROFESSOR DE ENSINO MÉDIO";"APTO";13900;1123;"SUPLENTE";38598,5;"FUNDO ESPECIAL";"Recursos de partido político, Recursos de outros candidatos";"N"
250000789508;"PATRICIA RODRIGUES DA SILVA";"#NULO";"PT";"FEMININO";"SUPERIOR COMPLETO";"SOLTEIRO(A)";"INDÍGENA";"SOCIÓLOGO";"APTO";NA;3560;"SUPLENTE";149908,58;"OUTROS RECURSOS, FUNDO ESPECIAL, FUNDO PARTIDARIO";"Recursos de pessoas físicas, Recursos de partido político, Recursos de outros candidatos, Recursos de Financiamento Coletivo";"N"
250000789523;"TAMIRES GOMES SAMPAIO";"#NULO";"PT";"FEMININO";"SUPERIOR COMPLETO";"SOLTEIRO(A)";"PRETA";"ADVOGADO";"APTO";NA;11451;"SUPLENTE";229791,5;"FUNDO ESPECIAL, OUTROS RECURSOS";"Recursos de partido político, Recursos de pessoas físicas, Recursos de Financiamento Coletivo, Recursos de outros candidatos";"N"
250000789529;"DIEGO SANTOS";"#NULO";"PT";"MASCULINO";"ENSINO MÉDIO COMPLETO";"SOLTEIRO(A)";"PRETA";"OUTROS";"APTO";23000;264;"SUPLENTE";13373,55;"FUNDO ESPECIAL";"Recursos de outros candidatos, Rendimentos de aplicações financeiras, Recursos de partido político";"N"
250000789510;"ALLAN LOURENÇO DE BRITO";"#NULO";"PT";"MASCULINO";"ENSINO MÉDIO COMPLETO";"SOLTEIRO(A)";"PRETA";"OUTROS";"APTO";NA;213;"SUPLENTE";13373,5;"FUNDO ESPECIAL";"Recursos de outros candidatos, Recursos de partido político";"N"
250001265961;"JOÃO DA SILVA GOMES";"#NULO";"DC";"MASCULINO";"ENSINO MÉDIO COMPLETO";"CASADO(A)";"BRANCA";"FEIRANTE, AMBULANTE E MASCATE";"APTO";180000;76;"NÃO ELEITO";3872,1;"FUNDO ESPECIAL";"Recursos de partido político";"N"
250001129689;"CLEIDE MARIA ARAUJO MODESTO";"#NULO";"DC";"FEMININO";"ENSINO MÉDIO COMPLETO";"CASADO(A)";"PARDA";"DONA DE CASA";"APTO";NA;124;"NÃO ELEITO";6360,33;"FUNDO ESPECIAL";"Recursos de partido político";"N"
250001265962;"MARCIO PUGLIESI";"#NULO";"DC";"MASCULINO";"SUPERIOR COMPLETO";"CASADO(A)";"BRANCA";"ADVOGADO";"APTO";NA;560;"NÃO ELEITO";5094;"FUNDO ESPECIAL";"Recursos de partido político";"N"
250001129683;"SILVIA CRISTINA COPIA CARRILHO SILVA MARTINS";"#NULO";"DC";"FEMININO";"SUPERIOR COMPLETO";"SOLTEIRO(A)";"BRANCA";"OUTROS";"APTO";NA;367;"NÃO ELEITO";6360,33;"FUNDO ESPECIAL";"Recursos de partido político";"N"
250001265964;"VERA LUCIA SERVONE PINTO";"#NULO";"DC";"FEMININO";"SUPERIOR COMPLETO";"VIÚVO(A)";"BRANCA";"OUTROS";"APTO";NA;113;"NÃO ELEITO";6360,33;"FUNDO ESPECIAL";"Recursos de partido político";"N"
250001129684;"WILSON CAPUTO SANT ANNA";"#NULO";"DC";"MASCULINO";"SUPERIOR COMPLETO";"CASADO(A)";"BRANCA";"BOMBEIRO MILITAR";"APTO";NA;731;"NÃO ELEITO";7230,1;"OUTROS RECURSOS, FUNDO ESPECIAL";"Recursos de pessoas físicas, Recursos de partido político";"N"
250001129681;"MARISTELA MACHADO LEITE GOMES";"#NULO";"DC";"FEMININO";"SUPERIOR COMPLETO";"SOLTEIRO(A)";"BRANCA";"OUTROS";"APTO";NA;48;"NÃO ELEITO";6360,33;"FUNDO ESPECIAL";"Recursos de partido político";"N"
250001088428;"MARCO ANTONIO NOTARI";"#NULO";"MDB";"MASCULINO";"SUPERIOR COMPLETO";"SOLTEIRO(A)";"BRANCA";"ADVOGADO";"APTO";NA;110;"SUPLENTE";5550;"OUTROS RECURSOS";"Recursos de pessoas físicas";"N"
250001088459;"VERA LUCIA DE LIMA";"#NULO";"MDB";"FEMININO";"SUPERIOR COMPLETO";"SOLTEIRO(A)";"BRANCA";"OUTROS";"APTO";467368;483;"SUPLENTE";30000;"FUNDO ESPECIAL";"Recursos de partido político";"N"
250001088429;"ALEXANDRE MONTORO DE BUSTO";"#NULO";"MDB";"MASCULINO";"ENSINO MÉDIO COMPLETO";"CASADO(A)";"BRANCA";"EMPRESÁRIO";"APTO";505000;332;"SUPLENTE";500;"OUTROS RECURSOS";"Recursos de pessoas físicas";"N"
250001088423;"EDSON APARECIDO DE OLIVEIRA";"#NULO";"MDB";"MASCULINO";"ENSINO MÉDIO COMPLETO";"SOLTEIRO(A)";"PARDA";"CORRETOR DE IMÓVEIS, SEGUROS, TÍTULOS E VALORES";"APTO";2500;296;"SUPLENTE";0;"#NULO";"#NULO";"N"
250001088433;"LUIZ CARLOS DE PAULA";"#NULO";"MDB";"MASCULINO";"ENSINO MÉDIO COMPLETO";"CASADO(A)";"BRANCA";"POLICIAL MILITAR";"APTO";635000;3945;"SUPLENTE";13850;"OUTROS RECURSOS";"Recursos próprios";"N"
250001088448;"WASHINGTON APARECIDO DOS SANTOS";"#NULO";"MDB";"MASCULINO";"SUPERIOR COMPLETO";"CASADO(A)";"BRANCA";"APOSENTADO (EXCETO SERVIDOR PÚBLICO)";"APTO";418559,45;499;"SUPLENTE";800;"OUTROS RECURSOS";"Recursos próprios";"N"
250001088412;"MAISA APARECIDA ROMANIN SILAS";"#NULO";"MDB";"FEMININO";"SUPERIOR COMPLETO";"SEPARADO(A) JUDICIALMENTE";"BRANCA";"ADVOGADO";"APTO";41896;1100;"SUPLENTE";45500;"FUNDO ESPECIAL, OUTROS RECURSOS";"Recursos de partido político, Recursos de pessoas físicas";"N"
250001088395;"JORGE MONTEIRO DA SILVA";"#NULO";"MDB";"MASCULINO";"ENSINO MÉDIO COMPLETO";"SOLTEIRO(A)";"PARDA";"OUTROS";"APTO";NA;294;"SUPLENTE";0;"#NULO";"#NULO";"N"
250001088387;"ANTONIO RAIMUNDO MATIAS DOS SANTOS";"#NULO";"MDB";"MASCULINO";"ENSINO MÉDIO COMPLETO";"CASADO(A)";"PARDA";"OUTROS";"APTO";75000;889;"SUPLENTE";29862;"OUTROS RECURSOS, FUNDO ESPECIAL";"Recursos de pessoas físicas, Recursos de partido político";"N"
250000651026;"SANDRA REGINA CARBONE TADEU MUDALEN";"#NULO";"DEM";"FEMININO";"SUPERIOR COMPLETO";"CASADO(A)";"BRANCA";"MÉDICO";"APTO";3051526,57;28464;"ELEITO POR QP";731796,5;"OUTROS RECURSOS, FUNDO ESPECIAL, FUNDO PARTIDARIO";"Recursos de pessoas físicas, Recursos de partido político";"N"
250000651053;"ANA LUCIA DA COSTA LAZARIM";"#NULO";"DEM";"FEMININO";"ENSINO MÉDIO COMPLETO";"CASADO(A)";"PRETA";"AUXILIAR DE ESCRITÓRIO E ASSEMELHADOS";"APTO";20,89;451;"SUPLENTE";119718,88;"OUTROS RECURSOS, FUNDO ESPECIAL, FUNDO PARTIDARIO";"Recursos de pessoas físicas, Recursos de partido político, Recursos próprios";"N"
250000651017;"ELISABETH CANNAVAM RIPOLI";"#NULO";"DEM";"FEMININO";"SUPERIOR COMPLETO";"DIVORCIADO(A)";"BRANCA";"ESCRITOR E CRÍTICO";"APTO";3751990,73;557;"SUPLENTE";201996,88;"OUTROS RECURSOS, FUNDO ESPECIAL, FUNDO PARTIDARIO";"Recursos próprios, Recursos de partido político, Recursos de pessoas físicas";"N"
250000651025;"JOSÉ EDUARDO LEPORO PEREIRA";"#NULO";"DEM";"MASCULINO";"SUPERIOR INCOMPLETO";"CASADO(A)";"BRANCA";"FOTÓGRAFO E ASSEMELHADOS";"APTO";5000;2718;"SUPLENTE";223358,78;"OUTROS RECURSOS, FUNDO PARTIDARIO";"Recursos de pessoas físicas, Recursos de partido político";"N"
250000651068;"RICARDO MARTINEZ PENTEADO TEIXEIRA";"#NULO";"DEM";"MASCULINO";"ENSINO MÉDIO INCOMPLETO";"SOLTEIRO(A)";"BRANCA";"ESTUDANTE, BOLSISTA, ESTAGIÁRIO E ASSEMELHADOS";"APTO";NA;769;"SUPLENTE";167234,88;"OUTROS RECURSOS, FUNDO PARTIDARIO";"Recursos de pessoas físicas, Recursos de partido político";"N"
250000651048;"MAYRA LARISSA COSTA MIRANDA";"#NULO";"DEM";"FEMININO";"ENSINO MÉDIO COMPLETO";"DIVORCIADO(A)";"PRETA";"AUXILIAR DE ESCRITÓRIO E ASSEMELHADOS";"APTO";1533,9;1031;"SUPLENTE";246199,88;"OUTROS RECURSOS, FUNDO PARTIDARIO, FUNDO ESPECIAL";"Recursos de pessoas físicas, Recursos de partido político";"N"
250000651012;"IZABEL APARECIDA DA SILVA";"#NULO";"DEM";"FEMININO";"ENSINO MÉDIO COMPLETO";"CASADO(A)";"BRANCA";"OUTROS";"APTO";48000;1013;"SUPLENTE";135558,88;"FUNDO PARTIDARIO, FUNDO ESPECIAL, OUTROS RECURSOS";"Recursos de partido político, Recursos próprios";"N"
250000651031;"ANTONIO AMARO MESQUITA NETO";"#NULO";"DEM";"MASCULINO";"SUPERIOR COMPLETO";"SOLTEIRO(A)";"BRANCA";"EMPRESÁRIO";"APTO";611800;1670;"SUPLENTE";153903,88;"FUNDO PARTIDARIO, OUTROS RECURSOS, FUNDO ESPECIAL";"Recursos de partido político, Recursos de pessoas físicas";"N"
250000651033;"EVELYN CHAVEZ PINTO";"#NULO";"DEM";"FEMININO";"ENSINO MÉDIO COMPLETO";"CASADO(A)";"PARDA";"OUTROS";"APTO";4000;242;"SUPLENTE";357223,88;"FUNDO PARTIDARIO, FUNDO ESPECIAL";"Recursos de partido político";"N"
250000651047;"MARCELO ZUQUINI DE OLIVEIRA";"#NULO";"DEM";"MASCULINO";"ENSINO MÉDIO COMPLETO";"DIVORCIADO(A)";"BRANCA";"COMERCIANTE";"APTO";124320;742;"SUPLENTE";114420,88;"FUNDO PARTIDARIO, OUTROS RECURSOS";"Recursos de partido político, Recursos de pessoas físicas";"N"
250000651057;"DALTON SILVANO DO AMARAL";"#NULO";"DEM";"MASCULINO";"SUPERIOR COMPLETO";"CASADO(A)";"BRANCA";"PUBLICITÁRIO";"APTO";2784121,22;15647;"SUPLENTE";381965,67;"OUTROS RECURSOS, FUNDO PARTIDARIO, FUNDO ESPECIAL";"Recursos de pessoas físicas, Recursos próprios, Recursos de partido político";"N"
250000651035;"FERNANDA NUNES COELHO";"#NULO";"DEM";"FEMININO";"SUPERIOR COMPLETO";"CASADO(A)";"BRANCA";"PEDAGOGO";"APTO";200;547;"SUPLENTE";123007,88;"OUTROS RECURSOS, FUNDO ESPECIAL, FUNDO PARTIDARIO";"Recursos de pessoas físicas, Recursos de partido político";"N"
250000651064;"PATRICIA APARECIDA ANDRADE DOS REIS";"#NULO";"DEM";"FEMININO";"ENSINO MÉDIO COMPLETO";"SOLTEIRO(A)";"PARDA";"OUTROS";"APTO";NA;646;"SUPLENTE";166308,28;"FUNDO PARTIDARIO, FUNDO ESPECIAL";"Recursos de partido político";"N"
250000651062;"QUÉLI REGINA OLIVEIRA DOS SANTOS";"#NULO";"DEM";"FEMININO";"SUPERIOR COMPLETO";"DIVORCIADO(A)";"PARDA";"POLICIAL MILITAR";"APTO";23040,4;563;"SUPLENTE";146633,88;"OUTROS RECURSOS, FUNDO PARTIDARIO, FUNDO ESPECIAL";"Recursos próprios, Recursos de pessoas físicas, Recursos de partido político";"N"
250000881961;"MARCELO DAVID BARUDI";"#NULO";"PTB";"MASCULINO";"SUPERIOR COMPLETO";"CASADO(A)";"BRANCA";"EMPRESÁRIO";"APTO";NA;87;"SUPLENTE";0;"#NULO";"#NULO";"N"
250000881953;"MICHAEL SANTOS MENDONÇA";"#NULO";"PTB";"MASCULINO";"ENSINO MÉDIO COMPLETO";"SOLTEIRO(A)";"BRANCA";"MOTORISTA DE VEÍCULOS DE TRANSPORTE DE CARGA";"APTO";NA;153;"SUPLENTE";0;"#NULO";"#NULO";"N"
250000881932;"RICARDO ENRICO VENTURA RODRIGUES";"#NULO";"PTB";"MASCULINO";"SUPERIOR COMPLETO";"CASADO(A)";"BRANCA";"POLICIAL MILITAR";"APTO";1282608,76;461;"SUPLENTE";0;"#NULO";"#NULO";"N"
250000881941;"DANIEL CARLOS BRAGA";"#NULO";"PTB";"MASCULINO";"SUPERIOR COMPLETO";"CASADO(A)";"BRANCA";"ADVOGADO";"APTO";752029,61;921;"SUPLENTE";12150,3;"OUTROS RECURSOS";"Recursos próprios, Recursos de partido político";"N"
250000881980;"CLOVIS PEREIRA JURADO";"#NULO";"PTB";"MASCULINO";"ENSINO MÉDIO COMPLETO";"CASADO(A)";"BRANCA";"SERVIDOR PÚBLICO MUNICIPAL";"APTO";290000;758;"SUPLENTE";5740;"OUTROS RECURSOS";"Recursos próprios, Recursos de pessoas físicas";"N"
250000881951;"LUCIANA DE JESUS";"#NULO";"PTB";"FEMININO";"SUPERIOR COMPLETO";"SOLTEIRO(A)";"PARDA";"FISIOTERAPEUTA E TERAPEUTA OCUPACIONAL";"APTO";116530,61;472;"SUPLENTE";20250;"OUTROS RECURSOS, FUNDO PARTIDARIO";"Recursos próprios, Recursos de partido político";"N"
250000881967;"FABRICIO DE ALMEIDA";"#NULO";"PTB";"MASCULINO";"SUPERIOR COMPLETO";"SOLTEIRO(A)";"BRANCA";"EMPRESÁRIO";"APTO";NA;171;"SUPLENTE";0;"#NULO";"#NULO";"N"
250000881958;"WILSON ROBERTO PRIMO";"#NULO";"PTB";"MASCULINO";"SUPERIOR COMPLETO";"DIVORCIADO(A)";"PARDA";"EMPRESÁRIO";"APTO";1274827,85;369;"SUPLENTE";1054;"OUTROS RECURSOS, FUNDO PARTIDARIO";"Recursos próprios, Recursos de partido político";"N"
250001054402;"GUSTAVO DORIA ALMEIDA SILVA";"#NULO";"PMN";"MASCULINO";"ENSINO MÉDIO INCOMPLETO";"SOLTEIRO(A)";"BRANCA";"ESTUDANTE, BOLSISTA, ESTAGIÁRIO E ASSEMELHADOS";"APTO";NA;41;"NÃO ELEITO";20000;"FUNDO ESPECIAL";"Recursos de partido político";"N"
250001054365;"GABRIELY DE LISIEUX LIMA BARBOSA";"#NULO";"PMN";"FEMININO";"ENSINO MÉDIO COMPLETO";"SOLTEIRO(A)";"PARDA";"EMPRESÁRIO";"APTO";NA;4;"NÃO ELEITO";0;"#NULO";"#NULO";"N"
250001054388;"ANGELO CIRO MALFATTI";"#NULO";"PMN";"MASCULINO";"ENSINO MÉDIO INCOMPLETO";"DIVORCIADO(A)";"BRANCA";"EMPRESÁRIO";"APTO";1670000;91;"NÃO ELEITO";0;"#NULO";"#NULO";"N"
250001054405;"CAIO LYSIAS SPINA";"#NULO";"PMN";"MASCULINO";"SUPERIOR INCOMPLETO";"CASADO(A)";"BRANCA";"EMPRESÁRIO";"APTO";10000;771;"NÃO ELEITO";20000;"FUNDO ESPECIAL";"Recursos de partido político";"N"
250001054375;"GETÚLIO HENRIQUE BORGES";"#NULO";"PMN";"MASCULINO";"ENSINO FUNDAMENTAL COMPLETO";"SOLTEIRO(A)";"PARDA";"EMPRESÁRIO";"APTO";NA;273;"NÃO ELEITO";2000;"FUNDO ESPECIAL";"Recursos de partido político";"N"
250001054409;"KARINA AMARAL MASSAROTO";"#NULO";"PMN";"FEMININO";"SUPERIOR COMPLETO";"CASADO(A)";"BRANCA";"DIRETOR DE ESTABELECIMENTO DE ENSINO";"APTO";1615000;204;"NÃO ELEITO";10042;"OUTROS RECURSOS, FUNDO ESPECIAL";"Recursos próprios, Recursos de partido político";"N"
250001054366;"LUCIVANIA LIMA DE SOUZA";"#NULO";"PMN";"FEMININO";"ENSINO FUNDAMENTAL COMPLETO";"SOLTEIRO(A)";"PARDA";"DONA DE CASA";"APTO";NA;2;"NÃO ELEITO";0;"#NULO";"#NULO";"N"
250000667409;"IGOR GALVÃO DE FRANÇA";"#NULO";"PCB";"MASCULINO";"SUPERIOR INCOMPLETO";"SOLTEIRO(A)";"BRANCA";"ESTUDANTE, BOLSISTA, ESTAGIÁRIO E ASSEMELHADOS";"APTO";12500;1654;"NÃO ELEITO";80597;"OUTROS RECURSOS, FUNDO ESPECIAL";"Recursos próprios, Recursos de partido político, Recursos de Financiamento Coletivo, Comercialização de bens ou realização de eventos";"N"
250001180998;"FRANCISCO WEISS MUNIZ";"#NULO";"PCO";"MASCULINO";"SUPERIOR INCOMPLETO";"SOLTEIRO(A)";"BRANCA";"MÚSICO";"APTO";NA;25;"NÃO ELEITO";1000;"FUNDO ESPECIAL";"Recursos de partido político";"N"
250001181001;"MATHEUS SARAIVA LEÃO ANDRADE";"#NULO";"PCO";"MASCULINO";"SUPERIOR INCOMPLETO";"SOLTEIRO(A)";"BRANCA";"ESTUDANTE, BOLSISTA, ESTAGIÁRIO E ASSEMELHADOS";"APTO";NA;10;"NÃO ELEITO";1000;"FUNDO ESPECIAL";"Recursos de partido político";"N"
250000754039;"RITA DE CASSIA BORGES DOS SANTOS GUEDES";"#NULO";"PSL";"FEMININO";"SUPERIOR INCOMPLETO";"VIÚVO(A)";"PARDA";"POLICIAL MILITAR";"APTO";NA;1969;"SUPLENTE";11200;"OUTROS RECURSOS, FUNDO ESPECIAL";"Recursos próprios, Recursos de partido político, Recursos de pessoas físicas";"N"
250000754028;"WALMIR BAPTISTA RIGUEIRA";"#NULO";"PSL";"MASCULINO";"SUPERIOR COMPLETO";"CASADO(A)";"BRANCA";"MÉDICO";"APTO";3270809,11;4191;"SUPLENTE";29280;"OUTROS RECURSOS";"Recursos próprios";"N"
250000754001;"JOSÉ AZEVEDO PIRES";"#NULO";"PSL";"MASCULINO";"SUPERIOR COMPLETO";"SOLTEIRO(A)";"PARDA";"EMPRESÁRIO";"APTO";1309000;507;"SUPLENTE";1939;"FUNDO ESPECIAL";"Recursos de outros candidatos";"N"
250000754059;"ARTHUR MASCARENHAS SIQUEIRA VAZ";"#NULO";"PSL";"MASCULINO";"SUPERIOR INCOMPLETO";"SOLTEIRO(A)";"BRANCA";"ESTUDANTE, BOLSISTA, ESTAGIÁRIO E ASSEMELHADOS";"APTO";NA;280;"SUPLENTE";4095,45;"OUTROS RECURSOS";"Recursos de outros candidatos, Recursos de pessoas físicas";"N"
250000754023;"SANDRA PEDROSA GARCIA DOS SANTOS";"#NULO";"PSL";"FEMININO";"SUPERIOR COMPLETO";"CASADO(A)";"BRANCA";"ARQUITETO";"APTO";NA;350;"SUPLENTE";11000;"OUTROS RECURSOS, FUNDO ESPECIAL";"Recursos de pessoas físicas, Recursos de partido político";"N"
250000754010;"ALAN QUINTAS GONÇALVES";"#NULO";"PSL";"MASCULINO";"ENSINO MÉDIO COMPLETO";"CASADO(A)";"BRANCA";"COMERCIANTE";"APTO";NA;2863;"SUPLENTE";28300;"OUTROS RECURSOS";"Recursos de pessoas físicas";"N"
250000754019;"ALEKSANDRA CARVALHO DA MOTTA";"#NULO";"PSL";"FEMININO";"SUPERIOR COMPLETO";"SOLTEIRO(A)";"BRANCA";"CONTADOR";"APTO";248326,33;194;"SUPLENTE";0;"#NULO";"#NULO";"N"
250000754037;"ROSANGELA LUZ GOMES";"#NULO";"PSL";"FEMININO";"ENSINO MÉDIO COMPLETO";"SOLTEIRO(A)";"BRANCA";"CABELEIREIRO E BARBEIRO";"APTO";NA;251;"SUPLENTE";1939;"FUNDO ESPECIAL";"Recursos de outros candidatos";"N"
250000754017;"HERVANDO LUIZ VELOZO";"#NULO";"PSL";"MASCULINO";"SUPERIOR COMPLETO";"CASADO(A)";"PRETA";"SERVIDOR PÚBLICO ESTADUAL";"APTO";550000;3335;"SUPLENTE";55525;"OUTROS RECURSOS, FUNDO ESPECIAL";"Recursos de pessoas físicas, Recursos de partido político, Recursos próprios";"N"
250000754043;"MARIA LUCIA DA SILVA";"#NULO";"PSL";"FEMININO";"SUPERIOR COMPLETO";"DIVORCIADO(A)";"BRANCA";"ASSISTENTE SOCIAL";"APTO";16000;48;"SUPLENTE";11939;"FUNDO ESPECIAL";"Recursos de outros candidatos, Recursos de partido político";"N"
250000754018;"AGEU DA CRUZ ALMEIDA";"#NULO";"PSL";"MASCULINO";"ENSINO MÉDIO COMPLETO";"CASADO(A)";"PARDA";"POLICIAL MILITAR";"APTO";NA;993;"SUPLENTE";2955,45;"OUTROS RECURSOS, FUNDO ESPECIAL";"Recursos próprios, Recursos de pessoas físicas, Recursos de outros candidatos";"N"
250000754046;"ANDREA JOSIANE PINTO NAKASSU";"#NULO";"PSL";"FEMININO";"SUPERIOR COMPLETO";"CASADO(A)";"PARDA";"PROFESSOR DE ENSINO FUNDAMENTAL";"APTO";NA;221;"SUPLENTE";10000;"FUNDO ESPECIAL";"Recursos de partido político";"N"
250000754040;"WELLINGTON DE PAULO RIBEIRO";"#NULO";"PSL";"MASCULINO";"ENSINO MÉDIO COMPLETO";"CASADO(A)";"BRANCA";"SERVIDOR PÚBLICO MUNICIPAL";"APTO";NA;5065;"SUPLENTE";30170,45;"OUTROS RECURSOS, FUNDO ESPECIAL";"Recursos de pessoas físicas, Recursos próprios, Recursos de outros candidatos";"N"
250000754029;"PATRICIA VILANOVA NAVARRO PEREIRA";"#NULO";"PSL";"FEMININO";"ENSINO MÉDIO COMPLETO";"CASADO(A)";"BRANCA";"SECRETÁRIO E DATILÓGRAFO";"APTO";NA;1167;"SUPLENTE";102000;"FUNDO ESPECIAL, OUTROS RECURSOS";"Recursos de partido político, Recursos próprios";"N"
250000754007;"GLEDSON GUARACI PEREIRA APOLINÁRIO";"#NULO";"PSL";"MASCULINO";"SUPERIOR COMPLETO";"CASADO(A)";"PRETA";"POLICIAL MILITAR";"APTO";NA;1386;"SUPLENTE";1939;"FUNDO ESPECIAL";"Recursos de outros candidatos";"N"
250000688224;"MATHEUS HECTOR GARCIA";"#NULO";"NOVO";"MASCULINO";"SUPERIOR COMPLETO";"SOLTEIRO(A)";"BRANCA";"ECONOMISTA";"APTO";NA;8598;"SUPLENTE";170199,29;"OUTROS RECURSOS";"Recursos de pessoas físicas, Recursos de partido político, Recursos de Financiamento Coletivo";"N"
250000688223;"BRUNO DE PIERI MARQUES";"#NULO";"NOVO";"MASCULINO";"SUPERIOR INCOMPLETO";"SOLTEIRO(A)";"BRANCA";"ESTUDANTE, BOLSISTA, ESTAGIÁRIO E ASSEMELHADOS";"APTO";230000;1262;"SUPLENTE";79773,26;"OUTROS RECURSOS";"Recursos de Financiamento Coletivo, Recursos de pessoas físicas, Recursos de partido político, Recursos próprios";"N"
250000688225;"GILBERTO PEREIRA SOUZA";"#NULO";"NOVO";"MASCULINO";"SUPERIOR INCOMPLETO";"VIÚVO(A)";"BRANCA";"EMPRESÁRIO";"APTO";66000;468;"SUPLENTE";13042,73;"OUTROS RECURSOS";"Recursos de pessoas físicas, Recursos de partido político, Recursos de Financiamento Coletivo";"N"
250000688227;"JOSE CORREIA DA SILVA JUNIOR";"#NULO";"NOVO";"MASCULINO";"SUPERIOR COMPLETO";"DIVORCIADO(A)";"PARDA";"EMPRESÁRIO";"APTO";392465;1317;"SUPLENTE";49058,4;"OUTROS RECURSOS";"Recursos próprios, Recursos de pessoas físicas, Recursos de partido político, Recursos de Financiamento Coletivo";"N"
250000919231;"SANDRA APARECIDA CAMILLO";"#NULO";"PSDB";"FEMININO";"SUPERIOR COMPLETO";"DIVORCIADO(A)";"PRETA";"OUTROS";"APTO";650000;366;"SUPLENTE";26417,07;"FUNDO ESPECIAL, FUNDO PARTIDARIO";"Recursos de partido político";"N"
250000919251;"MARCIA APARECIDA PROCÓPIO SILVA";"#NULO";"PSDB";"FEMININO";"SUPERIOR COMPLETO";"CASADO(A)";"BRANCA";"OUTROS";"APTO";NA;139;"SUPLENTE";7317,07;"FUNDO PARTIDARIO";"Recursos de partido político";"N"
250000919213;"FABIO RIVA DOS SANTOS";"#NULO";"PSDB";"MASCULINO";"SUPERIOR COMPLETO";"CASADO(A)";"BRANCA";"ADVOGADO";"APTO";1461480,49;24739;"ELEITO POR MÉDIA";238917,07;"OUTROS RECURSOS";"Recursos de pessoas físicas, Recursos de partido político";"N"
250000919194;"RENATA ANDREA PIETRO PEREIRA VIANA";"#NULO";"PSDB";"FEMININO";"SUPERIOR COMPLETO";"CASADO(A)";"BRANCA";"ENFERMEIRO";"APTO";188792,84;10267;"SUPLENTE";169817,07;"FUNDO ESPECIAL, OUTROS RECURSOS";"Recursos de partido político, Recursos de pessoas físicas";"N"
250000919250;"LÉO HIROSHI ONODA";"#NULO";"PSDB";"MASCULINO";"ENSINO MÉDIO COMPLETO";"CASADO(A)";"BRANCA";"OUTROS";"APTO";140618,89;1233;"SUPLENTE";17817,07;"OUTROS RECURSOS, FUNDO ESPECIAL, FUNDO PARTIDARIO";"Recursos de pessoas físicas, Recursos de partido político";"N"
250000919243;"ADRIANA GLEDYS ZINK";"#NULO";"PSDB";"FEMININO";"SUPERIOR COMPLETO";"CASADO(A)";"BRANCA";"ODONTÓLOGO";"APTO";372298,78;2036;"SUPLENTE";12617,07;"OUTROS RECURSOS, FUNDO PARTIDARIO";"Recursos de pessoas físicas, Recursos de partido político";"N"
250000919221;"AUGUSTO RABELO GONZALES";"#NULO";"PSDB";"MASCULINO";"ENSINO MÉDIO COMPLETO";"SOLTEIRO(A)";"BRANCA";"JORNALISTA E REDATOR";"APTO";NA;203;"SUPLENTE";7317,07;"FUNDO PARTIDARIO";"Recursos de partido político";"N"
250000919197;"BRUNO DA SILVA NABUCO";"#NULO";"PSDB";"MASCULINO";"ENSINO MÉDIO COMPLETO";"SOLTEIRO(A)";"BRANCA";"JORNALISTA E REDATOR";"APTO";80668,2;902;"SUPLENTE";700;"OUTROS RECURSOS";"Recursos próprios, Recursos de pessoas físicas";"N"
250001154718;"TAMIRES ARRUDA FAKIH";"#NULO";"REDE";"FEMININO";"SUPERIOR COMPLETO";"SOLTEIRO(A)";"BRANCA";"OUTROS";"APTO";NA;2734;"NÃO ELEITO";56197,01;"OUTROS RECURSOS, FUNDO ESPECIAL";"Recursos de pessoas físicas, Recursos de partido político, Recursos de Financiamento Coletivo";"N"
250001154724;"LÍGIA JALANTONIO HSU";"#NULO";"REDE";"FEMININO";"SUPERIOR COMPLETO";"CASADO(A)";"BRANCA";"OUTROS";"APTO";NA;1538;"NÃO ELEITO";31119,5;"OUTROS RECURSOS, FUNDO ESPECIAL";"Recursos de pessoas físicas, Recursos de Financiamento Coletivo, Recursos de partido político, Recursos de outros candidatos";"N"
250001154727;"VAGNER FRANCHI FILHO";"#NULO";"REDE";"MASCULINO";"SUPERIOR INCOMPLETO";"CASADO(A)";"BRANCA";"PROFESSOR DE ENSINO MÉDIO";"APTO";164650,94;862;"NÃO ELEITO";15555,2;"FUNDO ESPECIAL, OUTROS RECURSOS";"Recursos de partido político, Recursos de outros candidatos, Recursos de Financiamento Coletivo";"N"
250001154729;"RAFAEL BRUSCHI ANTUNES";"#NULO";"REDE";"MASCULINO";"SUPERIOR INCOMPLETO";"SOLTEIRO(A)";"BRANCA";"ESTUDANTE, BOLSISTA, ESTAGIÁRIO E ASSEMELHADOS";"APTO";NA;467;"NÃO ELEITO";11974;"OUTROS RECURSOS, FUNDO ESPECIAL";"Recursos de Financiamento Coletivo, Recursos de partido político";"N"
250001123244;"WILSON WANDERLEI VIEIRA JUNIOR";"#NULO";"PSB";"MASCULINO";"SUPERIOR COMPLETO";"CASADO(A)";"BRANCA";"TÉCNICO DE ELETRICIDADE, ELETRÔNICA E TELECOMUNICAÇÕES";"APTO";51500;65;"SUPLENTE";15200;"FUNDO ESPECIAL, OUTROS RECURSOS";"Recursos de partido político, Recursos de pessoas físicas";"N"
250001123230;"FLORDINICE PINHEIRO";"#NULO";"PSB";"FEMININO";"SUPERIOR INCOMPLETO";"SOLTEIRO(A)";"BRANCA";"OUTROS";"APTO";1800;130;"SUPLENTE";23016,94;"OUTROS RECURSOS, FUNDO ESPECIAL";"Recursos de pessoas físicas, Recursos de partido político";"N"
250001123280;"JOÃO FRANCISCO PAIVA AVELINO";"#NULO";"PSB";"MASCULINO";"SUPERIOR COMPLETO";"SOLTEIRO(A)";"BRANCA";"OUTROS";"APTO";34000;1778;"SUPLENTE";200208;"OUTROS RECURSOS, FUNDO ESPECIAL";"Recursos próprios, Recursos de pessoas físicas, Recursos de Financiamento Coletivo, Recursos de partido político";"N"
250001123285;"ELISEU GABRIEL DE PIERI";"#NULO";"PSB";"MASCULINO";"SUPERIOR COMPLETO";"DIVORCIADO(A)";"BRANCA";"VEREADOR";"APTO";2689698,24;21122;"ELEITO POR MÉDIA";545564,43;"OUTROS RECURSOS, FUNDO ESPECIAL";"Recursos próprios, Recursos de partido político, Recursos de pessoas físicas";"S"
250001123233;"ZENIL MOREIRA DA COSTA FILHO";"#NULO";"PSB";"MASCULINO";"ENSINO MÉDIO COMPLETO";"SOLTEIRO(A)";"PARDA";"OUTROS";"APTO";NA;368;"SUPLENTE";15320;"OUTROS RECURSOS, FUNDO ESPECIAL";"Recursos de pessoas físicas, Recursos de partido político";"N"
250001123232;"CLAUDINEY DA SILVA LEOPOLDINO";"#NULO";"PSB";"MASCULINO";"SUPERIOR COMPLETO";"SOLTEIRO(A)";"PRETA";"ADVOGADO";"APTO";6000;624;"SUPLENTE";0;"#NULO";"#NULO";"N"
250001123218;"JOSÉ EDINALDO DA SILVA SOUZA";"#NULO";"PSB";"MASCULINO";"ENSINO MÉDIO COMPLETO";"CASADO(A)";"BRANCA";"EMPRESÁRIO";"APTO";469000;102;"SUPLENTE";15000;"FUNDO ESPECIAL";"Recursos de partido político";"N"
250001123226;"ELMO SOUZA D AVILA";"#NULO";"PSB";"MASCULINO";"SUPERIOR COMPLETO";"SOLTEIRO(A)";"BRANCA";"ADVOGADO";"APTO";NA;276;"SUPLENTE";18000;"OUTROS RECURSOS, FUNDO ESPECIAL";"Recursos de pessoas físicas, Recursos de partido político";"N"
250001123241;"FRANCISCO CARLOS LAROCA JUNIOR";"#NULO";"PSB";"MASCULINO";"SUPERIOR COMPLETO";"SOLTEIRO(A)";"BRANCA";"POLICIAL MILITAR";"APTO";586836,8;2275;"SUPLENTE";17450;"FUNDO ESPECIAL, OUTROS RECURSOS";"Recursos de partido político, Recursos de pessoas físicas";"N"
250001123269;"WELISON FERREIRA DOS SANTOS";"#NULO";"PSB";"MASCULINO";"SUPERIOR COMPLETO";"SOLTEIRO(A)";"PARDA";"OUTROS";"APTO";NA;352;"SUPLENTE";0;"#NULO";"#NULO";"N"
250001123257;"HERBERT PEREIRA DE MELO";"#NULO";"PSB";"MASCULINO";"SUPERIOR COMPLETO";"SOLTEIRO(A)";"PARDA";"PROFESSOR DE ENSINO SUPERIOR";"APTO";NA;3006;"SUPLENTE";18155;"OUTROS RECURSOS, FUNDO ESPECIAL";"Recursos de pessoas físicas, Recursos de partido político, Recursos de Financiamento Coletivo";"N"
250001123281;"JONAS WAGNER MARCELINO";"#NULO";"PSB";"MASCULINO";"ENSINO FUNDAMENTAL COMPLETO";"SOLTEIRO(A)";"BRANCA";"MOTORISTA DE VEÍCULOS DE TRANSPORTE COLETIVO DE PASSAGEIROS";"APTO";500,25;218;"SUPLENTE";15600;"OUTROS RECURSOS, FUNDO ESPECIAL";"Recursos de pessoas físicas, Recursos de partido político";"N"
250000658711;"MARCIA DE THUIN";"#NULO";"PATRIOTA";"FEMININO";"ENSINO MÉDIO COMPLETO";"SOLTEIRO(A)";"BRANCA";"TRADUTOR, INTÉRPRETE E FILÓLOGO";"APTO";245000;973;"SUPLENTE";6764;"OUTROS RECURSOS";"Recursos de Financiamento Coletivo, Recursos próprios, Recursos de pessoas físicas";"N"
250000658733;"CARLOS ALBERTO FABRINI";"#NULO";"PATRIOTA";"MASCULINO";"SUPERIOR COMPLETO";"SOLTEIRO(A)";"BRANCA";"EMPRESÁRIO";"APTO";12000;2519;"SUPLENTE";1000;"OUTROS RECURSOS";"Recursos próprios";"N"
250000658737;"MARLON FARIAS DA LUZ";"#NULO";"PATRIOTA";"MASCULINO";"SUPERIOR COMPLETO";"CASADO(A)";"BRANCA";"EMPRESÁRIO";"APTO";848092,21;25643;"ELEITO POR MÉDIA";8913,01;"OUTROS RECURSOS";"Recursos de Financiamento Coletivo, Recursos próprios, Recursos de pessoas físicas";"N"
250000885530;"PAULO SERGIO BENISSE";"#NULO";"SOLIDARIEDADE";"MASCULINO";"ENSINO MÉDIO COMPLETO";"SOLTEIRO(A)";"BRANCA";"OUTROS";"APTO";NA;184;"SUPLENTE";9812,99;"FUNDO ESPECIAL";"Recursos de partido político";"N"
250000885535;"RODRIGO INACIO AUGUSTO DE CAMARGO";"#NULO";"SOLIDARIEDADE";"MASCULINO";"ENSINO MÉDIO INCOMPLETO";"SOLTEIRO(A)";"PARDA";"OUTROS";"APTO";10000;1361;"SUPLENTE";33212,99;"FUNDO ESPECIAL";"Recursos de partido político";"N"
250000885487;"FRANCISCA SILVA SERRA MATIAS";"#NULO";"SOLIDARIEDADE";"FEMININO";"ENSINO MÉDIO COMPLETO";"CASADO(A)";"PRETA";"ADVOGADO";"APTO";NA;469;"SUPLENTE";11212,84;"FUNDO ESPECIAL";"Recursos de partido político";"N"
250000885540;"ANDREIA MARQUETE PASSOS";"#NULO";"SOLIDARIEDADE";"FEMININO";"SUPERIOR COMPLETO";"CASADO(A)";"BRANCA";"ESTETICISTA";"APTO";NA;85;"SUPLENTE";13212,93;"FUNDO ESPECIAL";"Recursos de partido político";"N"
250000885509;"SIDNEY NERES DOS SANTOS";"#NULO";"SOLIDARIEDADE";"MASCULINO";"SUPERIOR COMPLETO";"CASADO(A)";"PARDA";"OUTROS";"APTO";NA;475;"SUPLENTE";9812,99;"FUNDO ESPECIAL";"Recursos de partido político";"N"
250000885549;"FLÁVIO BUENO";"#NULO";"SOLIDARIEDADE";"MASCULINO";"ENSINO FUNDAMENTAL INCOMPLETO";"CASADO(A)";"BRANCA";"EMPRESÁRIO";"APTO";NA;607;"SUPLENTE";9812,22;"FUNDO ESPECIAL";"Recursos de partido político";"N"
250000885493;"EDITH FERREIRA DE SOUZA OLIVEIRA";"#NULO";"SOLIDARIEDADE";"FEMININO";"SUPERIOR COMPLETO";"CASADO(A)";"BRANCA";"PROFESSOR DE ENSINO SUPERIOR";"APTO";125000;205;"SUPLENTE";33965,34;"FUNDO ESPECIAL";"Recursos de partido político";"N"
250000885500;"BIANCA JULIANA RODRIGUES DOS SANTOS";"#NULO";"SOLIDARIEDADE";"FEMININO";"ENSINO MÉDIO COMPLETO";"SOLTEIRO(A)";"BRANCA";"OUTROS";"APTO";NA;169;"SUPLENTE";11212,93;"FUNDO ESPECIAL";"Recursos de partido político";"N"
250000885559;"EDILAINE DE OLIVEIRA DANIEL";"#NULO";"SOLIDARIEDADE";"FEMININO";"SUPERIOR COMPLETO";"CASADO(A)";"PRETA";"OUTROS";"APTO";3e+05;5894;"SUPLENTE";41051,24;"FUNDO ESPECIAL";"Recursos de partido político";"N"
250000885554;"EMERSON GABLE FACUNDINI";"#NULO";"SOLIDARIEDADE";"MASCULINO";"SUPERIOR COMPLETO";"CASADO(A)";"BRANCA";"OUTROS";"APTO";469500;930;"SUPLENTE";9812,99;"FUNDO ESPECIAL";"Recursos de partido político";"N"
250000885561;"GERALDO NUNES REIS";"#NULO";"SOLIDARIEDADE";"MASCULINO";"LÊ E ESCREVE";"SOLTEIRO(A)";"PARDA";"EMPRESÁRIO";"APTO";NA;2066;"SUPLENTE";33785,49;"FUNDO ESPECIAL";"Recursos de partido político";"N"
250000755995;"JORGE BREOGAN FROES RODRIGUES";"#NULO";"PSTU";"MASCULINO";"SUPERIOR INCOMPLETO";"CASADO(A)";"INDÍGENA";"OUTROS";"APTO";NA;80;"NÃO ELEITO";14125,49;"OUTROS RECURSOS, FUNDO ESPECIAL";"Recursos de pessoas físicas, Recursos de partido político, Recursos de outros candidatos";"N"
250000687545;"ROZINA CONCEIÇÃO DE JESUS";"#NULO";"PC do B";"FEMININO";"SUPERIOR COMPLETO";"SOLTEIRO(A)";"PRETA";"ADVOGADO";"APTO";NA;1920;"NÃO ELEITO";96091,96;"OUTROS RECURSOS, FUNDO ESPECIAL, FUNDO PARTIDARIO";"Recursos de Financiamento Coletivo, Recursos de partido político, Recursos de pessoas físicas";"N"
250000687518;"LUIS CARLOS DOS SANTOS";"#NULO";"PC do B";"MASCULINO";"ENSINO MÉDIO COMPLETO";"SOLTEIRO(A)";"PARDA";"OUTROS";"APTO";NA;292;"NÃO ELEITO";3041,38;"FUNDO ESPECIAL, FUNDO PARTIDARIO";"Recursos de partido político, Recursos de outros candidatos";"N"
250000687500;"GENIVALDO BARBOSA DOS SANTOS";"#NULO";"PC do B";"MASCULINO";"ENSINO FUNDAMENTAL COMPLETO";"SOLTEIRO(A)";"PARDA";"MECÂNICO DE MANUTENÇÃO";"APTO";NA;574;"NÃO ELEITO";6937,38;"FUNDO ESPECIAL";"Recursos de partido político, Recursos de outros candidatos";"N"
250000687507;"ADEMILSON GALDINO DA SILVA";"#NULO";"PC do B";"MASCULINO";"SUPERIOR COMPLETO";"DIVORCIADO(A)";"PARDA";"ADVOGADO";"APTO";26544;161;"NÃO ELEITO";1934;"FUNDO ESPECIAL";"Recursos de partido político";"N"
250000687550;"DANILO  ESPINDOLA CATALANO";"#NULO";"PC do B";"MASCULINO";"SUPERIOR COMPLETO";"SOLTEIRO(A)";"BRANCA";"ESCRITOR E CRÍTICO";"APTO";NA;46;"NÃO ELEITO";2041,38;"FUNDO ESPECIAL";"Recursos de partido político, Recursos de outros candidatos";"N"
250000687541;"JONATHAN MATEUS DE OLIVEIRA";"#NULO";"PC do B";"MASCULINO";"ENSINO MÉDIO COMPLETO";"SOLTEIRO(A)";"PRETA";"ESTUDANTE, BOLSISTA, ESTAGIÁRIO E ASSEMELHADOS";"APTO";NA;889;"NÃO ELEITO";14000,85;"OUTROS RECURSOS, FUNDO ESPECIAL";"Recursos de pessoas físicas, Recursos de partido político, Recursos de Financiamento Coletivo, Recursos de outros candidatos";"N"
250000687504;"MARIA JOSÉ DA SILVA";"#NULO";"PC do B";"FEMININO";"SUPERIOR COMPLETO";"DIVORCIADO(A)";"PRETA";"OUTROS";"APTO";NA;1022;"NÃO ELEITO";38257,38;"OUTROS RECURSOS, FUNDO ESPECIAL, FUNDO PARTIDARIO";"Recursos de pessoas físicas, Recursos de Financiamento Coletivo, Recursos de outros candidatos, Recursos de partido político";"N"
250000687561;"ANAIR APARECIDA NOVAES";"#NULO";"PC do B";"FEMININO";"SUPERIOR COMPLETO";"CASADO(A)";"PRETA";"OUTROS";"APTO";NA;806;"NÃO ELEITO";45297,12;"OUTROS RECURSOS, FUNDO ESPECIAL, FUNDO PARTIDARIO";"Recursos de pessoas físicas, Recursos de partido político, Recursos próprios, Recursos de outros candidatos";"N"
250000687569;"LUIZ ROBERTO COPATI";"#NULO";"PC do B";"MASCULINO";"SUPERIOR COMPLETO";"CASADO(A)";"BRANCA";"APOSENTADO (EXCETO SERVIDOR PÚBLICO)";"APTO";NA;492;"NÃO ELEITO";8717,38;"OUTROS RECURSOS, FUNDO ESPECIAL";"Recursos de partido político, Recursos de outros candidatos";"N"
250000687495;"SAMUEL EUZÉBIO DE OLIVEIRA";"#NULO";"PC do B";"MASCULINO";"ENSINO MÉDIO COMPLETO";"SOLTEIRO(A)";"BRANCA";"ESTUDANTE, BOLSISTA, ESTAGIÁRIO E ASSEMELHADOS";"APTO";NA;864;"NÃO ELEITO";13010,85;"FUNDO ESPECIAL";"Recursos de partido político";"N"
250000687546;"SIMONE DA SILVA REGO";"#NULO";"PC do B";"FEMININO";"SUPERIOR COMPLETO";"SOLTEIRO(A)";"PARDA";"PROFESSOR DE ENSINO MÉDIO";"APTO";NA;1123;"NÃO ELEITO";12411,11;"OUTROS RECURSOS, FUNDO ESPECIAL, FUNDO PARTIDARIO";"Recursos de pessoas físicas, Recursos de partido político, Recursos de Financiamento Coletivo";"N"
250000687540;"JOAQUIM FRANCISCO DO NASCIMENTO";"#NULO";"PC do B";"MASCULINO";"ENSINO MÉDIO COMPLETO";"SOLTEIRO(A)";"PARDA";"OUTROS";"APTO";NA;665;"NÃO ELEITO";6041,38;"FUNDO ESPECIAL";"Recursos de partido político, Recursos de outros candidatos";"N"
250000687564;"ELIELSON RAMOS BARRETO";"#NULO";"PC do B";"MASCULINO";"ENSINO FUNDAMENTAL INCOMPLETO";"SOLTEIRO(A)";"BRANCA";"OUTROS";"APTO";NA;1033;"NÃO ELEITO";1934;"FUNDO ESPECIAL";"Recursos de partido político";"N"
250000687519;"AIRTON EDUARDO DOS SANTOS";"#NULO";"PC do B";"MASCULINO";"ENSINO MÉDIO COMPLETO";"CASADO(A)";"PARDA";"TÉCNICO DE ELETRICIDADE, ELETRÔNICA E TELECOMUNICAÇÕES";"APTO";5884;115;"NÃO ELEITO";2934;"FUNDO ESPECIAL, FUNDO PARTIDARIO";"Recursos de partido político";"N"
250000686831;"ALEXYA LUCAS EVANGELISTA SALVADOR";"#NULO";"PSOL";"FEMININO";"SUPERIOR COMPLETO";"CASADO(A)";"PRETA";"PROFESSOR DE ENSINO FUNDAMENTAL";"APTO";NA;814;"SUPLENTE";24086,36;"OUTROS RECURSOS, FUNDO ESPECIAL";"Recursos de pessoas físicas, Recursos de partido político, Recursos de Financiamento Coletivo";"N"
250000686850;"SÔNIA BARBOSA DE SOUZA";"#NULO";"PSOL";"FEMININO";"ENSINO MÉDIO COMPLETO";"SOLTEIRO(A)";"INDÍGENA";"OUTROS";"APTO";NA;10580;"SUPLENTE";17291,4;"OUTROS RECURSOS, FUNDO ESPECIAL";"Recursos de Financiamento Coletivo, Recursos de partido político";"N"
250000686829;"ELIAS GOMES MASCENA";"#NULO";"PSOL";"MASCULINO";"SUPERIOR COMPLETO";"SOLTEIRO(A)";"PARDA";"PROFESSOR DE ENSINO MÉDIO";"APTO";242500;343;"SUPLENTE";7683,12;"FUNDO ESPECIAL";"Recursos de partido político";"N"
250000686847;"MARIA CLARA FERREIRA DA SILVA";"#NULO";"PSOL";"FEMININO";"SUPERIOR COMPLETO";"SOLTEIRO(A)";"PARDA";"DIRETOR DE ESTABELECIMENTO DE ENSINO";"APTO";NA;1949;"SUPLENTE";33511,36;"OUTROS RECURSOS, FUNDO ESPECIAL";"Recursos de pessoas físicas, Recursos de Financiamento Coletivo, Recursos de partido político";"N"
250000686813;"JAIR DOS SANTOS CONCEIÇÃO";"#NULO";"PSOL";"MASCULINO";"ENSINO MÉDIO COMPLETO";"SOLTEIRO(A)";"PRETA";"MOTORISTA DE VEÍCULOS DE TRANSPORTE COLETIVO DE PASSAGEIROS";"APTO";235000;2544;"SUPLENTE";24528,39;"FUNDO ESPECIAL, OUTROS RECURSOS";"Recursos de partido político, Recursos próprios";"N"
250000686853;"ANTONIO BIAGIO VESPOLI";"#NULO";"PSOL";"MASCULINO";"SUPERIOR COMPLETO";"CASADO(A)";"BRANCA";"PROFESSOR DE ENSINO FUNDAMENTAL";"APTO";456845,1;26748;"ELEITO POR MÉDIA";299841,46;"OUTROS RECURSOS, FUNDO ESPECIAL";"Recursos de pessoas físicas, Recursos de partido político, Recursos de Financiamento Coletivo, Recursos próprios";"N"
250000686823;"JOSÉ NILDO ALVES CARDOSO";"#NULO";"PSOL";"MASCULINO";"SUPERIOR COMPLETO";"SOLTEIRO(A)";"PARDA";"PROFESSOR E INSTRUTOR DE FORMAÇÃO PROFISSIONAL";"APTO";266000;3084;"SUPLENTE";62033,8;"OUTROS RECURSOS, FUNDO ESPECIAL";"Recursos de pessoas físicas, Recursos de partido político, Recursos de Financiamento Coletivo, Recursos próprios";"N"
250000686830;"PAULO PEREIRA ROCHA";"#NULO";"PSOL";"MASCULINO";"ENSINO MÉDIO COMPLETO";"CASADO(A)";"BRANCA";"EMPRESÁRIO";"APTO";21085;596;"SUPLENTE";5122,08;"FUNDO ESPECIAL";"Recursos de partido político";"N"
250000686836;"PEDRO BERNARDES NETO";"#NULO";"PSOL";"MASCULINO";"SUPERIOR COMPLETO";"SOLTEIRO(A)";"BRANCA";"PROFESSOR DE ENSINO FUNDAMENTAL";"APTO";NA;495;"SUPLENTE";1775;"OUTROS RECURSOS";"Recursos de pessoas físicas, Recursos próprios";"N"
250000686832;"EDSON CARNEIRO DA SILVA";"#NULO";"PSOL";"MASCULINO";"SUPERIOR COMPLETO";"SOLTEIRO(A)";"INDÍGENA";"BANCÁRIO E ECONOMIÁRIO";"APTO";440000;2055;"SUPLENTE";103684,42;"OUTROS RECURSOS, FUNDO ESPECIAL";"Recursos de pessoas físicas, Recursos de partido político, Recursos de Financiamento Coletivo, Recursos próprios";"N"
250000707299;"ROBERTO SOARES MOTA";"#NULO";"PP";"MASCULINO";"ENSINO MÉDIO COMPLETO";"CASADO(A)";"PARDA";"APOSENTADO (EXCETO SERVIDOR PÚBLICO)";"APTO";NA;61;"SUPLENTE";0;"#NULO";"#NULO";"N"
250000707297;"LETÍCIA SOUZA DOS SANTOS";"#NULO";"PP";"FEMININO";"ENSINO MÉDIO COMPLETO";"SOLTEIRO(A)";"PARDA";"OUTROS";"APTO";NA;1494;"SUPLENTE";0;"#NULO";"#NULO";"N"
250000707265;"JORGE DONIZETTI RIBEIRO DE MATOS";"#NULO";"PP";"MASCULINO";"SUPERIOR COMPLETO";"SEPARADO(A) JUDICIALMENTE";"BRANCA";"SERVIDOR PÚBLICO ESTADUAL";"APTO";1175904,77;100;"SUPLENTE";763,7;"OUTROS RECURSOS";"Recursos próprios, Recursos de partido político";"N"
250000707270;"MATHEUS SERAFIM";"#NULO";"PP";"MASCULINO";"ENSINO MÉDIO COMPLETO";"CASADO(A)";"BRANCA";"EMPRESÁRIO";"APTO";NA;3495;"SUPLENTE";310800;"FUNDO ESPECIAL, FUNDO PARTIDARIO, OUTROS RECURSOS";"Recursos de partido político";"N"
250001263242;"LEIA DA SILVA FELISBERTO";"#NULO";"PTC";"FEMININO";"ENSINO MÉDIO COMPLETO";"CASADO(A)";"PRETA";"DONA DE CASA";"APTO";30000;247;"NÃO ELEITO";0;"#NULO";"#NULO";"N"
250001097201;"LIGIANE JATOBA DOS SANTOS";"#NULO";"PTC";"FEMININO";"ENSINO MÉDIO INCOMPLETO";"DIVORCIADO(A)";"PARDA";"DONA DE CASA";"APTO";NA;45;"NÃO ELEITO";0;"#NULO";"#NULO";"N"
250001097174;"JOSEMAR CARLOS DE OLIVEIRA";"#NULO";"PTC";"MASCULINO";"ENSINO MÉDIO COMPLETO";"SEPARADO(A) JUDICIALMENTE";"PARDA";"VIGILANTE";"APTO";NA;240;"NÃO ELEITO";0;"#NULO";"#NULO";"N"
250001097220;"WALDEMIR OLIVEIRA DE ASSIS";"#NULO";"PTC";"MASCULINO";"SUPERIOR INCOMPLETO";"CASADO(A)";"BRANCA";"POLICIAL CIVIL";"APTO";NA;377;"NÃO ELEITO";0;"#NULO";"#NULO";"N"
250001097219;"MILTON ANGELO RODRIGUES FILHO";"#NULO";"PTC";"MASCULINO";"ENSINO MÉDIO COMPLETO";"CASADO(A)";"PARDA";"OUTROS";"APTO";28000;101;"NÃO ELEITO";0;"#NULO";"#NULO";"N"
250000811446;"ROGER LIN";"#NULO";"PODE";"MASCULINO";"SUPERIOR COMPLETO";"CASADO(A)";"AMARELA";"MÉDICO";"APTO";1242457,09;4373;"SUPLENTE";49910;"FUNDO ESPECIAL";"Recursos de partido político";"N"
250000811428;"MARIA APARECIDA PINTO";"#NULO";"PODE";"FEMININO";"SUPERIOR COMPLETO";"SOLTEIRO(A)";"PRETA";"PSICÓLOGO";"APTO";1916419,58;833;"SUPLENTE";91700;"OUTROS RECURSOS, FUNDO ESPECIAL";"Recursos próprios, Recursos de pessoas físicas, Recursos de partido político, Recursos de Financiamento Coletivo";"N"
250000811407;"EVERTON CRISTIAN RAMOS GALLINARI";"#NULO";"PODE";"MASCULINO";"ENSINO MÉDIO COMPLETO";"SOLTEIRO(A)";"BRANCA";"EMPRESÁRIO";"APTO";NA;1295;"SUPLENTE";2820;"FUNDO ESPECIAL";"Recursos de partido político";"N"
250000811374;"MARCOS ARAUJO SANTOS";"#NULO";"PODE";"MASCULINO";"SUPERIOR COMPLETO";"SOLTEIRO(A)";"PARDA";"PROFESSOR DE ENSINO SUPERIOR";"APTO";49347,1;1731;"SUPLENTE";4710;"OUTROS RECURSOS, FUNDO ESPECIAL";"Recursos de pessoas físicas, Recursos próprios, Recursos de partido político";"N"
250000811403;"LUIZ SCALEA";"#NULO";"PODE";"MASCULINO";"ENSINO FUNDAMENTAL COMPLETO";"CASADO(A)";"BRANCA";"COMERCIANTE";"APTO";230456,55;13208;"SUPLENTE";94460;"OUTROS RECURSOS, FUNDO ESPECIAL";"Recursos de pessoas físicas, Recursos de partido político";"N"
250000811389;"JOÃO BEZERRA DA SILVA";"#NULO";"PODE";"MASCULINO";"ENSINO MÉDIO COMPLETO";"CASADO(A)";"BRANCA";"COMERCIANTE";"APTO";10000;626;"SUPLENTE";55009,99;"OUTROS RECURSOS, FUNDO ESPECIAL";"Recursos de pessoas físicas, Recursos de partido político";"N"
250000811383;"VALDETE GOMES DUTRA PEREIRA";"#NULO";"PODE";"FEMININO";"ENSINO MÉDIO COMPLETO";"CASADO(A)";"BRANCA";"MANICURE E MAQUILADOR";"APTO";23000;514;"SUPLENTE";10320;"FUNDO ESPECIAL";"Recursos de partido político";"N"
250000811417;"LEANDRA SOARES DOS SANTOS";"#NULO";"PODE";"FEMININO";"SUPERIOR COMPLETO";"SEPARADO(A) JUDICIALMENTE";"BRANCA";"EMPRESÁRIO";"APTO";NA;1323;"SUPLENTE";50030;"FUNDO ESPECIAL";"Recursos de partido político";"N"
250000811455;"ANTONIO ARGEMIRO ALVES LEITÃO";"#NULO";"PODE";"MASCULINO";"SUPERIOR COMPLETO";"CASADO(A)";"BRANCA";"COMERCIANTE";"APTO";53000;7403;"SUPLENTE";70650;"FUNDO PARTIDARIO";"Recursos de partido político";"N"
250000811440;"MYLENE CARDOSO TUBERO";"#NULO";"PODE";"FEMININO";"SUPERIOR COMPLETO";"CASADO(A)";"BRANCA";"EMPRESÁRIO";"APTO";579937;582;"SUPLENTE";39540;"FUNDO ESPECIAL";"Recursos de partido político";"N"
250000811409;"MONICA RESENDE GAMBOA";"#NULO";"PODE";"FEMININO";"SUPERIOR COMPLETO";"CASADO(A)";"BRANCA";"POLICIAL CIVIL";"APTO";449624,55;2096;"SUPLENTE";82796,45;"OUTROS RECURSOS, FUNDO ESPECIAL";"Recursos próprios, Recursos de pessoas físicas, Recursos de partido político";"N"
250001041953;"DILZA MIEKO MURAMOTO SHIROMA";"#NULO";"PRTB";"FEMININO";"SUPERIOR COMPLETO";"CASADO(A)";"AMARELA";"OUTROS";"APTO";408000;775;"NÃO ELEITO";12000;"OUTROS RECURSOS";"Recursos próprios";"N"
250001259481;"RENNE VIEIRA DE CARVALHO";"#NULO";"PRTB";"FEMININO";"SUPERIOR COMPLETO";"SOLTEIRO(A)";"BRANCA";"OUTROS";"APTO";NA;22;"NÃO ELEITO";0;"#NULO";"#NULO";"N"
250001041989;"EUDES APARECIDO MARTINS";"#NULO";"PRTB";"MASCULINO";"SUPERIOR COMPLETO";"SOLTEIRO(A)";"BRANCA";"OUTROS";"APTO";10000;21;"NÃO ELEITO";941,5;"OUTROS RECURSOS";"Recursos de partido político";"N"
250001041955;"NORMANDO KLEBER XAVIER ALVES";"#NULO";"PRTB";"MASCULINO";"SUPERIOR COMPLETO";"CASADO(A)";"BRANCA";"SERVIDOR PÚBLICO FEDERAL";"APTO";640000;265;"NÃO ELEITO";1792,35;"OUTROS RECURSOS";"Recursos próprios, Recursos de pessoas físicas";"N"
250001268518;"SILVIO ROBERTO VOCE";"#NULO";"PRTB";"MASCULINO";"ENSINO MÉDIO COMPLETO";"SOLTEIRO(A)";"BRANCA";"COMISSÁRIO DE BORDO";"APTO";850000;54;"NÃO ELEITO";0;"#NULO";"#NULO";"N"
250001041988;"CESAR DOS SANTOS";"#NULO";"PRTB";"MASCULINO";"ENSINO MÉDIO COMPLETO";"SOLTEIRO(A)";"PARDA";"VIGILANTE";"APTO";80000;136;"NÃO ELEITO";0;"#NULO";"#NULO";"N"
250001041950;"OSMAR JOSE MARTINS DA SILVA";"#NULO";"PRTB";"MASCULINO";"ENSINO MÉDIO COMPLETO";"SOLTEIRO(A)";"BRANCA";"APOSENTADO (EXCETO SERVIDOR PÚBLICO)";"APTO";NA;10;"NÃO ELEITO";300;"OUTROS RECURSOS";"Recursos próprios";"N"
250001041981;"MARISA BARROS DE OLIVEIRA";"#NULO";"PRTB";"FEMININO";"SUPERIOR COMPLETO";"CASADO(A)";"BRANCA";"VETERINÁRIO";"APTO";541000;132;"NÃO ELEITO";2455,5;"OUTROS RECURSOS";"Recursos de partido político, Recursos de Financiamento Coletivo";"N"
250001041990;"JOÃO MARTINS COSTA NETO";"#NULO";"PRTB";"MASCULINO";"SUPERIOR COMPLETO";"CASADO(A)";"BRANCA";"ADVOGADO";"APTO";4162912,49;643;"NÃO ELEITO";10000;"OUTROS RECURSOS";"Recursos próprios";"N"
250001041952;"BRUNO ZAMBELLI SALGADO";"#NULO";"PRTB";"MASCULINO";"SUPERIOR COMPLETO";"CASADO(A)";"BRANCA";"OUTROS";"APTO";170836,51;12302;"NÃO ELEITO";14573,14;"OUTROS RECURSOS, FUNDO PARTIDARIO";"Recursos próprios, Recursos de pessoas físicas, Recursos de Financiamento Coletivo, Recursos de partido político";"N"
250001259482;"GETSON SILVA CARVALHO";"#NULO";"PRTB";"MASCULINO";"ENSINO FUNDAMENTAL INCOMPLETO";"SOLTEIRO(A)";"BRANCA";"VIGILANTE";"APTO";53857;145;"NÃO ELEITO";0;"#NULO";"#NULO";"N"
250001041963;"SUELI DE MELO";"#NULO";"PRTB";"FEMININO";"SUPERIOR COMPLETO";"DIVORCIADO(A)";"BRANCA";"COMERCIANTE";"APTO";55000;144;"NÃO ELEITO";0;"#NULO";"#NULO";"N"
250000706701;"JOSÉ CARLOS OLIVEIRA";"#NULO";"PV";"MASCULINO";"SUPERIOR COMPLETO";"CASADO(A)";"BRANCA";"PROFESSOR DE ENSINO MÉDIO";"APTO";360263;1089;"SUPLENTE";10000;"FUNDO ESPECIAL";"Recursos de partido político";"N"
250000706741;"OSMI DE JESUS SANTANA";"#NULO";"PV";"MASCULINO";"ENSINO MÉDIO COMPLETO";"DIVORCIADO(A)";"PRETA";"AGENTE ADMINISTRATIVO";"APTO";NA;840;"SUPLENTE";6000;"FUNDO ESPECIAL";"Recursos de partido político";"N"
250000706704;"PATRICIA OLIVEIRA PENNA";"#NULO";"PV";"FEMININO";"SUPERIOR INCOMPLETO";"CASADO(A)";"BRANCA";"OUTROS";"APTO";21359,4;468;"SUPLENTE";102850;"FUNDO ESPECIAL, OUTROS RECURSOS, FUNDO PARTIDARIO";"Recursos de partido político, Recursos de pessoas físicas";"N"
250000706763;"ALOISIO SILVA JUNIOR";"#NULO";"PV";"MASCULINO";"SUPERIOR COMPLETO";"SOLTEIRO(A)";"BRANCA";"EMPRESÁRIO";"APTO";NA;381;"SUPLENTE";8500;"FUNDO ESPECIAL";"Recursos de partido político";"N"
250000706699;"CLÁUDIO MANOEL DE PAULA";"#NULO";"PV";"MASCULINO";"SUPERIOR COMPLETO";"CASADO(A)";"BRANCA";"APOSENTADO (EXCETO SERVIDOR PÚBLICO)";"APTO";15000;127;"SUPLENTE";3000;"FUNDO ESPECIAL";"Recursos de partido político";"N"
250000706756;"LUCIANE TORRECILLAS SARRAF";"#NULO";"PV";"FEMININO";"SUPERIOR COMPLETO";"DIVORCIADO(A)";"BRANCA";"PUBLICITÁRIO";"APTO";226919,33;4200;"SUPLENTE";95000;"FUNDO ESPECIAL";"Recursos de partido político, Recursos de outros candidatos";"N"
250000706718;"ROGÉRIO SOUZA ELIAS";"#NULO";"PV";"MASCULINO";"ENSINO MÉDIO INCOMPLETO";"SOLTEIRO(A)";"PRETA";"ADMINISTRADOR";"APTO";NA;178;"SUPLENTE";19205,27;"FUNDO ESPECIAL, OUTROS RECURSOS";"Recursos de partido político, Recursos próprios, Recursos de Financiamento Coletivo";"N"
250000925938;"CICERO EDINALDO DE MENEZES";"#NULO";"PSC";"MASCULINO";"ENSINO FUNDAMENTAL COMPLETO";"CASADO(A)";"BRANCA";"OUTROS";"APTO";NA;367;"SUPLENTE";10495;"FUNDO ESPECIAL, OUTROS RECURSOS";"Recursos de partido político, Recursos de pessoas físicas";"N"
250000883850;"SONAIRA FERNANDES DE SANTANA";"#NULO";"REPUBLICANOS";"FEMININO";"SUPERIOR COMPLETO";"SOLTEIRO(A)";"PRETA";"OUTROS";"APTO";94686,71;17881;"ELEITO POR MÉDIA";22002,5;"OUTROS RECURSOS, FUNDO ESPECIAL";"Recursos de pessoas físicas, Recursos de partido político";"N"
250000925971;"MADALENA DE LAURA PEREIRA";"#NULO";"PSC";"FEMININO";"SUPERIOR COMPLETO";"SOLTEIRO(A)";"BRANCA";"VIGILANTE";"APTO";NA;326;"SUPLENTE";17620;"FUNDO ESPECIAL, OUTROS RECURSOS";"Recursos de partido político, Recursos de pessoas físicas";"N"
250000925962;"ANTONIO AUGUSTO BARREIRA";"#NULO";"PSC";"MASCULINO";"SUPERIOR COMPLETO";"CASADO(A)";"BRANCA";"MÉDICO";"APTO";2947033,19;10945;"SUPLENTE";130650;"OUTROS RECURSOS, FUNDO ESPECIAL";"Recursos de pessoas físicas, Recursos de partido político, Recursos próprios";"N"
250000883868;"RICARDO SANT ANA DE OLIVEIRA";"#NULO";"REPUBLICANOS";"MASCULINO";"ENSINO MÉDIO COMPLETO";"DIVORCIADO(A)";"BRANCA";"JORNALISTA E REDATOR";"APTO";NA;129;"SUPLENTE";3458,25;"FUNDO ESPECIAL";"Recursos de partido político";"N"
250000883885;"MARIO ALBERTO ROSA DE OLIVEIRA";"#NULO";"REPUBLICANOS";"MASCULINO";"SUPERIOR COMPLETO";"CASADO(A)";"PARDA";"OUTROS";"APTO";NA;1144;"SUPLENTE";3547,48;"FUNDO ESPECIAL";"Recursos de partido político";"N"
250000883828;"JOAO BOSCO ALVES DE SOUZA";"#NULO";"REPUBLICANOS";"MASCULINO";"SUPERIOR COMPLETO";"CASADO(A)";"PRETA";"OUTROS";"APTO";1671884,8;697;"SUPLENTE";8712,48;"OUTROS RECURSOS, FUNDO ESPECIAL";"Recursos de pessoas físicas, Recursos de partido político, Recursos próprios";"N"
250000883826;"SANSÃO PEREIRA FILHO";"#NULO";"REPUBLICANOS";"MASCULINO";"SUPERIOR COMPLETO";"CASADO(A)";"BRANCA";"OUTROS";"APTO";NA;39709;"ELEITO POR QP";238096,93;"OUTROS RECURSOS, FUNDO ESPECIAL";"Recursos de pessoas físicas, Recursos de partido político, Recursos próprios";"N"
250000925980;"LEANDRO BRAGA SOUZA";"#NULO";"PSC";"MASCULINO";"SUPERIOR COMPLETO";"CASADO(A)";"PARDA";"EMPRESÁRIO";"APTO";NA;970;"SUPLENTE";17120;"FUNDO ESPECIAL";"Recursos de partido político";"N"
250000925987;"ZENIVAL DO CARMO FERREIRA ALIAGA";"#NULO";"PSC";"MASCULINO";"ENSINO MÉDIO COMPLETO";"DIVORCIADO(A)";"BRANCA";"POLICIAL MILITAR";"APTO";214000;1249;"SUPLENTE";11495;"FUNDO ESPECIAL, OUTROS RECURSOS";"Recursos de partido político, Recursos de pessoas físicas";"N"
250000925942;"EIJI DE CAMPOS SANTANA";"#NULO";"PSC";"MASCULINO";"SUPERIOR COMPLETO";"CASADO(A)";"BRANCA";"MEMBRO DAS FORÇAS ARMADAS";"APTO";196000;186;"SUPLENTE";68921,84;"FUNDO ESPECIAL, OUTROS RECURSOS";"Recursos de partido político, Recursos próprios";"N"
250000925920;"JOÃO PEDRO DOS SANTOS FILHO";"#NULO";"PSC";"MASCULINO";"ENSINO FUNDAMENTAL INCOMPLETO";"CASADO(A)";"PARDA";"OUTROS";"APTO";130000;566;"SUPLENTE";7495;"FUNDO ESPECIAL";"Recursos de partido político";"N"
250000925967;"DAVID ALEXANDER  DA SILVA RAMOS";"#NULO";"PSC";"MASCULINO";"ENSINO MÉDIO COMPLETO";"SOLTEIRO(A)";"BRANCA";"VIGILANTE";"APTO";NA;194;"SUPLENTE";1500;"FUNDO ESPECIAL";"Recursos de partido político";"N"
250000925950;"AGUSTIN FRANCISCO CARBALLO";"#NULO";"PSC";"MASCULINO";"SUPERIOR INCOMPLETO";"SOLTEIRO(A)";"BRANCA";"PUBLICITÁRIO";"APTO";NA;166;"SUPLENTE";17695;"OUTROS RECURSOS, FUNDO ESPECIAL";"Recursos próprios, Recursos de partido político";"N"
250000883884;"DELMAR RUI DA GRAÇA BINAS";"#NULO";"REPUBLICANOS";"MASCULINO";"SUPERIOR INCOMPLETO";"VIÚVO(A)";"BRANCA";"OUTROS";"APTO";60000;613;"SUPLENTE";15156,21;"OUTROS RECURSOS, FUNDO ESPECIAL";"Recursos de pessoas físicas, Recursos de partido político";"N"
250000883842;"CINTIA REGINA DA COSTA SANTANA";"#NULO";"REPUBLICANOS";"FEMININO";"SUPERIOR COMPLETO";"CASADO(A)";"PARDA";"PSICÓLOGO";"APTO";70000;537;"SUPLENTE";13759,48;"OUTROS RECURSOS, FUNDO ESPECIAL";"Recursos próprios, Recursos de partido político";"N"
250000883878;"FERNANDA CAVALCANTE DE OLIVEIRA SANTOS";"#NULO";"REPUBLICANOS";"FEMININO";"SUPERIOR COMPLETO";"CASADO(A)";"PARDA";"ADMINISTRADOR";"APTO";50;894;"SUPLENTE";21867,38;"OUTROS RECURSOS, FUNDO ESPECIAL";"Recursos próprios, Recursos de pessoas físicas, Recursos de partido político";"N"
250000883883;"CRISTIANO SOARES DA FONSECA";"#NULO";"REPUBLICANOS";"MASCULINO";"ENSINO MÉDIO COMPLETO";"SOLTEIRO(A)";"BRANCA";"EMPRESÁRIO";"APTO";NA;668;"SUPLENTE";4425,5;"OUTROS RECURSOS, FUNDO ESPECIAL";"Recursos de pessoas físicas, Recursos de partido político";"N"
250000883905;"RENATA BANHARA PEIXOTO MARCONDES";"#NULO";"REPUBLICANOS";"FEMININO";"ENSINO MÉDIO COMPLETO";"SOLTEIRO(A)";"BRANCA";"OUTROS";"APTO";72000;3415;"SUPLENTE";537515;"OUTROS RECURSOS, FUNDO ESPECIAL, FUNDO PARTIDARIO";"Recursos próprios, Recursos de partido político";"N"
250000883900;"IVONE RIBEIRO DE OLIVEIRA";"#NULO";"REPUBLICANOS";"FEMININO";"SUPERIOR COMPLETO";"DIVORCIADO(A)";"PRETA";"APOSENTADO (EXCETO SERVIDOR PÚBLICO)";"APTO";NA;277;"SUPLENTE";12217,5;"FUNDO ESPECIAL";"Recursos de partido político";"N"
250000883869;"STELA MARIS BERNARDI";"#NULO";"REPUBLICANOS";"FEMININO";"SUPERIOR COMPLETO";"CASADO(A)";"PARDA";"OUTROS";"APTO";NA;279;"SUPLENTE";32217,5;"FUNDO ESPECIAL";"Recursos de partido político";"N"
250000883833;"SILVIA DOS SANTOS NAKANO";"#NULO";"REPUBLICANOS";"FEMININO";"SUPERIOR COMPLETO";"SOLTEIRO(A)";"PARDA";"ADVOGADO";"APTO";NA;590;"SUPLENTE";17219,63;"OUTROS RECURSOS, FUNDO ESPECIAL";"Recursos próprios, Recursos de partido político";"N"
250001016164;"RODRIGO HAYASHI GOULART";"#NULO";"PSD";"MASCULINO";"SUPERIOR COMPLETO";"SOLTEIRO(A)";"BRANCA";"VEREADOR";"APTO";2727298,71;31472;"ELEITO POR QP";1167149,41;"OUTROS RECURSOS, FUNDO ESPECIAL";"Recursos de pessoas físicas, Recursos próprios, Recursos de partido político";"S"
250001016190;"FRANCISCO JOSÉ PANSIGA JÚNIOR";"#NULO";"PSD";"MASCULINO";"SUPERIOR COMPLETO";"SOLTEIRO(A)";"BRANCA";"BIÓLOGO";"APTO";NA;109;"SUPLENTE";13521,74;"FUNDO ESPECIAL";"Recursos de partido político";"N"
250001016147;"SANDRA REGINA LEITE PORTO";"#NULO";"PSD";"FEMININO";"SUPERIOR COMPLETO";"DIVORCIADO(A)";"PRETA";"EMPRESÁRIO";"APTO";134279,58;193;"SUPLENTE";73031,74;"FUNDO ESPECIAL, OUTROS RECURSOS";"Recursos de partido político, Recursos próprios, Recursos de pessoas físicas, Recursos de Financiamento Coletivo";"N"
250001016178;"LINDA DOS ANJOS BASILIO";"#NULO";"PSD";"FEMININO";"SUPERIOR COMPLETO";"CASADO(A)";"BRANCA";"COMERCIÁRIO";"APTO";NA;298;"SUPLENTE";25021,74;"FUNDO ESPECIAL";"Recursos de partido político";"N"
250001016153;"FRANCISCO JOSÉ DA CRUZ FILHO";"#NULO";"PSD";"MASCULINO";"SUPERIOR COMPLETO";"CASADO(A)";"BRANCA";"TÉCNICO DE LABORATÓRIO E RAIOS X";"APTO";112300;149;"SUPLENTE";10000;"FUNDO PARTIDARIO";"Recursos de partido político";"N"
250001016152;"FELIPE BECARI COMENALE";"#NULO";"PSD";"MASCULINO";"SUPERIOR COMPLETO";"SOLTEIRO(A)";"BRANCA";"SERVIDOR PÚBLICO ESTADUAL";"APTO";64000;98717;"ELEITO POR QP";103000;"OUTROS RECURSOS, FUNDO ESPECIAL";"Recursos próprios, Recursos de partido político, Recursos de pessoas físicas";"N"
250001016193;"LUIZ AUGUSTO LEONARDO DE CASTRO";"#NULO";"PSD";"MASCULINO";"SUPERIOR COMPLETO";"DIVORCIADO(A)";"BRANCA";"EMPRESÁRIO";"APTO";70000;631;"SUPLENTE";17343,74;"FUNDO ESPECIAL, OUTROS RECURSOS";"Recursos de partido político, Recursos de pessoas físicas, Recursos próprios";"N"
250000640989;"ADEMILSON RAMOS DA SILVA";"#NULO";"PL";"MASCULINO";"ENSINO FUNDAMENTAL INCOMPLETO";"CASADO(A)";"BRANCA";"FUNILEIRO";"APTO";713000;321;"SUPLENTE";12800;"FUNDO PARTIDARIO, FUNDO ESPECIAL";"Recursos de partido político";"N"
250000640982;"CÉSAR BORGES TAVARES";"#NULO";"PL";"MASCULINO";"ENSINO FUNDAMENTAL INCOMPLETO";"CASADO(A)";"BRANCA";"EMPRESÁRIO";"APTO";309650;514;"SUPLENTE";16000;"OUTROS RECURSOS, FUNDO ESPECIAL, FUNDO PARTIDARIO";"Recursos próprios, Recursos de pessoas físicas, Recursos de partido político";"N"
250000640971;"EDNELSON PACHECO FERREIRA";"#NULO";"PL";"MASCULINO";"ENSINO MÉDIO COMPLETO";"CASADO(A)";"BRANCA";"EMPRESÁRIO";"APTO";130503,23;2452;"SUPLENTE";63100;"OUTROS RECURSOS, FUNDO PARTIDARIO, FUNDO ESPECIAL";"Recursos de pessoas físicas, Recursos de partido político";"N"
250000641018;"ROBERTO FIGUEIREDO JÚNIOR";"#NULO";"PL";"MASCULINO";"ENSINO MÉDIO COMPLETO";"SOLTEIRO(A)";"BRANCA";"OUTROS";"APTO";326263,22;1081;"SUPLENTE";17985;"FUNDO PARTIDARIO, OUTROS RECURSOS, FUNDO ESPECIAL";"Recursos de partido político, Recursos próprios";"N"
250000641029;"MARIA EMÍLIA DANTAS OLIVEIRA";"#NULO";"PL";"FEMININO";"SUPERIOR COMPLETO";"DIVORCIADO(A)";"PARDA";"APOSENTADO (EXCETO SERVIDOR PÚBLICO)";"APTO";3000;50;"SUPLENTE";12800;"FUNDO PARTIDARIO, FUNDO ESPECIAL";"Recursos de partido político";"N"
250000640988;"CRISTIAN DA SILVA DE ARAÚJO";"#NULO";"PL";"MASCULINO";"SUPERIOR COMPLETO";"SOLTEIRO(A)";"BRANCA";"ANALISTA DE SISTEMAS";"APTO";5;172;"SUPLENTE";10800;"FUNDO ESPECIAL, FUNDO PARTIDARIO";"Recursos de partido político";"N"
250000640969;"ADAIL LEITE DA SILVA";"#NULO";"PL";"MASCULINO";"ENSINO FUNDAMENTAL COMPLETO";"CASADO(A)";"BRANCA";"OUTROS";"APTO";315000;403;"SUPLENTE";12800;"FUNDO PARTIDARIO, FUNDO ESPECIAL";"Recursos de partido político";"N"
250000641000;"FABIAN ALVES RAMOS";"#NULO";"PL";"MASCULINO";"ENSINO MÉDIO COMPLETO";"CASADO(A)";"PARDA";"OUTROS";"APTO";NA;1212;"SUPLENTE";17800;"FUNDO PARTIDARIO, FUNDO ESPECIAL";"Recursos de partido político";"N"
250000640993;"CLEOMENES ANTUNES JÚNIOR";"#NULO";"PL";"MASCULINO";"ENSINO MÉDIO COMPLETO";"DIVORCIADO(A)";"BRANCA";"SECURITÁRIO";"APTO";400034,28;897;"SUPLENTE";12800;"FUNDO ESPECIAL, FUNDO PARTIDARIO";"Recursos de partido político";"N"
250001159212;"CRISTINA GOMES FLORENCIO";"#NULO";"PROS";"FEMININO";"SUPERIOR COMPLETO";"CASADO(A)";"PARDA";"PROFESSOR DE ENSINO MÉDIO";"APTO";NA;1;"NÃO ELEITO";0;"#NULO";"#NULO";"N"
250001159240;"VLADIMIR ISIDORO";"#NULO";"PROS";"MASCULINO";"ENSINO MÉDIO COMPLETO";"SOLTEIRO(A)";"BRANCA";"CORRETOR DE IMÓVEIS, SEGUROS, TÍTULOS E VALORES";"APTO";14800;165;"NÃO ELEITO";7677,7;"OUTROS RECURSOS, FUNDO PARTIDARIO, FUNDO ESPECIAL";"Recursos de outros candidatos, Recursos próprios, Recursos de partido político";"N"
250001159219;"ROBERTO PAULIS";"#NULO";"PROS";"MASCULINO";"SUPERIOR COMPLETO";"DIVORCIADO(A)";"BRANCA";"OUTROS";"APTO";NA;1330;"NÃO ELEITO";30276,7;"FUNDO ESPECIAL, FUNDO PARTIDARIO, OUTROS RECURSOS";"Recursos de partido político, Recursos de outros candidatos";"N"
250001159234;"ANDRÉA OLERIANA AFFONSO";"#NULO";"PROS";"FEMININO";"ENSINO MÉDIO COMPLETO";"DIVORCIADO(A)";"BRANCA";"POLICIAL MILITAR";"APTO";209000;893;"NÃO ELEITO";13276,7;"FUNDO ESPECIAL, FUNDO PARTIDARIO, OUTROS RECURSOS";"Recursos de partido político, Recursos de outros candidatos";"N"
250001159245;"PAULO CAINE DOS SANTOS SILVA";"#NULO";"PROS";"MASCULINO";"SUPERIOR COMPLETO";"SOLTEIRO(A)";"BRANCA";"EMPRESÁRIO";"APTO";943700;494;"NÃO ELEITO";55491,8;"FUNDO ESPECIAL, OUTROS RECURSOS";"Recursos de partido político, Recursos de pessoas físicas";"N"
250000944981;"CARLOS ALEXANDRE BERALDO";"#NULO";"CIDADANIA";"MASCULINO";"ENSINO FUNDAMENTAL INCOMPLETO";"SOLTEIRO(A)";"PARDA";"OUTROS";"APTO";10000;1191;"NÃO ELEITO";5200;"OUTROS RECURSOS, FUNDO ESPECIAL";"Recursos próprios, Recursos de partido político";"N"
250000944980;"JOSE GERALDO DOS SANTOS";"#NULO";"CIDADANIA";"MASCULINO";"ENSINO FUNDAMENTAL COMPLETO";"CASADO(A)";"PRETA";"ARTESÃO";"APTO";180000;253;"NÃO ELEITO";8731,35;"OUTROS RECURSOS, FUNDO ESPECIAL";"Recursos de pessoas físicas, Recursos de origens não identificadas, Recursos próprios, Recursos de partido político";"N"
250000945002;"FLORIVALDO TAZINAFFO RIBEIRO";"#NULO";"CIDADANIA";"MASCULINO";"SUPERIOR INCOMPLETO";"CASADO(A)";"PARDA";"TAXISTA";"APTO";560726,44;145;"NÃO ELEITO";30538,16;"OUTROS RECURSOS";"Recursos de pessoas físicas, Recursos próprios, Recursos de partido político";"N"
250000945022;"CAMILLA APARECIDA MARTINS DOS SANTOS";"#NULO";"CIDADANIA";"FEMININO";"SUPERIOR COMPLETO";"SOLTEIRO(A)";"BRANCA";"OUTROS";"APTO";NA;166;"NÃO ELEITO";6938,16;"OUTROS RECURSOS, FUNDO ESPECIAL";"Recursos de partido político, Recursos de pessoas físicas";"N"
250000945008;"SONIA FRANCINE GASPAR MARMO";"#NULO";"CIDADANIA";"FEMININO";"SUPERIOR COMPLETO";"DIVORCIADO(A)";"BRANCA";"VEREADOR";"APTO";351121,31;13338;"NÃO ELEITO";102679,79;"OUTROS RECURSOS, FUNDO ESPECIAL, FUNDO PARTIDARIO";"Recursos de pessoas físicas, Recursos de Financiamento Coletivo, Recursos de partido político, Recursos próprios";"S"
250000945013;"CELSO DE ALMEIDA ARAUJO";"#NULO";"CIDADANIA";"MASCULINO";"SUPERIOR COMPLETO";"SOLTEIRO(A)";"PRETA";"ANALISTA DE SISTEMAS";"APTO";NA;415;"NÃO ELEITO";2238,16;"OUTROS RECURSOS";"Recursos de pessoas físicas, Recursos de partido político";"N"
250000945000;"EDSON RAFAEL";"#NULO";"CIDADANIA";"MASCULINO";"ENSINO FUNDAMENTAL INCOMPLETO";"CASADO(A)";"PARDA";"ATENDENTE DE LANCHONETE E RESTAURANTE";"APTO";NA;215;"NÃO ELEITO";5867,79;"OUTROS RECURSOS";"Recursos de partido político, Recursos próprios, Recursos de pessoas físicas";"N"
250000945003;"APARECIDO DA SILVA LARANJEIRA";"#NULO";"CIDADANIA";"MASCULINO";"SUPERIOR COMPLETO";"SOLTEIRO(A)";"PARDA";"ANALISTA DE SISTEMAS";"APTO";NA;56;"NÃO ELEITO";8138,16;"OUTROS RECURSOS";"Recursos de pessoas físicas, Recursos de partido político";"N"
250000945011;"ROBSON LUIZ CARDOSO";"#NULO";"CIDADANIA";"MASCULINO";"SUPERIOR INCOMPLETO";"SOLTEIRO(A)";"PARDA";"LOCUTOR E COMENTARISTA DE RÁDIO E TELEVISÃO E RADIALISTA";"APTO";NA;216;"NÃO ELEITO";NA;NA;NA;"N"
250001206108;"LEANDRO CESAR SALES DA SILVA";"#NULO";"AVANTE";"MASCULINO";"SUPERIOR COMPLETO";"CASADO(A)";"PARDA";"MILITAR REFORMADO";"APTO";NA;514;"NÃO ELEITO";3850;"OUTROS RECURSOS";"Recursos próprios";"N"
250001206026;"MARIA CICERA DOS SANTOS";"#NULO";"AVANTE";"FEMININO";"ENSINO FUNDAMENTAL INCOMPLETO";"SOLTEIRO(A)";"PRETA";"DONA DE CASA";"APTO";NA;154;"NÃO ELEITO";2000;"FUNDO ESPECIAL";"Recursos de partido político";"N"
250001206072;"CARLOS AUGUSTO MARIAS";"#NULO";"AVANTE";"MASCULINO";"ENSINO FUNDAMENTAL COMPLETO";"SOLTEIRO(A)";"PRETA";"MOTORISTA DE VEÍCULOS DE TRANSPORTE COLETIVO DE PASSAGEIROS";"APTO";NA;1337;"NÃO ELEITO";0;"#NULO";"#NULO";"N"
250001206043;"LUCIO MACARIO DO CARMO";"#NULO";"AVANTE";"MASCULINO";"ENSINO MÉDIO INCOMPLETO";"CASADO(A)";"BRANCA";"OUTROS";"APTO";NA;660;"NÃO ELEITO";0;"#NULO";"#NULO";"N"
250001206098;"ANDERSON OLIVEIRA DA SILVA";"#NULO";"AVANTE";"MASCULINO";"SUPERIOR COMPLETO";"CASADO(A)";"PARDA";"EMPRESÁRIO";"APTO";NA;695;"NÃO ELEITO";4951;"OUTROS RECURSOS";"Recursos de pessoas físicas, Recursos de Financiamento Coletivo";"N"
250001119906;"RONALDO CESAR DOS SANTOS";"#NULO";"PDT";"MASCULINO";"ENSINO MÉDIO COMPLETO";"SOLTEIRO(A)";"PRETA";"ANALISTA DE SISTEMAS";"APTO";116237,22;430;"NÃO ELEITO";8795,57;"OUTROS RECURSOS, FUNDO ESPECIAL";"Recursos de pessoas físicas, Recursos de partido político, Recursos de outros candidatos";"N"
250001119913;"CARLOS CARDOSO DA SILVA";"#NULO";"PDT";"MASCULINO";"ENSINO MÉDIO COMPLETO";"SOLTEIRO(A)";"PARDA";"OUTROS";"APTO";NA;513;"NÃO ELEITO";12288,01;"OUTROS RECURSOS, FUNDO ESPECIAL";"Recursos de pessoas físicas, Recursos de outros candidatos, Recursos de partido político";"N"
250001119905;"RICARDO FERNANDES PERENHA";"#NULO";"PDT";"MASCULINO";"SUPERIOR INCOMPLETO";"CASADO(A)";"BRANCA";"COMERCIANTE";"APTO";NA;123;"NÃO ELEITO";6995,57;"FUNDO ESPECIAL";"Recursos de outros candidatos, Recursos de partido político";"N"
250001119920;"LUIS CARLOS DE SOUZA";"#NULO";"PDT";"MASCULINO";"SUPERIOR INCOMPLETO";"SOLTEIRO(A)";"PRETA";"ESTUDANTE, BOLSISTA, ESTAGIÁRIO E ASSEMELHADOS";"APTO";NA;427;"NÃO ELEITO";9345,57;"FUNDO ESPECIAL, OUTROS RECURSOS";"Recursos de outros candidatos, Recursos de partido político, Recursos de pessoas físicas";"N"
250001119910;"THIAGO LUÍS RIBEIRO MENEZES";"#NULO";"PDT";"MASCULINO";"SUPERIOR INCOMPLETO";"SOLTEIRO(A)";"PRETA";"GERENTE";"APTO";NA;796;"NÃO ELEITO";11945,57;"OUTROS RECURSOS, FUNDO ESPECIAL";"Recursos de pessoas físicas, Recursos de Financiamento Coletivo, Recursos de outros candidatos, Recursos de partido político";"N"
250001119856;"MARIA DE FÁTIMA VIEIRA MARTINS";"#NULO";"PDT";"FEMININO";"SUPERIOR COMPLETO";"CASADO(A)";"BRANCA";"PROFESSOR DE ENSINO MÉDIO";"APTO";559187,33;245;"NÃO ELEITO";8515,57;"OUTROS RECURSOS, FUNDO ESPECIAL";"Recursos de pessoas físicas, Recursos de outros candidatos, Recursos de partido político";"N"
250001119890;"CARLOS EDUARDO RUANO DE OLIVEIRA";"#NULO";"PDT";"MASCULINO";"ENSINO FUNDAMENTAL INCOMPLETO";"VIÚVO(A)";"PARDA";"SACERDOTE OU MEMBRO DE ORDEM OU SEITA RELIGIOSA";"APTO";NA;258;"NÃO ELEITO";6575,57;"OUTROS RECURSOS, FUNDO ESPECIAL";"Recursos próprios, Recursos de pessoas físicas, Recursos de outros candidatos, Recursos de partido político";"N"
250001119896;"FRANCISCO TADEU GARDESANI LUZ";"#NULO";"PDT";"MASCULINO";"SUPERIOR COMPLETO";"SOLTEIRO(A)";"BRANCA";"SERVIDOR PÚBLICO FEDERAL";"APTO";846561;372;"NÃO ELEITO";35238,05;"OUTROS RECURSOS, FUNDO ESPECIAL";"Recursos próprios, Recursos de outros candidatos, Recursos de pessoas físicas";"N"
250001119904;"RAFAEL DE ALMEIDA SILVA";"#NULO";"PDT";"MASCULINO";"SUPERIOR INCOMPLETO";"SOLTEIRO(A)";"BRANCA";"ESTUDANTE, BOLSISTA, ESTAGIÁRIO E ASSEMELHADOS";"APTO";NA;948;"NÃO ELEITO";12593,57;"OUTROS RECURSOS, FUNDO ESPECIAL";"Recursos de pessoas físicas, Recursos de outros candidatos, Recursos próprios, Recursos de Financiamento Coletivo, Recursos de partido político";"N"
250001119868;"SILVIA ELENA BITTENCOURT";"#NULO";"PDT";"FEMININO";"SUPERIOR COMPLETO";"SOLTEIRO(A)";"BRANCA";"ADVOGADO";"APTO";837000;289;"NÃO ELEITO";7195,57;"OUTROS RECURSOS, FUNDO ESPECIAL";"Recursos de pessoas físicas, Recursos de outros candidatos, Recursos de partido político";"N"
250001119898;"GIAN HILLER PISANO";"#NULO";"PDT";"MASCULINO";"ENSINO MÉDIO COMPLETO";"CASADO(A)";"BRANCA";"MECÂNICO DE MANUTENÇÃO";"APTO";NA;230;"NÃO ELEITO";2450,01;"OUTROS RECURSOS, FUNDO ESPECIAL";"Recursos próprios, Recursos de outros candidatos, Recursos de pessoas físicas";"N"
250001119848;"LUIZ RICARTE FELIX NETO";"#NULO";"PDT";"MASCULINO";"SUPERIOR COMPLETO";"CASADO(A)";"PRETA";"PROFESSOR DE ENSINO MÉDIO";"APTO";NA;649;"NÃO ELEITO";2000;"FUNDO ESPECIAL";"Recursos de outros candidatos";"N"
250001119887;"ANDERSON DA SILVA CRUZ";"#NULO";"PDT";"MASCULINO";"SUPERIOR COMPLETO";"SOLTEIRO(A)";"BRANCA";"ADVOGADO";"APTO";17000;313;"NÃO ELEITO";8395,57;"OUTROS RECURSOS, FUNDO ESPECIAL";"Recursos de pessoas físicas, Recursos de partido político, Recursos de outros candidatos, Recursos de Financiamento Coletivo";"N"
250001100722;"ANTONIA PEREIRA DOS SANTOS";"#NULO";"PMB";"FEMININO";"ENSINO MÉDIO COMPLETO";"DIVORCIADO(A)";"AMARELA";"CABELEIREIRO E BARBEIRO";"APTO";NA;160;"NÃO ELEITO";14;"OUTROS RECURSOS";"Recursos próprios";"N"
250001100748;"ROBERIO DOS SANTOS BENEDITO";"#NULO";"PMB";"MASCULINO";"SUPERIOR COMPLETO";"CASADO(A)";"PARDA";"OUTROS";"APTO";309625,61;1728;"NÃO ELEITO";300;"OUTROS RECURSOS";"Recursos próprios, Recursos de pessoas físicas";"N"
250001100740;"OZEIAS BATISTA DOS SANTOS";"#NULO";"PMB";"MASCULINO";"SUPERIOR COMPLETO";"SOLTEIRO(A)";"PRETA";"PROFESSOR E INSTRUTOR DE FORMAÇÃO PROFISSIONAL";"APTO";122054,06;2841;"NÃO ELEITO";14900;"OUTROS RECURSOS, FUNDO PARTIDARIO";"Recursos próprios, Recursos de pessoas físicas, Recursos de partido político";"S"
250001100729;"ANA MARIA DAS DORES DE CAMARGO VIANA";"#NULO";"PMB";"FEMININO";"ENSINO MÉDIO COMPLETO";"SOLTEIRO(A)";"PRETA";"OUTROS";"APTO";52534,12;474;"NÃO ELEITO";279,45;"OUTROS RECURSOS";"Recursos de pessoas físicas, Recursos próprios";"N"
250001100728;"RONEI SILVA LIMA";"#NULO";"PMB";"MASCULINO";"ENSINO MÉDIO COMPLETO";"SOLTEIRO(A)";"BRANCA";"OUTROS";"APTO";NA;173;"NÃO ELEITO";125;"OUTROS RECURSOS";"Recursos próprios";"N"
250001100724;"MARLECE CAMPOS DOS SANTOS";"#NULO";"PMB";"FEMININO";"ENSINO FUNDAMENTAL COMPLETO";"CASADO(A)";"BRANCA";"VENDEDOR DE COMÉRCIO VAREJISTA E ATACADISTA";"APTO";95056,01;133;"NÃO ELEITO";0;"#NULO";"#NULO";"N"
250000789465;"CICERA MARIA DA CONCEIÇÃO";"#NULO";"PT";"FEMININO";"ENSINO MÉDIO COMPLETO";"SOLTEIRO(A)";"PRETA";"OUTROS";"APTO";NA;165;"SUPLENTE";13373,5;"FUNDO ESPECIAL";"Recursos de partido político, Recursos de outros candidatos";"N"
250000789514;"DIOGO LUIS DE OLIVEIRA SILVA";"#NULO";"PT";"MASCULINO";"ENSINO MÉDIO INCOMPLETO";"SOLTEIRO(A)";"PARDA";"OUTROS";"APTO";NA;74;"SUPLENTE";13373,5;"FUNDO ESPECIAL";"Recursos de outros candidatos, Recursos de partido político";"N"
250000789485;"CELDA PEREIRA GOMES";"#NULO";"PT";"FEMININO";"ENSINO MÉDIO COMPLETO";"SOLTEIRO(A)";"PARDA";"VENDEDOR DE COMÉRCIO VAREJISTA E ATACADISTA";"APTO";NA;168;"SUPLENTE";13373,5;"FUNDO ESPECIAL";"Recursos de partido político, Recursos de outros candidatos";"N"
250000789463;"IZAMAR NUNES DA SILVA";"#NULO";"PT";"MASCULINO";"ENSINO FUNDAMENTAL INCOMPLETO";"SOLTEIRO(A)";"PARDA";"OUTROS";"APTO";15000;285;"SUPLENTE";13373,5;"FUNDO ESPECIAL";"Recursos de outros candidatos, Recursos de partido político";"N"
250000789504;"PAULO BATISTA DOS REIS";"#NULO";"PT";"MASCULINO";"SUPERIOR COMPLETO";"DIVORCIADO(A)";"PRETA";"VEREADOR";"APTO";826711,44;23300;"SUPLENTE";436668,6;"OUTROS RECURSOS, FUNDO ESPECIAL";"Recursos de pessoas físicas, Recursos de outros candidatos, Recursos de partido político, Recursos de Financiamento Coletivo, Recursos próprios";"N"
250000789507;"PASCOALINA SOUZA SILVA";"#NULO";"PT";"FEMININO";"ENSINO MÉDIO COMPLETO";"SOLTEIRO(A)";"BRANCA";"OUTROS";"APTO";NA;2242;"SUPLENTE";36703,5;"OUTROS RECURSOS, FUNDO ESPECIAL";"Recursos de pessoas físicas, Recursos de partido político, Recursos de outros candidatos, Recursos de Financiamento Coletivo";"N"
250000789493;"ANDRE CUSTODIO ALVES";"#NULO";"PT";"MASCULINO";"SUPERIOR COMPLETO";"CASADO(A)";"PARDA";"ADMINISTRADOR";"APTO";60000;483;"SUPLENTE";14523,5;"OUTROS RECURSOS, FUNDO ESPECIAL";"Recursos de pessoas físicas, Recursos de partido político, Recursos de outros candidatos";"N"
250000789512;"EMERSON DE ABREU SANTANA";"#NULO";"PT";"MASCULINO";"SUPERIOR COMPLETO";"CASADO(A)";"BRANCA";"PRODUTOR DE ESPETÁCULOS PÚBLICOS";"APTO";NA;1931;"SUPLENTE";19804,85;"OUTROS RECURSOS, FUNDO ESPECIAL";"Recursos de pessoas físicas, Recursos próprios, Recursos de partido político, Recursos de outros candidatos";"N"
250000789472;"ALFREDO ALVES CAVALCANTE";"#NULO";"PT";"MASCULINO";"ENSINO MÉDIO COMPLETO";"CASADO(A)";"PRETA";"VEREADOR";"APTO";1199542,52;25159;"ELEITO POR QP";308312,6;"OUTROS RECURSOS, FUNDO ESPECIAL";"Recursos de pessoas físicas, Recursos de outros candidatos, Recursos de partido político, Recursos próprios";"N"
250000789528;"DILTON  ALVES DE MEDEIROS";"#NULO";"PT";"MASCULINO";"ENSINO MÉDIO COMPLETO";"DIVORCIADO(A)";"BRANCA";"OUTROS";"APTO";207000;103;"SUPLENTE";6379,95;"OUTROS RECURSOS, FUNDO ESPECIAL";"Recursos próprios, Recursos de partido político, Recursos de outros candidatos";"N"
250000789480;"GIVANILDO DE JESUS SANTOS";"#NULO";"PT";"MASCULINO";"ENSINO MÉDIO COMPLETO";"CASADO(A)";"BRANCA";"OUTROS";"APTO";1e+05;180;"SUPLENTE";24873,5;"FUNDO ESPECIAL";"Recursos de partido político, Recursos de outros candidatos";"N"
250000789455;"FRANCISCO GILVAN CANDIDO DE SOUZA";"#NULO";"PT";"MASCULINO";"ENSINO MÉDIO COMPLETO";"SOLTEIRO(A)";"PARDA";"OUTROS";"APTO";NA;188;"SUPLENTE";13373,5;"FUNDO ESPECIAL";"Recursos de outros candidatos, Recursos de partido político";"N"
250000789454;"GIVANILDO GONÇALVES DOS SANTOS";"#NULO";"PT";"MASCULINO";"ENSINO MÉDIO COMPLETO";"CASADO(A)";"PARDA";"OUTROS";"APTO";230000;1588;"SUPLENTE";13363,05;"FUNDO ESPECIAL";"Recursos de partido político, Recursos de outros candidatos";"N"
250000789524;"RICARDO RODRIGUES MARIA";"#NULO";"PT";"MASCULINO";"SUPERIOR COMPLETO";"SOLTEIRO(A)";"BRANCA";"EMPRESÁRIO";"APTO";231000;404;"SUPLENTE";11078,5;"OUTROS RECURSOS, FUNDO ESPECIAL";"Recursos de pessoas físicas, Recursos de partido político, Recursos de outros candidatos";"N"
250000789479;"ARSELINO ROQUE TATTO";"#NULO";"PT";"MASCULINO";"SUPERIOR COMPLETO";"CASADO(A)";"BRANCA";"VEREADOR";"APTO";664117,96;25021;"ELEITO POR MÉDIA";191455,64;"OUTROS RECURSOS, FUNDO ESPECIAL";"Recursos próprios, Recursos de pessoas físicas, Recursos de outros candidatos, Recursos de partido político";"N"
250000789458;"LUCILETE BORGES DA SILVA";"#NULO";"PT";"FEMININO";"ENSINO MÉDIO COMPLETO";"SOLTEIRO(A)";"PARDA";"OUTROS";"APTO";476000;221;"SUPLENTE";18373,5;"FUNDO ESPECIAL";"Recursos de outros candidatos, Recursos de partido político";"N"
250001129698;"PATRICIA KIYOMI TANI";"#NULO";"DC";"FEMININO";"SUPERIOR COMPLETO";"SOLTEIRO(A)";"BRANCA";"OUTROS";"APTO";NA;40;"NÃO ELEITO";6360,33;"FUNDO ESPECIAL";"Recursos de partido político";"N"
250001129677;"DEYVISON ERIK GASPAR";"#NULO";"DC";"MASCULINO";"SUPERIOR COMPLETO";"CASADO(A)";"BRANCA";"OUTROS";"APTO";NA;234;"NÃO ELEITO";3872,1;"FUNDO ESPECIAL";"Recursos de partido político";"N"
250001265965;"LUIZ ALBERTO PEREIRA DA SILVA";"#NULO";"DC";"MASCULINO";"SUPERIOR COMPLETO";"CASADO(A)";"BRANCA";"APOSENTADO (EXCETO SERVIDOR PÚBLICO)";"APTO";NA;88;"NÃO ELEITO";3872,1;"FUNDO ESPECIAL";"Recursos de partido político";"N"
250001129672;"JOAQUIM SOLON DO NASCIMENTO FILHO";"#NULO";"DC";"MASCULINO";"SUPERIOR COMPLETO";"SOLTEIRO(A)";"BRANCA";"OUTROS";"APTO";NA;15;"NÃO ELEITO";3592,1;"FUNDO ESPECIAL";"Recursos de partido político";"N"
250001129673;"JORGE ROBSON PEREIRA TAVARES";"#NULO";"DC";"MASCULINO";"ENSINO MÉDIO INCOMPLETO";"SOLTEIRO(A)";"BRANCA";"AGENTE DE VIAGEM";"APTO";NA;172;"NÃO ELEITO";3872,1;"FUNDO ESPECIAL";"Recursos de partido político";"N"
250001129674;"ALBERTO SCHWITZER SHIE";"#NULO";"DC";"MASCULINO";"SUPERIOR COMPLETO";"DIVORCIADO(A)";"AMARELA";"ADVOGADO";"APTO";NA;173;"NÃO ELEITO";4522,1;"OUTROS RECURSOS, FUNDO ESPECIAL";"Recursos de pessoas físicas, Recursos próprios, Recursos de partido político";"N"
250001088417;"WILLIAM SOUZA SANTANA";"#NULO";"MDB";"MASCULINO";"SUPERIOR INCOMPLETO";"CASADO(A)";"PARDA";"OUTROS";"APTO";22941,55;127;"SUPLENTE";0;"#NULO";"#NULO";"N"
250001088444;"RICARDO JOSE CAMPOI DIAS";"#NULO";"MDB";"MASCULINO";"SUPERIOR COMPLETO";"CASADO(A)";"BRANCA";"OUTROS";"APTO";870464,33;534;"SUPLENTE";5000;"OUTROS RECURSOS";"Recursos de pessoas físicas";"N"
250001088407;"CLAUDIO JOSE GOULART";"#NULO";"MDB";"MASCULINO";"ENSINO MÉDIO COMPLETO";"SOLTEIRO(A)";"BRANCA";"SERVIDOR PÚBLICO ESTADUAL";"APTO";12763;1163;"SUPLENTE";1165;"OUTROS RECURSOS";"Recursos próprios";"N"
250001088393;"MARCELO BENE DE LIMA SILVA";"#NULO";"MDB";"MASCULINO";"ENSINO FUNDAMENTAL INCOMPLETO";"CASADO(A)";"BRANCA";"ATOR E DIRETOR DE ESPETÁCULOS PÚBLICOS";"APTO";326032,35;922;"SUPLENTE";5800;"OUTROS RECURSOS";"Recursos de pessoas físicas, Recursos próprios";"N"
250001088411;"ALINE NASCIMENTO BARROZO TORRES";"#NULO";"MDB";"FEMININO";"SUPERIOR COMPLETO";"SOLTEIRO(A)";"PRETA";"RELAÇÕES-PÚBLICAS";"APTO";NA;4200;"SUPLENTE";110050;"FUNDO PARTIDARIO, OUTROS RECURSOS";"Recursos de partido político, Recursos de pessoas físicas, Recursos de outros candidatos, Recursos de Financiamento Coletivo";"N"
250001088392;"AMELIA ROSA DO NASCIMENTO";"#NULO";"MDB";"FEMININO";"ENSINO MÉDIO INCOMPLETO";"DIVORCIADO(A)";"BRANCA";"DONA DE CASA";"APTO";110000;101;"SUPLENTE";10000;"FUNDO ESPECIAL";"Recursos de partido político";"N"
250000651039;"JAQUELINE DOMINGOS SAVIO MARTINS DO NASCIMENTO";"#NULO";"DEM";"FEMININO";"SUPERIOR INCOMPLETO";"SOLTEIRO(A)";"BRANCA";"ESTUDANTE, BOLSISTA, ESTAGIÁRIO E ASSEMELHADOS";"APTO";0;523;"SUPLENTE";159494,13;"FUNDO PARTIDARIO, FUNDO ESPECIAL, OUTROS RECURSOS";"Recursos de partido político, Recursos de pessoas físicas";"N"
250000651023;"ANDREA CRISTINA RIBEIRO DOS SANTOS";"#NULO";"DEM";"FEMININO";"SUPERIOR COMPLETO";"CASADO(A)";"PARDA";"EMPRESÁRIO";"APTO";400051,27;156;"SUPLENTE";107253,13;"FUNDO ESPECIAL, FUNDO PARTIDARIO, OUTROS RECURSOS";"Recursos de partido político, Recursos de pessoas físicas";"N"
250000651032;"ELAINE PERES CAPARROZ";"#NULO";"DEM";"FEMININO";"SUPERIOR COMPLETO";"SOLTEIRO(A)";"BRANCA";"EMPRESÁRIO";"APTO";952992,19;620;"SUPLENTE";214319,13;"OUTROS RECURSOS, FUNDO ESPECIAL, FUNDO PARTIDARIO";"Recursos próprios, Recursos de partido político";"N"
250000651040;"DOUGLAS BUSCARATTO GONÇALVES DA SILVA";"#NULO";"DEM";"MASCULINO";"SUPERIOR COMPLETO";"DIVORCIADO(A)";"BRANCA";"EMPRESÁRIO";"APTO";466277,48;3334;"SUPLENTE";143174,28;"OUTROS RECURSOS, FUNDO ESPECIAL, FUNDO PARTIDARIO";"Recursos de pessoas físicas, Recursos de partido político";"N"
250000651067;"PAULO CAHIM";"#NULO";"DEM";"MASCULINO";"SUPERIOR COMPLETO";"CASADO(A)";"BRANCA";"ADVOGADO";"APTO";862000;2502;"SUPLENTE";122635,88;"OUTROS RECURSOS, FUNDO PARTIDARIO, FUNDO ESPECIAL";"Recursos de pessoas físicas, Recursos de partido político";"N"
250000881981;"ADRIANO DA COSTA E SILVA";"#NULO";"PTB";"MASCULINO";"SUPERIOR COMPLETO";"CASADO(A)";"BRANCA";"MEMBRO DAS FORÇAS ARMADAS";"APTO";38586;5060;"SUPLENTE";277990;"FUNDO ESPECIAL, OUTROS RECURSOS";"Recursos de partido político, Recursos de pessoas físicas, Recursos próprios";"N"
250000881924;"MARIA DAS GRAÇAS FERREIRA DE MACÊDO";"#NULO";"PTB";"FEMININO";"SUPERIOR COMPLETO";"CASADO(A)";"BRANCA";"APOSENTADO (EXCETO SERVIDOR PÚBLICO)";"APTO";275000;101;"SUPLENTE";8000;"FUNDO ESPECIAL";"Recursos de partido político";"N"
250000881970;"KELLY SANTOS MÜLLER";"#NULO";"PTB";"FEMININO";"SUPERIOR COMPLETO";"CASADO(A)";"PRETA";"ATLETA PROFISSIONAL E TÉCNICO EM DESPORTOS";"APTO";588000;464;"SUPLENTE";35000;"FUNDO ESPECIAL";"Recursos de partido político";"N"
250000881975;"MARLI DA PENHA VIGNOLI LAMARCA";"#NULO";"PTB";"FEMININO";"SUPERIOR COMPLETO";"VIÚVO(A)";"BRANCA";"ADVOGADO";"APTO";55000;276;"SUPLENTE";0;"#NULO";"#NULO";"N"
250000881935;"JADIR DA SILVA PORTO";"#NULO";"PTB";"MASCULINO";"ENSINO FUNDAMENTAL COMPLETO";"CASADO(A)";"BRANCA";"SERVIDOR PÚBLICO MUNICIPAL";"APTO";18000;355;"SUPLENTE";NA;NA;NA;"N"
250000881910;"VANESSA CEZAR ARCELINO";"#NULO";"PTB";"FEMININO";"ENSINO FUNDAMENTAL COMPLETO";"CASADO(A)";"BRANCA";"SACERDOTE OU MEMBRO DE ORDEM OU SEITA RELIGIOSA";"APTO";80000;219;"SUPLENTE";8000;"FUNDO ESPECIAL";"Recursos de partido político";"N"
250000881930;"MARIA SILVANIA PINHEIRO BAPTISTA";"#NULO";"PTB";"FEMININO";"SUPERIOR COMPLETO";"SOLTEIRO(A)";"BRANCA";"APOSENTADO (EXCETO SERVIDOR PÚBLICO)";"APTO";NA;88;"SUPLENTE";6225;"FUNDO ESPECIAL";"Recursos de partido político";"N"
250000881928;"JEFERSON NOVAES DA COSTA";"#NULO";"PTB";"MASCULINO";"ENSINO FUNDAMENTAL INCOMPLETO";"CASADO(A)";"PARDA";"VENDEDOR DE COMÉRCIO VAREJISTA E ATACADISTA";"APTO";NA;722;"SUPLENTE";NA;NA;NA;"N"
250000881901;"ANTONIO NEUDO FERREIRA";"#NULO";"PTB";"MASCULINO";"ENSINO MÉDIO INCOMPLETO";"CASADO(A)";"BRANCA";"EMPRESÁRIO";"APTO";863022,55;4221;"SUPLENTE";30000;"FUNDO ESPECIAL";"Recursos de partido político";"N"
250000881942;"CELIO CIPRIANO FILHO";"#NULO";"PTB";"MASCULINO";"ENSINO MÉDIO COMPLETO";"CASADO(A)";"PRETA";"CANTOR E COMPOSITOR";"APTO";48500;919;"SUPLENTE";20000;"FUNDO ESPECIAL";"Recursos de partido político";"N"
250000881937;"MARCIA BUENO DA SILVA";"#NULO";"PTB";"FEMININO";"SUPERIOR COMPLETO";"VIÚVO(A)";"PARDA";"EMPRESÁRIO";"APTO";247814,08;131;"SUPLENTE";8000;"FUNDO ESPECIAL";"Recursos de partido político";"N"
250000881973;"ALFREDO SANTOS LOEBELING";"#NULO";"PTB";"MASCULINO";"SUPERIOR COMPLETO";"DIVORCIADO(A)";"BRANCA";"EMPRESÁRIO";"APTO";29000;575;"SUPLENTE";11900;"OUTROS RECURSOS";"Recursos de pessoas físicas, Recursos próprios";"N"
250000881925;"REINALDO PIRES DE MORAES";"#NULO";"PTB";"MASCULINO";"SUPERIOR COMPLETO";"DIVORCIADO(A)";"BRANCA";"JORNALISTA E REDATOR";"APTO";NA;174;"SUPLENTE";0;"#NULO";"#NULO";"N"
250000881939;"ALEXANDRE DOS SANTOS PEREIRA";"#NULO";"PTB";"MASCULINO";"ENSINO MÉDIO COMPLETO";"CASADO(A)";"PRETA";"EMPRESÁRIO";"APTO";NA;212;"SUPLENTE";5500;"FUNDO ESPECIAL, OUTROS RECURSOS";"Recursos de partido político, Recursos de pessoas físicas";"N"
250000881978;"MARCOS ROGERIO MANTEIGA";"#NULO";"PTB";"MASCULINO";"SUPERIOR COMPLETO";"CASADO(A)";"BRANCA";"ADVOGADO";"APTO";2349000;1435;"SUPLENTE";8780;"OUTROS RECURSOS";"Recursos próprios, Recursos de pessoas físicas";"N"
250000881945;"EINSTEIN JESUS TEIXEIRA DA COSTA";"#NULO";"PTB";"MASCULINO";"ENSINO MÉDIO COMPLETO";"DIVORCIADO(A)";"BRANCA";"OUTROS";"APTO";NA;312;"SUPLENTE";800;"OUTROS RECURSOS";"Recursos de pessoas físicas";"N"
250000881916;"ANGELICA CRISTINA FASSINA HADI";"#NULO";"PTB";"FEMININO";"ENSINO MÉDIO INCOMPLETO";"CASADO(A)";"BRANCA";"EMPRESÁRIO";"APTO";850000;123;"SUPLENTE";26979;"FUNDO ESPECIAL";"Recursos de partido político";"N"
250001054373;"JOSÉ LUIS OLIVEIRA";"#NULO";"PMN";"MASCULINO";"ENSINO FUNDAMENTAL COMPLETO";"CASADO(A)";"PARDA";"COBRADOR DE TRANSPORTE COLETIVO";"APTO";NA;592;"NÃO ELEITO";2010,45;"OUTROS RECURSOS, FUNDO ESPECIAL";"Recursos próprios, Recursos de partido político";"N"
250001054399;"JULIANA MOLLER DE BRITO";"#NULO";"PMN";"FEMININO";"ENSINO MÉDIO COMPLETO";"SOLTEIRO(A)";"BRANCA";"EMPRESÁRIO";"APTO";NA;65;"NÃO ELEITO";2000;"FUNDO ESPECIAL";"Recursos de partido político";"N"
250001054413;"JOSE PIMENTA ALVES PEQUENO JUNIOR";"#NULO";"PMN";"MASCULINO";"SUPERIOR INCOMPLETO";"CASADO(A)";"PARDA";"OUTROS";"APTO";NA;268;"NÃO ELEITO";2880;"OUTROS RECURSOS, FUNDO ESPECIAL";"Recursos próprios, Recursos de partido político";"N"
250001054372;"CLEBER DAMASCENA BENJAMIM CUNHA";"#NULO";"PMN";"MASCULINO";"SUPERIOR COMPLETO";"SOLTEIRO(A)";"BRANCA";"JORNALISTA E REDATOR";"APTO";NA;238;"NÃO ELEITO";0;"#NULO";"#NULO";"N"
250001180997;"DANIEL SANTANA DE JESUS";"#NULO";"PCO";"MASCULINO";"SUPERIOR COMPLETO";"SOLTEIRO(A)";"BRANCA";"OUTROS";"APTO";NA;4;"NÃO ELEITO";1000;"FUNDO ESPECIAL";"Recursos de partido político";"N"
250000754058;"ANGELA ROSEMEIRE DE MATOS TELES";"#NULO";"PSL";"FEMININO";"SUPERIOR COMPLETO";"DIVORCIADO(A)";"BRANCA";"CORRETOR DE IMÓVEIS, SEGUROS, TÍTULOS E VALORES";"APTO";NA;174;"SUPLENTE";3378;"FUNDO ESPECIAL, OUTROS RECURSOS";"Recursos de outros candidatos, Recursos próprios";"N"
250000753988;"NÉLIO ROSA DA SILVA";"#NULO";"PSL";"MASCULINO";"SUPERIOR COMPLETO";"CASADO(A)";"BRANCA";"ADVOGADO";"APTO";476283,6;819;"SUPLENTE";12000;"OUTROS RECURSOS, FUNDO ESPECIAL";"Recursos de pessoas físicas, Recursos de partido político";"N"
250000754021;"DOUGLAS MELO DE SOUSA";"#NULO";"PSL";"MASCULINO";"SUPERIOR INCOMPLETO";"CASADO(A)";"BRANCA";"ADMINISTRADOR";"APTO";302600;1197;"SUPLENTE";27355,23;"FUNDO ESPECIAL, OUTROS RECURSOS";"Recursos de partido político, Recursos de outros candidatos, Recursos próprios, Recursos de origens não identificadas, Recursos de pessoas físicas";"N"
250000754045;"RINALDI CESAR DIGILIO";"#NULO";"PSL";"MASCULINO";"SUPERIOR COMPLETO";"CASADO(A)";"BRANCA";"VEREADOR";"APTO";2421123,96;13673;"ELEITO POR QP";171939;"OUTROS RECURSOS";"Recursos de outros candidatos, Recursos próprios";"N"
250000754048;"ALEXANDRE MARIANO GENTIL";"#NULO";"PSL";"MASCULINO";"SUPERIOR COMPLETO";"CASADO(A)";"BRANCA";"EMPRESÁRIO";"APTO";2320313,12;8480;"SUPLENTE";126483,84;"OUTROS RECURSOS";"Recursos próprios, Recursos de outros candidatos";"N"
250000754030;"PAULO ROBERTO CONCEIÇÃO";"#NULO";"PSL";"MASCULINO";"ENSINO MÉDIO COMPLETO";"CASADO(A)";"PARDA";"COMERCIANTE";"APTO";39016,25;1527;"SUPLENTE";400;"OUTROS RECURSOS";"Recursos de pessoas físicas";"N"
250000754013;"ELIAS ASSIS NETO";"#NULO";"PSL";"MASCULINO";"ENSINO MÉDIO COMPLETO";"CASADO(A)";"BRANCA";"DIRETOR DE EMPRESAS";"APTO";35500;6230;"SUPLENTE";20440;"OUTROS RECURSOS, FUNDO ESPECIAL";"Recursos de pessoas físicas, Recursos de partido político, Recursos de outros candidatos";"N"
250000688241;"NAOMY SCHÖLLING";"#NULO";"NOVO";"FEMININO";"SUPERIOR COMPLETO";"SOLTEIRO(A)";"BRANCA";"ATOR E DIRETOR DE ESPETÁCULOS PÚBLICOS";"APTO";1754066,44;2352;"SUPLENTE";44746,74;"OUTROS RECURSOS";"Recursos de pessoas físicas, Recursos próprios, Recursos de Financiamento Coletivo, Recursos de partido político";"N"
250000688246;"JANAINA CARLA DE LIMA";"#NULO";"NOVO";"FEMININO";"SUPERIOR COMPLETO";"CASADO(A)";"BRANCA";"SERVIDOR PÚBLICO MUNICIPAL";"APTO";26184,63;30931;"ELEITO POR QP";964237,48;"OUTROS RECURSOS";"Recursos de pessoas físicas, Recursos de partido político";"N"
250000688232;"JOÃO MARCELLO ORTEGA DE ARAUJO";"#NULO";"NOVO";"MASCULINO";"SUPERIOR COMPLETO";"DIVORCIADO(A)";"BRANCA";"PUBLICITÁRIO";"APTO";543288;2563;"SUPLENTE";16208,91;"OUTROS RECURSOS";"Recursos de pessoas físicas, Recursos de partido político, Recursos próprios, Recursos de Financiamento Coletivo";"N"
250000688222;"DAVID ZYLBERGELD NETO";"#NULO";"NOVO";"MASCULINO";"SUPERIOR COMPLETO";"CASADO(A)";"BRANCA";"MÉDICO";"APTO";2368866,53;1656;"SUPLENTE";11076,24;"OUTROS RECURSOS";"Recursos de pessoas físicas, Recursos de partido político, Recursos próprios";"N"
250000919191;"JARKSON PEREIRA DOS SANTOS";"#NULO";"PSDB";"MASCULINO";"SUPERIOR COMPLETO";"DIVORCIADO(A)";"BRANCA";"OUTROS";"APTO";NA;1878;"SUPLENTE";53264,11;"OUTROS RECURSOS, FUNDO ESPECIAL, FUNDO PARTIDARIO";"Recursos de pessoas físicas, Recursos de Financiamento Coletivo, Recursos de partido político";"N"
250000919232;"ISABEL CRISTINA DA SILVA MARCELINO VIEIRA";"#NULO";"PSDB";"FEMININO";"SUPERIOR INCOMPLETO";"CASADO(A)";"PRETA";"ESTUDANTE, BOLSISTA, ESTAGIÁRIO E ASSEMELHADOS";"APTO";NA;2303;"SUPLENTE";130217,07;"OUTROS RECURSOS, FUNDO ESPECIAL, FUNDO PARTIDARIO";"Recursos de pessoas físicas, Recursos de partido político";"N"
250000919174;"MARIA DE JESUS LOPES MARTINS SILVA";"#NULO";"PSDB";"FEMININO";"SUPERIOR COMPLETO";"CASADO(A)";"BRANCA";"ADVOGADO";"APTO";347661,59;378;"SUPLENTE";0;"#NULO";"#NULO";"N"
250000919224;"IZABEL OLIVEIRA DE JESUS";"#NULO";"PSDB";"FEMININO";"ENSINO MÉDIO COMPLETO";"SOLTEIRO(A)";"BRANCA";"ENFERMEIRO";"APTO";39000;158;"SUPLENTE";7317,07;"FUNDO PARTIDARIO";"Recursos de partido político";"N"
250000919245;"CHUKS ILOEGBUNAM";"#NULO";"PSDB";"MASCULINO";"SUPERIOR COMPLETO";"CASADO(A)";"PRETA";"PROFESSOR E INSTRUTOR DE FORMAÇÃO PROFISSIONAL";"APTO";68802,64;200;"SUPLENTE";7417,07;"OUTROS RECURSOS, FUNDO PARTIDARIO";"Recursos de Financiamento Coletivo, Recursos de partido político";"N"
250000919248;"ROGÉRIO DE JESUS";"#NULO";"PSDB";"MASCULINO";"SUPERIOR COMPLETO";"SOLTEIRO(A)";"BRANCA";"CORRETOR DE IMÓVEIS, SEGUROS, TÍTULOS E VALORES";"APTO";NA;288;"SUPLENTE";7317,07;"FUNDO PARTIDARIO";"Recursos de partido político";"N"
250000919204;"JOSÉ REGINALDO NAZELO DE ALVARENGA TRIPOLI";"#NULO";"PSDB";"MASCULINO";"ENSINO MÉDIO COMPLETO";"SOLTEIRO(A)";"BRANCA";"EMPRESÁRIO";"APTO";19607,24;30495;"ELEITO POR QP";656567,07;"OUTROS RECURSOS, FUNDO PARTIDARIO";"Recursos de pessoas físicas, Recursos de partido político";"N"
250000919180;"JOSENALDO GUSTAVO DE PONTES";"#NULO";"PSDB";"MASCULINO";"ENSINO MÉDIO COMPLETO";"SOLTEIRO(A)";"BRANCA";"OUTROS";"APTO";NA;255;"SUPLENTE";7317,07;"FUNDO PARTIDARIO";"Recursos de partido político";"N"
250000919229;"MONICA FORNI CACCIA GOUVEIA";"#NULO";"PSDB";"FEMININO";"SUPERIOR COMPLETO";"CASADO(A)";"BRANCA";"ADVOGADO";"APTO";69900;556;"SUPLENTE";7317,07;"FUNDO PARTIDARIO";"Recursos de partido político";"N"
250000919227;"ROSEMARA LEANDRO DA SILVA";"#NULO";"PSDB";"FEMININO";"SUPERIOR COMPLETO";"VIÚVO(A)";"PRETA";"ENFERMEIRO";"APTO";1668,66;1303;"SUPLENTE";7317,07;"FUNDO PARTIDARIO";"Recursos de partido político";"N"
250000919246;"LEANDRO MORAIS DA CONCEIÇÃO";"#NULO";"PSDB";"MASCULINO";"ENSINO MÉDIO COMPLETO";"SOLTEIRO(A)";"BRANCA";"OUTROS";"APTO";NA;176;"SUPLENTE";7317,07;"FUNDO PARTIDARIO";"Recursos de partido político";"N"
250000919178;"JOÃO BATISTA SILVA";"#NULO";"PSDB";"MASCULINO";"ENSINO MÉDIO COMPLETO";"SOLTEIRO(A)";"BRANCA";"OUTROS";"APTO";NA;98;"SUPLENTE";7631,07;"OUTROS RECURSOS, FUNDO PARTIDARIO";"Recursos próprios, Recursos de partido político";"N"
250000919236;"RICARDO WAGNER CAPUCHINHO FILHO";"#NULO";"PSDB";"MASCULINO";"SUPERIOR COMPLETO";"SOLTEIRO(A)";"BRANCA";"VENDEDOR PRACISTA, REPRESENTANTE, CAIXEIRO-VIAJANTE E ASSEMELHADOS";"APTO";276402;425;"SUPLENTE";7517,07;"FUNDO PARTIDARIO, OUTROS RECURSOS";"Recursos de partido político, Recursos próprios";"N"
250000919211;"CARLOS ALBERTO DE QUADROS BEZERRA JUNIOR";"#NULO";"PSDB";"MASCULINO";"SUPERIOR COMPLETO";"CASADO(A)";"BRANCA";"MÉDICO";"APTO";1147544,92;34144;"ELEITO POR QP";193117,07;"OUTROS RECURSOS, FUNDO ESPECIAL";"Recursos próprios, Recursos de pessoas físicas, Recursos de partido político";"N"
250000919242;"ADELSON ROSENBERG COELHO";"#NULO";"PSDB";"MASCULINO";"SUPERIOR COMPLETO";"CASADO(A)";"BRANCA";"ADMINISTRADOR";"APTO";5673743,21;1491;"SUPLENTE";10317,07;"FUNDO PARTIDARIO, OUTROS RECURSOS";"Recursos de partido político, Recursos próprios";"N"
250001154715;"ANDRE RICARDO DE SOUZA";"#NULO";"REDE";"MASCULINO";"ENSINO MÉDIO COMPLETO";"SOLTEIRO(A)";"PRETA";"MOTORISTA PARTICULAR";"APTO";NA;605;"NÃO ELEITO";8954,2;"OUTROS RECURSOS, FUNDO ESPECIAL";"Recursos próprios, Recursos de partido político, Recursos de outros candidatos";"N"
250001154705;"GILBERTO DANIEL";"#NULO";"REDE";"MASCULINO";"ENSINO MÉDIO COMPLETO";"SOLTEIRO(A)";"PARDA";"PUBLICITÁRIO";"APTO";20000;1;"NÃO ELEITO";4000;"FUNDO ESPECIAL, OUTROS RECURSOS";"Recursos de partido político, Recursos próprios";"N"
250001154725;"SILVIA MARIA CARNEIRO DE CAMPOS";"#NULO";"REDE";"FEMININO";"SUPERIOR COMPLETO";"SEPARADO(A) JUDICIALMENTE";"BRANCA";"ARQUITETO";"APTO";NA;667;"NÃO ELEITO";21233;"OUTROS RECURSOS, FUNDO ESPECIAL";"Recursos de pessoas físicas, Recursos de partido político, Recursos de outros candidatos, Recursos de Financiamento Coletivo";"N"
250001154723;"ZYSMAN NEIMAN";"#NULO";"REDE";"MASCULINO";"SUPERIOR COMPLETO";"CASADO(A)";"BRANCA";"PROFESSOR DE ENSINO SUPERIOR";"APTO";1091877,13;686;"NÃO ELEITO";20812;"FUNDO ESPECIAL, OUTROS RECURSOS";"Recursos de partido político, Recursos de pessoas físicas, Recursos de Financiamento Coletivo";"N"
250001123276;"DALMO ALVES DE SOUZA VIANA";"#NULO";"PSB";"MASCULINO";"SUPERIOR COMPLETO";"CASADO(A)";"BRANCA";"OUTROS";"APTO";126845,42;1913;"SUPLENTE";91780;"OUTROS RECURSOS, FUNDO ESPECIAL";"Recursos de pessoas físicas, Recursos de partido político, Recursos próprios";"N"
250001123205;"MASATAKA OTA";"#NULO";"PSB";"MASCULINO";"ENSINO MÉDIO COMPLETO";"CASADO(A)";"AMARELA";"VEREADOR";"APTO";1104410,69;9427;"SUPLENTE";113000;"FUNDO ESPECIAL, OUTROS RECURSOS";"Recursos de partido político, Recursos de pessoas físicas";"S"
250001123234;"JULIA GOMES PEREIRA BARBUIO";"#NULO";"PSB";"FEMININO";"SUPERIOR COMPLETO";"CASADO(A)";"BRANCA";"ASSISTENTE SOCIAL";"APTO";304000,1;326;"SUPLENTE";26516,94;"FUNDO ESPECIAL";"Recursos de partido político";"N"
250001123229;"DOUGLAS RENE WITZEL";"#NULO";"PSB";"MASCULINO";"SUPERIOR COMPLETO";"CASADO(A)";"BRANCA";"POLICIAL MILITAR";"APTO";NA;768;"SUPLENTE";17900;"OUTROS RECURSOS, FUNDO ESPECIAL";"Recursos de pessoas físicas, Recursos próprios, Recursos de Financiamento Coletivo, Recursos de partido político";"N"
250001123217;"NAZARÉ BATISTA BRAGA";"#NULO";"PSB";"FEMININO";"SUPERIOR COMPLETO";"SOLTEIRO(A)";"BRANCA";"DONA DE CASA";"APTO";228654,83;1048;"SUPLENTE";40000;"FUNDO ESPECIAL, OUTROS RECURSOS";"Recursos de partido político, Recursos próprios";"N"
250001123254;"GERALDO RIBEIRO GUIMARÃES NETO";"#NULO";"PSB";"MASCULINO";"SUPERIOR INCOMPLETO";"SOLTEIRO(A)";"BRANCA";"OUTROS";"APTO";574000;1809;"SUPLENTE";15000;"FUNDO ESPECIAL";"Recursos de partido político";"N"
250001123225;"SAMUEL EMILIO SANTOS DE MELO";"#NULO";"PSB";"MASCULINO";"SUPERIOR COMPLETO";"SOLTEIRO(A)";"PRETA";"OUTROS";"APTO";28419,54;4090;"SUPLENTE";355006;"OUTROS RECURSOS, FUNDO ESPECIAL";"Recursos de pessoas físicas, Recursos de partido político, Recursos de Financiamento Coletivo";"N"
250001123210;"JAMIL MARQUES";"#NULO";"PSB";"MASCULINO";"ENSINO MÉDIO COMPLETO";"CASADO(A)";"PARDA";"APOSENTADO (EXCETO SERVIDOR PÚBLICO)";"APTO";20000;101;"SUPLENTE";15014;"OUTROS RECURSOS, FUNDO ESPECIAL";"Recursos de pessoas físicas, Recursos de partido político";"N"
250000661708;"ISIS MUSTAFA DE ASSIS";"#NULO";"UP";"FEMININO";"SUPERIOR INCOMPLETO";"SOLTEIRO(A)";"PARDA";"ESTUDANTE, BOLSISTA, ESTAGIÁRIO E ASSEMELHADOS";"APTO";NA;859;"NÃO ELEITO";10491,33;"OUTROS RECURSOS, FUNDO ESPECIAL";"Recursos de Financiamento Coletivo, Recursos de partido político";"N"
250000658744;"ROGERIO COELHO GRAFT";"#NULO";"PATRIOTA";"MASCULINO";"ENSINO MÉDIO COMPLETO";"CASADO(A)";"BRANCA";"EMPRESÁRIO";"APTO";55000;6958;"SUPLENTE";16400;"OUTROS RECURSOS, FUNDO PARTIDARIO";"Recursos de pessoas físicas, Recursos de partido político";"N"
250000658723;"DOUGLAS DE JESUS BALBINO";"#NULO";"PATRIOTA";"MASCULINO";"ENSINO MÉDIO COMPLETO";"CASADO(A)";"BRANCA";"EMPRESÁRIO";"APTO";33000;3295;"SUPLENTE";26270;"OUTROS RECURSOS";"Recursos de pessoas físicas, Recursos próprios";"N"
250000658699;"PATRICIA ELISUA DE OLIVEIRA FERREIRA BASSETTO DE CASTRO";"#NULO";"PATRIOTA";"FEMININO";"SUPERIOR COMPLETO";"CASADO(A)";"BRANCA";"ADVOGADO";"APTO";2306,41;649;"SUPLENTE";2500;"OUTROS RECURSOS";"Recursos de pessoas físicas";"N"
250000658709;"LAIS FERREIRA TALIBERTI";"#NULO";"PATRIOTA";"FEMININO";"SUPERIOR COMPLETO";"SOLTEIRO(A)";"BRANCA";"EMPRESÁRIO";"APTO";198000;1391;"SUPLENTE";10900;"OUTROS RECURSOS";"Recursos de pessoas físicas, Recursos próprios";"N"
250000658736;"FERNANDO HOLIDAY SILVA BISPO";"#NULO";"PATRIOTA";"MASCULINO";"ENSINO MÉDIO COMPLETO";"SOLTEIRO(A)";"PRETA";"VEREADOR";"APTO";49692,44;67715;"ELEITO POR QP";186836,48;"OUTROS RECURSOS";"Recursos de pessoas físicas, Recursos próprios, Recursos de Financiamento Coletivo";"N"
250000658732;"ANDERSON FRANCO DE CAMARGO";"#NULO";"PATRIOTA";"MASCULINO";"ENSINO MÉDIO COMPLETO";"DIVORCIADO(A)";"BRANCA";"ALMOXARIFE";"APTO";144500;164;"SUPLENTE";0;"#NULO";"#NULO";"N"
250000658740;"SERGIO KHODOR CURY";"#NULO";"PATRIOTA";"MASCULINO";"SUPERIOR COMPLETO";"DIVORCIADO(A)";"BRANCA";"EMPRESÁRIO";"APTO";164300;129;"SUPLENTE";0;"#NULO";"#NULO";"N"
250000658710;"LUIS FRANCISCO RODRIGUES VALLEJO";"#NULO";"PATRIOTA";"MASCULINO";"ENSINO FUNDAMENTAL COMPLETO";"CASADO(A)";"BRANCA";"EMPRESÁRIO";"APTO";NA;141;"SUPLENTE";0;"#NULO";"#NULO";"N"
250000885526;"JOELMA COSTA VALERIO";"#NULO";"SOLIDARIEDADE";"FEMININO";"SUPERIOR COMPLETO";"CASADO(A)";"PARDA";"OUTROS";"APTO";NA;321;"SUPLENTE";11212,84;"FUNDO ESPECIAL";"Recursos de partido político";"N"
250000885515;"ABRÃO FERREIRA DOS SANTOS";"#NULO";"SOLIDARIEDADE";"MASCULINO";"LÊ E ESCREVE";"SOLTEIRO(A)";"PRETA";"OUTROS";"APTO";107121;730;"SUPLENTE";8274,5;"FUNDO ESPECIAL";"Recursos de partido político";"N"
250000885558;"ERICK ROBERTO BATISTA";"#NULO";"SOLIDARIEDADE";"MASCULINO";"SUPERIOR COMPLETO";"SOLTEIRO(A)";"PARDA";"EMPRESÁRIO";"APTO";NA;76;"SUPLENTE";9812,99;"FUNDO ESPECIAL";"Recursos de partido político";"N"
250000885516;"DINA MARIA FERREIRA";"#NULO";"SOLIDARIEDADE";"FEMININO";"ENSINO MÉDIO COMPLETO";"DIVORCIADO(A)";"PARDA";"OUTROS";"APTO";NA;89;"SUPLENTE";11212,84;"FUNDO ESPECIAL";"Recursos de partido político";"N"
250000885536;"EDEMILSON HYPOLITI";"#NULO";"SOLIDARIEDADE";"MASCULINO";"SUPERIOR COMPLETO";"CASADO(A)";"BRANCA";"CORRETOR DE IMÓVEIS, SEGUROS, TÍTULOS E VALORES";"APTO";NA;351;"SUPLENTE";33785,49;"FUNDO ESPECIAL";"Recursos de partido político";"N"
250000885506;"CLAUDIO FREITAS";"#NULO";"SOLIDARIEDADE";"MASCULINO";"ENSINO MÉDIO COMPLETO";"SOLTEIRO(A)";"BRANCA";"OUTROS";"APTO";25000;6488;"SUPLENTE";63205,4;"OUTROS RECURSOS, FUNDO ESPECIAL";"Recursos de pessoas físicas, Recursos de partido político";"N"
250000885537;"SAMUEL FERREIRA LIMA";"#NULO";"SOLIDARIEDADE";"MASCULINO";"SUPERIOR INCOMPLETO";"CASADO(A)";"PARDA";"ADMINISTRADOR";"APTO";NA;277;"SUPLENTE";9812,99;"FUNDO ESPECIAL";"Recursos de partido político";"N"
250000755999;"FLAVIA BISCHAIN ROSA";"#NULO";"PSTU";"FEMININO";"SUPERIOR COMPLETO";"SOLTEIRO(A)";"BRANCA";"PROFESSOR DE ENSINO MÉDIO";"APTO";16306,21;1215;"NÃO ELEITO";36535,13;"OUTROS RECURSOS, FUNDO ESPECIAL";"Recursos de pessoas físicas, Recursos de partido político, Recursos de outros candidatos";"N"
250000687530;"ADRIANA VASCONCELLOS VIEIRA DE OLIVEIRA LUIZ";"#NULO";"PC do B";"FEMININO";"SUPERIOR COMPLETO";"CASADO(A)";"PRETA";"PROFESSOR DE ENSINO MÉDIO";"APTO";NA;7961;"NÃO ELEITO";131163,67;"OUTROS RECURSOS, FUNDO ESPECIAL, FUNDO PARTIDARIO";"Recursos próprios, Recursos de pessoas físicas, Recursos de partido político";"N"
250000687536;"RICARDO ADRIANE RODRIGUES DE SOUSA";"#NULO";"PC do B";"MASCULINO";"ENSINO MÉDIO COMPLETO";"CASADO(A)";"PRETA";"COVEIRO";"APTO";420730,26;739;"NÃO ELEITO";7503,82;"FUNDO ESPECIAL, OUTROS RECURSOS";"Recursos de partido político, Recursos de pessoas físicas, Recursos de outros candidatos";"N"
250000687567;"GICÉLIA DOS SANTOS";"#NULO";"PC do B";"FEMININO";"ENSINO MÉDIO COMPLETO";"DIVORCIADO(A)";"PRETA";"OUTROS";"APTO";NA;542;"NÃO ELEITO";16218,38;"FUNDO ESPECIAL, OUTROS RECURSOS, FUNDO PARTIDARIO";"Recursos de partido político, Recursos de outros candidatos, Recursos próprios";"N"
250000687549;"CARLOS FRANCISCO DA SILVA";"#NULO";"PC do B";"MASCULINO";"SUPERIOR COMPLETO";"DIVORCIADO(A)";"PRETA";"OUTROS";"APTO";NA;231;"NÃO ELEITO";2934;"FUNDO ESPECIAL, FUNDO PARTIDARIO";"Recursos de partido político";"N"
250000687559;"SILVIO NIVALDO";"#NULO";"PC do B";"MASCULINO";"SUPERIOR COMPLETO";"SOLTEIRO(A)";"BRANCA";"PROFESSOR DE ENSINO MÉDIO";"APTO";NA;288;"NÃO ELEITO";9888,23;"FUNDO ESPECIAL, FUNDO PARTIDARIO, OUTROS RECURSOS";"Recursos de partido político, Recursos de pessoas físicas, Recursos de outros candidatos";"N"
250000687488;"IBRAHIM AHMAD HAMMOUD";"#NULO";"PC do B";"MASCULINO";"SUPERIOR COMPLETO";"SOLTEIRO(A)";"BRANCA";"ADVOGADO";"APTO";NA;250;"NÃO ELEITO";4068,9;"FUNDO ESPECIAL, FUNDO PARTIDARIO, OUTROS RECURSOS";"Recursos de partido político, Recursos próprios";"N"
250000686872;"RAFAEL SILVA NEGRÃO";"#NULO";"PSOL";"MASCULINO";"SUPERIOR INCOMPLETO";"SOLTEIRO(A)";"BRANCA";"DIRETOR DE EMPRESAS";"APTO";NA;634;"SUPLENTE";9669,93;"FUNDO ESPECIAL";"Recursos de partido político";"N"
250000686843;"JOSÉ ANTONIO CHINELATO ZAGATO";"#NULO";"PSOL";"MASCULINO";"SUPERIOR COMPLETO";"SOLTEIRO(A)";"BRANCA";"ARQUITETO";"APTO";69370,99;856;"SUPLENTE";30805,42;"OUTROS RECURSOS, FUNDO ESPECIAL";"Recursos de pessoas físicas, Recursos de Financiamento Coletivo, Recursos de partido político";"N"
250000686814;"JULIO CLÍMACO DE VASCONCELOS JUNIOR";"#NULO";"PSOL";"MASCULINO";"SUPERIOR COMPLETO";"CASADO(A)";"BRANCA";"ADVOGADO";"APTO";5e+05;368;"SUPLENTE";10122,08;"OUTROS RECURSOS, FUNDO ESPECIAL";"Recursos próprios, Recursos de partido político";"N"
250000686844;"CECILIA AMARAL LOTUFO";"#NULO";"PSOL";"FEMININO";"SUPERIOR COMPLETO";"CASADO(A)";"BRANCA";"ADMINISTRADOR";"APTO";NA;2037;"SUPLENTE";50054,7;"FUNDO ESPECIAL, OUTROS RECURSOS";"Recursos de partido político, Recursos de Financiamento Coletivo, Recursos de pessoas físicas";"N"
250000686864;"FERNANDO SOUSANI PERES";"#NULO";"PSOL";"MASCULINO";"SUPERIOR COMPLETO";"SOLTEIRO(A)";"BRANCA";"PROFESSOR DE ENSINO FUNDAMENTAL";"APTO";5000;217;"SUPLENTE";5204,35;"FUNDO ESPECIAL";"Recursos de partido político";"N"
250000686815;"GENIVAL CALIXTO DA COSTA";"#NULO";"PSOL";"MASCULINO";"ENSINO FUNDAMENTAL COMPLETO";"DIVORCIADO(A)";"BRANCA";"EMPRESÁRIO";"APTO";360000;283;"SUPLENTE";5122,43;"OUTROS RECURSOS, FUNDO ESPECIAL";"Recursos próprios, Recursos de partido político";"N"
250000707293;"FRANCISCO FÁBIO DE SOUZA";"#NULO";"PP";"MASCULINO";"SUPERIOR COMPLETO";"CASADO(A)";"BRANCA";"EMPRESÁRIO";"APTO";204500;1787;"SUPLENTE";11687;"OUTROS RECURSOS, FUNDO PARTIDARIO";"Recursos de pessoas físicas, Recursos de partido político";"N"
250000707284;"JANETE CRISTINA SOUZA DE CARVALHO";"#NULO";"PP";"FEMININO";"ENSINO MÉDIO COMPLETO";"CASADO(A)";"PARDA";"POLICIAL MILITAR";"APTO";NA;1298;"SUPLENTE";1886,7;"FUNDO PARTIDARIO";"Recursos de partido político";"N"
250000707289;"KELLY CEZARIO ESTEFANO AFONSO DA SILVA";"#NULO";"PP";"FEMININO";"SUPERIOR COMPLETO";"CASADO(A)";"BRANCA";"ADVOGADO";"APTO";380000;281;"SUPLENTE";3769;"OUTROS RECURSOS";"Recursos próprios, Recursos de partido político";"N"
250000707264;"VALDEVILSON DE SOUZA GOES";"#NULO";"PP";"MASCULINO";"SUPERIOR COMPLETO";"SOLTEIRO(A)";"BRANCA";"ADVOGADO";"APTO";310000;1363;"SUPLENTE";NA;NA;NA;"N"
250000707301;"WILSON DE PAIVA ROSSI";"#NULO";"PP";"MASCULINO";"SUPERIOR COMPLETO";"DIVORCIADO(A)";"BRANCA";"SERVIDOR PÚBLICO ESTADUAL";"APTO";1224660;563;"SUPLENTE";1223,7;"OUTROS RECURSOS";"Recursos de partido político";"N"
250001097229;"GILSON ADALBERTO GOMES";"#NULO";"PTC";"MASCULINO";"ENSINO MÉDIO COMPLETO";"DIVORCIADO(A)";"BRANCA";"CATADOR DE RECICLÁVEIS";"APTO";NA;12;"NÃO ELEITO";0;"#NULO";"#NULO";"N"
250001097215;"CELSO BENEDITO DA ROCHA";"#NULO";"PTC";"MASCULINO";"ENSINO MÉDIO COMPLETO";"SOLTEIRO(A)";"PARDA";"OUTROS";"APTO";11000;1075;"NÃO ELEITO";0;"#NULO";"#NULO";"N"
250001097161;"JOSÉ RIBAMAR JORGE FRAZÃO SEGUINS";"#NULO";"PTC";"MASCULINO";"SUPERIOR COMPLETO";"CASADO(A)";"PRETA";"ADMINISTRADOR";"APTO";NA;73;"NÃO ELEITO";0;"#NULO";"#NULO";"N"
250001097172;"ABEL COSTA";"#NULO";"PTC";"MASCULINO";"SUPERIOR COMPLETO";"CASADO(A)";"PRETA";"PROFESSOR DE ENSINO MÉDIO";"APTO";35000;169;"NÃO ELEITO";230;"OUTROS RECURSOS";"Recursos próprios";"N"
250001097166;"JOÃO VIANELLE PINTO";"#NULO";"PTC";"MASCULINO";"ENSINO FUNDAMENTAL COMPLETO";"CASADO(A)";"BRANCA";"COMERCIANTE";"APTO";5e+05;232;"NÃO ELEITO";0;"#NULO";"#NULO";"N"
250001097231;"CLAUDIO JORGE GONÇALVES";"#NULO";"PTC";"MASCULINO";"ENSINO FUNDAMENTAL INCOMPLETO";"DIVORCIADO(A)";"PRETA";"COMERCIANTE";"APTO";NA;35;"NÃO ELEITO";0;"#NULO";"#NULO";"N"
250000811379;"DALCIDES BATISTA DA SILVA NETO";"#NULO";"PODE";"MASCULINO";"ENSINO MÉDIO COMPLETO";"SOLTEIRO(A)";"BRANCA";"OUTROS";"APTO";8304577,74;11763;"SUPLENTE";211470;"OUTROS RECURSOS, FUNDO ESPECIAL";"Recursos de partido político, Recursos de pessoas físicas, Recursos próprios";"N"
250000811432;"DÉBORA PEDROSO MORAL QUEIROZ";"#NULO";"PODE";"FEMININO";"SUPERIOR COMPLETO";"SOLTEIRO(A)";"BRANCA";"ADVOGADO";"APTO";49353;1084;"SUPLENTE";90884,53;"OUTROS RECURSOS, FUNDO ESPECIAL";"Recursos próprios, Recursos de partido político, Recursos de Financiamento Coletivo";"N"
250000811402;"RICARDO HOLZ VIDAL DOS SANTOS";"#NULO";"PODE";"MASCULINO";"SUPERIOR COMPLETO";"SOLTEIRO(A)";"BRANCA";"EMPRESÁRIO";"APTO";2968153;4236;"SUPLENTE";195232;"OUTROS RECURSOS";"Recursos de pessoas físicas, Recursos de Financiamento Coletivo, Recursos próprios";"N"
250000811452;"RENATO PEREIRA DOS SANTOS";"#NULO";"PODE";"MASCULINO";"SUPERIOR COMPLETO";"SOLTEIRO(A)";"PRETA";"PROFESSOR DE ENSINO MÉDIO";"APTO";10000;2059;"SUPLENTE";13849;"OUTROS RECURSOS, FUNDO ESPECIAL";"Recursos de pessoas físicas, Recursos de partido político";"N"
250000811413;"MARCIA TAPIGLIANI BAPTISTA";"#NULO";"PODE";"FEMININO";"SUPERIOR COMPLETO";"DIVORCIADO(A)";"BRANCA";"MÉDICO";"APTO";518432,18;2043;"SUPLENTE";30144,3;"OUTROS RECURSOS, FUNDO ESPECIAL";"Recursos de pessoas físicas, Recursos próprios, Recursos de partido político";"N"
250000811415;"WASHINGTON JOSE DA CRUZ";"#NULO";"PODE";"MASCULINO";"ENSINO MÉDIO COMPLETO";"CASADO(A)";"BRANCA";"COMERCIANTE";"APTO";148597,75;1233;"SUPLENTE";10820;"OUTROS RECURSOS, FUNDO ESPECIAL, FUNDO PARTIDARIO";"Recursos de pessoas físicas, Recursos de partido político";"N"
250000811405;"EDMILSON OSORIO DOS SANTOS";"#NULO";"PODE";"MASCULINO";"SUPERIOR COMPLETO";"CASADO(A)";"BRANCA";"ADVOGADO";"APTO";7069,11;978;"SUPLENTE";14740;"OUTROS RECURSOS, FUNDO ESPECIAL";"Recursos de pessoas físicas, Recursos de partido político";"N"
250000811429;"LUCIANA STEAGALL DO VALLE";"#NULO";"PODE";"FEMININO";"SUPERIOR INCOMPLETO";"DIVORCIADO(A)";"BRANCA";"OUTROS";"APTO";NA;135;"SUPLENTE";7820;"FUNDO ESPECIAL";"Recursos de partido político";"N"
250000811408;"JANETE CAMARGO SOUTO";"#NULO";"PODE";"FEMININO";"SUPERIOR COMPLETO";"DIVORCIADO(A)";"BRANCA";"CORRETOR DE IMÓVEIS, SEGUROS, TÍTULOS E VALORES";"APTO";54318;495;"SUPLENTE";10320;"FUNDO ESPECIAL";"Recursos de partido político";"N"
250000811420;"SILMEIRE LUCOVEIC";"#NULO";"PODE";"FEMININO";"SUPERIOR COMPLETO";"SOLTEIRO(A)";"BRANCA";"ADMINISTRADOR";"APTO";2573000;230;"SUPLENTE";10320;"FUNDO ESPECIAL";"Recursos de partido político";"N"
250000811427;"MARCIO SERAPILLA BARBOSA";"#NULO";"PODE";"MASCULINO";"SUPERIOR INCOMPLETO";"DIVORCIADO(A)";"PARDA";"EMPRESÁRIO";"APTO";95638,07;361;"SUPLENTE";14129,01;"OUTROS RECURSOS, FUNDO ESPECIAL";"Recursos de pessoas físicas, Recursos próprios, Recursos de partido político";"N"
250000811385;"RENATA DE MORAIS PESSOA";"#NULO";"PODE";"FEMININO";"SUPERIOR COMPLETO";"SOLTEIRO(A)";"PARDA";"ASSISTENTE SOCIAL";"APTO";192000;678;"SUPLENTE";50840;"FUNDO ESPECIAL, OUTROS RECURSOS";"Recursos de partido político, Recursos de Financiamento Coletivo";"N"
250000811387;"JOSE SEVERINO DE SANTANA BARBOSA";"#NULO";"PODE";"MASCULINO";"ENSINO FUNDAMENTAL COMPLETO";"SOLTEIRO(A)";"PARDA";"OUTROS";"APTO";NA;1756;"SUPLENTE";12940;"FUNDO ESPECIAL";"Recursos de partido político";"N"
250000811416;"EWERTON DA SILVA CARVALHO";"#NULO";"PODE";"MASCULINO";"SUPERIOR COMPLETO";"SOLTEIRO(A)";"PRETA";"ADVOGADO";"APTO";NA;1559;"SUPLENTE";13275,34;"OUTROS RECURSOS, FUNDO ESPECIAL";"Recursos próprios, Recursos de pessoas físicas, Recursos de partido político";"N"
250000811451;"SERGIO AUGUSTO";"#NULO";"PODE";"MASCULINO";"ENSINO MÉDIO COMPLETO";"DIVORCIADO(A)";"PRETA";"SERVIDOR PÚBLICO MUNICIPAL";"APTO";215000;853;"SUPLENTE";12910;"FUNDO ESPECIAL";"Recursos de partido político";"N"
250000811377;"FRANCISCO JOSE CARVALHO";"#NULO";"PODE";"MASCULINO";"SUPERIOR COMPLETO";"CASADO(A)";"BRANCA";"ADVOGADO";"APTO";251928,21;1378;"SUPLENTE";7820;"OUTROS RECURSOS, FUNDO ESPECIAL";"Recursos próprios, Recursos de partido político, Recursos de pessoas físicas";"N"
250000811396;"DANILO SILVEIRA MANHA";"#NULO";"PODE";"MASCULINO";"SUPERIOR COMPLETO";"CASADO(A)";"BRANCA";"JORNALISTA E REDATOR";"APTO";699246,83;812;"SUPLENTE";82910;"OUTROS RECURSOS, FUNDO ESPECIAL";"Recursos de partido político";"N"
250000811388;"ELI CORREIA DE MELO";"#NULO";"PODE";"MASCULINO";"SUPERIOR COMPLETO";"CASADO(A)";"BRANCA";"ADVOGADO";"APTO";205541,34;581;"SUPLENTE";7865;"OUTROS RECURSOS, FUNDO ESPECIAL";"Recursos de pessoas físicas, Recursos próprios, Recursos de partido político";"N"
250000811392;"VALDECIR APARECIDO DO NASCIMENTO";"#NULO";"PODE";"MASCULINO";"SUPERIOR COMPLETO";"DIVORCIADO(A)";"PARDA";"SERVIDOR PÚBLICO ESTADUAL";"APTO";57500;5589;"SUPLENTE";136950;"OUTROS RECURSOS, FUNDO ESPECIAL";"Recursos próprios, Recursos de pessoas físicas, Recursos de partido político";"N"
250001041954;"MARTA ELISABETH NIXDORF";"#NULO";"PRTB";"FEMININO";"SUPERIOR COMPLETO";"CASADO(A)";"BRANCA";"JORNALISTA E REDATOR";"APTO";454184,39;133;"NÃO ELEITO";27000;"OUTROS RECURSOS";"Recursos próprios";"N"
250001041977;"MATHEUS DE NOVAIS PEREIRA";"#NULO";"PRTB";"MASCULINO";"ENSINO MÉDIO COMPLETO";"CASADO(A)";"BRANCA";"AUXILIAR DE ESCRITÓRIO E ASSEMELHADOS";"APTO";NA;135;"NÃO ELEITO";240;"OUTROS RECURSOS";"Recursos próprios";"N"
250001041969;"CARLOS RIBEIRO LOPES";"#NULO";"PRTB";"MASCULINO";"ENSINO MÉDIO COMPLETO";"SOLTEIRO(A)";"BRANCA";"SACERDOTE OU MEMBRO DE ORDEM OU SEITA RELIGIOSA";"APTO";830000;10;"NÃO ELEITO";0;"#NULO";"#NULO";"N"
250001041987;"ANETE MARIA PIZZIMENTI";"#NULO";"PRTB";"FEMININO";"SUPERIOR COMPLETO";"CASADO(A)";"BRANCA";"ADVOGADO";"APTO";162629,26;497;"NÃO ELEITO";2341,5;"OUTROS RECURSOS";"Recursos de Financiamento Coletivo, Recursos de partido político, Recursos de pessoas físicas";"N"
250001041962;"FLAVIO RICARDO BEALL";"#NULO";"PRTB";"MASCULINO";"SUPERIOR COMPLETO";"SOLTEIRO(A)";"BRANCA";"ADMINISTRADOR";"APTO";1443016,3;889;"NÃO ELEITO";5000;"OUTROS RECURSOS";"Recursos de pessoas físicas";"N"
250001220022;"JULIO CÉSAR XAVIER E SILVA";"#NULO";"PV";"MASCULINO";"SUPERIOR INCOMPLETO";"DIVORCIADO(A)";"BRANCA";"TAXISTA";"APTO";40000;471;"SUPLENTE";0;"#NULO";"#NULO";"N"
250000706724;"AILTON SIMÕES FERREIRA";"#NULO";"PV";"MASCULINO";"ENSINO FUNDAMENTAL COMPLETO";"CASADO(A)";"BRANCA";"CABELEIREIRO E BARBEIRO";"APTO";NA;157;"SUPLENTE";0;"#NULO";"#NULO";"N"
250000706728;"ANDRÉ ROZA DA CONCEIÇÃO";"#NULO";"PV";"MASCULINO";"ENSINO MÉDIO COMPLETO";"CASADO(A)";"PARDA";"COMERCIANTE";"APTO";244552;919;"SUPLENTE";5000;"FUNDO ESPECIAL";"Recursos de partido político";"N"
250000706692;"PASCOAL LEAL DE PAULA";"#NULO";"PV";"MASCULINO";"ENSINO MÉDIO COMPLETO";"SEPARADO(A) JUDICIALMENTE";"BRANCA";"EMPRESÁRIO";"APTO";NA;201;"SUPLENTE";3000;"FUNDO ESPECIAL";"Recursos de partido político";"N"
250000706707;"BRENO SILVA COSTA";"#NULO";"PV";"MASCULINO";"SUPERIOR COMPLETO";"SOLTEIRO(A)";"PARDA";"PROFESSOR DE ENSINO MÉDIO";"APTO";82500;778;"SUPLENTE";5000;"FUNDO ESPECIAL";"Recursos de partido político";"N"
250000706727;"BRUNO FRANCHI THEOPHILO";"#NULO";"PV";"MASCULINO";"SUPERIOR COMPLETO";"CASADO(A)";"BRANCA";"ADVOGADO";"APTO";18722;283;"SUPLENTE";0;"#NULO";"#NULO";"N"
250000706762;"LEANDRO SILVA BATISTA";"#NULO";"PV";"MASCULINO";"SUPERIOR COMPLETO";"CASADO(A)";"PARDA";"JORNALISTA E REDATOR";"APTO";250909,9;2180;"SUPLENTE";32000;"OUTROS RECURSOS, FUNDO ESPECIAL";"Recursos próprios, Recursos de pessoas físicas, Recursos de partido político";"N"
250000706695;"ANTONIA GEIZA CHAVES DE AQUINO";"#NULO";"PV";"FEMININO";"SUPERIOR COMPLETO";"DIVORCIADO(A)";"BRANCA";"OUTROS";"APTO";28866;87;"SUPLENTE";5000;"FUNDO ESPECIAL";"Recursos de partido político";"N"
250000883866;"ELIANE ANDRADE ALVES";"#NULO";"REPUBLICANOS";"FEMININO";"SUPERIOR INCOMPLETO";"CASADO(A)";"BRANCA";"CORRETOR DE IMÓVEIS, SEGUROS, TÍTULOS E VALORES";"APTO";NA;545;"SUPLENTE";7217,38;"FUNDO ESPECIAL";"Recursos de partido político";"N"
250000925969;"JUAREZ DOMINGOS COSTA";"#NULO";"PSC";"MASCULINO";"ENSINO MÉDIO COMPLETO";"CASADO(A)";"PARDA";"OUTROS";"APTO";NA;780;"SUPLENTE";13495;"OUTROS RECURSOS, FUNDO ESPECIAL";"Recursos de pessoas físicas, Recursos de partido político";"N"
250000925943;"MARCOS EUGENIO DOS SANTOS";"#NULO";"PSC";"MASCULINO";"ENSINO MÉDIO COMPLETO";"DIVORCIADO(A)";"PARDA";"FUNILEIRO";"APTO";NA;273;"SUPLENTE";7495;"FUNDO ESPECIAL";"Recursos de partido político";"N"
250000883897;"MARLI HIGINA DA SILVA";"#NULO";"REPUBLICANOS";"FEMININO";"ENSINO MÉDIO COMPLETO";"DIVORCIADO(A)";"PARDA";"VENDEDOR DE COMÉRCIO VAREJISTA E ATACADISTA";"APTO";NA;556;"SUPLENTE";12301,47;"FUNDO ESPECIAL";"Recursos de partido político";"N"
250000925956;"LUCIANO MOURA DA SILVA";"#NULO";"PSC";"MASCULINO";"ENSINO MÉDIO COMPLETO";"SOLTEIRO(A)";"PARDA";"OUTROS";"APTO";NA;30;"SUPLENTE";7495;"FUNDO ESPECIAL";"Recursos de partido político";"N"
250000925984;"SIDNEI GOMES DA SILVA PAULO";"#NULO";"PSC";"MASCULINO";"ENSINO MÉDIO COMPLETO";"DIVORCIADO(A)";"BRANCA";"POLICIAL MILITAR";"APTO";NA;621;"SUPLENTE";15965;"OUTROS RECURSOS, FUNDO ESPECIAL";"Recursos de pessoas físicas, Recursos de partido político";"N"
250000925986;"VALÉRIA APARECIDO HIDALGO ITRI";"#NULO";"PSC";"FEMININO";"SUPERIOR COMPLETO";"DIVORCIADO(A)";"BRANCA";"EMPRESÁRIO";"APTO";NA;161;"SUPLENTE";15120;"FUNDO ESPECIAL";"Recursos de partido político";"N"
250000925923;"GERSON ARAGÃO BENTES";"#NULO";"PSC";"MASCULINO";"ENSINO FUNDAMENTAL COMPLETO";"CASADO(A)";"BRANCA";"TAXISTA";"APTO";30000;360;"SUPLENTE";9495;"FUNDO ESPECIAL";"Recursos de partido político";"N"
250000883827;"CAIQUE MAFRA BARBOSA";"#NULO";"REPUBLICANOS";"MASCULINO";"SUPERIOR INCOMPLETO";"SOLTEIRO(A)";"BRANCA";"OUTROS";"APTO";NA;11519;"SUPLENTE";77890;"OUTROS RECURSOS, FUNDO ESPECIAL";"Recursos de pessoas físicas, Recursos de partido político, Recursos de Financiamento Coletivo";"N"
250000883858;"PATRICIA REGINA ALONSO";"#NULO";"REPUBLICANOS";"FEMININO";"SUPERIOR COMPLETO";"DIVORCIADO(A)";"BRANCA";"ADVOGADO";"APTO";55464,55;2359;"SUPLENTE";131742,48;"FUNDO ESPECIAL";"Recursos de partido político";"N"
250000925933;"DANIEL DE ANDRADE VIEIRA";"#NULO";"PSC";"MASCULINO";"SUPERIOR COMPLETO";"SOLTEIRO(A)";"PARDA";"ADVOGADO";"APTO";24527;1566;"SUPLENTE";20550;"OUTROS RECURSOS, FUNDO ESPECIAL";"Recursos de pessoas físicas, Recursos de partido político";"N"
250000883851;"ATILIO FRANCISCO DA SILVA";"#NULO";"REPUBLICANOS";"MASCULINO";"SUPERIOR COMPLETO";"CASADO(A)";"BRANCA";"VEREADOR";"APTO";520149,77;35345;"ELEITO POR QP";279546,92;"OUTROS RECURSOS, FUNDO ESPECIAL";"Recursos de pessoas físicas, Recursos próprios, Recursos de partido político";"N"
250000883875;"VILMA MARTINS DE OLIVEIRA";"#NULO";"REPUBLICANOS";"FEMININO";"SUPERIOR COMPLETO";"CASADO(A)";"PRETA";"COZINHEIRO";"APTO";NA;201;"SUPLENTE";12422,75;"FUNDO ESPECIAL";"Recursos de partido político";"N"
250000883871;"EDSON COQUEIRO FILHO";"#NULO";"REPUBLICANOS";"MASCULINO";"SUPERIOR COMPLETO";"CASADO(A)";"BRANCA";"EMPRESÁRIO";"APTO";254065;2097;"SUPLENTE";72917,8;"FUNDO ESPECIAL, OUTROS RECURSOS";"Recursos de partido político, Recursos próprios, Recursos de pessoas físicas";"N"
250000883895;"JOANADAQUE MARIA SANTOS DA SILVA";"#NULO";"REPUBLICANOS";"FEMININO";"ENSINO MÉDIO COMPLETO";"CASADO(A)";"PARDA";"OUTROS";"APTO";NA;832;"SUPLENTE";32780;"FUNDO ESPECIAL";"Recursos de partido político";"N"
250000883861;"EDIR ROCHA";"#NULO";"REPUBLICANOS";"MASCULINO";"SUPERIOR INCOMPLETO";"SOLTEIRO(A)";"PARDA";"GERENTE";"APTO";204566,04;1777;"SUPLENTE";18832,21;"OUTROS RECURSOS, FUNDO ESPECIAL";"Recursos de pessoas físicas, Recursos de partido político";"N"
250000925981;"MARISTELA TRINDADE";"#NULO";"PSC";"FEMININO";"SUPERIOR COMPLETO";"SOLTEIRO(A)";"BRANCA";"DONA DE CASA";"APTO";75097;408;"SUPLENTE";22120;"FUNDO ESPECIAL";"Recursos de partido político";"N"
250000925976;"JOÃO FERREIRA DOS SANTOS";"#NULO";"PSC";"MASCULINO";"SUPERIOR COMPLETO";"CASADO(A)";"BRANCA";"OUTROS";"APTO";NA;88;"SUPLENTE";9495;"FUNDO ESPECIAL";"Recursos de partido político";"N"
250000883855;"ANDREA DAS NEVES NERI DE SANTANA";"#NULO";"REPUBLICANOS";"FEMININO";"SUPERIOR COMPLETO";"SOLTEIRO(A)";"PRETA";"ADVOGADO";"APTO";72249,67;10213;"SUPLENTE";106049,79;"OUTROS RECURSOS, FUNDO ESPECIAL";"Recursos próprios, Recursos de partido político, Recursos de pessoas físicas";"N"
250000883848;"FRANCISCO CLAUDINO FILHO";"#NULO";"REPUBLICANOS";"MASCULINO";"SUPERIOR COMPLETO";"CASADO(A)";"BRANCA";"OUTROS";"APTO";55507,07;792;"SUPLENTE";15627,48;"OUTROS RECURSOS, FUNDO ESPECIAL";"Recursos de pessoas físicas, Recursos próprios, Recursos de partido político";"N"
250000883872;"FABIO DE VASCONCELOS LIMA";"#NULO";"REPUBLICANOS";"MASCULINO";"SUPERIOR INCOMPLETO";"CASADO(A)";"BRANCA";"OUTROS";"APTO";NA;769;"SUPLENTE";2197,48;"FUNDO ESPECIAL";"Recursos de partido político";"N"
250001016163;"MARCO ANTONIO DE OLIVEIRA SÁ";"#NULO";"PSD";"MASCULINO";"SUPERIOR COMPLETO";"SOLTEIRO(A)";"BRANCA";"EMPRESÁRIO";"APTO";812000;222;"SUPLENTE";13521,74;"FUNDO ESPECIAL";"Recursos de partido político";"N"
250001016170;"MIRIAM DE SOUZA";"#NULO";"PSD";"FEMININO";"SUPERIOR COMPLETO";"SOLTEIRO(A)";"BRANCA";"PRODUTOR DE ESPETÁCULOS PÚBLICOS";"APTO";NA;93;"SUPLENTE";35021,74;"FUNDO ESPECIAL";"Recursos de partido político";"N"
250001016180;"MARIA DEL CARMEN CARBALLEDA ADSUARA";"#NULO";"PSD";"FEMININO";"SUPERIOR COMPLETO";"DIVORCIADO(A)";"BRANCA";"ARQUITETO";"APTO";172323,48;229;"SUPLENTE";25021,74;"FUNDO ESPECIAL";"Recursos de partido político";"N"
250001016136;"EDIR SALES";"#NULO";"PSD";"FEMININO";"SUPERIOR COMPLETO";"DIVORCIADO(A)";"BRANCA";"VEREADOR";"APTO";1492806,29;23106;"ELEITO POR MÉDIA";900171,74;"OUTROS RECURSOS, FUNDO ESPECIAL";"Recursos de pessoas físicas, Recursos de partido político, Recursos próprios";"S"
250001016156;"EDNEY ARDANUY VASSALO";"#NULO";"PSD";"MASCULINO";"SUPERIOR INCOMPLETO";"CASADO(A)";"BRANCA";"EMPRESÁRIO";"APTO";10000;211;"SUPLENTE";13761,74;"OUTROS RECURSOS, FUNDO PARTIDARIO";"Recursos de pessoas físicas, Recursos de partido político";"N"
250000641009;"MARILSON FÉLIX PEREIRA";"#NULO";"PL";"MASCULINO";"ENSINO FUNDAMENTAL INCOMPLETO";"DIVORCIADO(A)";"BRANCA";"EMPRESÁRIO";"APTO";107300;198;"SUPLENTE";12800;"FUNDO PARTIDARIO, FUNDO ESPECIAL";"Recursos de partido político";"N"
250000641004;"JUSEMARA DE OLIVEIRA";"#NULO";"PL";"FEMININO";"ENSINO FUNDAMENTAL COMPLETO";"SOLTEIRO(A)";"BRANCA";"POLICIAL CIVIL";"APTO";2007;108;"SUPLENTE";22800;"FUNDO PARTIDARIO";"Recursos de partido político";"N"
250000641027;"ROBERTO DOS SANTOS";"#NULO";"PL";"MASCULINO";"ENSINO FUNDAMENTAL COMPLETO";"CASADO(A)";"BRANCA";"SECURITÁRIO";"APTO";33747;235;"SUPLENTE";12800;"FUNDO PARTIDARIO, FUNDO ESPECIAL";"Recursos de partido político";"N"
250000640986;"ANA PAULA DE SABOIA QUEIROZ";"#NULO";"PL";"FEMININO";"SUPERIOR COMPLETO";"CASADO(A)";"PARDA";"PEDAGOGO";"APTO";375615,5;684;"SUPLENTE";22680;"FUNDO PARTIDARIO, OUTROS RECURSOS, FUNDO ESPECIAL";"Recursos de partido político, Recursos próprios, Recursos de pessoas físicas";"N"
250000641002;"JEAN FERREIRA CAMPOS";"#NULO";"PL";"MASCULINO";"ENSINO MÉDIO INCOMPLETO";"CASADO(A)";"PRETA";"PADEIRO, CONFEITEIRO E ASSEMELHADOS";"APTO";17300;476;"SUPLENTE";12800;"FUNDO PARTIDARIO, FUNDO ESPECIAL";"Recursos de partido político";"N"
250000640983;"EVERTON FERREIRA DE SOUSA SANTOS";"#NULO";"PL";"MASCULINO";"ENSINO MÉDIO COMPLETO";"CASADO(A)";"PARDA";"BOMBEIRO CIVIL";"APTO";20000;1731;"SUPLENTE";13800;"FUNDO ESPECIAL, OUTROS RECURSOS, FUNDO PARTIDARIO";"Recursos de partido político, Recursos de pessoas físicas";"N"
250000641031;"NOEMI PEREIRA NONATO";"#NULO";"PL";"FEMININO";"ENSINO FUNDAMENTAL INCOMPLETO";"DIVORCIADO(A)";"BRANCA";"VEREADOR";"APTO";768030;18907;"SUPLENTE";459710;"FUNDO PARTIDARIO, FUNDO ESPECIAL, OUTROS RECURSOS";"Recursos de partido político, Recursos de pessoas físicas, Recursos próprios";"N"
250000641007;"LUCIANA MARIA DA SILVA";"#NULO";"PL";"FEMININO";"ENSINO MÉDIO COMPLETO";"SOLTEIRO(A)";"BRANCA";"DONA DE CASA";"APTO";NA;276;"SUPLENTE";12800;"FUNDO PARTIDARIO";"Recursos de partido político";"N"
250000640987;"CARLOS ANDRÉ DA SILVA";"#NULO";"PL";"MASCULINO";"ENSINO MÉDIO INCOMPLETO";"CASADO(A)";"PRETA";"OUTROS";"APTO";15370;175;"SUPLENTE";14300;"OUTROS RECURSOS, FUNDO ESPECIAL, FUNDO PARTIDARIO";"Recursos de pessoas físicas, Recursos de partido político";"N"
250000640976;"IVETA DE SOUZA ALVES";"#NULO";"PL";"FEMININO";"ENSINO MÉDIO COMPLETO";"CASADO(A)";"BRANCA";"EMPRESÁRIO";"APTO";512;79;"SUPLENTE";13300;"FUNDO PARTIDARIO, OUTROS RECURSOS";"Recursos de partido político, Recursos de pessoas físicas";"N"
250000641039;"JOSÉ VANDERLEI DE OLIVEIRA";"#NULO";"PL";"MASCULINO";"SUPERIOR COMPLETO";"CASADO(A)";"BRANCA";"EMPRESÁRIO";"APTO";597722;435;"SUPLENTE";13800;"OUTROS RECURSOS, FUNDO PARTIDARIO, FUNDO ESPECIAL";"Recursos de pessoas físicas, Recursos de partido político";"N"
250000641032;"LUCAS DA SILVA WRIGG";"#NULO";"PL";"MASCULINO";"SUPERIOR COMPLETO";"SOLTEIRO(A)";"BRANCA";"RELAÇÕES-PÚBLICAS";"APTO";128577,45;990;"SUPLENTE";13334,5;"FUNDO PARTIDARIO, OUTROS RECURSOS, FUNDO ESPECIAL";"Recursos de partido político, Recursos de pessoas físicas, Recursos próprios";"N"
250000641044;"SEVERINO DOS RAMOS PEREIRA CAMPOS";"#NULO";"PL";"MASCULINO";"SUPERIOR COMPLETO";"CASADO(A)";"PARDA";"APOSENTADO (EXCETO SERVIDOR PÚBLICO)";"APTO";58000;2268;"SUPLENTE";47600;"OUTROS RECURSOS, FUNDO ESPECIAL, FUNDO PARTIDARIO";"Recursos de pessoas físicas, Recursos de partido político";"N"
250001159200;"FERNANDA TORRES ARAUJO";"#NULO";"PROS";"FEMININO";"SUPERIOR COMPLETO";"CASADO(A)";"BRANCA";"ADVOGADO";"APTO";229990;1151;"NÃO ELEITO";54276,7;"FUNDO PARTIDARIO, FUNDO ESPECIAL, OUTROS RECURSOS";"Recursos de partido político, Recursos de pessoas físicas, Recursos de outros candidatos";"N"
250001159229;"CELSO HENRIQUES DE PAULA";"#NULO";"PROS";"MASCULINO";"SUPERIOR COMPLETO";"SOLTEIRO(A)";"BRANCA";"ADMINISTRADOR";"APTO";53822,13;244;"NÃO ELEITO";11276,7;"FUNDO PARTIDARIO, FUNDO ESPECIAL, OUTROS RECURSOS";"Recursos de partido político, Recursos de outros candidatos";"N"
250001159218;"JOÃO FRANCO DE OLIVEIRA";"#NULO";"PROS";"MASCULINO";"ENSINO FUNDAMENTAL COMPLETO";"SOLTEIRO(A)";"BRANCA";"EMPRESÁRIO";"APTO";34862,67;732;"NÃO ELEITO";7276,7;"OUTROS RECURSOS, FUNDO PARTIDARIO, FUNDO ESPECIAL";"Recursos de outros candidatos, Recursos de partido político";"N"
250001159241;"SIMONE DE CASTRO MELO";"#NULO";"PROS";"FEMININO";"SUPERIOR COMPLETO";"DIVORCIADO(A)";"BRANCA";"OUTROS";"APTO";NA;173;"NÃO ELEITO";7276,7;"OUTROS RECURSOS, FUNDO PARTIDARIO, FUNDO ESPECIAL";"Recursos de outros candidatos, Recursos de partido político";"N"
250001159224;"AGILDO FAUSTINO DOS SANTOS JUNIOR";"#NULO";"PROS";"MASCULINO";"ENSINO MÉDIO INCOMPLETO";"CASADO(A)";"BRANCA";"MOTORISTA PARTICULAR";"APTO";NA;3014;"NÃO ELEITO";10188;"FUNDO ESPECIAL, FUNDO PARTIDARIO";"Recursos de partido político";"N"
250000945020;"RINALDO FELIX DA COSTA";"#NULO";"CIDADANIA";"MASCULINO";"SUPERIOR COMPLETO";"SOLTEIRO(A)";"BRANCA";"ADMINISTRADOR";"APTO";70000;266;"NÃO ELEITO";7238,16;"OUTROS RECURSOS, FUNDO ESPECIAL";"Recursos próprios, Recursos de partido político, Recursos de pessoas físicas";"N"
250000944977;"ISAIAS JOSÉ SOARES";"#NULO";"CIDADANIA";"MASCULINO";"ENSINO FUNDAMENTAL COMPLETO";"DIVORCIADO(A)";"PARDA";"OUTROS";"APTO";NA;24;"NÃO ELEITO";2138,16;"OUTROS RECURSOS";"Recursos de partido político";"N"
250000944978;"ADRIANA MARIA DA SILVA";"#NULO";"CIDADANIA";"FEMININO";"ENSINO MÉDIO COMPLETO";"DIVORCIADO(A)";"PRETA";"COMERCIANTE";"APTO";161092,15;1268;"NÃO ELEITO";180;"OUTROS RECURSOS";"Recursos de pessoas físicas";"N"
250001206050;"TARCISIO ALVES DOS SANTOS";"#NULO";"AVANTE";"MASCULINO";"ENSINO MÉDIO INCOMPLETO";"SOLTEIRO(A)";"PARDA";"VIGILANTE";"APTO";NA;979;"NÃO ELEITO";0;"#NULO";"#NULO";"N"
250001206065;"GILBERTO MACHADO DE OLIVEIRA MARQUES";"#NULO";"AVANTE";"MASCULINO";"ENSINO MÉDIO COMPLETO";"SOLTEIRO(A)";"PARDA";"POLICIAL MILITAR";"APTO";26800,12;721;"NÃO ELEITO";0;"#NULO";"#NULO";"N"
250001206079;"IVAIR DOS SANTOS MORO";"#NULO";"AVANTE";"MASCULINO";"SUPERIOR INCOMPLETO";"CASADO(A)";"PARDA";"SERVIDOR PÚBLICO MUNICIPAL";"APTO";NA;249;"NÃO ELEITO";0;"#NULO";"#NULO";"N"
250001206046;"FRANCISCO CARLOS LIMA DOS SANTOS";"#NULO";"AVANTE";"MASCULINO";"SUPERIOR COMPLETO";"DIVORCIADO(A)";"BRANCA";"MILITAR REFORMADO";"APTO";372297,54;190;"NÃO ELEITO";0;"#NULO";"#NULO";"N"
250001206030;"WALDEMIR MARCONDES LUZ";"#NULO";"AVANTE";"MASCULINO";"ENSINO FUNDAMENTAL INCOMPLETO";"CASADO(A)";"PRETA";"OUTROS";"APTO";NA;376;"NÃO ELEITO";0;"#NULO";"#NULO";"N"
250001206095;"RICARDO CORDEIRO GALINDO";"#NULO";"AVANTE";"MASCULINO";"ENSINO MÉDIO COMPLETO";"SOLTEIRO(A)";"BRANCA";"MOTORISTA DE VEÍCULOS DE TRANSPORTE COLETIVO DE PASSAGEIROS";"APTO";NA;716;"NÃO ELEITO";0;"#NULO";"#NULO";"N"
250001206073;"WILSON ALVES DA SILVA JUNIOR";"#NULO";"AVANTE";"MASCULINO";"ENSINO MÉDIO COMPLETO";"SOLTEIRO(A)";"PARDA";"OUTROS";"APTO";NA;621;"NÃO ELEITO";0;"#NULO";"#NULO";"N"
250001206039;"MARIA DAS GRAÇAS DA SILVA LOPES";"#NULO";"AVANTE";"FEMININO";"SUPERIOR COMPLETO";"CASADO(A)";"BRANCA";"OUTROS";"APTO";NA;269;"NÃO ELEITO";3000;"FUNDO ESPECIAL";"Recursos de partido político";"N"
250001206105;"RICARDO BORGES DE OLIVEIRA";"#NULO";"AVANTE";"MASCULINO";"SUPERIOR COMPLETO";"CASADO(A)";"PRETA";"EMPRESÁRIO";"APTO";NA;367;"NÃO ELEITO";0;"#NULO";"#NULO";"N"
250001206075;"MARCOS PAULO CABRAL DE LIMA";"#NULO";"AVANTE";"MASCULINO";"ENSINO FUNDAMENTAL COMPLETO";"VIÚVO(A)";"BRANCA";"COMERCIANTE";"APTO";NA;417;"NÃO ELEITO";0;"#NULO";"#NULO";"N"
250001206093;"REINALDO FERREIRA DE SOUZA";"#NULO";"AVANTE";"MASCULINO";"ENSINO MÉDIO COMPLETO";"SOLTEIRO(A)";"BRANCA";"MOTORISTA DE VEÍCULOS DE TRANSPORTE COLETIVO DE PASSAGEIROS";"APTO";NA;295;"NÃO ELEITO";0;"#NULO";"#NULO";"N"
250001119922;"MARCOS JESUS DOS SANTOS";"#NULO";"PDT";"MASCULINO";"ENSINO MÉDIO COMPLETO";"SOLTEIRO(A)";"PRETA";"OUTROS";"APTO";4736,9;1533;"NÃO ELEITO";24705;"OUTROS RECURSOS, FUNDO ESPECIAL";"Recursos de pessoas físicas, Recursos próprios, Recursos de Financiamento Coletivo, Recursos de partido político, Recursos de outros candidatos";"N"
250001119881;"CLAUDIO HOMEM DA SILVA";"#NULO";"PDT";"MASCULINO";"SUPERIOR INCOMPLETO";"SOLTEIRO(A)";"PARDA";"OUTROS";"APTO";2896;159;"NÃO ELEITO";6495,57;"FUNDO ESPECIAL";"Recursos de outros candidatos, Recursos de partido político";"N"
250001119864;"JOSÉ SEBASTIÃO FILHO";"#NULO";"PDT";"MASCULINO";"SUPERIOR COMPLETO";"DIVORCIADO(A)";"BRANCA";"ECONOMISTA";"APTO";12000;113;"NÃO ELEITO";5995,57;"FUNDO ESPECIAL";"Recursos de outros candidatos, Recursos de partido político";"N"
250001119912;"WESLEY SILVESTRE ROSA";"#NULO";"PDT";"MASCULINO";"ENSINO MÉDIO COMPLETO";"SOLTEIRO(A)";"PRETA";"CABELEIREIRO E BARBEIRO";"APTO";NA;3698;"NÃO ELEITO";12495,57;"FUNDO ESPECIAL, OUTROS RECURSOS";"Recursos de partido político, Recursos de outros candidatos, Recursos de pessoas físicas";"N"
250001100725;"GENILDO RODRIGUES CASTRO";"#NULO";"PMB";"MASCULINO";"SUPERIOR COMPLETO";"CASADO(A)";"PARDA";"VENDEDOR DE COMÉRCIO VAREJISTA E ATACADISTA";"APTO";211816,27;1055;"NÃO ELEITO";2620;"OUTROS RECURSOS";"Recursos de pessoas físicas";"N"
250001100741;"JOSEANE OLIVEIRA SANTOS";"#NULO";"PMB";"FEMININO";"ENSINO MÉDIO COMPLETO";"CASADO(A)";"PARDA";"COMERCIANTE";"APTO";NA;438;"NÃO ELEITO";0;"#NULO";"#NULO";"N"
250001100744;"KATIANE DA COSTA PEREIRA";"#NULO";"PMB";"FEMININO";"SUPERIOR COMPLETO";"SOLTEIRO(A)";"BRANCA";"ADMINISTRADOR";"APTO";20000;386;"NÃO ELEITO";0;"#NULO";"#NULO";"N"
250001100726;"PEDRO FELIX DE BRITO";"#NULO";"PMB";"MASCULINO";"ENSINO FUNDAMENTAL INCOMPLETO";"CASADO(A)";"BRANCA";"CARPINTEIRO, MARCENEIRO E ASSEMELHADOS";"APTO";NA;289;"NÃO ELEITO";0;"#NULO";"#NULO";"N"
250001100732;"ANDREZA TANIMOTO GONÇALO";"#NULO";"PMB";"FEMININO";"ENSINO MÉDIO COMPLETO";"CASADO(A)";"AMARELA";"OUTROS";"APTO";NA;30;"NÃO ELEITO";NA;NA;NA;"N"
250000789501;"MARCOS ALEXANDRE ALVES JUNIOR";"#NULO";"PT";"MASCULINO";"ENSINO MÉDIO COMPLETO";"SOLTEIRO(A)";"PRETA";"AUXILIAR DE ESCRITÓRIO E ASSEMELHADOS";"APTO";NA;183;"SUPLENTE";13363,05;"FUNDO ESPECIAL";"Recursos de partido político, Recursos de outros candidatos";"N"
250000789497;"JARRIE BARBOSA SANTOS";"#NULO";"PT";"MASCULINO";"SUPERIOR COMPLETO";"CASADO(A)";"PARDA";"OUTROS";"APTO";NA;692;"SUPLENTE";14973,5;"FUNDO ESPECIAL, OUTROS RECURSOS";"Recursos de partido político, Recursos de outros candidatos, Recursos de pessoas físicas";"N"
250000789491;"ALESSANDRO DE OLIVEIRA SOARES";"#NULO";"PT";"MASCULINO";"SUPERIOR COMPLETO";"SOLTEIRO(A)";"PARDA";"ADVOGADO";"APTO";260498,68;2587;"SUPLENTE";47988,5;"OUTROS RECURSOS, FUNDO ESPECIAL";"Recursos de pessoas físicas, Recursos de partido político, Recursos de outros candidatos, Recursos de Financiamento Coletivo, Recursos próprios";"N"
250000789466;"RICARDO FREITAS DOS SANTOS";"#NULO";"PT";"MASCULINO";"ENSINO FUNDAMENTAL COMPLETO";"CASADO(A)";"BRANCA";"MOTORISTA DE VEÍCULOS DE TRANSPORTE COLETIVO DE PASSAGEIROS";"APTO";NA;238;"SUPLENTE";6563,05;"FUNDO ESPECIAL";"Recursos de partido político, Recursos de outros candidatos";"N"
250000789453;"MARCOS ANTONIO VIEIRA DE MEDEIROS";"#NULO";"PT";"MASCULINO";"ENSINO MÉDIO COMPLETO";"CASADO(A)";"PRETA";"OUTROS";"APTO";NA;160;"SUPLENTE";13363,05;"FUNDO ESPECIAL";"Recursos de partido político, Recursos de outros candidatos";"N"
250000789482;"SEBASTIÃO NICOMEDES DE OLIVEIRA";"#NULO";"PT";"MASCULINO";"ENSINO MÉDIO COMPLETO";"SOLTEIRO(A)";"PRETA";"ARTESÃO";"APTO";NA;250;"SUPLENTE";35598,5;"FUNDO ESPECIAL";"Recursos de outros candidatos, Recursos de partido político";"N"
250000789468;"MESSIAS PEREIRA DA SILVA";"#NULO";"PT";"MASCULINO";"ENSINO MÉDIO COMPLETO";"SOLTEIRO(A)";"PARDA";"OUTROS";"APTO";NA;900;"SUPLENTE";13373,5;"FUNDO ESPECIAL";"Recursos de outros candidatos, Recursos de partido político";"N"
250000789503;"ANTONIO DONATO MADORMO";"#NULO";"PT";"MASCULINO";"SUPERIOR COMPLETO";"CASADO(A)";"BRANCA";"VEREADOR";"APTO";1250940,74;31920;"ELEITO POR QP";709115,41;"OUTROS RECURSOS, FUNDO ESPECIAL";"Recursos de pessoas físicas, Recursos de Financiamento Coletivo, Recursos de outros candidatos, Recursos próprios, Recursos de partido político";"N"
250000789449;"COSME CAMPOS DIAS";"#NULO";"PT";"MASCULINO";"ENSINO MÉDIO COMPLETO";"CASADO(A)";"BRANCA";"OUTROS";"APTO";3e+05;243;"SUPLENTE";9386,4;"FUNDO ESPECIAL, OUTROS RECURSOS";"Recursos de partido político, Recursos próprios, Recursos de outros candidatos";"N"
250000789499;"ESTELITA BORGES DOS SANTOS";"#NULO";"PT";"FEMININO";"SUPERIOR COMPLETO";"SOLTEIRO(A)";"BRANCA";"PROFESSOR DE ENSINO MÉDIO";"APTO";31230;333;"SUPLENTE";18373,5;"FUNDO ESPECIAL";"Recursos de outros candidatos, Recursos de partido político";"N"
250001129679;"JHONATAN ANGELO AURICHI FERREIRA DE SOUZA";"#NULO";"DC";"MASCULINO";"ENSINO MÉDIO COMPLETO";"SOLTEIRO(A)";"BRANCA";"OUTROS";"APTO";NA;200;"NÃO ELEITO";3872,1;"FUNDO ESPECIAL";"Recursos de partido político";"N"
250001088398;"PAULO ROBERTO DOS ANJOS";"#NULO";"MDB";"MASCULINO";"SUPERIOR COMPLETO";"CASADO(A)";"PARDA";"VIGILANTE";"APTO";NA;126;"SUPLENTE";0;"#NULO";"#NULO";"N"
250001088437;"SERGIO FERREIRA LIMA";"#NULO";"MDB";"MASCULINO";"ENSINO MÉDIO COMPLETO";"SOLTEIRO(A)";"BRANCA";"EMPRESÁRIO";"APTO";15700;414;"SUPLENTE";2690,2;"OUTROS RECURSOS";"Recursos próprios";"N"
250001088413;"ADRIA GIACCHERI";"#NULO";"MDB";"FEMININO";"SUPERIOR COMPLETO";"SOLTEIRO(A)";"BRANCA";"ARQUITETO";"APTO";328927,86;733;"SUPLENTE";34000;"OUTROS RECURSOS, FUNDO ESPECIAL";"Recursos de pessoas físicas, Recursos de partido político";"N"
250001088461;"ANDREA DE PAULA SANTOS";"#NULO";"MDB";"FEMININO";"SUPERIOR COMPLETO";"CASADO(A)";"PRETA";"ADVOGADO";"APTO";60500,95;798;"SUPLENTE";25065;"FUNDO ESPECIAL, OUTROS RECURSOS";"Recursos de partido político, Recursos próprios";"N"
250001088394;"FRANCISCO NUNES SOBRINHO";"#NULO";"MDB";"MASCULINO";"SUPERIOR COMPLETO";"CASADO(A)";"BRANCA";"EMPRESÁRIO";"APTO";182090,66;9435;"SUPLENTE";19500;"OUTROS RECURSOS";"Recursos próprios, Recursos de pessoas físicas";"N"
250001088435;"NESTOR BERTOLINO NETO";"#NULO";"MDB";"MASCULINO";"ENSINO FUNDAMENTAL COMPLETO";"SOLTEIRO(A)";"PRETA";"ATOR E DIRETOR DE ESPETÁCULOS PÚBLICOS";"APTO";NA;213;"SUPLENTE";0;"#NULO";"#NULO";"N"
250001088453;"ELIANA MARUCCI COSTA MIRANDA";"#NULO";"MDB";"FEMININO";"ENSINO MÉDIO COMPLETO";"VIÚVO(A)";"PARDA";"OUTROS";"APTO";NA;530;"SUPLENTE";35000;"FUNDO ESPECIAL";"Recursos de partido político";"N"
250001088421;"DANIEL NEVES DE FARIA";"#NULO";"MDB";"MASCULINO";"SUPERIOR COMPLETO";"CASADO(A)";"PRETA";"EMPRESÁRIO";"APTO";524786,69;2324;"SUPLENTE";16500;"OUTROS RECURSOS, FUNDO ESPECIAL";"Recursos de pessoas físicas, Recursos próprios, Recursos de partido político";"N"
250001088434;"SAMUEL DE JESUS SANTOS PEREIRA";"#NULO";"MDB";"MASCULINO";"ENSINO MÉDIO COMPLETO";"CASADO(A)";"PRETA";"VENDEDOR PRACISTA, REPRESENTANTE, CAIXEIRO-VIAJANTE E ASSEMELHADOS";"APTO";NA;1503;"SUPLENTE";4500;"OUTROS RECURSOS";"Recursos próprios, Recursos de pessoas físicas";"N"
250001088456;"ROSEMEIRE ALVES SILVEIRA";"#NULO";"MDB";"FEMININO";"SUPERIOR COMPLETO";"CASADO(A)";"BRANCA";"ADVOGADO";"APTO";NA;210;"SUPLENTE";20010,1;"OUTROS RECURSOS, FUNDO ESPECIAL";"Recursos próprios, Recursos de partido político";"N"
250001088391;"NEWTON ANTONIO ROCHA";"#NULO";"MDB";"MASCULINO";"SUPERIOR COMPLETO";"CASADO(A)";"BRANCA";"OUTROS";"APTO";722000;374;"SUPLENTE";7000;"OUTROS RECURSOS";"Recursos próprios";"N"
250001088466;"ANA CAROLINA VIEIRA MANTOVANI";"#NULO";"MDB";"FEMININO";"SUPERIOR COMPLETO";"CASADO(A)";"BRANCA";"EMPRESÁRIO";"APTO";1000;233;"SUPLENTE";25000;"FUNDO ESPECIAL";"Recursos de partido político";"N"
250001088438;"MARÇAL HONDA";"#NULO";"MDB";"MASCULINO";"SUPERIOR COMPLETO";"SOLTEIRO(A)";"PRETA";"POLICIAL CIVIL";"APTO";NA;443;"SUPLENTE";10000;"FUNDO ESPECIAL";"Recursos de partido político";"N"
250000651019;"ANTONIO ELI CORRÊA";"#NULO";"DEM";"MASCULINO";"ENSINO MÉDIO COMPLETO";"CASADO(A)";"BRANCA";"LOCUTOR E COMENTARISTA DE RÁDIO E TELEVISÃO E RADIALISTA";"APTO";462450,03;32482;"ELEITO POR QP";415309;"OUTROS RECURSOS, FUNDO ESPECIAL, FUNDO PARTIDARIO";"Recursos próprios, Recursos de partido político, Recursos de pessoas físicas";"N"
250000651071;"SILVIA APARECIDA SIENA";"#NULO";"DEM";"FEMININO";"ENSINO MÉDIO COMPLETO";"SOLTEIRO(A)";"BRANCA";"AUXILIAR DE ESCRITÓRIO E ASSEMELHADOS";"APTO";41133,63;1211;"SUPLENTE";142158,88;"OUTROS RECURSOS, FUNDO ESPECIAL, FUNDO PARTIDARIO";"Recursos próprios, Recursos de partido político";"N"
250000651058;"DOUGLAS DE PAULO VIEGAS";"#NULO";"DEM";"MASCULINO";"SUPERIOR COMPLETO";"SOLTEIRO(A)";"PARDA";"OUTROS";"APTO";40362,19;12426;"SUPLENTE";244969,13;"FUNDO PARTIDARIO, OUTROS RECURSOS, FUNDO ESPECIAL";"Recursos de partido político, Recursos de pessoas físicas";"N"
250000651015;"SETIMA MARIA VIEIRA DE ARAUJO";"#NULO";"DEM";"FEMININO";"SUPERIOR COMPLETO";"CASADO(A)";"BRANCA";"PEDAGOGO";"APTO";1700;819;"SUPLENTE";108406,28;"FUNDO ESPECIAL, FUNDO PARTIDARIO, OUTROS RECURSOS";"Recursos de partido político, Recursos próprios, Recursos de pessoas físicas";"N"
250000651056;"CAIO MIRANDA CARNEIRO";"#NULO";"DEM";"MASCULINO";"SUPERIOR COMPLETO";"SOLTEIRO(A)";"PARDA";"ADVOGADO";"APTO";58266,45;9133;"SUPLENTE";266802,05;"OUTROS RECURSOS, FUNDO PARTIDARIO";"Recursos de pessoas físicas, Recursos de Financiamento Coletivo, Recursos próprios, Recursos de partido político";"N"
250000651029;"RODRIGO ADRIANO DA SILVA";"#NULO";"DEM";"MASCULINO";"SUPERIOR COMPLETO";"CASADO(A)";"PARDA";"OUTROS";"APTO";10;607;"SUPLENTE";131260,88;"FUNDO ESPECIAL, OUTROS RECURSOS, FUNDO PARTIDARIO";"Recursos de partido político, Recursos próprios";"N"
250000651070;"VERA LUCIA ANDREOLI";"#NULO";"DEM";"FEMININO";"SUPERIOR COMPLETO";"CASADO(A)";"BRANCA";"ENFERMEIRO";"APTO";1218035;511;"SUPLENTE";126445,38;"OUTROS RECURSOS, FUNDO ESPECIAL, FUNDO PARTIDARIO";"Recursos de pessoas físicas, Recursos de partido político, Recursos próprios";"N"
250000881913;"ANDREIA URSULA OLIVEIRA LIMA";"#NULO";"PTB";"FEMININO";"SUPERIOR COMPLETO";"SOLTEIRO(A)";"BRANCA";"ATLETA PROFISSIONAL E TÉCNICO EM DESPORTOS";"APTO";11000;1003;"SUPLENTE";30000;"FUNDO ESPECIAL";"Recursos de partido político";"N"
250000881950;"GABRIELLE ANDRES BRANDÃO";"#NULO";"PTB";"FEMININO";"SUPERIOR COMPLETO";"DIVORCIADO(A)";"BRANCA";"EMPRESÁRIO";"APTO";1027765,46;436;"SUPLENTE";20000;"FUNDO ESPECIAL";"Recursos de partido político";"N"
250000881936;"AMANDA CAETANO MARCHESONI";"#NULO";"PTB";"FEMININO";"SUPERIOR COMPLETO";"SOLTEIRO(A)";"PRETA";"ENGENHEIRO";"APTO";NA;169;"SUPLENTE";NA;NA;NA;"N"
250000881966;"ELVIS SARAIVA DOS SANTOS";"#NULO";"PTB";"MASCULINO";"ENSINO MÉDIO COMPLETO";"CASADO(A)";"PRETA";"COMERCIANTE";"APTO";NA;919;"SUPLENTE";5000;"FUNDO PARTIDARIO";"Recursos de partido político";"N"
250000881903;"MARIA RISOLETA ESTRELA DOS SANTOS";"#NULO";"PTB";"FEMININO";"SUPERIOR COMPLETO";"VIÚVO(A)";"BRANCA";"APOSENTADO (EXCETO SERVIDOR PÚBLICO)";"APTO";91300;380;"SUPLENTE";5638,31;"FUNDO ESPECIAL";"Recursos de partido político";"N"
250000881965;"MARCOS ANTONIO PEREIRA DUARTE";"#NULO";"PTB";"MASCULINO";"ENSINO MÉDIO INCOMPLETO";"SOLTEIRO(A)";"BRANCA";"OUTROS";"APTO";79500;314;"SUPLENTE";2000;"OUTROS RECURSOS";"Recursos de pessoas físicas";"N"
250000881956;"MARIA SOLANGE XAVIER DE BRITO";"#NULO";"PTB";"FEMININO";"SUPERIOR COMPLETO";"DIVORCIADO(A)";"BRANCA";"PSICÓLOGO";"APTO";119862,29;245;"SUPLENTE";14020;"OUTROS RECURSOS, FUNDO ESPECIAL";"Recursos de pessoas físicas, Recursos próprios, Recursos de partido político";"N"
250000881934;"VANIA TADEU PACCICO";"#NULO";"PTB";"FEMININO";"SUPERIOR COMPLETO";"SOLTEIRO(A)";"BRANCA";"PROFESSOR DE ENSINO MÉDIO";"APTO";37700;138;"SUPLENTE";6630,55;"OUTROS RECURSOS, FUNDO ESPECIAL";"Recursos próprios, Recursos de partido político";"N"
250000881976;"JOÃO ANTONIO ALVES CARLOS DA SILVA";"#NULO";"PTB";"MASCULINO";"SUPERIOR COMPLETO";"DIVORCIADO(A)";"PRETA";"ADVOGADO";"APTO";NA;91;"SUPLENTE";5000;"FUNDO ESPECIAL";"Recursos de partido político";"N"
250000881911;"JHONATTAN BRYAN COELHO PITTA";"#NULO";"PTB";"MASCULINO";"SUPERIOR COMPLETO";"SOLTEIRO(A)";"BRANCA";"EMPRESÁRIO";"APTO";NA;415;"SUPLENTE";0;"#NULO";"#NULO";"N"
250000881933;"MARIO AUGUSTO GRAF MORAES";"#NULO";"PTB";"MASCULINO";"SUPERIOR COMPLETO";"SOLTEIRO(A)";"BRANCA";"OUTROS";"APTO";187052,54;5272;"SUPLENTE";40000;"OUTROS RECURSOS, FUNDO ESPECIAL";"Recursos de pessoas físicas, Recursos de partido político";"N"
250000881926;"HSU CHUNG NANG";"#NULO";"PTB";"MASCULINO";"ENSINO MÉDIO COMPLETO";"CASADO(A)";"AMARELA";"COMERCIANTE";"APTO";710000;514;"SUPLENTE";408;"OUTROS RECURSOS";"Recursos de pessoas físicas";"N"
250001054408;"WILSON ZEFERINO DA SILVA";"#NULO";"PMN";"MASCULINO";"SUPERIOR COMPLETO";"SOLTEIRO(A)";"BRANCA";"ADVOGADO";"APTO";15000;178;"NÃO ELEITO";2000;"FUNDO ESPECIAL";"Recursos de partido político";"N"
250001054398;"GISELE CASARIN DA SILVA";"#NULO";"PMN";"FEMININO";"SUPERIOR INCOMPLETO";"CASADO(A)";"BRANCA";"MOTORISTA PARTICULAR";"APTO";NA;230;"NÃO ELEITO";2000;"FUNDO ESPECIAL";"Recursos de partido político";"N"
250001054400;"MANOEL AUGUSTO DE OLIVEIRA FILHO";"#NULO";"PMN";"MASCULINO";"ENSINO FUNDAMENTAL INCOMPLETO";"CASADO(A)";"BRANCA";"OUTROS";"APTO";NA;240;"NÃO ELEITO";2000;"FUNDO ESPECIAL";"Recursos de partido político";"N"
250001054386;"GILMAR AFONSO DE LUCAS";"#NULO";"PMN";"MASCULINO";"SUPERIOR COMPLETO";"CASADO(A)";"PRETA";"PROFESSOR DE ENSINO SUPERIOR";"APTO";NA;282;"NÃO ELEITO";2000;"FUNDO ESPECIAL";"Recursos de partido político";"N"
250001054403;"ISAC CAETANO PEREIRA ALVES";"#NULO";"PMN";"MASCULINO";"SUPERIOR INCOMPLETO";"CASADO(A)";"PARDA";"VENDEDOR DE COMÉRCIO VAREJISTA E ATACADISTA";"APTO";NA;458;"NÃO ELEITO";2000;"FUNDO ESPECIAL";"Recursos de partido político";"N"
250001054392;"VANESSA CRISTINA ROCHA";"#NULO";"PMN";"FEMININO";"ENSINO MÉDIO INCOMPLETO";"SOLTEIRO(A)";"BRANCA";"FEIRANTE, AMBULANTE E MASCATE";"APTO";38000;302;"NÃO ELEITO";3010,45;"FUNDO ESPECIAL, OUTROS RECURSOS";"Recursos de partido político, Recursos próprios";"N"
250001054380;"DANIEL ALVES DE OLIVEIRA MARIANO";"#NULO";"PMN";"MASCULINO";"LÊ E ESCREVE";"SOLTEIRO(A)";"PRETA";"FRENTISTA";"APTO";NA;127;"NÃO ELEITO";2039,15;"OUTROS RECURSOS, FUNDO ESPECIAL";"Recursos próprios, Recursos de partido político";"N"
250001180999;"NATÁLIA BRAGA COSTA PIMENTA";"#NULO";"PCO";"FEMININO";"SUPERIOR COMPLETO";"CASADO(A)";"BRANCA";"OUTROS";"APTO";NA;124;"NÃO ELEITO";1000;"FUNDO ESPECIAL";"Recursos de partido político";"N"
250000754057;"CARLOS ALBERTO SARTORI PACHECO";"#NULO";"PSL";"MASCULINO";"ENSINO MÉDIO COMPLETO";"SOLTEIRO(A)";"BRANCA";"EMPRESÁRIO";"APTO";37996;782;"SUPLENTE";4110;"OUTROS RECURSOS";"Recursos de pessoas físicas, Recursos próprios";"N"
250000753985;"MARIA AUGUSTA FERREIRA FONSECA";"#NULO";"PSL";"FEMININO";"SUPERIOR INCOMPLETO";"DIVORCIADO(A)";"PARDA";"EMPRESÁRIO";"APTO";NA;76;"SUPLENTE";15000;"FUNDO ESPECIAL";"Recursos de partido político";"N"
250000753989;"ANA CLAUDIA ANDRADE DE SOUZA GRAF";"#NULO";"PSL";"FEMININO";"SUPERIOR INCOMPLETO";"CASADO(A)";"BRANCA";"VENDEDOR DE COMÉRCIO VAREJISTA E ATACADISTA";"APTO";1895000;1007;"SUPLENTE";12588,2;"FUNDO ESPECIAL, OUTROS RECURSOS";"Recursos de outros candidatos, Recursos próprios, Recursos de pessoas físicas";"N"
250000753997;"JOÃO MARCELO DOS SANTOS";"#NULO";"PSL";"MASCULINO";"SUPERIOR COMPLETO";"DIVORCIADO(A)";"BRANCA";"POLICIAL MILITAR";"APTO";469161,71;823;"SUPLENTE";5144;"OUTROS RECURSOS, FUNDO ESPECIAL";"Recursos próprios, Recursos de outros candidatos";"N"
250000754036;"NEUZA MARIA DE ARAUJO";"#NULO";"PSL";"FEMININO";"ENSINO FUNDAMENTAL COMPLETO";"SOLTEIRO(A)";"PRETA";"APOSENTADO (EXCETO SERVIDOR PÚBLICO)";"APTO";NA;234;"SUPLENTE";10000;"FUNDO ESPECIAL";"Recursos de partido político";"N"
250000753993;"SALOMÃO PEREIRA DA SILVA";"#NULO";"PSL";"MASCULINO";"ENSINO MÉDIO COMPLETO";"CASADO(A)";"BRANCA";"JORNALISTA E REDATOR";"APTO";NA;1344;"SUPLENTE";1939;"FUNDO ESPECIAL";"Recursos de outros candidatos";"N"
250000754053;"GILSON DE OLIVEIRA LIBÓRIO";"#NULO";"PSL";"MASCULINO";"ENSINO MÉDIO COMPLETO";"CASADO(A)";"PARDA";"OUTROS";"APTO";NA;242;"SUPLENTE";1939;"FUNDO ESPECIAL";"Recursos de outros candidatos";"N"
250000688249;"MARCELO AGUIAR DE CASTRO";"#NULO";"NOVO";"MASCULINO";"SUPERIOR COMPLETO";"CASADO(A)";"PARDA";"ADMINISTRADOR";"APTO";5268842,89;1308;"SUPLENTE";78811,11;"OUTROS RECURSOS";"Recursos de pessoas físicas, Recursos de partido político, Recursos de Financiamento Coletivo";"N"
250000688218;"MARIA ALEXANDRA AJUYARA FASANO";"#NULO";"NOVO";"FEMININO";"SUPERIOR COMPLETO";"SOLTEIRO(A)";"BRANCA";"ARQUITETO";"APTO";70000;338;"SUPLENTE";9133,88;"OUTROS RECURSOS";"Recursos de pessoas físicas, Recursos de partido político, Recursos de outros candidatos, Recursos de Financiamento Coletivo, Recursos próprios";"N"
250000688240;"LUIS EDUARDO GONÇALVES BUCCIARELLI";"#NULO";"NOVO";"MASCULINO";"SUPERIOR COMPLETO";"CASADO(A)";"BRANCA";"ENGENHEIRO";"APTO";1448600;4558;"SUPLENTE";36534,35;"OUTROS RECURSOS";"Recursos de partido político, Recursos de pessoas físicas, Recursos de Financiamento Coletivo, Recursos próprios";"N"
250000688220;"CRISTINA PEREIRA MONTEIRO";"#NULO";"NOVO";"FEMININO";"SUPERIOR COMPLETO";"SOLTEIRO(A)";"BRANCA";"CONTADOR";"APTO";17889172,05;18085;"ELEITO POR QP";360185,71;"OUTROS RECURSOS";"Recursos de pessoas físicas, Recursos de partido político, Recursos próprios, Recursos de Financiamento Coletivo";"N"
250000688242;"MARIA APARECIDA FARAGÓ MAGRINI";"#NULO";"NOVO";"FEMININO";"SUPERIOR COMPLETO";"CASADO(A)";"BRANCA";"ADVOGADO";"APTO";1141744,2;2743;"SUPLENTE";15621,73;"OUTROS RECURSOS";"Recursos de pessoas físicas, Recursos de partido político, Recursos próprios, Recursos de Financiamento Coletivo";"N"
250000919249;"JACQUELINE SOTANYI ARAÚJO";"#NULO";"PSDB";"FEMININO";"SUPERIOR COMPLETO";"CASADO(A)";"BRANCA";"GERENTE";"APTO";1062832,58;543;"SUPLENTE";14104,57;"OUTROS RECURSOS, FUNDO PARTIDARIO, FUNDO ESPECIAL";"Recursos próprios, Recursos de partido político";"N"
250000919233;"FELIPE HENRIQUE TEIXEIRA";"#NULO";"PSDB";"MASCULINO";"ENSINO MÉDIO COMPLETO";"SOLTEIRO(A)";"BRANCA";"OUTROS";"APTO";NA;235;"SUPLENTE";7317,07;"FUNDO PARTIDARIO";"Recursos de partido político";"N"
250001265991;"MARIO CERQUEIRA DAS NEVES";"#NULO";"PSDB";"MASCULINO";"ENSINO MÉDIO COMPLETO";"SOLTEIRO(A)";"PARDA";"CANTOR E COMPOSITOR";"APTO";NA;194;"SUPLENTE";7317,07;"FUNDO PARTIDARIO";"Recursos de partido político";"N"
250000919173;"GILSON ALMEIDA BARRETO";"#NULO";"PSDB";"MASCULINO";"SUPERIOR COMPLETO";"CASADO(A)";"BRANCA";"ADVOGADO";"APTO";4070886,42;17540;"SUPLENTE";309317,07;"OUTROS RECURSOS, FUNDO ESPECIAL";"Recursos próprios, Recursos de pessoas físicas, Recursos de partido político";"N"
250000919240;"ISMÊNIO DA SILVA DANTAS";"#NULO";"PSDB";"MASCULINO";"ENSINO MÉDIO COMPLETO";"CASADO(A)";"BRANCA";"OUTROS";"APTO";771050,41;1399;"SUPLENTE";37932,07;"FUNDO PARTIDARIO, OUTROS RECURSOS";"Recursos de partido político, Recursos próprios";"N"
250000919188;"JOÃO BATISTA DE SANTIAGO";"#NULO";"PSDB";"MASCULINO";"SUPERIOR COMPLETO";"DIVORCIADO(A)";"BRANCA";"CONTADOR";"APTO";12373999,79;5116;"SUPLENTE";293314,73;"OUTROS RECURSOS, FUNDO PARTIDARIO";"Recursos de pessoas físicas, Recursos de partido político, Recursos próprios";"N"
250000919202;"EDUARDO TUMA";"#NULO";"PSDB";"MASCULINO";"SUPERIOR COMPLETO";"SOLTEIRO(A)";"BRANCA";"ADVOGADO";"APTO";1788323,14;40270;"ELEITO POR QP";965473,3;"OUTROS RECURSOS";"Recursos de pessoas físicas, Recursos de partido político, Recursos próprios";"S"
250000919255;"SAMUEL GUIMARÃES SILVA";"#NULO";"PSDB";"MASCULINO";"ENSINO MÉDIO COMPLETO";"DIVORCIADO(A)";"BRANCA";"EMPRESÁRIO";"APTO";NA;141;"SUPLENTE";7317,07;"FUNDO PARTIDARIO";"Recursos de partido político";"N"
250000919181;"ALBERTO LUIZ DA SILVA";"#NULO";"PSDB";"MASCULINO";"ENSINO MÉDIO COMPLETO";"SOLTEIRO(A)";"PARDA";"EMPRESÁRIO";"APTO";854243,71;14854;"SUPLENTE";479052,26;"OUTROS RECURSOS, FUNDO ESPECIAL, FUNDO PARTIDARIO";"Recursos de pessoas físicas, Recursos de partido político, Recursos próprios, Recursos de origens não identificadas";"N"
250001154721;"MARIANA DUARTE GARCIA DE LACERDA";"#NULO";"REDE";"FEMININO";"SUPERIOR COMPLETO";"DIVORCIADO(A)";"BRANCA";"ADVOGADO";"APTO";195701,66;910;"NÃO ELEITO";116051,31;"FUNDO ESPECIAL, OUTROS RECURSOS";"Recursos de partido político, Recursos de pessoas físicas, Recursos de outros candidatos, Recursos de Financiamento Coletivo";"N"
250001154734;"MARINA AMADEU BRAGANTE";"#NULO";"REDE";"FEMININO";"SUPERIOR COMPLETO";"CASADO(A)";"BRANCA";"PSICÓLOGO";"APTO";293487,24;9710;"NÃO ELEITO";312085,06;"OUTROS RECURSOS, FUNDO ESPECIAL";"Recursos de pessoas físicas, Recursos de partido político, Recursos próprios, Rendimentos de aplicações financeiras, Recursos de outros candidatos, Recursos de Financiamento Coletivo";"N"
250001154719;"VINICIUS JORGE RIBEIRO LIMA";"#NULO";"REDE";"MASCULINO";"SUPERIOR COMPLETO";"SOLTEIRO(A)";"PARDA";"JORNALISTA E REDATOR";"APTO";16825,75;4370;"NÃO ELEITO";117072,31;"OUTROS RECURSOS, FUNDO ESPECIAL";"Recursos de pessoas físicas, Recursos próprios, Recursos de Financiamento Coletivo, Recursos de partido político";"N"
250001154709;"EDUARDO DE CAMPOS GARCIA";"#NULO";"REDE";"MASCULINO";"SUPERIOR COMPLETO";"CASADO(A)";"BRANCA";"PROFESSOR DE ENSINO SUPERIOR";"APTO";436000;762;"NÃO ELEITO";34258;"OUTROS RECURSOS, FUNDO ESPECIAL";"Recursos de Financiamento Coletivo, Recursos de pessoas físicas, Recursos de partido político";"N"
250001154706;"LINDOLFO TEODORO BORGES JUNIOR";"#NULO";"REDE";"MASCULINO";"SUPERIOR COMPLETO";"CASADO(A)";"BRANCA";"CONTADOR";"APTO";29000;63;"NÃO ELEITO";2978;"FUNDO ESPECIAL";"Recursos de partido político";"N"
250001154716;"RAQUEL DE ALMEIDA MARQUES";"#NULO";"REDE";"FEMININO";"SUPERIOR COMPLETO";"SOLTEIRO(A)";"PARDA";"OUTROS";"APTO";275000;4704;"NÃO ELEITO";105798;"FUNDO ESPECIAL, OUTROS RECURSOS";"Recursos de outros candidatos, Recursos de Financiamento Coletivo, Recursos de pessoas físicas, Recursos de partido político";"N"
250001123275;"CAMILO CRISTOFARO MARTINS JUNIOR";"#NULO";"PSB";"MASCULINO";"SUPERIOR COMPLETO";"CASADO(A)";"BRANCA";"VEREADOR";"APTO";1125422,8;23431;"ELEITO POR QP";230000;"OUTROS RECURSOS, FUNDO ESPECIAL";"Recursos de pessoas físicas, Recursos de partido político";"S"
250001123258;"JOSÉ WELINGTON DOS REIS SILVA";"#NULO";"PSB";"MASCULINO";"SUPERIOR COMPLETO";"CASADO(A)";"PRETA";"ADVOGADO";"APTO";848800;518;"SUPLENTE";15000;"FUNDO ESPECIAL";"Recursos de partido político";"N"
250001123214;"SARA VIVIAN ADAMES DE LANA";"#NULO";"PSB";"FEMININO";"SUPERIOR COMPLETO";"SOLTEIRO(A)";"BRANCA";"ODONTÓLOGO";"APTO";8000;90;"SUPLENTE";20000;"FUNDO ESPECIAL";"Recursos de partido político";"N"
250001123264;"SABRINA SPINELLI TORRES";"#NULO";"PSB";"FEMININO";"SUPERIOR COMPLETO";"SOLTEIRO(A)";"BRANCA";"FISIOTERAPEUTA E TERAPEUTA OCUPACIONAL";"APTO";NA;980;"SUPLENTE";20000;"FUNDO ESPECIAL";"Recursos de partido político";"N"
250001123243;"DIEGO MATIAS HYPOLITO";"#NULO";"PSB";"MASCULINO";"SUPERIOR COMPLETO";"SOLTEIRO(A)";"BRANCA";"ATLETA PROFISSIONAL E TÉCNICO EM DESPORTOS";"APTO";538323,33;3786;"SUPLENTE";100200;"OUTROS RECURSOS, FUNDO ESPECIAL";"Recursos de pessoas físicas, Recursos de partido político";"N"
250001123283;"MARIA LUIZA DE OLIVEIRA GUERINO";"#NULO";"PSB";"FEMININO";"ENSINO MÉDIO COMPLETO";"VIÚVO(A)";"PRETA";"CABELEIREIRO E BARBEIRO";"APTO";151690;254;"SUPLENTE";20000;"FUNDO ESPECIAL";"Recursos de partido político";"N"
250001123220;"ELISANGELA SIQUEIRA TORRES";"#NULO";"PSB";"FEMININO";"ENSINO FUNDAMENTAL COMPLETO";"SOLTEIRO(A)";"PARDA";"OUTROS";"APTO";80000;185;"SUPLENTE";21516,94;"FUNDO ESPECIAL";"Recursos de partido político";"N"
250001123251;"ARLINDO FELIPE JUNIOR";"#NULO";"PSB";"MASCULINO";"SUPERIOR COMPLETO";"VIÚVO(A)";"PRETA";"OUTROS";"APTO";18625;377;"SUPLENTE";15000;"FUNDO ESPECIAL";"Recursos de partido político";"N"
250001123266;"OTALIA EVANGELISTA DE SOUZA";"#NULO";"PSB";"FEMININO";"SUPERIOR COMPLETO";"SOLTEIRO(A)";"PRETA";"OUTROS";"APTO";10800;96;"SUPLENTE";20000;"FUNDO ESPECIAL";"Recursos de partido político";"N"
250001123216;"ELISABETE SOARES DE ANDRADE";"#NULO";"PSB";"FEMININO";"SUPERIOR COMPLETO";"CASADO(A)";"PARDA";"PROFESSOR DE ENSINO FUNDAMENTAL";"APTO";639000;204;"SUPLENTE";21539,04;"OUTROS RECURSOS, FUNDO ESPECIAL";"Recursos próprios, Recursos de partido político";"N"
250001123259;"LUCIANA TRINDADE DE MACEDO";"#NULO";"PSB";"FEMININO";"ENSINO MÉDIO COMPLETO";"SOLTEIRO(A)";"BRANCA";"CORRETOR DE IMÓVEIS, SEGUROS, TÍTULOS E VALORES";"APTO";NA;2177;"SUPLENTE";85150;"FUNDO ESPECIAL, OUTROS RECURSOS";"Recursos de partido político, Recursos de Financiamento Coletivo";"N"
250000658713;"EDNILSON DE PAULA SILVA";"#NULO";"PATRIOTA";"MASCULINO";"ENSINO MÉDIO COMPLETO";"SOLTEIRO(A)";"BRANCA";"COMERCIANTE";"APTO";5432,74;889;"SUPLENTE";0;"#NULO";"#NULO";"N"
250000658706;"GEOVANNES CORDEIRO DA SILVA FILHO";"#NULO";"PATRIOTA";"MASCULINO";"SUPERIOR COMPLETO";"CASADO(A)";"BRANCA";"POLICIAL MILITAR";"APTO";NA;590;"SUPLENTE";1190;"OUTROS RECURSOS, FUNDO ESPECIAL";"Recursos próprios, Recursos de partido político";"N"
250000658721;"CRISTIANE MUSA PINO MIRANDA";"#NULO";"PATRIOTA";"FEMININO";"SUPERIOR COMPLETO";"SOLTEIRO(A)";"BRANCA";"ADVOGADO";"APTO";NA;201;"SUPLENTE";0;"#NULO";"#NULO";"N"
250000658712;"CARLOS ALEXANDRE BRAGA";"#NULO";"PATRIOTA";"MASCULINO";"SUPERIOR COMPLETO";"CASADO(A)";"BRANCA";"SERVIDOR PÚBLICO MUNICIPAL";"APTO";NA;3467;"SUPLENTE";4800;"OUTROS RECURSOS";"Recursos de Financiamento Coletivo, Recursos próprios";"N"
250000658727;"FRANCISCO ANTONIO CORDEIRO";"#NULO";"PATRIOTA";"MASCULINO";"SUPERIOR COMPLETO";"DIVORCIADO(A)";"BRANCA";"ATLETA PROFISSIONAL E TÉCNICO EM DESPORTOS";"APTO";205000;220;"SUPLENTE";100;"OUTROS RECURSOS";"Recursos de Financiamento Coletivo";"N"
250000885488;"LEILA REGINA DA SILVA";"#NULO";"SOLIDARIEDADE";"FEMININO";"SUPERIOR INCOMPLETO";"DIVORCIADO(A)";"BRANCA";"EMPRESÁRIO";"APTO";NA;67;"SUPLENTE";12212,84;"FUNDO ESPECIAL";"Recursos de partido político";"N"
250000885492;"LUIZ ANTONIO DE MEDEIROS NETO";"#NULO";"SOLIDARIEDADE";"MASCULINO";"ENSINO FUNDAMENTAL INCOMPLETO";"CASADO(A)";"BRANCA";"OUTROS";"APTO";368258,45;5095;"SUPLENTE";408912,51;"FUNDO ESPECIAL";"Recursos de partido político";"N"
250000885486;"JOSE SEBASTIAO DE OLIVEIRA";"#NULO";"SOLIDARIEDADE";"MASCULINO";"SUPERIOR INCOMPLETO";"DIVORCIADO(A)";"BRANCA";"APOSENTADO (EXCETO SERVIDOR PÚBLICO)";"APTO";NA;60;"SUPLENTE";9812,89;"FUNDO ESPECIAL";"Recursos de partido político";"N"
250000885545;"AYLTON SIGNORETI";"#NULO";"SOLIDARIEDADE";"MASCULINO";"ENSINO MÉDIO COMPLETO";"SOLTEIRO(A)";"BRANCA";"OUTROS";"APTO";NA;1085;"SUPLENTE";9812,99;"FUNDO ESPECIAL";"Recursos de partido político";"N"
250000885499;"CARLOS ALBERTO DOS SANTOS";"#NULO";"SOLIDARIEDADE";"MASCULINO";"ENSINO FUNDAMENTAL COMPLETO";"DIVORCIADO(A)";"PARDA";"APOSENTADO (EXCETO SERVIDOR PÚBLICO)";"APTO";NA;35;"SUPLENTE";9812,99;"FUNDO ESPECIAL";"Recursos de partido político";"N"
250000885511;"TELISVALDO OLIVEIRA RIOS";"#NULO";"SOLIDARIEDADE";"MASCULINO";"ENSINO MÉDIO COMPLETO";"CASADO(A)";"PARDA";"OUTROS";"APTO";NA;747;"SUPLENTE";9812,99;"FUNDO ESPECIAL";"Recursos de partido político";"N"
250000885528;"MARIA HELOISA GOMES DA SILVA";"#NULO";"SOLIDARIEDADE";"FEMININO";"SUPERIOR COMPLETO";"SOLTEIRO(A)";"PARDA";"ENFERMEIRO";"APTO";326000;430;"SUPLENTE";33965,34;"FUNDO ESPECIAL";"Recursos de partido político";"N"
250000885557;"NIELTON CARVALHO DE MATOS";"#NULO";"SOLIDARIEDADE";"MASCULINO";"ENSINO MÉDIO COMPLETO";"CASADO(A)";"PARDA";"COMERCIANTE";"APTO";NA;503;"SUPLENTE";9813,07;"FUNDO ESPECIAL";"Recursos de partido político";"N"
250000885504;"GERALDO RODRIGUES DE SOUZA";"#NULO";"SOLIDARIEDADE";"MASCULINO";"SUPERIOR COMPLETO";"CASADO(A)";"BRANCA";"EMPRESÁRIO";"APTO";51000;161;"SUPLENTE";9812,99;"FUNDO ESPECIAL";"Recursos de partido político";"N"
250000755996;"LAURO FIAES DOS SANTOS";"#NULO";"PSTU";"MASCULINO";"SUPERIOR COMPLETO";"SOLTEIRO(A)";"PRETA";"TRABALHADOR DE FABRICAÇÃO E PREPARAÇÃO DE ALIMENTOS E BEBIDAS";"APTO";58455;508;"NÃO ELEITO";23218,59;"OUTROS RECURSOS, FUNDO ESPECIAL";"Recursos de pessoas físicas, Recursos de partido político, Recursos de outros candidatos, Recursos próprios";"N"
250000687521;"ANTONIO PEDRO DE SOUSA";"#NULO";"PC do B";"MASCULINO";"ENSINO MÉDIO COMPLETO";"CASADO(A)";"PRETA";"AUXILIAR DE ESCRITÓRIO E ASSEMELHADOS";"APTO";20488;1577;"NÃO ELEITO";26725,51;"OUTROS RECURSOS, FUNDO ESPECIAL";"Recursos de pessoas físicas, Recursos de partido político, Recursos de outros candidatos";"N"
250000687516;"FELIPE SALES DA SILVA";"#NULO";"PC do B";"MASCULINO";"ENSINO MÉDIO COMPLETO";"SOLTEIRO(A)";"BRANCA";"OUTROS";"APTO";NA;303;"NÃO ELEITO";4000;"FUNDO ESPECIAL, FUNDO PARTIDARIO";"Recursos de partido político";"N"
250000687568;"JONATHAS CAVALARO DE OLIVEIRA";"#NULO";"PC do B";"MASCULINO";"SUPERIOR COMPLETO";"SOLTEIRO(A)";"PARDA";"PROFESSOR DE ENSINO MÉDIO";"APTO";136054,26;670;"NÃO ELEITO";8290;"OUTROS RECURSOS, FUNDO ESPECIAL, FUNDO PARTIDARIO";"Recursos próprios, Recursos de pessoas físicas, Recursos de partido político";"N"
250000687552;"FRANCISCO JOSÉ CARNEIRO DE FREITAS";"#NULO";"PC do B";"MASCULINO";"ENSINO FUNDAMENTAL INCOMPLETO";"SOLTEIRO(A)";"BRANCA";"COMERCIANTE";"APTO";NA;253;"NÃO ELEITO";10157,39;"FUNDO ESPECIAL, OUTROS RECURSOS";"Recursos de partido político, Recursos de outros candidatos, Recursos de pessoas físicas";"N"
250000687555;"MIRIAM APARECIDA DA SILVA";"#NULO";"PC do B";"FEMININO";"ENSINO MÉDIO COMPLETO";"DIVORCIADO(A)";"PRETA";"OUTROS";"APTO";NA;119;"NÃO ELEITO";3041,82;"FUNDO ESPECIAL";"Recursos de partido político, Recursos de outros candidatos";"N"
250000687551;"EDSON ITAMAR DA SILVA";"#NULO";"PC do B";"MASCULINO";"ENSINO MÉDIO COMPLETO";"CASADO(A)";"PRETA";"OUTROS";"APTO";NA;2024;"NÃO ELEITO";19744,37;"FUNDO ESPECIAL, OUTROS RECURSOS";"Recursos de partido político, Recursos de outros candidatos, Recursos de pessoas físicas";"N"
250000687527;"ROBERTO SILVA DOS SANTOS";"#NULO";"PC do B";"MASCULINO";"ENSINO FUNDAMENTAL INCOMPLETO";"SOLTEIRO(A)";"PRETA";"OUTROS";"APTO";NA;179;"NÃO ELEITO";1041,38;"FUNDO ESPECIAL";"Recursos de partido político, Recursos de outros candidatos";"N"
250000687505;"MARTA LUCAS DOS SANTOS";"#NULO";"PC do B";"FEMININO";"ENSINO MÉDIO COMPLETO";"SOLTEIRO(A)";"PARDA";"OUTROS";"APTO";54119,52;1449;"NÃO ELEITO";24028,48;"OUTROS RECURSOS, FUNDO PARTIDARIO, FUNDO ESPECIAL";"Recursos próprios, Recursos de outros candidatos, Recursos de partido político";"N"
250000687560;"VALKIRIA SANTOS SILVA";"#NULO";"PC do B";"FEMININO";"SUPERIOR COMPLETO";"CASADO(A)";"BRANCA";"OUTROS";"APTO";NA;431;"NÃO ELEITO";8090;"FUNDO ESPECIAL, FUNDO PARTIDARIO";"Recursos de partido político";"N"
250000687548;"VALDEMIR MELHADO";"#NULO";"PC do B";"MASCULINO";"ENSINO MÉDIO INCOMPLETO";"CASADO(A)";"PARDA";"AUXILIAR DE ESCRITÓRIO E ASSEMELHADOS";"APTO";147083,04;727;"NÃO ELEITO";3000;"FUNDO ESPECIAL, FUNDO PARTIDARIO";"Recursos de partido político";"N"
250000687539;"JOÃO ANTONIO DONIZZETTI DE CARVALHO";"#NULO";"PC do B";"MASCULINO";"SUPERIOR COMPLETO";"CASADO(A)";"BRANCA";"PROFESSOR DE ENSINO MÉDIO";"APTO";NA;544;"NÃO ELEITO";9830;"FUNDO ESPECIAL";"Recursos de partido político";"N"
250000687506;"MARIANA NUNES DE MOURA SOUZA";"#NULO";"PC do B";"FEMININO";"SUPERIOR COMPLETO";"CASADO(A)";"BRANCA";"OUTROS";"APTO";158747,38;3073;"NÃO ELEITO";103986;"OUTROS RECURSOS, FUNDO PARTIDARIO, FUNDO ESPECIAL";"Recursos de pessoas físicas, Recursos próprios, Recursos de partido político, Recursos de Financiamento Coletivo";"N"
250000686858;"CHRYSTYAN GOMES DA SILVA";"#NULO";"PSOL";"MASCULINO";"SUPERIOR COMPLETO";"CASADO(A)";"BRANCA";"PROFESSOR DE ENSINO FUNDAMENTAL";"APTO";NA;349;"SUPLENTE";12557,08;"OUTROS RECURSOS, FUNDO ESPECIAL";"Recursos de pessoas físicas, Recursos de partido político";"N"
250000686874;"RICARDO DE LIMA";"#NULO";"PSOL";"MASCULINO";"SUPERIOR COMPLETO";"SOLTEIRO(A)";"BRANCA";"OUTROS";"APTO";NA;317;"SUPLENTE";5122,08;"FUNDO ESPECIAL";"Recursos de partido político";"N"
250000686863;"FABIOLA MARCIA SANCHES COTA";"#NULO";"PSOL";"FEMININO";"SUPERIOR COMPLETO";"CASADO(A)";"BRANCA";"PROFESSOR DE ENSINO FUNDAMENTAL";"APTO";366000;660;"SUPLENTE";0;"#NULO";"#NULO";"N"
250000686876;"VALDOMIRO MARQUES";"#NULO";"PSOL";"MASCULINO";"ENSINO MÉDIO COMPLETO";"DIVORCIADO(A)";"PRETA";"SERVIDOR PÚBLICO MUNICIPAL";"APTO";NA;1197;"SUPLENTE";25654,89;"OUTROS RECURSOS, FUNDO PARTIDARIO";"Recursos de pessoas físicas, Recursos de partido político";"N"
250000686828;"LU SENNA VIEIRA";"LU-SENNA VIEIRA";"PSOL";"FEMININO";"ENSINO MÉDIO COMPLETO";"SOLTEIRO(A)";"PRETA";"CABELEIREIRO E BARBEIRO";"APTO";NA;391;"SUPLENTE";9988,06;"FUNDO ESPECIAL";"Recursos de partido político";"N"
250000686851;"ÁLVARO EXPEDITO JERONYMO";"#NULO";"PSOL";"MASCULINO";"SUPERIOR COMPLETO";"SOLTEIRO(A)";"PRETA";"AGENTE ADMINISTRATIVO";"APTO";3500;535;"SUPLENTE";9025,21;"OUTROS RECURSOS, FUNDO ESPECIAL";"Recursos de pessoas físicas, Recursos de Financiamento Coletivo, Recursos de partido político, Recursos próprios";"N"
250000686859;"CLOVIS DOS SANTOS COSTA JUNIOR";"#NULO";"PSOL";"MASCULINO";"SUPERIOR COMPLETO";"CASADO(A)";"BRANCA";"PROFESSOR DE ENSINO FUNDAMENTAL";"APTO";26480;470;"SUPLENTE";15179,93;"OUTROS RECURSOS, FUNDO ESPECIAL";"Recursos de Financiamento Coletivo, Recursos de pessoas físicas, Recursos próprios, Recursos de partido político";"N"
250000707258;"JACINTA BEZERRA DA SILVA";"#NULO";"PP";"FEMININO";"SUPERIOR COMPLETO";"DIVORCIADO(A)";"PARDA";"ENGENHEIRO";"APTO";NA;135;"SUPLENTE";428,5;"OUTROS RECURSOS";"Recursos de partido político";"N"
250000707303;"ANDREA REIS LOPES BERTAZZO";"#NULO";"PP";"FEMININO";"ENSINO MÉDIO COMPLETO";"CASADO(A)";"BRANCA";"EMPRESÁRIO";"APTO";45000;1031;"SUPLENTE";20555,5;"OUTROS RECURSOS";"Recursos de partido político, Recursos de pessoas físicas";"N"
250000707280;"ADRIANO DE ALMADA MESSIAS";"#NULO";"PP";"MASCULINO";"SUPERIOR COMPLETO";"SOLTEIRO(A)";"BRANCA";"ADVOGADO";"APTO";1632015,52;300;"SUPLENTE";663,7;"FUNDO PARTIDARIO";"Recursos de partido político";"N"
250000707262;"ROBERVAL DOS SANTOS";"#NULO";"PP";"MASCULINO";"SUPERIOR COMPLETO";"CASADO(A)";"BRANCA";"CORRETOR DE IMÓVEIS, SEGUROS, TÍTULOS E VALORES";"APTO";NA;151;"SUPLENTE";0;"#NULO";"#NULO";"N"
250000707269;"WALTER WANDERLEY VAZ DO NASCIMENTO";"#NULO";"PP";"MASCULINO";"ENSINO MÉDIO COMPLETO";"SOLTEIRO(A)";"BRANCA";"OUTROS";"APTO";589643,41;775;"SUPLENTE";700;"OUTROS RECURSOS";"Recursos de pessoas físicas";"N"
250000707295;"ALEXANDRE PIMENTA ARAÚJO";"#NULO";"PP";"MASCULINO";"SUPERIOR COMPLETO";"SOLTEIRO(A)";"BRANCA";"CORRETOR DE IMÓVEIS, SEGUROS, TÍTULOS E VALORES";"APTO";107981;906;"SUPLENTE";6030;"OUTROS RECURSOS";"Recursos próprios";"N"
250001097224;"MARCIO DE ALMEIDA CORIERE";"#NULO";"PTC";"MASCULINO";"SUPERIOR COMPLETO";"CASADO(A)";"BRANCA";"ADVOGADO";"APTO";157752,68;2575;"NÃO ELEITO";173000;"FUNDO ESPECIAL";"Recursos de partido político";"N"
250001097165;"ANTONIO MANOEL LIARTE";"#NULO";"PTC";"MASCULINO";"ENSINO MÉDIO COMPLETO";"SOLTEIRO(A)";"PARDA";"OUTROS";"APTO";NA;79;"NÃO ELEITO";0;"#NULO";"#NULO";"N"
250000811380;"SERGIO TUYOSI SHIGEEDA";"#NULO";"PODE";"MASCULINO";"SUPERIOR COMPLETO";"CASADO(A)";"AMARELA";"ANALISTA DE SISTEMAS";"APTO";730519,5;1489;"SUPLENTE";28988;"OUTROS RECURSOS, FUNDO ESPECIAL";"Recursos de Financiamento Coletivo, Recursos de partido político";"N"
250000811423;"CRISTIANE VIVIAN ALVES GOMES";"#NULO";"PODE";"FEMININO";"SUPERIOR COMPLETO";"CASADO(A)";"BRANCA";"ADVOGADO";"APTO";30000;597;"SUPLENTE";12940;"FUNDO ESPECIAL";"Recursos de partido político";"N"
250000811431;"FELIPE SOUZA MURAKAMI DE FRANCO";"#NULO";"PODE";"MASCULINO";"SUPERIOR COMPLETO";"DIVORCIADO(A)";"PARDA";"EMPRESÁRIO";"APTO";793062,14;18848;"SUPLENTE";106600;"FUNDO ESPECIAL";"Recursos de partido político";"N"
250000811437;"CARLOS DA FONSECA NADAIS";"#NULO";"PODE";"MASCULINO";"SUPERIOR COMPLETO";"DIVORCIADO(A)";"BRANCA";"PROFESSOR DE ENSINO SUPERIOR";"APTO";NA;1136;"SUPLENTE";2820;"FUNDO ESPECIAL";"Recursos de partido político";"N"
250000811401;"MARIO COVAS NETO";"#NULO";"PODE";"MASCULINO";"SUPERIOR COMPLETO";"CASADO(A)";"BRANCA";"ADVOGADO";"APTO";297472,35;10568;"SUPLENTE";511000;"OUTROS RECURSOS, FUNDO ESPECIAL";"Recursos de pessoas físicas, Recursos de partido político";"N"
250000811419;"SERGIO RICARDO RIBEIRO DE OLIVEIRA";"#NULO";"PODE";"MASCULINO";"ENSINO FUNDAMENTAL INCOMPLETO";"SOLTEIRO(A)";"PRETA";"MOTORISTA DE VEÍCULOS DE TRANSPORTE COLETIVO DE PASSAGEIROS";"APTO";NA;2989;"SUPLENTE";2833,4;"OUTROS RECURSOS, FUNDO ESPECIAL";"Recursos de pessoas físicas, Recursos de partido político";"N"
250000811453;"DANILO ERRERIA CORTEZ DE SOUZA";"#NULO";"PODE";"MASCULINO";"SUPERIOR INCOMPLETO";"SOLTEIRO(A)";"BRANCA";"OUTROS";"APTO";36260,9;19024;"ELEITO POR MÉDIA";124470;"OUTROS RECURSOS, FUNDO ESPECIAL";"Recursos de pessoas físicas, Recursos de partido político";"N"
250001041995;"JULIANA KOHAN DE GOES MONTEIRO";"#NULO";"PRTB";"FEMININO";"SUPERIOR COMPLETO";"DIVORCIADO(A)";"BRANCA";"FARMACÊUTICO";"APTO";NA;370;"NÃO ELEITO";910;"OUTROS RECURSOS";"Recursos de Financiamento Coletivo";"N"
250001042010;"EDUARDO ANTONIO PLATON BEZERRA OLIVEIRA TEIXEIRA";"#NULO";"PRTB";"MASCULINO";"SUPERIOR COMPLETO";"CASADO(A)";"BRANCA";"ADMINISTRADOR";"APTO";594451,06;905;"NÃO ELEITO";70617,41;"OUTROS RECURSOS";"Recursos de pessoas físicas, Recursos próprios, Recursos de Financiamento Coletivo, Recursos de origens não identificadas";"N"
250001041967;"JOSE NILTON GOMES DOS SANTOS";"#NULO";"PRTB";"MASCULINO";"SUPERIOR COMPLETO";"SOLTEIRO(A)";"BRANCA";"POLICIAL MILITAR";"APTO";NA;168;"NÃO ELEITO";599,89;"OUTROS RECURSOS, FUNDO PARTIDARIO";"Recursos próprios, Recursos de partido político";"N"
250001041983;"GENES FERNANDES DE LIMA NETO";"#NULO";"PRTB";"MASCULINO";"SUPERIOR INCOMPLETO";"CASADO(A)";"BRANCA";"ESTUDANTE, BOLSISTA, ESTAGIÁRIO E ASSEMELHADOS";"APTO";30000;29;"NÃO ELEITO";0;"#NULO";"#NULO";"N"
250001041980;"LUCIANE MOREIRA DE SOUZA";"#NULO";"PRTB";"FEMININO";"SUPERIOR COMPLETO";"SOLTEIRO(A)";"BRANCA";"OUTROS";"APTO";410545;96;"NÃO ELEITO";941,5;"FUNDO PARTIDARIO";"Recursos de partido político";"N"
250001041972;"JORGE KEVORK KALENDERIAN";"#NULO";"PRTB";"MASCULINO";"SUPERIOR COMPLETO";"CASADO(A)";"BRANCA";"ENGENHEIRO";"APTO";4e+05;1244;"NÃO ELEITO";10291,95;"OUTROS RECURSOS";"Recursos de pessoas físicas, Recursos de Financiamento Coletivo, Recursos próprios";"N"
250001041948;"RIVERIA LINS DA SILVA";"#NULO";"PRTB";"FEMININO";"ENSINO MÉDIO INCOMPLETO";"DIVORCIADO(A)";"BRANCA";"OUTROS";"APTO";55000;395;"NÃO ELEITO";40,2;"OUTROS RECURSOS";"Recursos próprios";"N"
250001041971;"CRISTIANA LELES SAMPAIO";"#NULO";"PRTB";"FEMININO";"ENSINO MÉDIO COMPLETO";"DIVORCIADO(A)";"BRANCA";"OUTROS";"APTO";NA;7;"NÃO ELEITO";0;"#NULO";"#NULO";"N"
250001041998;"PAULO ANDERSON JESUS FRANCO";"#NULO";"PRTB";"MASCULINO";"ENSINO FUNDAMENTAL COMPLETO";"SOLTEIRO(A)";"BRANCA";"ANALISTA DE SISTEMAS";"APTO";NA;39;"NÃO ELEITO";0;"#NULO";"#NULO";"N"
250001042003;"RENATA CARVALHO RIBEIRO GIMENEZ";"#NULO";"PRTB";"FEMININO";"ENSINO MÉDIO COMPLETO";"DIVORCIADO(A)";"BRANCA";"DIRETOR DE EMPRESAS";"APTO";NA;3;"NÃO ELEITO";0;"#NULO";"#NULO";"N"
250001259480;"LUCIANO ANANIAS DOS SANTOS";"#NULO";"PRTB";"MASCULINO";"ENSINO MÉDIO COMPLETO";"CASADO(A)";"PARDA";"EMPRESÁRIO";"APTO";1577274,11;235;"NÃO ELEITO";0;"#NULO";"#NULO";"N"
250001042000;"EDILEUZA VIEIRA CESTER";"#NULO";"PRTB";"FEMININO";"SUPERIOR COMPLETO";"SOLTEIRO(A)";"BRANCA";"PUBLICITÁRIO";"APTO";3354197,37;296;"NÃO ELEITO";1677,6;"OUTROS RECURSOS";"Recursos próprios";"N"
250000706706;"ANDRÉ MARTINS MACHADO";"#NULO";"PV";"MASCULINO";"ENSINO MÉDIO COMPLETO";"CASADO(A)";"PARDA";"COMERCIANTE";"APTO";NA;31;"SUPLENTE";0;"#NULO";"#NULO";"N"
250000706698;"ROBERTO HENRIQUE DO NASCIMENTO";"#NULO";"PV";"MASCULINO";"ENSINO FUNDAMENTAL COMPLETO";"CASADO(A)";"PARDA";"OUTROS";"APTO";51000;407;"SUPLENTE";5000;"FUNDO ESPECIAL";"Recursos de partido político";"N"
250000706710;"JOSE MARIA TRINDADE BRANDÃO";"#NULO";"PV";"MASCULINO";"SUPERIOR COMPLETO";"CASADO(A)";"BRANCA";"OUTROS";"APTO";128239,07;10803;"SUPLENTE";45000;"OUTROS RECURSOS, FUNDO ESPECIAL";"Recursos próprios, Recursos de pessoas físicas, Recursos de partido político";"N"
250000706732;"CRISTIANE ALEXANDRE MENDES";"#NULO";"PV";"FEMININO";"SUPERIOR COMPLETO";"SOLTEIRO(A)";"PRETA";"CANTOR E COMPOSITOR";"APTO";NA;315;"SUPLENTE";17400;"FUNDO ESPECIAL, OUTROS RECURSOS";"Recursos de partido político, Recursos próprios";"N"
250000706752;"MARCELO CAETANO ESTEVES";"#NULO";"PV";"MASCULINO";"ENSINO MÉDIO COMPLETO";"DIVORCIADO(A)";"BRANCA";"GERENTE";"APTO";NA;185;"SUPLENTE";750;"OUTROS RECURSOS";"Recursos próprios";"N"
250000706696;"LOURENILSON JOSÉ DE SOUZA";"#NULO";"PV";"MASCULINO";"SUPERIOR COMPLETO";"SOLTEIRO(A)";"BRANCA";"MÉDICO";"APTO";1515000;647;"SUPLENTE";750;"OUTROS RECURSOS";"Recursos de pessoas físicas";"N"
250000706711;"FLORISVALDO PALMEIRA ALVES";"#NULO";"PV";"MASCULINO";"ENSINO MÉDIO COMPLETO";"SOLTEIRO(A)";"BRANCA";"OUTROS";"APTO";70000;505;"SUPLENTE";2405;"FUNDO ESPECIAL, OUTROS RECURSOS";"Recursos de partido político, Recursos de pessoas físicas";"N"
250000706694;"MARIA DAS DORES ALVES SILVA";"#NULO";"PV";"FEMININO";"ENSINO MÉDIO COMPLETO";"SOLTEIRO(A)";"BRANCA";"DONA DE CASA";"APTO";NA;398;"SUPLENTE";15000;"FUNDO ESPECIAL";"Recursos de partido político";"N"
250000706746;"PATRÍCIA DA SILVEIRA FRANÇA";"#NULO";"PV";"FEMININO";"SUPERIOR COMPLETO";"SOLTEIRO(A)";"BRANCA";"CORRETOR DE IMÓVEIS, SEGUROS, TÍTULOS E VALORES";"APTO";NA;355;"SUPLENTE";7600;"OUTROS RECURSOS, FUNDO ESPECIAL";"Recursos de pessoas físicas, Recursos de partido político";"N"
250000925974;"GLAUCIA MAXIMO DOS SANTOS";"#NULO";"PSC";"FEMININO";"SUPERIOR INCOMPLETO";"SOLTEIRO(A)";"PRETA";"OUTROS";"APTO";NA;872;"SUPLENTE";27120;"FUNDO ESPECIAL";"Recursos de partido político";"N"
250000883832;"RICARDO ELIAS IRALLA";"#NULO";"REPUBLICANOS";"MASCULINO";"ENSINO MÉDIO COMPLETO";"DIVORCIADO(A)";"PARDA";"OUTROS";"APTO";120000;415;"SUPLENTE";1907,37;"FUNDO ESPECIAL";"Recursos de partido político";"N"
250000925990;"SERGIO RICARDO DE ALMEIDA DA SILVA";"#NULO";"PSC";"MASCULINO";"SUPERIOR COMPLETO";"SEPARADO(A) JUDICIALMENTE";"BRANCA";"ADVOGADO";"APTO";279388,25;613;"SUPLENTE";7495;"FUNDO ESPECIAL";"Recursos de partido político";"N"
250000925966;"CLEBER VALADÃO ANTUNES";"#NULO";"PSC";"MASCULINO";"ENSINO MÉDIO COMPLETO";"CASADO(A)";"PARDA";"PILOTO DE AVIAÇÃO COMERCIAL, NAVEGADOR, MECÂNICO DE VÔO E ASSEMELHADOS";"APTO";NA;295;"SUPLENTE";17622,2;"OUTROS RECURSOS, FUNDO ESPECIAL";"Recursos próprios, Recursos de pessoas físicas, Recursos de Financiamento Coletivo, Recursos de partido político";"N"
250000883835;"EDINILZA MARTINS DE SOUSA";"#NULO";"REPUBLICANOS";"FEMININO";"SUPERIOR INCOMPLETO";"SOLTEIRO(A)";"PARDA";"TÉCNICO DE ENFERMAGEM E ASSEMELHADOS (EXCETO ENFERMEIRO)";"APTO";NA;43;"SUPLENTE";12217,5;"FUNDO ESPECIAL";"Recursos de partido político";"N"
250000883877;"DJALMA DE SOUZA BENTO";"#NULO";"REPUBLICANOS";"MASCULINO";"SUPERIOR COMPLETO";"CASADO(A)";"PRETA";"ESCRITOR E CRÍTICO";"APTO";13300;695;"SUPLENTE";7406,75;"OUTROS RECURSOS, FUNDO ESPECIAL";"Recursos de pessoas físicas, Recursos próprios, Recursos de partido político";"N"
250000925989;"RODOLFO FRANCISCO DE SOUZA";"#NULO";"PSC";"MASCULINO";"SUPERIOR COMPLETO";"CASADO(A)";"PARDA";"CONTADOR";"APTO";705173,49;5254;"SUPLENTE";68800;"OUTROS RECURSOS, FUNDO PARTIDARIO, FUNDO ESPECIAL";"Recursos de pessoas físicas, Recursos de partido político, Recursos próprios";"N"
250000925931;"ORLANDO JOSÉ LIMA MOREIRA";"#NULO";"PSC";"MASCULINO";"ENSINO MÉDIO COMPLETO";"SOLTEIRO(A)";"BRANCA";"ATENDENTE DE LANCHONETE E RESTAURANTE";"APTO";NA;296;"SUPLENTE";7495;"FUNDO ESPECIAL";"Recursos de partido político";"N"
250000925977;"MARCIA VALERIA MARQUES LOPES SAQUETO";"#NULO";"PSC";"FEMININO";"SUPERIOR COMPLETO";"CASADO(A)";"PARDA";"PUBLICITÁRIO";"APTO";NA;174;"SUPLENTE";19120;"FUNDO ESPECIAL";"Recursos de partido político";"N"
250000883898;"MAURICIO DOMINGOS DE SOUSA";"#NULO";"REPUBLICANOS";"MASCULINO";"ENSINO MÉDIO COMPLETO";"CASADO(A)";"PRETA";"COMERCIANTE";"APTO";NA;896;"SUPLENTE";8034,24;"OUTROS RECURSOS, FUNDO ESPECIAL";"Recursos de pessoas físicas, Recursos de Financiamento Coletivo, Recursos de partido político";"N"
250000883904;"NANCY ORTIZ";"#NULO";"REPUBLICANOS";"FEMININO";"SUPERIOR COMPLETO";"DIVORCIADO(A)";"BRANCA";"OUTROS";"APTO";411000;241;"SUPLENTE";12923,73;"FUNDO ESPECIAL";"Recursos de partido político";"N"
250000925945;"ANDERSON JOSE MUNHOZ";"#NULO";"PSC";"MASCULINO";"SUPERIOR COMPLETO";"CASADO(A)";"BRANCA";"PROFESSOR DE ENSINO FUNDAMENTAL";"APTO";NA;200;"SUPLENTE";9495;"FUNDO ESPECIAL";"Recursos de partido político";"N"
250000925939;"GILDASIO DA SILVA RODRIGUES";"#NULO";"PSC";"MASCULINO";"SUPERIOR INCOMPLETO";"CASADO(A)";"BRANCA";"OUTROS";"APTO";NA;433;"SUPLENTE";11120;"FUNDO ESPECIAL";"Recursos de partido político";"N"
250000883902;"SOLANGE DOS SANTOS SILVA";"#NULO";"REPUBLICANOS";"FEMININO";"ENSINO MÉDIO COMPLETO";"SOLTEIRO(A)";"PARDA";"OUTROS";"APTO";NA;161;"SUPLENTE";17217,5;"FUNDO ESPECIAL";"Recursos de partido político";"N"
250001016191;"JOSÉ PÓLICE NETO";"#NULO";"PSD";"MASCULINO";"SUPERIOR COMPLETO";"SOLTEIRO(A)";"BRANCA";"VEREADOR";"APTO";79192,37;21608;"SUPLENTE";999874;"OUTROS RECURSOS";"Recursos de pessoas físicas, Recursos de Financiamento Coletivo";"S"
250001016167;"ERNANE BUENO DA SILVA";"#NULO";"PSD";"MASCULINO";"SUPERIOR COMPLETO";"CASADO(A)";"PRETA";"ENGENHEIRO";"APTO";30000;737;"SUPLENTE";65121,74;"FUNDO ESPECIAL";"Recursos de partido político";"N"
250001016172;"JOSÉ SILVIO VALDISSERA";"#NULO";"PSD";"MASCULINO";"SUPERIOR COMPLETO";"CASADO(A)";"BRANCA";"ENGENHEIRO";"APTO";14766046,54;1215;"SUPLENTE";20534,19;"OUTROS RECURSOS, FUNDO ESPECIAL";"Recursos próprios, Recursos de partido político";"N"
250001016200;"WALDIR JOSÉ SCHIAVON JÚNIOR";"#NULO";"PSD";"MASCULINO";"SUPERIOR COMPLETO";"CASADO(A)";"BRANCA";"EMPRESÁRIO";"APTO";1188229,8;5248;"SUPLENTE";65211,13;"OUTROS RECURSOS, FUNDO ESPECIAL";"Recursos de pessoas físicas, Recursos de partido político, Recursos próprios";"N"
250001016175;"MARIA LEOPOLDINA MAIA DE OLIVEIRA";"#NULO";"PSD";"FEMININO";"SUPERIOR COMPLETO";"CASADO(A)";"BRANCA";"EMPRESÁRIO";"APTO";741282,04;164;"SUPLENTE";25021,74;"FUNDO ESPECIAL";"Recursos de partido político";"N"
250001016198;"TALITA APARECIDA DE SOUZA OLIVEIRA";"#NULO";"PSD";"FEMININO";"SUPERIOR INCOMPLETO";"SOLTEIRO(A)";"BRANCA";"FISIOTERAPEUTA E TERAPEUTA OCUPACIONAL";"APTO";NA;97;"SUPLENTE";25021,74;"FUNDO ESPECIAL";"Recursos de partido político";"N"
250001016166;"DOUGLAS BARRA DIAS CARLOS";"#NULO";"PSD";"MASCULINO";"ENSINO MÉDIO COMPLETO";"SOLTEIRO(A)";"BRANCA";"MOTORISTA PARTICULAR";"APTO";11258,39;250;"SUPLENTE";10000;"FUNDO ESPECIAL";"Recursos de partido político";"N"
250001016150;"CLEBER JACOB";"#NULO";"PSD";"MASCULINO";"ENSINO MÉDIO COMPLETO";"CASADO(A)";"BRANCA";"TÉCNICO DE ELETRICIDADE, ELETRÔNICA E TELECOMUNICAÇÕES";"APTO";54393,99;5981;"SUPLENTE";6073,5;"OUTROS RECURSOS, FUNDO ESPECIAL";"Recursos próprios, Recursos de Financiamento Coletivo, Recursos de partido político";"N"
250001016157;"ELENICE RAMPAZZO";"#NULO";"PSD";"FEMININO";"SUPERIOR COMPLETO";"SOLTEIRO(A)";"BRANCA";"PUBLICITÁRIO";"APTO";123824,75;429;"SUPLENTE";21750;"FUNDO ESPECIAL, OUTROS RECURSOS";"Recursos de partido político, Recursos de Financiamento Coletivo";"N"
250000640992;"CÁSSIO LUIZ DE OLIVEIRA";"#NULO";"PL";"MASCULINO";"ENSINO MÉDIO COMPLETO";"CASADO(A)";"PARDA";"VIGILANTE";"APTO";17000;184;"SUPLENTE";16170,45;"OUTROS RECURSOS, FUNDO PARTIDARIO, FUNDO ESPECIAL";"Recursos de pessoas físicas, Recursos próprios, Recursos de partido político";"N"
250000641037;"ANTÔNIO DE PAIVA MONTEIRO FILHO";"#NULO";"PL";"MASCULINO";"ENSINO MÉDIO COMPLETO";"CASADO(A)";"BRANCA";"VEREADOR";"APTO";2341397,87;17224;"SUPLENTE";541050;"OUTROS RECURSOS, FUNDO ESPECIAL, FUNDO PARTIDARIO";"Recursos de pessoas físicas, Recursos próprios, Recursos de partido político";"N"
250000640991;"BENONI NASCIMENTO DE MOURA";"#NULO";"PL";"MASCULINO";"ENSINO MÉDIO COMPLETO";"CASADO(A)";"BRANCA";"PORTEIRO DE EDIFÍCIO, ASCENSORISTA, GARAGISTA E ZELADOR";"APTO";3e+05;72;"SUPLENTE";12800;"FUNDO ESPECIAL, FUNDO PARTIDARIO";"Recursos de partido político";"N"
250000640990;"ADRIANO SOARES JUSTINO";"#NULO";"PL";"MASCULINO";"SUPERIOR COMPLETO";"CASADO(A)";"BRANCA";"APOSENTADO (EXCETO SERVIDOR PÚBLICO)";"APTO";160100;979;"SUPLENTE";12800;"FUNDO ESPECIAL, FUNDO PARTIDARIO";"Recursos de partido político";"N"
250000641011;"NELSON FERREIRA FILHO";"#NULO";"PL";"MASCULINO";"SUPERIOR COMPLETO";"DIVORCIADO(A)";"BRANCA";"EMPRESÁRIO";"APTO";51610;1261;"SUPLENTE";15600;"FUNDO ESPECIAL, FUNDO PARTIDARIO";"Recursos de partido político";"N"
250000640994;"DANIELA CRISTINA MIGUEL BRUZARROSCO";"#NULO";"PL";"FEMININO";"SUPERIOR COMPLETO";"CASADO(A)";"BRANCA";"POLICIAL CIVIL";"APTO";NA;493;"SUPLENTE";67800;"FUNDO ESPECIAL, FUNDO PARTIDARIO";"Recursos de partido político";"N"
250000640996;"FRANCISCO ANTÔNIO BENEVENUTTO PENTEADO";"#NULO";"PL";"MASCULINO";"SUPERIOR COMPLETO";"SOLTEIRO(A)";"BRANCA";"EMPRESÁRIO";"APTO";150400;117;"SUPLENTE";10800;"FUNDO ESPECIAL, FUNDO PARTIDARIO";"Recursos de partido político";"N"
250000641022;"ALESSANDRA ALMEIDA PEREIRA";"#NULO";"PL";"FEMININO";"ENSINO FUNDAMENTAL INCOMPLETO";"SOLTEIRO(A)";"PARDA";"DONA DE CASA";"APTO";13756,75;232;"SUPLENTE";12800;"FUNDO ESPECIAL, FUNDO PARTIDARIO";"Recursos de partido político";"N"
250000641016;"MAYKON ALEXANDRE BARROS";"#NULO";"PL";"MASCULINO";"SUPERIOR COMPLETO";"SOLTEIRO(A)";"BRANCA";"ENGENHEIRO";"APTO";55522;236;"SUPLENTE";14560,45;"OUTROS RECURSOS, FUNDO PARTIDARIO, FUNDO ESPECIAL";"Recursos de pessoas físicas, Recursos próprios, Recursos de partido político";"N"
250000641041;"THAMMY BRITO DE MIRANDA E SILVA";"#NULO";"PL";"MASCULINO";"ENSINO FUNDAMENTAL INCOMPLETO";"CASADO(A)";"BRANCA";"ATOR E DIRETOR DE ESPETÁCULOS PÚBLICOS";"APTO";NA;43321;"ELEITO POR QP";185780;"OUTROS RECURSOS, FUNDO ESPECIAL, FUNDO PARTIDARIO";"Recursos de pessoas físicas, Recursos de partido político";"N"
250000641023;"ANTONIO DAMASCENO BORGES FILHO";"#NULO";"PL";"MASCULINO";"ENSINO FUNDAMENTAL COMPLETO";"CASADO(A)";"PARDA";"EMPRESÁRIO";"APTO";55290;387;"SUPLENTE";15600;"FUNDO PARTIDARIO, FUNDO ESPECIAL";"Recursos de partido político";"N"
250001159226;"AGNA BEZERRA LIMA";"#NULO";"PROS";"FEMININO";"ENSINO MÉDIO COMPLETO";"SOLTEIRO(A)";"PARDA";"AUXILIAR DE ESCRITÓRIO E ASSEMELHADOS";"APTO";NA;16;"NÃO ELEITO";5157,7;"OUTROS RECURSOS, FUNDO PARTIDARIO";"Recursos de outros candidatos, Recursos de partido político";"N"
250001159233;"ROBSON AMAURI TRINDADE";"#NULO";"PROS";"MASCULINO";"SUPERIOR COMPLETO";"CASADO(A)";"BRANCA";"PROFESSOR DE ENSINO SUPERIOR";"APTO";NA;265;"NÃO ELEITO";6276,7;"OUTROS RECURSOS, FUNDO PARTIDARIO, FUNDO ESPECIAL";"Recursos de outros candidatos, Recursos de partido político";"N"
250001159239;"JOSELMA MOURA DE LIMA";"#NULO";"PROS";"FEMININO";"SUPERIOR COMPLETO";"SOLTEIRO(A)";"BRANCA";"ADMINISTRADOR";"APTO";NA;107;"NÃO ELEITO";15276,7;"OUTROS RECURSOS, FUNDO ESPECIAL, FUNDO PARTIDARIO";"Recursos de outros candidatos, Recursos de partido político";"N"
250001159205;"BENTO SILVA DE JESUS FILHO";"#NULO";"PROS";"MASCULINO";"SUPERIOR INCOMPLETO";"SOLTEIRO(A)";"PARDA";"MASSAGISTA";"APTO";2e+05;306;"NÃO ELEITO";7276,7;"OUTROS RECURSOS, FUNDO ESPECIAL, FUNDO PARTIDARIO";"Recursos de outros candidatos, Recursos de partido político";"N"
250001159235;"JEFFERSON RIPI DA SILVA";"#NULO";"PROS";"MASCULINO";"SUPERIOR COMPLETO";"DIVORCIADO(A)";"BRANCA";"TÉCNICO CONTABILIDADE, ESTATÍSTICA, ECONOMIA DOMÉSTICA E ADMINISTRAÇÃO";"APTO";4e+05;145;"NÃO ELEITO";0;"#NULO";"#NULO";"N"
250000944998;"ELTON FRANCISCO ROMÃO";"#NULO";"CIDADANIA";"MASCULINO";"SUPERIOR COMPLETO";"CASADO(A)";"BRANCA";"TÉCNICO CONTABILIDADE, ESTATÍSTICA, ECONOMIA DOMÉSTICA E ADMINISTRAÇÃO";"APTO";20797,59;466;"NÃO ELEITO";8488,16;"OUTROS RECURSOS";"Recursos próprios, Recursos de pessoas físicas, Recursos de partido político";"N"
250000944968;"EDSON FERREIRA DE JESUS";"#NULO";"CIDADANIA";"MASCULINO";"ENSINO MÉDIO COMPLETO";"CASADO(A)";"PARDA";"OUTROS";"APTO";20000;72;"NÃO ELEITO";NA;NA;NA;"N"
250000944999;"EDMILSON SANTOS DE SOUZA";"#NULO";"CIDADANIA";"MASCULINO";"SUPERIOR INCOMPLETO";"SOLTEIRO(A)";"PRETA";"MÚSICO";"APTO";50000;161;"NÃO ELEITO";2138,16;"OUTROS RECURSOS";"Recursos de partido político";"N"
250000945019;"MORGAN AUGUSTO DE OLIVEIRA";"#NULO";"CIDADANIA";"MASCULINO";"SUPERIOR COMPLETO";"SOLTEIRO(A)";"PRETA";"ADVOGADO";"APTO";185520,13;194;"NÃO ELEITO";2000;"OUTROS RECURSOS";"Recursos próprios";"N"
250000944988;"GILBERTO VENTURAS";"#NULO";"CIDADANIA";"MASCULINO";"ENSINO MÉDIO COMPLETO";"CASADO(A)";"BRANCA";"SACERDOTE OU MEMBRO DE ORDEM OU SEITA RELIGIOSA";"APTO";512450;1949;"NÃO ELEITO";43254,28;"OUTROS RECURSOS, FUNDO ESPECIAL";"Recursos de pessoas físicas, Recursos de partido político, Recursos próprios, Recursos de Financiamento Coletivo";"N"
250000945015;"MARINA LUIZA RODRIGUES MOLINA LOPES";"#NULO";"CIDADANIA";"FEMININO";"SUPERIOR COMPLETO";"SOLTEIRO(A)";"BRANCA";"OUTROS";"APTO";203299,88;8093;"NÃO ELEITO";311720,16;"OUTROS RECURSOS, FUNDO PARTIDARIO, FUNDO ESPECIAL";"Recursos de pessoas físicas, Recursos próprios, Recursos de Financiamento Coletivo, Recursos de partido político";"N"
250000945009;"CLAUDIO GOMES FONSECA";"#NULO";"CIDADANIA";"MASCULINO";"SUPERIOR COMPLETO";"CASADO(A)";"PRETA";"VEREADOR";"APTO";2287396,8;15219;"NÃO ELEITO";93488,16;"OUTROS RECURSOS, FUNDO ESPECIAL";"Recursos de pessoas físicas, Recursos de partido político, Recursos próprios";"S"
250000944984;"ELAINE CARNEIRO DOS SANTOS";"#NULO";"CIDADANIA";"FEMININO";"SUPERIOR COMPLETO";"SOLTEIRO(A)";"PRETA";"ADVOGADO";"APTO";NA;462;"NÃO ELEITO";0;"#NULO";"#NULO";"N"
250000944969;"ELIONILDES DE ALMEIDA SOUSA FERREIRA";"#NULO";"CIDADANIA";"FEMININO";"SUPERIOR COMPLETO";"CASADO(A)";"PARDA";"COMERCIANTE";"APTO";581700;396;"NÃO ELEITO";9638,16;"OUTROS RECURSOS, FUNDO ESPECIAL";"Recursos próprios, Recursos de pessoas físicas, Recursos de partido político";"N"
250000944973;"GILSON CORREIA DE MELO";"#NULO";"CIDADANIA";"MASCULINO";"ENSINO MÉDIO COMPLETO";"SOLTEIRO(A)";"PARDA";"CORRETOR DE IMÓVEIS, SEGUROS, TÍTULOS E VALORES";"APTO";NA;88;"NÃO ELEITO";1870,37;"FUNDO PARTIDARIO";"Recursos de partido político";"N"
250000945007;"EDISON DELLA MONICA";"#NULO";"CIDADANIA";"MASCULINO";"ENSINO MÉDIO COMPLETO";"CASADO(A)";"BRANCA";"APOSENTADO (EXCETO SERVIDOR PÚBLICO)";"APTO";2e+05;121;"NÃO ELEITO";8938,16;"OUTROS RECURSOS, FUNDO ESPECIAL";"Recursos próprios, Recursos de pessoas físicas, Recursos de partido político";"N"
250000945018;"VALDENY SILVA";"#NULO";"CIDADANIA";"MASCULINO";"ENSINO FUNDAMENTAL COMPLETO";"CASADO(A)";"PARDA";"OUTROS";"APTO";NA;628;"NÃO ELEITO";12138,16;"OUTROS RECURSOS, FUNDO PARTIDARIO";"Recursos próprios, Recursos de partido político, Recursos de pessoas físicas";"N"
250001206067;"ARNALDO TORRES DE MAGALHAES FILHO";"#NULO";"AVANTE";"MASCULINO";"SUPERIOR INCOMPLETO";"CASADO(A)";"BRANCA";"OUTROS";"APTO";NA;212;"NÃO ELEITO";0;"#NULO";"#NULO";"N"
250001206074;"MARCIA CRISTINA DINIZ";"#NULO";"AVANTE";"FEMININO";"SUPERIOR COMPLETO";"DIVORCIADO(A)";"BRANCA";"REPRESENTANTE COMERCIAL";"APTO";NA;358;"NÃO ELEITO";5900;"OUTROS RECURSOS, FUNDO ESPECIAL";"Recursos próprios, Recursos de pessoas físicas, Recursos de partido político";"N"
250001206028;"ZENILTON BEZERRA DE MELO";"#NULO";"AVANTE";"MASCULINO";"ENSINO MÉDIO COMPLETO";"CASADO(A)";"BRANCA";"COMERCIANTE";"APTO";NA;225;"NÃO ELEITO";0;"#NULO";"#NULO";"N"
250001206052;"FRANCISCO ITAMAR DE OLIVEIRA";"#NULO";"AVANTE";"MASCULINO";"SUPERIOR COMPLETO";"CASADO(A)";"BRANCA";"JORNALISTA E REDATOR";"APTO";70000;3256;"NÃO ELEITO";77500;"FUNDO ESPECIAL, OUTROS RECURSOS";"Recursos de partido político, Recursos de pessoas físicas";"N"
250001206033;"EVÂNIO MARCELINO";"#NULO";"AVANTE";"MASCULINO";"SUPERIOR INCOMPLETO";"CASADO(A)";"PARDA";"TÉCNICO DE ENFERMAGEM E ASSEMELHADOS (EXCETO ENFERMEIRO)";"APTO";NA;204;"NÃO ELEITO";0;"#NULO";"#NULO";"N"
250001206057;"RODRIGO SALES BARBOSA";"#NULO";"AVANTE";"MASCULINO";"SUPERIOR COMPLETO";"SOLTEIRO(A)";"BRANCA";"SERVIDOR PÚBLICO ESTADUAL";"APTO";NA;197;"NÃO ELEITO";0;"#NULO";"#NULO";"N"
250001206107;"JOABE ALMEIDA DOS SANTOS";"#NULO";"AVANTE";"MASCULINO";"ENSINO MÉDIO COMPLETO";"CASADO(A)";"PARDA";"MOTORISTA DE VEÍCULOS DE TRANSPORTE COLETIVO DE PASSAGEIROS";"APTO";NA;95;"NÃO ELEITO";0;"#NULO";"#NULO";"N"
250001206069;"LEILA PADOVAN NERES DA SILVA";"#NULO";"AVANTE";"FEMININO";"SUPERIOR COMPLETO";"SOLTEIRO(A)";"BRANCA";"TELEFONISTA";"APTO";NA;74;"NÃO ELEITO";0;"#NULO";"#NULO";"N"
250001206077;"ROBERTO SEVERINO DA SILVA";"#NULO";"AVANTE";"MASCULINO";"SUPERIOR COMPLETO";"CASADO(A)";"BRANCA";"REPRESENTANTE COMERCIAL";"APTO";NA;931;"NÃO ELEITO";0;"#NULO";"#NULO";"N"
250001206054;"IARA BORGES";"#NULO";"AVANTE";"FEMININO";"ENSINO MÉDIO COMPLETO";"SOLTEIRO(A)";"BRANCA";"OUTROS";"APTO";NA;207;"NÃO ELEITO";2000;"FUNDO ESPECIAL";"Recursos de partido político";"N"
250001206102;"JOZAINE CRISTINE EVANGELISTA DOS SANTOS SOUZA";"#NULO";"AVANTE";"FEMININO";"SUPERIOR INCOMPLETO";"CASADO(A)";"PRETA";"CORRETOR DE IMÓVEIS, SEGUROS, TÍTULOS E VALORES";"APTO";NA;57;"NÃO ELEITO";3000;"FUNDO ESPECIAL";"Recursos de partido político";"N"
250001119909;"THABATA ALCANTARA FERREIRA GANGA";"#NULO";"PDT";"FEMININO";"SUPERIOR COMPLETO";"SOLTEIRO(A)";"BRANCA";"EMPRESÁRIO";"APTO";35000;2375;"NÃO ELEITO";35720,57;"OUTROS RECURSOS, FUNDO ESPECIAL";"Recursos de pessoas físicas, Recursos de outros candidatos, Recursos de Financiamento Coletivo, Recursos de partido político";"N"
250001119850;"DETINHO LOURENÇO DE LIMA";"#NULO";"PDT";"MASCULINO";"ENSINO MÉDIO COMPLETO";"SOLTEIRO(A)";"PARDA";"OUTROS";"APTO";3e+05;73;"NÃO ELEITO";1100;"FUNDO ESPECIAL";"Recursos de outros candidatos";"N"
250001262682;"BRUNO VIEIRA MAIA";"#NULO";"PDT";"MASCULINO";"SUPERIOR COMPLETO";"SOLTEIRO(A)";"BRANCA";"CORRETOR DE IMÓVEIS, SEGUROS, TÍTULOS E VALORES";"APTO";NA;1721;"NÃO ELEITO";3194;"OUTROS RECURSOS";"Recursos de pessoas físicas, Recursos de Financiamento Coletivo";"N"
250001119908;"SOPHIA MOURA DE CAMPOS VERGUEIRO";"#NULO";"PDT";"FEMININO";"SUPERIOR COMPLETO";"SOLTEIRO(A)";"PARDA";"PROFESSOR DE ENSINO MÉDIO";"APTO";NA;281;"NÃO ELEITO";13915,57;"OUTROS RECURSOS, FUNDO ESPECIAL";"Recursos de Financiamento Coletivo, Recursos de partido político, Recursos de pessoas físicas, Recursos de outros candidatos";"N"
250001119921;"SERGIO ROBERTO RIBEIRO DOS SANTOS";"#NULO";"PDT";"MASCULINO";"ENSINO MÉDIO COMPLETO";"CASADO(A)";"PRETA";"OUTROS";"APTO";NA;245;"NÃO ELEITO";8195,57;"FUNDO ESPECIAL";"Recursos de outros candidatos, Recursos de partido político";"N"
250001119865;"ALEX SANDRO FERREIRA DA SILVA";"#NULO";"PDT";"MASCULINO";"ENSINO MÉDIO COMPLETO";"CASADO(A)";"PRETA";"VENDEDOR DE COMÉRCIO VAREJISTA E ATACADISTA";"APTO";NA;812;"NÃO ELEITO";6545,57;"FUNDO ESPECIAL";"Recursos de outros candidatos, Recursos de partido político";"N"
250001119897;"GABRIEL CASSIANO CARVALHO NEVES FINZETTO";"#NULO";"PDT";"MASCULINO";"ENSINO MÉDIO COMPLETO";"SOLTEIRO(A)";"BRANCA";"ESTUDANTE, BOLSISTA, ESTAGIÁRIO E ASSEMELHADOS";"APTO";NA;2393;"NÃO ELEITO";127969,07;"OUTROS RECURSOS, FUNDO ESPECIAL";"Recursos de pessoas físicas, Recursos de Financiamento Coletivo, Recursos de partido político, Recursos de outros candidatos";"N"
250001119855;"FRANCISCO ROGÉRIO DOS SANTOS";"#NULO";"PDT";"MASCULINO";"SUPERIOR COMPLETO";"SOLTEIRO(A)";"PARDA";"OUTROS";"APTO";2000;220;"NÃO ELEITO";7095,57;"FUNDO ESPECIAL";"Recursos de outros candidatos, Recursos de partido político";"N"
250001119911;"VIVIANE DE ALMEIDA";"#NULO";"PDT";"FEMININO";"SUPERIOR COMPLETO";"SOLTEIRO(A)";"PARDA";"OUTROS";"APTO";NA;73;"NÃO ELEITO";8395,57;"FUNDO ESPECIAL";"Recursos de partido político, Recursos de outros candidatos";"N"
250001119866;"GLEIBSON JOSÉ DA SILVA";"#NULO";"PDT";"MASCULINO";"ENSINO FUNDAMENTAL INCOMPLETO";"SEPARADO(A) JUDICIALMENTE";"PARDA";"OUTROS";"APTO";NA;250;"NÃO ELEITO";11345,09;"OUTROS RECURSOS, FUNDO ESPECIAL";"Recursos de pessoas físicas, Recursos de Financiamento Coletivo, Recursos próprios, Recursos de outros candidatos";"N"
250001119867;"SEVERINO MOREIRA";"#NULO";"PDT";"MASCULINO";"ENSINO MÉDIO COMPLETO";"SOLTEIRO(A)";"PARDA";"PADEIRO, CONFEITEIRO E ASSEMELHADOS";"APTO";6900;347;"NÃO ELEITO";7245,57;"FUNDO ESPECIAL, OUTROS RECURSOS";"Recursos de outros candidatos, Recursos de partido político, Recursos de pessoas físicas";"N"
250001119873;"JONAS MARILAN PICIRILLO";"#NULO";"PDT";"MASCULINO";"SUPERIOR COMPLETO";"SOLTEIRO(A)";"BRANCA";"ADMINISTRADOR";"APTO";7000;26;"NÃO ELEITO";0;"#NULO";"#NULO";"N"
250001119849;"ROBERTO MARTINS ALVES RIBEIRO";"#NULO";"PDT";"MASCULINO";"ENSINO MÉDIO COMPLETO";"SOLTEIRO(A)";"PRETA";"OUTROS";"APTO";NA;21;"NÃO ELEITO";7095,57;"FUNDO ESPECIAL";"Recursos de partido político, Recursos de outros candidatos";"N"
250001119875;"ADILIO DA ROCHA OLIVEIRA";"#NULO";"PDT";"MASCULINO";"SUPERIOR INCOMPLETO";"DIVORCIADO(A)";"BRANCA";"COMERCIANTE";"APTO";NA;271;"NÃO ELEITO";6495,57;"FUNDO ESPECIAL";"Recursos de partido político, Recursos de outros candidatos";"N"
250001119914;"LETICIA GABRIELLA DA CRUZ SILVA";"#NULO";"PDT";"FEMININO";"SUPERIOR COMPLETO";"SOLTEIRO(A)";"PRETA";"OUTROS";"APTO";NA;1341;"NÃO ELEITO";27061;"OUTROS RECURSOS, FUNDO ESPECIAL";"Recursos de pessoas físicas, Recursos de partido político, Recursos de outros candidatos, Recursos de Financiamento Coletivo, Recursos próprios";"N"
250001100737;"ROSELI GOMES";"#NULO";"PMB";"FEMININO";"SUPERIOR COMPLETO";"DIVORCIADO(A)";"BRANCA";"APOSENTADO (EXCETO SERVIDOR PÚBLICO)";"APTO";231920,67;141;"NÃO ELEITO";14;"OUTROS RECURSOS";"Recursos próprios";"N"
250001100733;"WILSON JAMBERG";"#NULO";"PMB";"MASCULINO";"SUPERIOR COMPLETO";"VIÚVO(A)";"BRANCA";"ADVOGADO";"APTO";255500;463;"NÃO ELEITO";950;"OUTROS RECURSOS";"Recursos próprios";"N"
250001100736;"CARLOS EDUARDO SILVA DOS SANTOS";"#NULO";"PMB";"MASCULINO";"SUPERIOR COMPLETO";"SOLTEIRO(A)";"PRETA";"ADMINISTRADOR";"APTO";150000;481;"NÃO ELEITO";0;"#NULO";"#NULO";"N"
250000789461;"SONIA MARIA COELHO GOMES ORELLANA";"#NULO";"PT";"FEMININO";"SUPERIOR COMPLETO";"CASADO(A)";"BRANCA";"ASSISTENTE SOCIAL";"APTO";917210,29;2717;"SUPLENTE";105046,5;"OUTROS RECURSOS, FUNDO ESPECIAL";"Recursos de pessoas físicas, Recursos de outros candidatos, Recursos de Financiamento Coletivo, Recursos de partido político";"N"
250000789452;"YAGO MATEUS VELOSO RODRIGUES";"#NULO";"PT";"MASCULINO";"ENSINO MÉDIO COMPLETO";"SOLTEIRO(A)";"PARDA";"OUTROS";"APTO";NA;411;"SUPLENTE";13373;"FUNDO ESPECIAL";"Recursos de partido político, Recursos de outros candidatos";"N"
250000789476;"MANOEL DEL RIO BLAS FILHO";"#NULO";"PT";"MASCULINO";"SUPERIOR COMPLETO";"DIVORCIADO(A)";"BRANCA";"ADVOGADO";"APTO";1185150;23075;"SUPLENTE";386153,4;"OUTROS RECURSOS, FUNDO ESPECIAL";"Recursos de pessoas físicas, Recursos próprios, Recursos de partido político, Recursos de outros candidatos";"N"
250000789496;"JANAINA DA CONCEIÇÃO CERQUEIRA XAVIER";"#NULO";"PT";"FEMININO";"ENSINO FUNDAMENTAL INCOMPLETO";"SOLTEIRO(A)";"PRETA";"OUTROS";"APTO";NA;238;"SUPLENTE";27883,5;"FUNDO ESPECIAL";"Recursos de outros candidatos, Recursos de partido político";"N"
250000789474;"JOÃO ANANIAS MOREIRA SILVA";"#NULO";"PT";"MASCULINO";"SUPERIOR COMPLETO";"SOLTEIRO(A)";"BRANCA";"ADVOGADO";"APTO";864014,51;16821;"SUPLENTE";174303,5;"OUTROS RECURSOS, FUNDO ESPECIAL";"Recursos de pessoas físicas, Recursos próprios, Recursos de partido político, Recursos de outros candidatos";"N"
250000789527;"JOSÉ ANTONIO AVELINO DOS SANTOS";"#NULO";"PT";"MASCULINO";"SUPERIOR INCOMPLETO";"SOLTEIRO(A)";"BRANCA";"OUTROS";"APTO";NA;304;"SUPLENTE";6373,5;"FUNDO ESPECIAL";"Recursos de partido político, Recursos de outros candidatos";"N"
250000789483;"FRANCISCO QUEIROZ GODINHO";"#NULO";"PT";"MASCULINO";"SUPERIOR COMPLETO";"CASADO(A)";"PRETA";"PROFESSOR DE ENSINO FUNDAMENTAL";"APTO";105601,81;1764;"SUPLENTE";40098,5;"FUNDO ESPECIAL, OUTROS RECURSOS";"Recursos de partido político, Recursos de outros candidatos, Recursos de pessoas físicas";"N"
250000789478;"NORMANDO COSTA DE ANDRADE FILHO";"#NULO";"PT";"MASCULINO";"SUPERIOR INCOMPLETO";"SOLTEIRO(A)";"PRETA";"OUTROS";"APTO";NA;898;"SUPLENTE";23373,5;"FUNDO ESPECIAL";"Recursos de partido político, Recursos de outros candidatos";"N"
250000789522;"JULIANA CARDOSO";"#NULO";"PT";"FEMININO";"SUPERIOR COMPLETO";"CASADO(A)";"INDÍGENA";"VEREADOR";"APTO";327497,88;28402;"ELEITO POR QP";479243,19;"OUTROS RECURSOS, FUNDO ESPECIAL, FUNDO PARTIDARIO";"Recursos de pessoas físicas, Doações pela Internet, Recursos de Financiamento Coletivo, Recursos de outros candidatos, Recursos de partido político, Recursos próprios";"N"
250000789515;"VANDERLEI MATHEUS RODRIGUES";"#NULO";"PT";"MASCULINO";"SUPERIOR COMPLETO";"CASADO(A)";"BRANCA";"OUTROS";"APTO";156000;282;"SUPLENTE";6390,45;"FUNDO ESPECIAL, OUTROS RECURSOS";"Recursos de partido político, Recursos próprios, Recursos de outros candidatos";"N"
250000789521;"JORGE ROGERIO PEQUIN";"#NULO";"PT";"MASCULINO";"SUPERIOR COMPLETO";"SOLTEIRO(A)";"BRANCA";"PROFESSOR DE ENSINO MÉDIO";"APTO";NA;139;"SUPLENTE";8073,5;"FUNDO ESPECIAL";"Recursos de outros candidatos, Recursos de partido político";"N"
250000789459;"ÂNGELA RODRIGUES DOS SANTOS GOMES";"#NULO";"PT";"FEMININO";"SUPERIOR COMPLETO";"CASADO(A)";"BRANCA";"PROFESSOR DE ENSINO FUNDAMENTAL";"APTO";NA;301;"SUPLENTE";19418,5;"OUTROS RECURSOS, FUNDO ESPECIAL";"Recursos de pessoas físicas, Recursos de outros candidatos, Recursos de partido político";"N"
250000789447;"GARRY DERALUS";"#NULO";"PT";"MASCULINO";"ENSINO MÉDIO COMPLETO";"SOLTEIRO(A)";"PRETA";"COZINHEIRO";"APTO";NA;938;"SUPLENTE";27973,5;"OUTROS RECURSOS, FUNDO ESPECIAL";"Recursos de pessoas físicas, Recursos de partido político, Recursos de outros candidatos";"N"
250000789505;"ANDRÉ LUIZ DOS SANTOS";"#NULO";"PT";"MASCULINO";"SUPERIOR COMPLETO";"SOLTEIRO(A)";"BRANCA";"OUTROS";"APTO";186000;559;"SUPLENTE";25273,5;"OUTROS RECURSOS, FUNDO ESPECIAL";"Recursos de pessoas físicas, Recursos de partido político, Recursos de outros candidatos";"N"
250000789517;"ROGÉRIO ALVES DA SILVA PONCIANO";"#NULO";"PT";"MASCULINO";"ENSINO MÉDIO COMPLETO";"SOLTEIRO(A)";"BRANCA";"CORRETOR DE IMÓVEIS, SEGUROS, TÍTULOS E VALORES";"APTO";NA;82;"SUPLENTE";3373,5;"FUNDO ESPECIAL";"Recursos de partido político, Recursos de outros candidatos";"N"
250001129660;"ROBERTA PRADO ALMEIDA";"#NULO";"DC";"FEMININO";"SUPERIOR COMPLETO";"CASADO(A)";"BRANCA";"ADVOGADO";"APTO";NA;111;"NÃO ELEITO";6360,33;"FUNDO ESPECIAL";"Recursos de partido político";"N"
250001129667;"DELVAM BATISTA DE ALMEIDA";"#NULO";"DC";"MASCULINO";"SUPERIOR COMPLETO";"CASADO(A)";"BRANCA";"OUTROS";"APTO";NA;972;"NÃO ELEITO";3872,1;"FUNDO ESPECIAL";"Recursos de partido político";"N"
250001129666;"WILLIAM ABRAO SAAD";"#NULO";"DC";"MASCULINO";"SUPERIOR COMPLETO";"SOLTEIRO(A)";"BRANCA";"MÉDICO";"APTO";7300000,01;189;"NÃO ELEITO";5057,1;"FUNDO ESPECIAL";"Recursos de partido político";"N"
250001129678;"JHESICA LOURES DOS SANTOS BACCARI";"#NULO";"DC";"FEMININO";"SUPERIOR COMPLETO";"CASADO(A)";"BRANCA";"ADVOGADO";"APTO";558000;141;"NÃO ELEITO";8360,33;"OUTROS RECURSOS, FUNDO ESPECIAL";"Recursos de pessoas físicas, Recursos de partido político";"N"
250001088426;"ARMANDO FERREIRO RODRIGUES";"#NULO";"MDB";"MASCULINO";"SUPERIOR COMPLETO";"SOLTEIRO(A)";"BRANCA";"OUTROS";"APTO";NA;7736;"SUPLENTE";29900;"OUTROS RECURSOS";"Recursos de pessoas físicas, Recursos próprios";"N"
250001088427;"ALBERTO GOMES DE OLIVEIRA VIEIRA";"#NULO";"MDB";"MASCULINO";"ENSINO FUNDAMENTAL INCOMPLETO";"SOLTEIRO(A)";"PRETA";"OUTROS";"APTO";NA;1953;"SUPLENTE";21416,8;"OUTROS RECURSOS, FUNDO ESPECIAL";"Recursos de pessoas físicas, Recursos de partido político";"N"
250001088386;"JOSEFA ANADETE DOS SANTOS SILVA";"#NULO";"MDB";"FEMININO";"SUPERIOR INCOMPLETO";"CASADO(A)";"PARDA";"OUTROS";"APTO";NA;765;"SUPLENTE";20000;"FUNDO ESPECIAL";"Recursos de partido político";"N"
250001088403;"FERNANDO MESQUITA FORATTO";"#NULO";"MDB";"MASCULINO";"SUPERIOR COMPLETO";"SOLTEIRO(A)";"BRANCA";"CONTADOR";"APTO";NA;140;"SUPLENTE";806,95;"OUTROS RECURSOS";"Recursos próprios";"N"
250001088399;"ODAIR DE ABREU";"#NULO";"MDB";"MASCULINO";"ENSINO MÉDIO COMPLETO";"CASADO(A)";"BRANCA";"EMPRESÁRIO";"APTO";646396,99;1517;"SUPLENTE";7510,1;"OUTROS RECURSOS";"Recursos próprios";"N"
250001088445;"JOSÉ VALENTIM HENRIQUEZ JUNIOR";"#NULO";"MDB";"MASCULINO";"ENSINO MÉDIO COMPLETO";"DIVORCIADO(A)";"BRANCA";"OUTROS";"APTO";50000;818;"SUPLENTE";0;"#NULO";"#NULO";"N"
250001088432;"WASHINGTON FERNANDO RIBEIRO COSTA";"#NULO";"MDB";"MASCULINO";"ENSINO MÉDIO COMPLETO";"CASADO(A)";"PRETA";"OUTROS";"APTO";NA;364;"SUPLENTE";10000;"FUNDO ESPECIAL";"Recursos de partido político";"N"
250001088446;"MARLON FABIANO DA SILVA";"#NULO";"MDB";"MASCULINO";"ENSINO MÉDIO COMPLETO";"CASADO(A)";"PARDA";"EMPRESÁRIO";"APTO";55000;3381;"SUPLENTE";55000;"FUNDO ESPECIAL, OUTROS RECURSOS";"Recursos de partido político, Recursos próprios";"N"
250001088467;"ALEXANDER ARIEL BATISTA MOREIRA";"#NULO";"MDB";"MASCULINO";"ENSINO MÉDIO COMPLETO";"SOLTEIRO(A)";"PARDA";"ATOR E DIRETOR DE ESPETÁCULOS PÚBLICOS";"APTO";NA;466;"SUPLENTE";11022,3;"OUTROS RECURSOS, FUNDO ESPECIAL";"Recursos próprios, Recursos de partido político";"N"
250001088406;"JOSÉ OSVALDO GOMES DA SILVA";"#NULO";"MDB";"MASCULINO";"SUPERIOR COMPLETO";"SOLTEIRO(A)";"BRANCA";"PROFESSOR DE ENSINO MÉDIO";"APTO";NA;371;"SUPLENTE";0;"#NULO";"#NULO";"N"
250000651054;"ANDRÉ DA SILVA ROSA";"#NULO";"DEM";"MASCULINO";"SUPERIOR COMPLETO";"SOLTEIRO(A)";"PARDA";"POLICIAL MILITAR";"APTO";335920,95;4992;"SUPLENTE";256978,59;"OUTROS RECURSOS, FUNDO PARTIDARIO, FUNDO ESPECIAL";"Recursos de pessoas físicas, Recursos próprios, Recursos de partido político";"N"
250000651037;"HUMBERTO YUDI WATANABE";"#NULO";"DEM";"MASCULINO";"SUPERIOR COMPLETO";"CASADO(A)";"AMARELA";"EMPRESÁRIO";"APTO";389816,94;5797;"SUPLENTE";314675,33;"FUNDO ESPECIAL, FUNDO PARTIDARIO, OUTROS RECURSOS";"Recursos de partido político, Recursos próprios";"N"
250000651041;"FERNANDA ALVES DA SILVA";"#NULO";"DEM";"FEMININO";"SUPERIOR COMPLETO";"SOLTEIRO(A)";"PARDA";"SERVIDOR PÚBLICO MUNICIPAL";"APTO";807,89;1452;"SUPLENTE";193654,13;"OUTROS RECURSOS, FUNDO ESPECIAL, FUNDO PARTIDARIO";"Recursos de pessoas físicas, Recursos de partido político";"N"
250000651013;"LUSINEIDE NEVES BARRETO";"#NULO";"DEM";"FEMININO";"LÊ E ESCREVE";"SOLTEIRO(A)";"BRANCA";"VENDEDOR DE COMÉRCIO VAREJISTA E ATACADISTA";"APTO";2495,06;475;"SUPLENTE";77549,08;"FUNDO PARTIDARIO, OUTROS RECURSOS, FUNDO ESPECIAL";"Recursos de partido político, Recursos de pessoas físicas";"N"
250000651030;"MAURREN HIGA MAGGI";"#NULO";"DEM";"FEMININO";"ENSINO MÉDIO COMPLETO";"SOLTEIRO(A)";"BRANCA";"EMPRESÁRIO";"APTO";5915484,44;6228;"SUPLENTE";344726,38;"FUNDO ESPECIAL, FUNDO PARTIDARIO, OUTROS RECURSOS";"Recursos de partido político, Recursos próprios";"N"
250000651011;"MARIA DA GUIA PEREIRA XAVIER";"#NULO";"DEM";"FEMININO";"ENSINO FUNDAMENTAL COMPLETO";"CASADO(A)";"PARDA";"OUTROS";"APTO";21171,76;151;"SUPLENTE";110508,13;"FUNDO ESPECIAL, OUTROS RECURSOS, FUNDO PARTIDARIO";"Recursos de partido político, Recursos de pessoas físicas";"N"
250000651042;"JONAS DE SOUZA CAMISA NOVA";"#NULO";"DEM";"MASCULINO";"SUPERIOR COMPLETO";"SOLTEIRO(A)";"BRANCA";"EMPRESÁRIO";"APTO";122439,65;4365;"SUPLENTE";153714,88;"OUTROS RECURSOS, FUNDO PARTIDARIO, FUNDO ESPECIAL";"Recursos de pessoas físicas, Recursos de partido político";"N"
250000651066;"MONICA BERBEL ROCHA";"#NULO";"DEM";"FEMININO";"LÊ E ESCREVE";"DIVORCIADO(A)";"BRANCA";"OUTROS";"APTO";4744,28;1982;"SUPLENTE";111748,21;"FUNDO ESPECIAL, FUNDO PARTIDARIO";"Recursos de partido político";"N"
250000651051;"MERCIA APARECIDA TEIXEIRA DOURADO NOVAES";"#NULO";"DEM";"FEMININO";"SUPERIOR COMPLETO";"CASADO(A)";"BRANCA";"PEDAGOGO";"APTO";651665,65;1701;"SUPLENTE";123084,88;"OUTROS RECURSOS, FUNDO PARTIDARIO, FUNDO ESPECIAL";"Recursos de pessoas físicas, Recursos de partido político";"N"
250000881931;"JOÃO NORBERTO DE ARAUJO";"#NULO";"PTB";"MASCULINO";"ENSINO MÉDIO COMPLETO";"CASADO(A)";"BRANCA";"EMPRESÁRIO";"APTO";242660;300;"SUPLENTE";320;"OUTROS RECURSOS";"Recursos de pessoas físicas";"N"
250000881946;"ELISEU TIMOTHEO DOS SANTOS FILHO";"#NULO";"PTB";"MASCULINO";"SUPERIOR COMPLETO";"VIÚVO(A)";"BRANCA";"EMPRESÁRIO";"APTO";18826,46;11;"SUPLENTE";0;"#NULO";"#NULO";"N"
250000881921;"JOSÉ ANTONIO DE SOUZA";"#NULO";"PTB";"MASCULINO";"ENSINO FUNDAMENTAL COMPLETO";"DIVORCIADO(A)";"BRANCA";"COMERCIANTE";"APTO";140000;125;"SUPLENTE";NA;NA;NA;"N"
250000881912;"MINERVINO NETO DE QUEIROZ";"#NULO";"PTB";"MASCULINO";"ENSINO FUNDAMENTAL COMPLETO";"DIVORCIADO(A)";"BRANCA";"APOSENTADO (EXCETO SERVIDOR PÚBLICO)";"APTO";NA;233;"SUPLENTE";13099,98;"OUTROS RECURSOS, FUNDO ESPECIAL";"Recursos próprios, Recursos de pessoas físicas, Recursos de partido político";"N"
250000881914;"JOSÉ PEDRO DA SILVA FILHO";"#NULO";"PTB";"MASCULINO";"ENSINO MÉDIO INCOMPLETO";"CASADO(A)";"PRETA";"MOTORISTA DE VEÍCULOS DE TRANSPORTE COLETIVO DE PASSAGEIROS";"APTO";582274,38;767;"SUPLENTE";5000;"FUNDO ESPECIAL";"Recursos de partido político";"N"
250000881960;"LEANDRO CESAR LEMBO";"#NULO";"PTB";"MASCULINO";"ENSINO MÉDIO COMPLETO";"SOLTEIRO(A)";"BRANCA";"BOMBEIRO CIVIL";"APTO";NA;480;"SUPLENTE";0;"#NULO";"#NULO";"N"
250000881959;"LUCIANO DANNIBALE NETTO";"#NULO";"PTB";"MASCULINO";"SUPERIOR COMPLETO";"CASADO(A)";"BRANCA";"COMUNICÓLOGO";"APTO";244662,28;503;"SUPLENTE";NA;NA;NA;"N"
250000881974;"CLOVIS RAIMUNDO CUNHA";"#NULO";"PTB";"MASCULINO";"SUPERIOR INCOMPLETO";"CASADO(A)";"BRANCA";"CORRETOR DE IMÓVEIS, SEGUROS, TÍTULOS E VALORES";"APTO";26100;203;"SUPLENTE";2541,7;"OUTROS RECURSOS";"Recursos de pessoas físicas, Recursos de partido político";"N"
250000881904;"FRANCISCO LUCELIO BIZERRA";"#NULO";"PTB";"MASCULINO";"SUPERIOR COMPLETO";"CASADO(A)";"PARDA";"OUTROS";"APTO";NA;497;"SUPLENTE";NA;NA;NA;"N"
250000881952;"MARLI DE LOURDES DOMINGOS POZZANI";"#NULO";"PTB";"FEMININO";"ENSINO MÉDIO COMPLETO";"CASADO(A)";"BRANCA";"COMERCIANTE";"APTO";21710,49;529;"SUPLENTE";20000;"FUNDO ESPECIAL";"Recursos de partido político";"N"
250000881948;"UILIAN AMORIM LIMA";"#NULO";"PTB";"MASCULINO";"ENSINO MÉDIO COMPLETO";"SOLTEIRO(A)";"BRANCA";"COMERCIANTE";"APTO";208000;208;"SUPLENTE";NA;NA;NA;"N"
250001054384;"FERNANDA TEIXEIRA SKIERZYNSKI";"#NULO";"PMN";"FEMININO";"SUPERIOR INCOMPLETO";"CASADO(A)";"BRANCA";"OUTROS";"APTO";NA;171;"NÃO ELEITO";2000;"FUNDO ESPECIAL";"Recursos de partido político";"N"
250001054415;"DANILO AMORIM XAVIER DA SILVA";"#NULO";"PMN";"MASCULINO";"ENSINO MÉDIO COMPLETO";"SOLTEIRO(A)";"BRANCA";"EMPRESÁRIO";"APTO";NA;30;"NÃO ELEITO";0;"#NULO";"#NULO";"N"
250001054411;"SILVANA RODRIGUES ABRANCHES DUH";"#NULO";"PMN";"FEMININO";"ENSINO FUNDAMENTAL COMPLETO";"CASADO(A)";"BRANCA";"LOCUTOR E COMENTARISTA DE RÁDIO E TELEVISÃO E RADIALISTA";"APTO";NA;101;"NÃO ELEITO";2000;"FUNDO ESPECIAL";"Recursos de partido político";"N"
250001054396;"ELISABETE DE LIMA CORREA";"#NULO";"PMN";"FEMININO";"ENSINO MÉDIO COMPLETO";"DIVORCIADO(A)";"BRANCA";"OUTROS";"APTO";NA;123;"NÃO ELEITO";2028;"OUTROS RECURSOS, FUNDO ESPECIAL";"Recursos próprios, Recursos de partido político";"N"
250001181002;"ANDRÉ MARTINS DE CASTRO LAMEIRA";"#NULO";"PCO";"MASCULINO";"SUPERIOR INCOMPLETO";"SOLTEIRO(A)";"BRANCA";"MÚSICO";"APTO";NA;17;"NÃO ELEITO";1000;"FUNDO ESPECIAL";"Recursos de partido político";"N"
250000754055;"GUILHERME SORICILLO BUNGER";"#NULO";"PSL";"MASCULINO";"SUPERIOR COMPLETO";"CASADO(A)";"BRANCA";"EMPRESÁRIO";"APTO";1266000;376;"SUPLENTE";11939;"FUNDO ESPECIAL";"Recursos de outros candidatos, Recursos de partido político";"N"
250000753996;"CLAUDIO SIDNEI RIBEIRO";"#NULO";"PSL";"MASCULINO";"SUPERIOR COMPLETO";"CASADO(A)";"PRETA";"PEDAGOGO";"APTO";37000;1317;"SUPLENTE";25600;"OUTROS RECURSOS, FUNDO ESPECIAL";"Recursos de pessoas físicas, Recursos próprios, Recursos de partido político";"N"
250000754011;"AIRTON LOPES DE SOUZA";"#NULO";"PSL";"MASCULINO";"SUPERIOR COMPLETO";"CASADO(A)";"BRANCA";"ADMINISTRADOR";"APTO";15000;1452;"SUPLENTE";3189;"OUTROS RECURSOS";"Recursos de outros candidatos, Recursos de pessoas físicas";"N"
250000754041;"LUCELIA PATRICIA REQUIA MARQUES";"#NULO";"PSL";"FEMININO";"SUPERIOR COMPLETO";"CASADO(A)";"BRANCA";"POLICIAL MILITAR";"APTO";143403;948;"SUPLENTE";10000;"FUNDO ESPECIAL";"Recursos de partido político";"N"
250000754054;"RICARDO CUSTÓDIO";"#NULO";"PSL";"MASCULINO";"SUPERIOR COMPLETO";"CASADO(A)";"BRANCA";"ADMINISTRADOR";"APTO";492000;351;"SUPLENTE";3500;"OUTROS RECURSOS";"Recursos próprios";"N"
250000753984;"MAURO FERNANDO MENEZES MARINHO";"#NULO";"PSL";"MASCULINO";"SUPERIOR COMPLETO";"SOLTEIRO(A)";"BRANCA";"OUTROS";"APTO";10500;613;"SUPLENTE";11417,44;"OUTROS RECURSOS";"Recursos de pessoas físicas, Recursos próprios";"N"
250000645483;"BRUNO CAMILO DA SILVA";"#NULO";"PSL";"MASCULINO";"SUPERIOR COMPLETO";"SOLTEIRO(A)";"PARDA";"OUTROS";"APTO";53425;2591;"SUPLENTE";5439;"OUTROS RECURSOS, FUNDO ESPECIAL";"Recursos de pessoas físicas, Recursos de outros candidatos";"N"
250000754004;"MARCELO PEREIRA SURCIN";"#NULO";"PSL";"MASCULINO";"SUPERIOR COMPLETO";"DIVORCIADO(A)";"PRETA";"JORNALISTA E REDATOR";"APTO";14850;7574;"SUPLENTE";134000;"OUTROS RECURSOS, FUNDO PARTIDARIO, FUNDO ESPECIAL";"Recursos próprios, Recursos de partido político";"N"
250000754020;"DAILAS RODRIGUES DA SILVA SOARES";"#NULO";"PSL";"FEMININO";"SUPERIOR COMPLETO";"CASADO(A)";"BRANCA";"ADMINISTRADOR";"APTO";NA;231;"SUPLENTE";20000;"FUNDO ESPECIAL";"Recursos de partido político";"N"
250000754033;"ROSANGELA HENRIQUE DE LIMA";"#NULO";"PSL";"FEMININO";"SUPERIOR COMPLETO";"SOLTEIRO(A)";"BRANCA";"PSICÓLOGO";"APTO";NA;22;"SUPLENTE";10000;"FUNDO ESPECIAL";"Recursos de partido político";"N"
250000754006;"MARIO ANTONIO PIRES MORO";"#NULO";"PSL";"MASCULINO";"ENSINO MÉDIO COMPLETO";"CASADO(A)";"BRANCA";"APOSENTADO (EXCETO SERVIDOR PÚBLICO)";"APTO";160000;193;"SUPLENTE";3861,69;"FUNDO ESPECIAL, OUTROS RECURSOS";"Recursos de outros candidatos, Recursos de pessoas físicas";"N"
250000754027;"WALDISNEY PILON CAMASANO";"#NULO";"PSL";"MASCULINO";"SUPERIOR COMPLETO";"CASADO(A)";"BRANCA";"POLICIAL MILITAR";"APTO";30000;2728;"SUPLENTE";57093,5;"OUTROS RECURSOS";"Recursos próprios";"N"
250000688243;"RAMON DE CASTRO VELLARDI";"#NULO";"NOVO";"MASCULINO";"SUPERIOR COMPLETO";"SOLTEIRO(A)";"BRANCA";"ADMINISTRADOR";"APTO";574000;1204;"SUPLENTE";34808,73;"OUTROS RECURSOS";"Recursos de pessoas físicas, Recursos de partido político, Recursos próprios, Recursos de Financiamento Coletivo";"N"
250000919185;"JOÃO JORGE DE SOUZA";"#NULO";"PSDB";"MASCULINO";"SUPERIOR COMPLETO";"CASADO(A)";"BRANCA";"VEREADOR";"APTO";1067766,89;34323;"ELEITO POR QP";608200;"OUTROS RECURSOS, FUNDO ESPECIAL, FUNDO PARTIDARIO";"Recursos de pessoas físicas, Recursos próprios, Recursos de partido político, Recursos de origens não identificadas";"N"
250000919186;"AURÉLIO NOMURA";"#NULO";"PSDB";"MASCULINO";"SUPERIOR COMPLETO";"DIVORCIADO(A)";"AMARELA";"ADVOGADO";"APTO";789314,56;25316;"ELEITO POR QP";372977,07;"OUTROS RECURSOS, FUNDO ESPECIAL";"Recursos de pessoas físicas, Recursos próprios, Recursos de partido político";"S"
250000919223;"FERNANDO ABREU BOTELHO";"#NULO";"PSDB";"MASCULINO";"SUPERIOR COMPLETO";"CASADO(A)";"BRANCA";"REPRESENTANTE COMERCIAL";"APTO";12500;215;"SUPLENTE";7317,07;"FUNDO PARTIDARIO";"Recursos de partido político";"N"
250000919198;"AMMIE MICHELLE GRAVES";"#NULO";"PSDB";"FEMININO";"SUPERIOR INCOMPLETO";"DIVORCIADO(A)";"BRANCA";"OUTROS";"APTO";NA;324;"SUPLENTE";7317,07;"FUNDO PARTIDARIO";"Recursos de partido político";"N"
250000919206;"BRUNO BERALDIN";"#NULO";"PSDB";"MASCULINO";"ENSINO MÉDIO COMPLETO";"DIVORCIADO(A)";"BRANCA";"OUTROS";"APTO";20572,74;3925;"SUPLENTE";48439,8;"OUTROS RECURSOS";"Recursos de pessoas físicas, Recursos próprios";"N"
250000919234;"MARIA CAZUHO SAITO TAKIGUTI";"#NULO";"PSDB";"FEMININO";"SUPERIOR COMPLETO";"CASADO(A)";"AMARELA";"OUTROS";"APTO";1724660,87;3044;"SUPLENTE";14192,07;"OUTROS RECURSOS, FUNDO PARTIDARIO";"Recursos próprios, Recursos de partido político";"N"
250000919222;"CLAIRE BARBAGALLO";"#NULO";"PSDB";"FEMININO";"SUPERIOR COMPLETO";"VIÚVO(A)";"BRANCA";"ADMINISTRADOR";"APTO";52259,7;465;"SUPLENTE";8417,07;"OUTROS RECURSOS, FUNDO PARTIDARIO";"Recursos de pessoas físicas, Recursos de partido político, Recursos próprios";"N"
250000919216;"MARCILIO RODRIGUES GALVÃO";"#NULO";"PSDB";"MASCULINO";"SUPERIOR COMPLETO";"CASADO(A)";"BRANCA";"OUTROS";"APTO";815000;456;"SUPLENTE";7317,07;"FUNDO PARTIDARIO";"Recursos de partido político";"N"
250000919217;"DJALMA GONÇALVES GUIRRA";"#NULO";"PSDB";"MASCULINO";"ENSINO MÉDIO COMPLETO";"SOLTEIRO(A)";"PRETA";"JORNALISTA E REDATOR";"APTO";NA;189;"SUPLENTE";9817,07;"FUNDO ESPECIAL, FUNDO PARTIDARIO";"Recursos de partido político";"N"
250000919179;"NAIR ALVES DE OLIVEIRA";"#NULO";"PSDB";"FEMININO";"ENSINO MÉDIO COMPLETO";"VIÚVO(A)";"PARDA";"CANTOR E COMPOSITOR";"APTO";158000;117;"SUPLENTE";7317,07;"FUNDO PARTIDARIO";"Recursos de partido político";"N"
250000919192;"ANTÔNIO VASCONCELOS DE SOUZA";"#NULO";"PSDB";"MASCULINO";"ENSINO MÉDIO COMPLETO";"DIVORCIADO(A)";"BRANCA";"OUTROS";"APTO";530736,49;2945;"SUPLENTE";36187,07;"OUTROS RECURSOS, FUNDO PARTIDARIO";"Recursos de pessoas físicas, Recursos próprios, Recursos de partido político";"N"
250000919193;"FHIAMA RAQUEL BISPO DE SOUZA";"#NULO";"PSDB";"FEMININO";"ENSINO MÉDIO INCOMPLETO";"SOLTEIRO(A)";"PARDA";"CANTOR E COMPOSITOR";"APTO";NA;701;"SUPLENTE";7317,07;"FUNDO PARTIDARIO";"Recursos de partido político";"N"
250000919209;"JOSÉ ROBERTO RODRIGUES DE OLIVEIRA";"#NULO";"PSDB";"MASCULINO";"SUPERIOR COMPLETO";"CASADO(A)";"BRANCA";"POLICIAL MILITAR";"APTO";2e+05;2989;"SUPLENTE";108445,46;"OUTROS RECURSOS, FUNDO PARTIDARIO, FUNDO ESPECIAL";"Recursos de pessoas físicas, Recursos de partido político, Recursos de Financiamento Coletivo";"N"
250001154736;"ERICK SANTOS";"#NULO";"REDE";"MASCULINO";"SUPERIOR COMPLETO";"SOLTEIRO(A)";"BRANCA";"ADVOGADO";"APTO";6000;631;"NÃO ELEITO";59737,68;"OUTROS RECURSOS, FUNDO ESPECIAL";"Recursos de Financiamento Coletivo, Recursos de pessoas físicas, Recursos próprios, Recursos de partido político";"N"
250001154720;"RONE ERASMO DOS SANTOS";"#NULO";"REDE";"MASCULINO";"ENSINO MÉDIO INCOMPLETO";"SEPARADO(A) JUDICIALMENTE";"BRANCA";"SACERDOTE OU MEMBRO DE ORDEM OU SEITA RELIGIOSA";"APTO";NA;381;"NÃO ELEITO";9754;"OUTROS RECURSOS, FUNDO ESPECIAL";"Recursos de Financiamento Coletivo, Recursos próprios, Recursos de partido político";"N"
250001154710;"ANDRÉ RODRIGUES GONÇALVES";"#NULO";"REDE";"MASCULINO";"SUPERIOR COMPLETO";"SOLTEIRO(A)";"BRANCA";"TÉCNICO CONTABILIDADE, ESTATÍSTICA, ECONOMIA DOMÉSTICA E ADMINISTRAÇÃO";"APTO";25553,47;123;"NÃO ELEITO";7200;"OUTROS RECURSOS, FUNDO ESPECIAL";"Recursos de Financiamento Coletivo, Recursos de outros candidatos, Recursos de partido político";"N"
250001123239;"RAQUEL JANAINA SABINO";"#NULO";"PSB";"FEMININO";"SUPERIOR COMPLETO";"SOLTEIRO(A)";"PRETA";"SERVIDOR PÚBLICO ESTADUAL";"APTO";150000;710;"SUPLENTE";35361,95;"OUTROS RECURSOS, FUNDO ESPECIAL";"Recursos de pessoas físicas, Recursos próprios, Recursos de partido político";"N"
250001123268;"VIVIAN CASTRO DE MOREIRA";"#NULO";"PSB";"FEMININO";"ENSINO MÉDIO COMPLETO";"SOLTEIRO(A)";"PARDA";"OUTROS";"APTO";NA;520;"SUPLENTE";20000;"FUNDO ESPECIAL";"Recursos de partido político";"N"
250001123253;"EDVAN JOSE DOS SANTOS";"#NULO";"PSB";"MASCULINO";"SUPERIOR COMPLETO";"SOLTEIRO(A)";"PRETA";"ADVOGADO";"APTO";NA;638;"SUPLENTE";18715;"OUTROS RECURSOS, FUNDO ESPECIAL";"Recursos de pessoas físicas, Recursos de partido político";"N"
250001123237;"EDILSON FERREIRA";"#NULO";"PSB";"MASCULINO";"ENSINO FUNDAMENTAL INCOMPLETO";"SOLTEIRO(A)";"PARDA";"APOSENTADO (EXCETO SERVIDOR PÚBLICO)";"APTO";NA;137;"SUPLENTE";15000;"FUNDO ESPECIAL";"Recursos de partido político";"N"
250001123271;"ROSELI BARCELLOS GEORGEAN";"#NULO";"PSB";"FEMININO";"ENSINO MÉDIO COMPLETO";"DIVORCIADO(A)";"BRANCA";"CORRETOR DE IMÓVEIS, SEGUROS, TÍTULOS E VALORES";"APTO";NA;230;"SUPLENTE";20000;"FUNDO ESPECIAL";"Recursos de partido político";"N"
250001123221;"JOSÉ JAILSON DA SILVA";"#NULO";"PSB";"MASCULINO";"ENSINO MÉDIO COMPLETO";"CASADO(A)";"BRANCA";"AGENTE DE SAÚDE E SANITARISTA";"APTO";1000;3550;"SUPLENTE";15900;"FUNDO ESPECIAL, OUTROS RECURSOS";"Recursos de partido político, Recursos próprios, Recursos de pessoas físicas";"N"
250001123207;"EOZITO DO AMARAL FERREIRA";"#NULO";"PSB";"MASCULINO";"ENSINO MÉDIO COMPLETO";"SOLTEIRO(A)";"BRANCA";"OUTROS";"APTO";8000;830;"SUPLENTE";21200;"OUTROS RECURSOS, FUNDO ESPECIAL";"Recursos de pessoas físicas, Recursos de partido político";"N"
250001123250;"ANTONIO BASILIO FILHO";"#NULO";"PSB";"MASCULINO";"SUPERIOR COMPLETO";"DIVORCIADO(A)";"BRANCA";"ADVOGADO";"APTO";325976,43;2165;"SUPLENTE";22300;"OUTROS RECURSOS, FUNDO ESPECIAL";"Recursos próprios, Recursos de pessoas físicas, Recursos de partido político";"N"
250000661710;"LÍGIA MENDES DA SILVA";"#NULO";"UP";"FEMININO";"SUPERIOR COMPLETO";"CASADO(A)";"BRANCA";"FONOAUDIÓLOGO";"APTO";397507,66;3220;"NÃO ELEITO";18015,01;"OUTROS RECURSOS, FUNDO ESPECIAL";"Recursos de Financiamento Coletivo, Recursos de partido político";"N"
250000658731;"AMANDA VETTORAZZO CARNEIRO";"#NULO";"PATRIOTA";"FEMININO";"SUPERIOR COMPLETO";"SOLTEIRO(A)";"BRANCA";"EMPRESÁRIO";"APTO";241224,6;3978;"SUPLENTE";21574;"OUTROS RECURSOS";"Recursos de pessoas físicas, Recursos próprios, Recursos de Financiamento Coletivo";"N"
250000658728;"JOSE ANTONIO ALVES DA COSTA";"#NULO";"PATRIOTA";"MASCULINO";"SUPERIOR COMPLETO";"CASADO(A)";"BRANCA";"POLICIAL MILITAR";"APTO";207500;1138;"SUPLENTE";7010,45;"OUTROS RECURSOS";"Recursos próprios";"N"
250000658703;"LUCIANO ANASTÁCIO KLEIN DA SILVA";"#NULO";"PATRIOTA";"MASCULINO";"ENSINO FUNDAMENTAL COMPLETO";"SOLTEIRO(A)";"BRANCA";"EMPRESÁRIO";"APTO";NA;635;"SUPLENTE";820;"OUTROS RECURSOS";"Recursos próprios";"N"
250000658702;"LETÍCIA VASCONCELLOS BUENO DANTAS";"#NULO";"PATRIOTA";"FEMININO";"SUPERIOR COMPLETO";"SOLTEIRO(A)";"BRANCA";"EMPRESÁRIO";"APTO";NA;1437;"SUPLENTE";3195;"OUTROS RECURSOS";"Recursos de pessoas físicas";"N"
250000658741;"MARIA JOSÉ DOS SANTOS";"#NULO";"PATRIOTA";"FEMININO";"SUPERIOR COMPLETO";"SOLTEIRO(A)";"BRANCA";"PROFESSOR DE ENSINO FUNDAMENTAL";"APTO";NA;98;"SUPLENTE";4000;"OUTROS RECURSOS";"Recursos de outros candidatos";"N"
250000658716;"MAYARA TAVARES FELIX DA SILVA";"#NULO";"PATRIOTA";"FEMININO";"ENSINO MÉDIO COMPLETO";"SOLTEIRO(A)";"PARDA";"EMPRESÁRIO";"APTO";219118,17;451;"SUPLENTE";5150;"OUTROS RECURSOS";"Recursos próprios";"N"
250000658707;"REGINA DO NASCIMENTO";"#NULO";"PATRIOTA";"FEMININO";"ENSINO MÉDIO COMPLETO";"SOLTEIRO(A)";"BRANCA";"POLICIAL MILITAR";"APTO";NA;539;"SUPLENTE";17000;"FUNDO PARTIDARIO, FUNDO ESPECIAL";"Recursos de partido político";"N"
250000658746;"SERGIO ROBERTO PEREIRA";"#NULO";"PATRIOTA";"MASCULINO";"SUPERIOR COMPLETO";"CASADO(A)";"BRANCA";"ADVOGADO";"APTO";162500;544;"SUPLENTE";10380;"OUTROS RECURSOS";"Recursos de pessoas físicas, Recursos próprios";"N"
250000885547;"GLAUCIA APARECIDA DA SILVA ESQUIERDO";"#NULO";"SOLIDARIEDADE";"FEMININO";"SUPERIOR COMPLETO";"CASADO(A)";"PARDA";"AGRÔNOMO";"APTO";72342;568;"SUPLENTE";23212,84;"FUNDO ESPECIAL";"Recursos de partido político";"N"
250000885534;"RONAN ALOISIO GOULART";"#NULO";"SOLIDARIEDADE";"MASCULINO";"SUPERIOR COMPLETO";"CASADO(A)";"PARDA";"PEDAGOGO";"APTO";103000;208;"SUPLENTE";9812,99;"FUNDO ESPECIAL";"Recursos de partido político";"N"
250000885527;"JEFERSON DA SILVA MATTOS";"#NULO";"SOLIDARIEDADE";"MASCULINO";"SUPERIOR COMPLETO";"SOLTEIRO(A)";"PARDA";"ADVOGADO";"APTO";NA;322;"SUPLENTE";9812,99;"FUNDO ESPECIAL";"Recursos de partido político";"N"
250000885522;"KARIUM DE ALMEIDA BRIZOLLA";"#NULO";"SOLIDARIEDADE";"MASCULINO";"SUPERIOR COMPLETO";"DIVORCIADO(A)";"BRANCA";"OUTROS";"APTO";5000;65;"SUPLENTE";9814,79;"FUNDO ESPECIAL";"Recursos de partido político";"N"
250000885555;"JORGE MELLO DA SILVA";"#NULO";"SOLIDARIEDADE";"MASCULINO";"ENSINO FUNDAMENTAL COMPLETO";"CASADO(A)";"PRETA";"OUTROS";"APTO";70000;212;"SUPLENTE";9812,99;"FUNDO ESPECIAL";"Recursos de partido político";"N"
250000885519;"BRIGIDA CAIRES DINARD";"#NULO";"SOLIDARIEDADE";"FEMININO";"ENSINO MÉDIO COMPLETO";"SOLTEIRO(A)";"BRANCA";"DONA DE CASA";"APTO";4300;109;"SUPLENTE";13212,84;"FUNDO ESPECIAL";"Recursos de partido político";"N"
250000885538;"UMBELINO ALMEIDA SOARES";"#NULO";"SOLIDARIEDADE";"MASCULINO";"ENSINO FUNDAMENTAL INCOMPLETO";"SOLTEIRO(A)";"PARDA";"EMPRESÁRIO";"APTO";NA;341;"SUPLENTE";9492,47;"FUNDO ESPECIAL";"Recursos de partido político";"N"
250000885541;"ANDREIA APARECIDA GOMES DE SOUSA FERNANDES";"#NULO";"SOLIDARIEDADE";"FEMININO";"SUPERIOR INCOMPLETO";"SEPARADO(A) JUDICIALMENTE";"BRANCA";"ADMINISTRADOR";"APTO";357000;110;"SUPLENTE";11212,93;"FUNDO ESPECIAL";"Recursos de partido político";"N"
250000885552;"MARCELINO DE SOUZA";"#NULO";"SOLIDARIEDADE";"MASCULINO";"ENSINO MÉDIO INCOMPLETO";"SEPARADO(A) JUDICIALMENTE";"PARDA";"GERENTE";"APTO";10832;346;"SUPLENTE";9812,99;"FUNDO ESPECIAL";"Recursos de partido político";"N"
250000755998;"SHIRLEY SILVERIO RAPOSO";"#NULO";"PSTU";"FEMININO";"SUPERIOR INCOMPLETO";"SOLTEIRO(A)";"PRETA";"ESTUDANTE, BOLSISTA, ESTAGIÁRIO E ASSEMELHADOS";"APTO";2500;175;"NÃO ELEITO";22780,13;"OUTROS RECURSOS, FUNDO ESPECIAL";"Recursos de pessoas físicas, Recursos de partido político, Recursos de outros candidatos";"N"
250000687489;"ADEMIR DO VALE CONCEIÇÃO";"#NULO";"PC do B";"MASCULINO";"ENSINO MÉDIO COMPLETO";"SOLTEIRO(A)";"PRETA";"EMPRESÁRIO";"APTO";NA;475;"NÃO ELEITO";6437,38;"FUNDO ESPECIAL, OUTROS RECURSOS";"Recursos de partido político, Recursos de outros candidatos";"N"
250000687509;"CARMEM MIRANDA ALVES PEREIRA";"#NULO";"PC do B";"FEMININO";"ENSINO MÉDIO COMPLETO";"SOLTEIRO(A)";"BRANCA";"APOSENTADO (EXCETO SERVIDOR PÚBLICO)";"APTO";NA;12;"NÃO ELEITO";1041,38;"FUNDO ESPECIAL";"Recursos de partido político, Recursos de outros candidatos";"N"
250000687534;"OTACILIO RIBEIRO FILHO";"#NULO";"PC do B";"MASCULINO";"ENSINO MÉDIO COMPLETO";"CASADO(A)";"BRANCA";"OUTROS";"APTO";NA;892;"NÃO ELEITO";12436,54;"OUTROS RECURSOS, FUNDO ESPECIAL";"Recursos próprios, Recursos de pessoas físicas, Recursos de partido político, Recursos de outros candidatos";"N"
250000687537;"ITAMAR SANTOS SESSENTA";"#NULO";"PC do B";"MASCULINO";"ENSINO FUNDAMENTAL INCOMPLETO";"SOLTEIRO(A)";"PRETA";"EMPRESÁRIO";"APTO";95000;667;"NÃO ELEITO";6830;"FUNDO ESPECIAL, OUTROS RECURSOS";"Recursos de partido político";"N"
250000687497;"CARLA REGINA FERREIRA DOS SANTOS";"#NULO";"PC do B";"FEMININO";"ENSINO MÉDIO INCOMPLETO";"SOLTEIRO(A)";"PRETA";"OUTROS";"APTO";NA;813;"NÃO ELEITO";19690,17;"FUNDO ESPECIAL";"Recursos de partido político, Recursos de outros candidatos";"N"
250000687533;"LUIS ARAÚJO FRANÇA";"#NULO";"PC do B";"MASCULINO";"ENSINO MÉDIO COMPLETO";"CASADO(A)";"BRANCA";"OUTROS";"APTO";NA;804;"NÃO ELEITO";22546,23;"OUTROS RECURSOS, FUNDO ESPECIAL, FUNDO PARTIDARIO";"Recursos de pessoas físicas, Recursos de partido político, Recursos de outros candidatos";"N"
250000687553;"JORGE HENRIQUE ESTEVES";"#NULO";"PC do B";"MASCULINO";"ENSINO MÉDIO COMPLETO";"SOLTEIRO(A)";"BRANCA";"OUTROS";"APTO";257900;155;"NÃO ELEITO";2041,38;"FUNDO ESPECIAL";"Recursos de partido político, Recursos de outros candidatos";"N"
250000687503;"MILTON FERREIRA MENDES";"#NULO";"PC do B";"MASCULINO";"ENSINO MÉDIO COMPLETO";"DIVORCIADO(A)";"PARDA";"COMERCIANTE";"APTO";NA;492;"NÃO ELEITO";6987,38;"OUTROS RECURSOS, FUNDO ESPECIAL";"Recursos de Financiamento Coletivo, Recursos de partido político, Recursos de outros candidatos";"N"
250000687531;"ERONIDES FERREIRA SANTANA";"#NULO";"PC do B";"MASCULINO";"ENSINO FUNDAMENTAL COMPLETO";"CASADO(A)";"BRANCA";"APOSENTADO (EXCETO SERVIDOR PÚBLICO)";"APTO";NA;93;"NÃO ELEITO";2934;"FUNDO ESPECIAL, FUNDO PARTIDARIO";"Recursos de partido político";"N"
250000686877;"GILBERTO RAMALHO DOS SANTOS";"#NULO";"PSOL";"MASCULINO";"ENSINO MÉDIO INCOMPLETO";"CASADO(A)";"PRETA";"OUTROS";"APTO";NA;267;"SUPLENTE";NA;NA;NA;"N"
250000686869;"MARCOS DE SOUZA";"#NULO";"PSOL";"MASCULINO";"SUPERIOR COMPLETO";"SOLTEIRO(A)";"PARDA";"COMERCIANTE";"APTO";NA;966;"SUPLENTE";8100,62;"FUNDO PARTIDARIO, OUTROS RECURSOS";"Recursos de partido político, Recursos próprios";"N"
250000686816;"AILTON AMARAL DOS SANTOS";"#NULO";"PSOL";"MASCULINO";"SUPERIOR COMPLETO";"CASADO(A)";"PRETA";"PROFESSOR E INSTRUTOR DE FORMAÇÃO PROFISSIONAL";"APTO";28000;1527;"SUPLENTE";10006,12;"OUTROS RECURSOS, FUNDO ESPECIAL";"Recursos de Financiamento Coletivo, Recursos de partido político";"N"
250000686865;"FERNANDO TAVARES ARAÚJO DA SILVA";"#NULO";"PSOL";"MASCULINO";"SUPERIOR COMPLETO";"SOLTEIRO(A)";"BRANCA";"PUBLICITÁRIO";"APTO";3919,83;2891;"SUPLENTE";11039,93;"FUNDO ESPECIAL, OUTROS RECURSOS";"Recursos de partido político, Recursos de Financiamento Coletivo";"N"
250000686857;"CELSO LUIS GIANNASI";"#NULO";"PSOL";"MASCULINO";"SUPERIOR COMPLETO";"DIVORCIADO(A)";"BRANCA";"SERVIDOR PÚBLICO MUNICIPAL";"APTO";2066841,68;28535;"ELEITO POR QP";248499,79;"OUTROS RECURSOS, FUNDO ESPECIAL";"Recursos de pessoas físicas, Recursos de partido político, Recursos de Financiamento Coletivo, Recursos próprios";"N"
250000686821;"ROBERTO CARLOS DE SOUZA";"#NULO";"PSOL";"MASCULINO";"SUPERIOR COMPLETO";"CASADO(A)";"BRANCA";"PROFESSOR DE ENSINO FUNDAMENTAL";"APTO";75000;688;"SUPLENTE";8822,08;"OUTROS RECURSOS, FUNDO ESPECIAL";"Recursos de pessoas físicas, Recursos de Financiamento Coletivo, Recursos de partido político";"N"
250000686826;"KEITCHELE LIMA DA SILVA";"#NULO";"PSOL";"FEMININO";"SUPERIOR COMPLETO";"SOLTEIRO(A)";"PRETA";"AUXILIAR DE ESCRITÓRIO E ASSEMELHADOS";"APTO";NA;11355;"SUPLENTE";58658,57;"OUTROS RECURSOS, FUNDO ESPECIAL";"Recursos de pessoas físicas, Recursos de partido político, Recursos de Financiamento Coletivo";"N"
250000707298;"ROBSON CARNEIRO DOS SANTOS";"#NULO";"PP";"MASCULINO";"SUPERIOR COMPLETO";"CASADO(A)";"PARDA";"COMERCIANTE";"APTO";1731912,91;1877;"SUPLENTE";99977,7;"OUTROS RECURSOS, FUNDO ESPECIAL";"Recursos de pessoas físicas, Recursos de partido político, Recursos próprios";"N"
250000707286;"CARMINO PEPE";"#NULO";"PP";"MASCULINO";"SUPERIOR COMPLETO";"CASADO(A)";"BRANCA";"ADVOGADO";"APTO";1819962,25;1034;"SUPLENTE";1331,5;"OUTROS RECURSOS";"Recursos de partido político";"N"
250000707277;"MARCOS DAS NEVES PALUMBO";"#NULO";"PP";"MASCULINO";"SUPERIOR COMPLETO";"CASADO(A)";"BRANCA";"BOMBEIRO MILITAR";"APTO";274573,03;29086;"SUPLENTE";142711,5;"FUNDO ESPECIAL, OUTROS RECURSOS";"Recursos de partido político, Recursos próprios";"N"
250000707276;"PAULO LIMA DE ARAÚJO";"#NULO";"PP";"MASCULINO";"SUPERIOR COMPLETO";"CASADO(A)";"BRANCA";"OUTROS";"APTO";4000;200;"SUPLENTE";1780,9;"OUTROS RECURSOS";"Recursos de partido político";"N"
250000707292;"SUSAN BISELLI RULO";"#NULO";"PP";"FEMININO";"ENSINO MÉDIO COMPLETO";"CASADO(A)";"BRANCA";"OUTROS";"APTO";621600;179;"SUPLENTE";1048,7;"OUTROS RECURSOS";"Recursos de partido político";"N"
250000707274;"DJERSON PINHEIRO DA COSTA JUNIOR";"#NULO";"PP";"MASCULINO";"SUPERIOR INCOMPLETO";"CASADO(A)";"BRANCA";"OUTROS";"APTO";58235,86;347;"SUPLENTE";796,3;"OUTROS RECURSOS";"Recursos de pessoas físicas";"N"
250000707281;"CARLOS EDUARDO FALCONI";"#NULO";"PP";"MASCULINO";"SUPERIOR COMPLETO";"DIVORCIADO(A)";"BRANCA";"POLICIAL MILITAR";"APTO";25210,42;2194;"SUPLENTE";71882,98;"OUTROS RECURSOS";"Recursos de pessoas físicas, Recursos de partido político";"N"
250000707285;"ARNALDO FARIA DE SÁ";"#NULO";"PP";"MASCULINO";"SUPERIOR COMPLETO";"DIVORCIADO(A)";"BRANCA";"ADVOGADO";"APTO";6243882,75;34213;"ELEITO POR QP";573430;"OUTROS RECURSOS, FUNDO PARTIDARIO, FUNDO ESPECIAL";"Recursos de pessoas físicas, Recursos próprios, Recursos de partido político";"N"
250000707273;"GILMARA VANZO CRISTÃO";"#NULO";"PP";"FEMININO";"ENSINO MÉDIO COMPLETO";"CASADO(A)";"BRANCA";"TAXISTA";"APTO";764000;355;"SUPLENTE";1292,6;"OUTROS RECURSOS";"Recursos de partido político, Recursos de pessoas físicas";"N"
250000707279;"HENRIQUE KRIGNER LAINO";"#NULO";"PP";"MASCULINO";"SUPERIOR COMPLETO";"SOLTEIRO(A)";"BRANCA";"ADMINISTRADOR";"APTO";34000;16670;"SUPLENTE";921021,12;"OUTROS RECURSOS, FUNDO ESPECIAL";"Recursos de pessoas físicas, Recursos de partido político, Recursos de Financiamento Coletivo";"N"
250001097188;"VALDIR DOMINGOS NASCIMENTO";"#NULO";"PTC";"MASCULINO";"SUPERIOR INCOMPLETO";"CASADO(A)";"PARDA";"AGENTE DE SAÚDE E SANITARISTA";"APTO";NA;499;"NÃO ELEITO";650;"OUTROS RECURSOS";"Recursos próprios";"N"
250001097227;"ENY CRISTINA DE SOUZA";"#NULO";"PTC";"FEMININO";"ENSINO MÉDIO INCOMPLETO";"SEPARADO(A) JUDICIALMENTE";"BRANCA";"APOSENTADO (EXCETO SERVIDOR PÚBLICO)";"APTO";22000;97;"NÃO ELEITO";5000;"FUNDO ESPECIAL";"Recursos de partido político";"N"
250001097159;"JACIRA COSTA SILVA";"#NULO";"PTC";"FEMININO";"SUPERIOR COMPLETO";"SOLTEIRO(A)";"BRANCA";"APOSENTADO (EXCETO SERVIDOR PÚBLICO)";"APTO";201500;279;"NÃO ELEITO";12930;"OUTROS RECURSOS, FUNDO ESPECIAL";"Recursos de pessoas físicas, Recursos próprios, Recursos de partido político";"N"
250001097200;"EDUARDO AUGUSTO RODRIGUES";"#NULO";"PTC";"MASCULINO";"SUPERIOR INCOMPLETO";"CASADO(A)";"BRANCA";"EMPRESÁRIO";"APTO";40000;320;"NÃO ELEITO";0;"#NULO";"#NULO";"N"
250001263241;"FLAVIO VIEIRA DA MOTTA";"#NULO";"PTC";"MASCULINO";"SUPERIOR COMPLETO";"CASADO(A)";"PRETA";"ADVOGADO";"APTO";555000;7;"NÃO ELEITO";0;"#NULO";"#NULO";"N"
250001097176;"MARIO JOSE DE SOUZA";"#NULO";"PTC";"MASCULINO";"SUPERIOR COMPLETO";"CASADO(A)";"BRANCA";"SERVIDOR PÚBLICO ESTADUAL";"APTO";480000;135;"NÃO ELEITO";0;"#NULO";"#NULO";"N"
250001097199;"DIOGO HENRIQUE BRITO CORTE ALENCAR";"#NULO";"PTC";"MASCULINO";"SUPERIOR COMPLETO";"SOLTEIRO(A)";"BRANCA";"PROFESSOR DE ENSINO FUNDAMENTAL";"APTO";NA;76;"NÃO ELEITO";0;"#NULO";"#NULO";"N"
250000811376;"NEUSA ORISAFAN DE BARROS MACHADO";"#NULO";"PODE";"FEMININO";"SUPERIOR COMPLETO";"CASADO(A)";"BRANCA";"PROFESSOR DE ENSINO MÉDIO";"APTO";78000;366;"SUPLENTE";11140;"FUNDO ESPECIAL, OUTROS RECURSOS";"Recursos de partido político, Recursos próprios";"N"
250000811456;"PAULO CESAR MALUF";"#NULO";"PODE";"MASCULINO";"SUPERIOR COMPLETO";"DIVORCIADO(A)";"BRANCA";"ADMINISTRADOR";"APTO";1099019,32;563;"SUPLENTE";19405,06;"OUTROS RECURSOS, FUNDO ESPECIAL";"Recursos próprios, Recursos de Financiamento Coletivo, Recursos de partido político";"N"
250000811435;"LEANDRO MAIA CALIL";"#NULO";"PODE";"MASCULINO";"SUPERIOR COMPLETO";"SOLTEIRO(A)";"BRANCA";"EMPRESÁRIO";"APTO";174040,01;824;"SUPLENTE";0;"#NULO";"#NULO";"N"
250000811390;"PAULO MARCELO SCHALLENBERGER";"#NULO";"PODE";"MASCULINO";"ENSINO MÉDIO COMPLETO";"CASADO(A)";"BRANCA";"SACERDOTE OU MEMBRO DE ORDEM OU SEITA RELIGIOSA";"APTO";NA;4486;"SUPLENTE";384000;"FUNDO ESPECIAL";"Recursos de partido político";"N"
250000811439;"FABRICIO MARCOS DA SILVA";"#NULO";"PODE";"MASCULINO";"SUPERIOR COMPLETO";"SOLTEIRO(A)";"BRANCA";"EMPRESÁRIO";"APTO";699900;553;"SUPLENTE";0;"#NULO";"#NULO";"N"
250000811399;"MARIA SIMONE SANTOS";"#NULO";"PODE";"FEMININO";"SUPERIOR COMPLETO";"DIVORCIADO(A)";"PARDA";"CONTADOR";"APTO";284173,3;182;"SUPLENTE";10320;"FUNDO ESPECIAL";"Recursos de partido político";"N"
250000811414;"USHITARO KAMIA";"#NULO";"PODE";"MASCULINO";"SUPERIOR COMPLETO";"CASADO(A)";"AMARELA";"ADVOGADO";"APTO";127350,2;9255;"SUPLENTE";146700;"OUTROS RECURSOS, FUNDO ESPECIAL";"Recursos de pessoas físicas, Recursos de partido político, Recursos de Financiamento Coletivo, Recursos próprios";"N"
250000811434;"JORGE FARID BOULOS BOU CHEBL";"#NULO";"PODE";"MASCULINO";"SUPERIOR COMPLETO";"CASADO(A)";"BRANCA";"COMERCIANTE";"APTO";2577236,41;746;"SUPLENTE";48660;"OUTROS RECURSOS, FUNDO ESPECIAL";"Recursos próprios, Recursos de partido político, Recursos de pessoas físicas";"N"
250000811384;"JOSE CARLOS LEITE SOARES";"#NULO";"PODE";"MASCULINO";"SUPERIOR COMPLETO";"CASADO(A)";"PRETA";"PROFESSOR DE ENSINO MÉDIO";"APTO";13000;1559;"SUPLENTE";40410;"OUTROS RECURSOS, FUNDO ESPECIAL";"Recursos de pessoas físicas, Recursos de partido político";"N"
250000811391;"ADRIANA PIERIN";"#NULO";"PODE";"FEMININO";"SUPERIOR COMPLETO";"SOLTEIRO(A)";"BRANCA";"ADMINISTRADOR";"APTO";88000;1625;"SUPLENTE";39380;"FUNDO ESPECIAL";"Recursos de partido político";"N"
250001041961;"CARLOS ARAUJO SOUTO";"#NULO";"PRTB";"MASCULINO";"SUPERIOR COMPLETO";"CASADO(A)";"PRETA";"ADVOGADO";"APTO";NA;57;"NÃO ELEITO";0;"#NULO";"#NULO";"N"
250001041966;"ANDERSON LUIZ DOMINGOS ALVES";"#NULO";"PRTB";"MASCULINO";"ENSINO MÉDIO COMPLETO";"CASADO(A)";"PARDA";"SACERDOTE OU MEMBRO DE ORDEM OU SEITA RELIGIOSA";"APTO";NA;82;"NÃO ELEITO";0;"#NULO";"#NULO";"N"
250001041985;"HELISON OBEDE AYRES DE BRITO";"#NULO";"PRTB";"MASCULINO";"SUPERIOR COMPLETO";"CASADO(A)";"PRETA";"ADMINISTRADOR";"APTO";NA;631;"NÃO ELEITO";1300;"OUTROS RECURSOS";"Recursos de pessoas físicas, Recursos próprios, Recursos de Financiamento Coletivo";"N"
250001041968;"EDSON PIRES SALOMÃO";"#NULO";"PRTB";"MASCULINO";"ENSINO MÉDIO COMPLETO";"CASADO(A)";"BRANCA";"OUTROS";"APTO";NA;20309;"NÃO ELEITO";14858,14;"OUTROS RECURSOS";"Recursos de pessoas físicas, Recursos de partido político, Recursos de Financiamento Coletivo";"N"
250001041991;"JOSE ROBERTO FARIA";"#NULO";"PRTB";"MASCULINO";"SUPERIOR COMPLETO";"CASADO(A)";"BRANCA";"SERVIDOR PÚBLICO MUNICIPAL";"APTO";NA;28;"NÃO ELEITO";0;"#NULO";"#NULO";"N"
250001041949;"ALBERTO SABINO DE OLIVEIRA";"#NULO";"PRTB";"MASCULINO";"SUPERIOR COMPLETO";"SOLTEIRO(A)";"BRANCA";"SERVIDOR PÚBLICO CIVIL APOSENTADO";"APTO";545000;167;"NÃO ELEITO";41337,85;"OUTROS RECURSOS";"Recursos próprios, Recursos de pessoas físicas";"N"
250001041976;"VICENTE LOPES JUNIOR";"#NULO";"PRTB";"MASCULINO";"SUPERIOR COMPLETO";"SOLTEIRO(A)";"BRANCA";"ECONOMISTA";"APTO";2121000;119;"NÃO ELEITO";1441,5;"OUTROS RECURSOS";"Recursos de partido político, Recursos de pessoas físicas";"N"
250001042007;"DJALMA DE LIMA SANTOS";"#NULO";"PRTB";"MASCULINO";"SUPERIOR COMPLETO";"CASADO(A)";"BRANCA";"POLICIAL MILITAR";"APTO";1771888,44;1027;"NÃO ELEITO";7764,65;"OUTROS RECURSOS";"Recursos próprios, Recursos de pessoas físicas, Recursos de Financiamento Coletivo";"N"
250001041958;"NEILDO FRANCISCO DE ASSIS";"#NULO";"PRTB";"MASCULINO";"ENSINO FUNDAMENTAL COMPLETO";"SOLTEIRO(A)";"BRANCA";"COMERCIÁRIO";"APTO";630101,3;519;"NÃO ELEITO";10941,5;"OUTROS RECURSOS";"Recursos de partido político, Recursos de pessoas físicas, Recursos próprios";"N"
250000706719;"TATHIANA CARDOSO FREIRE NUNES";"#NULO";"PV";"FEMININO";"SUPERIOR COMPLETO";"CASADO(A)";"BRANCA";"EMPRESÁRIO";"APTO";334361,6;222;"SUPLENTE";20518,46;"OUTROS RECURSOS, FUNDO ESPECIAL";"Recursos de pessoas físicas, Recursos de Financiamento Coletivo, Recursos de partido político";"N"
250000706726;"TIAGO SALATIEL DA SILVA TAVARES";"#NULO";"PV";"MASCULINO";"ENSINO FUNDAMENTAL INCOMPLETO";"SOLTEIRO(A)";"PARDA";"MOTOBOY";"APTO";8700;97;"SUPLENTE";4014;"OUTROS RECURSOS, FUNDO ESPECIAL";"Recursos próprios, Recursos de partido político";"N"
250000706740;"MEIRE APARECIDA BALARIN LEONARDO";"#NULO";"PV";"FEMININO";"SUPERIOR COMPLETO";"CASADO(A)";"PARDA";"PROFESSOR DE ENSINO FUNDAMENTAL";"APTO";NA;330;"SUPLENTE";20014;"FUNDO ESPECIAL, OUTROS RECURSOS";"Recursos de partido político, Recursos próprios";"N"
250000706725;"VALTER LIMA";"#NULO";"PV";"MASCULINO";"ENSINO FUNDAMENTAL COMPLETO";"CASADO(A)";"PARDA";"EMPRESÁRIO";"APTO";21500;212;"SUPLENTE";4000;"FUNDO ESPECIAL";"Recursos de partido político";"N"
250000706697;"ELUZIA MARIA DA SILVA";"#NULO";"PV";"FEMININO";"ENSINO MÉDIO COMPLETO";"SOLTEIRO(A)";"PARDA";"ARTESÃO";"APTO";NA;63;"SUPLENTE";3000;"FUNDO ESPECIAL";"Recursos de partido político";"N"
250000706737;"EDNA OLIVEIRA DE BRITO";"#NULO";"PV";"FEMININO";"SUPERIOR COMPLETO";"CASADO(A)";"BRANCA";"BANCÁRIO E ECONOMIÁRIO";"APTO";410800;76;"SUPLENTE";5000;"FUNDO ESPECIAL";"Recursos de partido político";"N"
250000706713;"MARIA ELIZABETH GALVÃO MELLO";"#NULO";"PV";"FEMININO";"SUPERIOR COMPLETO";"VIÚVO(A)";"BRANCA";"ADVOGADO";"APTO";NA;192;"SUPLENTE";5000;"FUNDO ESPECIAL";"Recursos de partido político";"N"
250000925965;"AURELIA CINAQUI AMARAL";"#NULO";"PSC";"FEMININO";"ENSINO MÉDIO COMPLETO";"DIVORCIADO(A)";"BRANCA";"OUTROS";"APTO";NA;226;"SUPLENTE";15120;"FUNDO ESPECIAL";"Recursos de partido político";"N"
250000925958;"SONIA MARIA GUERREIRO PAZINI";"#NULO";"PSC";"FEMININO";"ENSINO MÉDIO COMPLETO";"VIÚVO(A)";"BRANCA";"JORNALISTA E REDATOR";"APTO";NA;71;"SUPLENTE";10120;"FUNDO ESPECIAL";"Recursos de partido político";"N"
250000925953;"DENILSON MIOTTO";"#NULO";"PSC";"MASCULINO";"SUPERIOR COMPLETO";"CASADO(A)";"BRANCA";"MILITAR REFORMADO";"APTO";195000;673;"SUPLENTE";11495;"FUNDO ESPECIAL";"Recursos de partido político";"N"
250000883843;"SILVIO DE OLIVEIRA PENTEADO FILHO";"#NULO";"REPUBLICANOS";"MASCULINO";"ENSINO MÉDIO COMPLETO";"DIVORCIADO(A)";"BRANCA";"CORRETOR DE IMÓVEIS, SEGUROS, TÍTULOS E VALORES";"APTO";101000;684;"SUPLENTE";2327,35;"FUNDO ESPECIAL";"Recursos de partido político";"N"
250000883837;"JONATAN SANTOS DE OLIVEIRA";"#NULO";"REPUBLICANOS";"MASCULINO";"SUPERIOR INCOMPLETO";"CASADO(A)";"BRANCA";"OUTROS";"APTO";49835,74;1570;"SUPLENTE";9725,21;"OUTROS RECURSOS, FUNDO ESPECIAL";"Recursos de pessoas físicas, Recursos de partido político";"N"
250000925940;"DELDI TEIXEIRA SILVA";"#NULO";"PSC";"MASCULINO";"ENSINO FUNDAMENTAL COMPLETO";"CASADO(A)";"PARDA";"MOTORISTA PARTICULAR";"APTO";NA;222;"SUPLENTE";7620;"FUNDO ESPECIAL, FUNDO PARTIDARIO";"Recursos de partido político";"N"
250000925973;"CREUZA DA CRUZ ALMEIDA";"#NULO";"PSC";"FEMININO";"SUPERIOR COMPLETO";"SOLTEIRO(A)";"BRANCA";"OUTROS";"APTO";NA;335;"SUPLENTE";10120;"FUNDO ESPECIAL";"Recursos de partido político";"N"
250000883890;"CAMILA TAPIA ROJAS SEGATO";"#NULO";"REPUBLICANOS";"FEMININO";"ENSINO MÉDIO COMPLETO";"SOLTEIRO(A)";"BRANCA";"APOSENTADO (EXCETO SERVIDOR PÚBLICO)";"APTO";128000;1135;"SUPLENTE";13843,5;"OUTROS RECURSOS, FUNDO ESPECIAL";"Recursos de pessoas físicas, Recursos de partido político";"N"
250000883893;"ANTONIO MATHEUS FILHO";"#NULO";"REPUBLICANOS";"MASCULINO";"ENSINO FUNDAMENTAL COMPLETO";"CASADO(A)";"BRANCA";"OUTROS";"APTO";NA;1309;"SUPLENTE";2817,5;"FUNDO ESPECIAL";"Recursos de partido político";"N"
250000925982;"FABÍOLA CHAGURI";"#NULO";"PSC";"FEMININO";"SUPERIOR COMPLETO";"CASADO(A)";"BRANCA";"DONA DE CASA";"APTO";564737,98;414;"SUPLENTE";17120;"FUNDO ESPECIAL";"Recursos de partido político";"N"
250000925975;"ELVIO FERNANDEZ GONZALES";"#NULO";"PSC";"MASCULINO";"ENSINO MÉDIO COMPLETO";"SOLTEIRO(A)";"BRANCA";"TAXISTA";"APTO";36000;183;"SUPLENTE";12495;"FUNDO ESPECIAL";"Recursos de partido político";"N"
250000883859;"ANTONIO CÉZAR DE OLIVEIRA XAVIER";"#NULO";"REPUBLICANOS";"MASCULINO";"ENSINO MÉDIO COMPLETO";"DIVORCIADO(A)";"PARDA";"GERENTE";"APTO";208221,21;459;"SUPLENTE";3536,25;"FUNDO ESPECIAL";"Recursos de partido político";"N"
250000883836;"GIVALDO BARBOSA DOS SANTOS";"#NULO";"REPUBLICANOS";"MASCULINO";"ENSINO FUNDAMENTAL COMPLETO";"SOLTEIRO(A)";"PRETA";"MECÂNICO DE MANUTENÇÃO";"APTO";NA;755;"SUPLENTE";1907,5;"FUNDO ESPECIAL";"Recursos de partido político";"N"
250000925985;"MIRIAN PEREIRA";"#NULO";"PSC";"FEMININO";"ENSINO MÉDIO COMPLETO";"DIVORCIADO(A)";"PARDA";"COMERCIÁRIO";"APTO";130000;41;"SUPLENTE";620;"FUNDO ESPECIAL";"Recursos de partido político";"N"
250000883864;"DILMA TEIXEIRA ALVES";"#NULO";"REPUBLICANOS";"FEMININO";"SUPERIOR COMPLETO";"SOLTEIRO(A)";"PARDA";"OUTROS";"APTO";213975,31;173;"SUPLENTE";13135,5;"FUNDO ESPECIAL";"Recursos de partido político";"N"
250000925979;"GILBERTO NASCIMENTO SILVA JUNIOR";"#NULO";"PSC";"MASCULINO";"SUPERIOR COMPLETO";"CASADO(A)";"BRANCA";"VEREADOR";"APTO";443000;22659;"ELEITO POR MÉDIA";296873,08;"FUNDO ESPECIAL, OUTROS RECURSOS, FUNDO PARTIDARIO";"Recursos de partido político, Recursos de pessoas físicas";"N"
250000925983;"NEILO DE ALMEIDA SIQUEIRA";"#NULO";"PSC";"MASCULINO";"ENSINO MÉDIO COMPLETO";"DIVORCIADO(A)";"BRANCA";"VIGILANTE";"APTO";52300;160;"SUPLENTE";6500;"FUNDO ESPECIAL";"Recursos de partido político";"N"
250000883879;"MARIA NILZA FERREIRA ALVES";"#NULO";"REPUBLICANOS";"FEMININO";"ENSINO MÉDIO COMPLETO";"DIVORCIADO(A)";"PARDA";"OUTROS";"APTO";36315;987;"SUPLENTE";23292,5;"FUNDO ESPECIAL";"Recursos de partido político";"N"
250000883888;"JEFERSON SANTOS DE OLIVEIRA";"#NULO";"REPUBLICANOS";"MASCULINO";"SUPERIOR COMPLETO";"CASADO(A)";"PRETA";"OUTROS";"APTO";23900;564;"SUPLENTE";5714;"OUTROS RECURSOS, FUNDO ESPECIAL";"Recursos próprios, Recursos de partido político, Recursos de Financiamento Coletivo";"N"
250000883876;"DANIA LIMA DE OLIVEIRA";"#NULO";"REPUBLICANOS";"FEMININO";"ENSINO MÉDIO COMPLETO";"SOLTEIRO(A)";"PARDA";"OUTROS";"APTO";NA;973;"SUPLENTE";6687,36;"FUNDO ESPECIAL";"Recursos de partido político";"N"
250000883880;"ROSALVO GUEDES DE SOUZA";"#NULO";"REPUBLICANOS";"MASCULINO";"SUPERIOR COMPLETO";"SEPARADO(A) JUDICIALMENTE";"PRETA";"POLICIAL MILITAR";"APTO";19916,59;821;"SUPLENTE";6422,48;"OUTROS RECURSOS, FUNDO ESPECIAL";"Recursos de pessoas físicas, Recursos de partido político";"N"
250001016196;"RAPHAELA JOSÉ CYRILLO GALLETTI";"#NULO";"PSD";"FEMININO";"SUPERIOR COMPLETO";"DIVORCIADO(A)";"BRANCA";"ADVOGADO";"APTO";710889,66;552;"SUPLENTE";35371,74;"OUTROS RECURSOS, FUNDO ESPECIAL";"Recursos próprios, Recursos de Financiamento Coletivo, Recursos de partido político";"N"
250001016194;"LUIZ CARLOS SMITH PEPE";"#NULO";"PSD";"MASCULINO";"SUPERIOR COMPLETO";"DIVORCIADO(A)";"BRANCA";"ADVOGADO";"APTO";NA;1596;"SUPLENTE";23971,74;"OUTROS RECURSOS, FUNDO ESPECIAL";"Recursos de pessoas físicas, Recursos de partido político";"N"
250001016144;"ARÃO GONZAGA DOS SANTOS";"#NULO";"PSD";"MASCULINO";"ENSINO FUNDAMENTAL COMPLETO";"CASADO(A)";"BRANCA";"COMERCIANTE";"APTO";1e+05;138;"SUPLENTE";NA;NA;NA;"N"
250001016140;"CLARICE SILVA BARBOSA";"#NULO";"PSD";"FEMININO";"ENSINO MÉDIO COMPLETO";"CASADO(A)";"PARDA";"ARTISTA PLÁSTICO E ASSEMELHADOS";"APTO";268000;204;"SUPLENTE";68131,74;"FUNDO ESPECIAL";"Recursos de partido político";"N"
250001016181;"MAURÍCIO DE ASSIS MACEDO SILVA";"#NULO";"PSD";"MASCULINO";"SUPERIOR COMPLETO";"SOLTEIRO(A)";"PRETA";"EMPRESÁRIO";"APTO";NA;492;"SUPLENTE";61600;"FUNDO ESPECIAL";"Recursos de partido político";"N"
250001016146;"TANIA MARA DE MATOS ROSA GASPARETTO";"#NULO";"PSD";"FEMININO";"SUPERIOR COMPLETO";"CASADO(A)";"BRANCA";"FARMACÊUTICO";"APTO";NA;2582;"SUPLENTE";31500;"FUNDO ESPECIAL";"Recursos de partido político";"N"
250001016158;"ELTON TONY SOUZA PONDÉ COELHO";"#NULO";"PSD";"MASCULINO";"SUPERIOR COMPLETO";"CASADO(A)";"BRANCA";"SOCIÓLOGO";"APTO";38609,44;1405;"SUPLENTE";34597,15;"OUTROS RECURSOS, FUNDO ESPECIAL";"Recursos de pessoas físicas, Recursos de Financiamento Coletivo, Recursos de partido político, Recursos próprios";"N"
250001016160;"CLAUDIO BATISTA DOS SANTOS";"#NULO";"PSD";"MASCULINO";"SUPERIOR COMPLETO";"SOLTEIRO(A)";"PARDA";"ADVOGADO";"APTO";45000;541;"SUPLENTE";65121,74;"FUNDO ESPECIAL";"Recursos de partido político";"N"
250001016176;"FRANCISCO SCARPA FILHO";"#NULO";"PSD";"MASCULINO";"SUPERIOR COMPLETO";"DIVORCIADO(A)";"BRANCA";"INDUSTRIAL";"APTO";1528104,39;1177;"SUPLENTE";89878,24;"OUTROS RECURSOS, FUNDO ESPECIAL";"Recursos de pessoas físicas, Recursos próprios, Recursos de partido político";"N"
250000641021;"FRANCISCO MOREIRA DAS CHAGAS";"#NULO";"PL";"MASCULINO";"ENSINO MÉDIO COMPLETO";"CASADO(A)";"PRETA";"VENDEDOR DE COMÉRCIO VAREJISTA E ATACADISTA";"APTO";9362,57;319;"SUPLENTE";12800;"FUNDO ESPECIAL, FUNDO PARTIDARIO";"Recursos de partido político";"N"
250000641020;"BRUNNA POTAME";"#NULO";"PL";"FEMININO";"SUPERIOR INCOMPLETO";"SOLTEIRO(A)";"BRANCA";"ENFERMEIRO";"APTO";20;45;"SUPLENTE";10800;"FUNDO PARTIDARIO";"Recursos de partido político";"N"
250000641047;"KLEBER SALVINO RODRIGUES";"#NULO";"PL";"MASCULINO";"ENSINO MÉDIO COMPLETO";"SOLTEIRO(A)";"BRANCA";"AUXILIAR DE ESCRITÓRIO E ASSEMELHADOS";"APTO";535;267;"SUPLENTE";12800;"FUNDO ESPECIAL, FUNDO PARTIDARIO";"Recursos de partido político";"N"
250000641017;"OSVALDO MENESES DOS SANTOS";"#NULO";"PL";"MASCULINO";"SUPERIOR COMPLETO";"SOLTEIRO(A)";"BRANCA";"POLICIAL MILITAR";"APTO";110770,65;509;"SUPLENTE";22049,4;"FUNDO PARTIDARIO, OUTROS RECURSOS, FUNDO ESPECIAL";"Recursos de partido político, Recursos de pessoas físicas, Recursos próprios";"N"
250000641006;"LÍGIA CRISTINA CONDURSI DA SILVA";"#NULO";"PL";"FEMININO";"SUPERIOR COMPLETO";"DIVORCIADO(A)";"BRANCA";"POLICIAL MILITAR";"APTO";260200;1254;"SUPLENTE";76900;"OUTROS RECURSOS, FUNDO PARTIDARIO, FUNDO ESPECIAL";"Recursos próprios, Recursos de partido político";"N"
250001159225;"LETÍCIA DE OLIVEIRA SILVA";"#NULO";"PROS";"FEMININO";"SUPERIOR COMPLETO";"SOLTEIRO(A)";"BRANCA";"SUPERVISOR, INSPETOR E AGENTE DE COMPRAS E VENDAS";"APTO";2e+05;218;"NÃO ELEITO";7276,7;"OUTROS RECURSOS, FUNDO PARTIDARIO, FUNDO ESPECIAL";"Recursos de outros candidatos, Recursos de partido político";"N"
250001159215;"CINTIA PELLI";"#NULO";"PROS";"FEMININO";"SUPERIOR COMPLETO";"SOLTEIRO(A)";"BRANCA";"ATOR E DIRETOR DE ESPETÁCULOS PÚBLICOS";"APTO";2e+05;51;"NÃO ELEITO";5276,7;"FUNDO PARTIDARIO, OUTROS RECURSOS";"Recursos de partido político, Recursos de outros candidatos";"N"
250001159238;"MANOEL MILANEZ DA SILVA FILHO";"#NULO";"PROS";"MASCULINO";"ENSINO MÉDIO COMPLETO";"SOLTEIRO(A)";"BRANCA";"EMPRESÁRIO";"APTO";NA;356;"NÃO ELEITO";5290,7;"FUNDO PARTIDARIO, OUTROS RECURSOS";"Recursos de partido político, Recursos próprios, Recursos de outros candidatos";"N"
250000944983;"JOSE RIBEIRO DE SOUZA";"#NULO";"CIDADANIA";"MASCULINO";"SUPERIOR COMPLETO";"CASADO(A)";"BRANCA";"LOCUTOR E COMENTARISTA DE RÁDIO E TELEVISÃO E RADIALISTA";"APTO";8000;277;"NÃO ELEITO";8087,51;"OUTROS RECURSOS, FUNDO ESPECIAL";"Recursos de pessoas físicas, Recursos próprios, Recursos de partido político";"N"
250000945010;"REINALDO MARCOLINO DA SILVA";"#NULO";"CIDADANIA";"MASCULINO";"ENSINO FUNDAMENTAL COMPLETO";"CASADO(A)";"PRETA";"FOTÓGRAFO E ASSEMELHADOS";"APTO";NA;422;"NÃO ELEITO";6838,16;"OUTROS RECURSOS, FUNDO ESPECIAL";"Recursos de pessoas físicas, Recursos próprios, Recursos de partido político";"N"
250000944982;"PEDRO SILVA JESUS JUNIOR";"#NULO";"CIDADANIA";"MASCULINO";"SUPERIOR COMPLETO";"CASADO(A)";"PRETA";"SERVIDOR PÚBLICO MUNICIPAL";"APTO";20000;559;"NÃO ELEITO";12238,16;"OUTROS RECURSOS, FUNDO ESPECIAL";"Recursos de pessoas físicas, Recursos próprios, Recursos de partido político";"N"
250001206045;"WALNEY ARAUJO DA SILVEIRA";"#NULO";"AVANTE";"MASCULINO";"SUPERIOR COMPLETO";"SOLTEIRO(A)";"BRANCA";"SERVIDOR PÚBLICO MUNICIPAL";"APTO";NA;373;"NÃO ELEITO";0;"#NULO";"#NULO";"N"
250001206034;"DANIEL PEREIRA DA SILVA";"#NULO";"AVANTE";"MASCULINO";"SUPERIOR COMPLETO";"SOLTEIRO(A)";"PARDA";"COMERCIANTE";"APTO";NA;174;"NÃO ELEITO";0;"#NULO";"#NULO";"N"
250001206068;"OSVALDO TOBIA NETO";"#NULO";"AVANTE";"MASCULINO";"SUPERIOR COMPLETO";"DIVORCIADO(A)";"BRANCA";"POLICIAL CIVIL";"APTO";109824,31;744;"NÃO ELEITO";17700;"OUTROS RECURSOS, FUNDO ESPECIAL";"Recursos próprios, Recursos de partido político";"N"
250001264834;"ANTONIO CLAUDINO CORDEIRO";"#NULO";"AVANTE";"MASCULINO";"SUPERIOR COMPLETO";"CASADO(A)";"PARDA";"MILITAR REFORMADO";"APTO";NA;153;"NÃO ELEITO";0;"#NULO";"#NULO";"N"
250001206059;"FATIMA MAGALHAES DE OLIVEIRA";"#NULO";"AVANTE";"FEMININO";"SUPERIOR COMPLETO";"SOLTEIRO(A)";"BRANCA";"PROFESSOR DE ENSINO MÉDIO";"APTO";NA;2928;"NÃO ELEITO";3000;"FUNDO ESPECIAL";"Recursos de partido político";"N"
250001206051;"JOSE ANTONIO CANTUARIA";"#NULO";"AVANTE";"MASCULINO";"ENSINO MÉDIO COMPLETO";"SOLTEIRO(A)";"BRANCA";"OUTROS";"APTO";NA;925;"NÃO ELEITO";0;"#NULO";"#NULO";"N"
250001206070;"ADRIANA SOUZA DOS SANTOS PEREIRA";"#NULO";"AVANTE";"FEMININO";"ENSINO MÉDIO COMPLETO";"CASADO(A)";"PRETA";"DONA DE CASA";"APTO";NA;57;"NÃO ELEITO";0;"#NULO";"#NULO";"N"
250001206089;"DONIZETE ALVES NOGUEIRA";"#NULO";"AVANTE";"MASCULINO";"SUPERIOR INCOMPLETO";"DIVORCIADO(A)";"BRANCA";"BOMBEIRO CIVIL";"APTO";NA;405;"NÃO ELEITO";900;"OUTROS RECURSOS";"Recursos próprios";"N"
250001206083;"CRISTIANO LUIZ PRETE";"#NULO";"AVANTE";"MASCULINO";"SUPERIOR COMPLETO";"CASADO(A)";"BRANCA";"COMERCIANTE";"APTO";NA;410;"NÃO ELEITO";0;"#NULO";"#NULO";"N"
250001206029;"RUTE COSTA SOBRINHA";"#NULO";"AVANTE";"FEMININO";"ENSINO FUNDAMENTAL COMPLETO";"SOLTEIRO(A)";"PARDA";"APOSENTADO (EXCETO SERVIDOR PÚBLICO)";"APTO";NA;357;"NÃO ELEITO";3000;"FUNDO ESPECIAL";"Recursos de partido político";"N"
250001119861;"PEDRO HENRIQUE HENRIQUES FERNANDES";"#NULO";"PDT";"MASCULINO";"SUPERIOR COMPLETO";"DIVORCIADO(A)";"BRANCA";"OUTROS";"APTO";NA;540;"NÃO ELEITO";12690,09;"FUNDO ESPECIAL, OUTROS RECURSOS";"Recursos de outros candidatos, Recursos de pessoas físicas, Recursos de partido político";"N"
250001119858;"MOEMA ARRUDA DOS SANTOS";"#NULO";"PDT";"FEMININO";"SUPERIOR COMPLETO";"SOLTEIRO(A)";"PARDA";"ADVOGADO";"APTO";NA;371;"NÃO ELEITO";11803,57;"OUTROS RECURSOS, FUNDO ESPECIAL";"Recursos de Financiamento Coletivo, Recursos de pessoas físicas, Recursos de partido político, Recursos de outros candidatos";"N"
250001119884;"ALEX SANDRO ALVES SOUZA";"#NULO";"PDT";"MASCULINO";"SUPERIOR COMPLETO";"CASADO(A)";"BRANCA";"ADMINISTRADOR";"APTO";1262000;102;"NÃO ELEITO";6995,57;"FUNDO ESPECIAL";"Recursos de outros candidatos, Recursos de partido político";"N"
250001119899;"GLAUCE KELLY DOS SANTOS ADÃO LIMA";"#NULO";"PDT";"FEMININO";"ENSINO MÉDIO COMPLETO";"CASADO(A)";"BRANCA";"DONA DE CASA";"APTO";NA;152;"NÃO ELEITO";8315,57;"OUTROS RECURSOS, FUNDO ESPECIAL";"Recursos de pessoas físicas, Recursos de partido político, Recursos de outros candidatos";"N"
250001119916;"MARCELO GUTIERREZ";"#NULO";"PDT";"MASCULINO";"SUPERIOR COMPLETO";"VIÚVO(A)";"BRANCA";"SACERDOTE OU MEMBRO DE ORDEM OU SEITA RELIGIOSA";"APTO";13426;169;"NÃO ELEITO";6545,57;"FUNDO ESPECIAL";"Recursos de outros candidatos, Recursos de partido político";"N"
250001119869;"CLAUDIO JOSÉ DE OLIVEIRA GONÇALVES";"#NULO";"PDT";"MASCULINO";"SUPERIOR COMPLETO";"DIVORCIADO(A)";"PRETA";"MÚSICO";"APTO";NA;1462;"NÃO ELEITO";8300;"FUNDO ESPECIAL";"Recursos de partido político, Recursos de outros candidatos";"N"
250001119885;"ANA PAULA DE SOUZA PASSOS";"#NULO";"PDT";"FEMININO";"SUPERIOR INCOMPLETO";"CASADO(A)";"PRETA";"ESTUDANTE, BOLSISTA, ESTAGIÁRIO E ASSEMELHADOS";"APTO";10854;341;"NÃO ELEITO";3600;"FUNDO ESPECIAL";"Recursos de outros candidatos";"N"
250001119907;"RUTHINEA DE CARVALHO";"#NULO";"PDT";"FEMININO";"SUPERIOR COMPLETO";"SOLTEIRO(A)";"BRANCA";"OUTROS";"APTO";0,1;198;"NÃO ELEITO";7145,57;"FUNDO ESPECIAL";"Recursos de outros candidatos, Recursos de partido político";"N"
250001119895;"FLAVIA APARECIDA RODRIGUES";"#NULO";"PDT";"FEMININO";"SUPERIOR COMPLETO";"SOLTEIRO(A)";"PRETA";"PROFESSOR DE ENSINO MÉDIO";"APTO";NA;164;"NÃO ELEITO";7195,57;"FUNDO ESPECIAL";"Recursos de outros candidatos, Recursos de partido político";"N"
250000789489;"BRENNER NASCIMENTO DE JESUS";"#NULO";"PT";"MASCULINO";"SUPERIOR COMPLETO";"SOLTEIRO(A)";"BRANCA";"OUTROS";"APTO";9902;260;"SUPLENTE";7303,5;"OUTROS RECURSOS, FUNDO ESPECIAL";"Recursos de pessoas físicas, Recursos próprios, Recursos de outros candidatos, Recursos de partido político";"N"
250000789451;"MARIA ONEIDA DE MELO ALBUQUERQUE";"#NULO";"PT";"FEMININO";"ENSINO MÉDIO COMPLETO";"VIÚVO(A)";"PARDA";"OUTROS";"APTO";NA;40;"SUPLENTE";5879,95;"OUTROS RECURSOS, FUNDO ESPECIAL";"Recursos próprios, Recursos de outros candidatos, Recursos de partido político";"N"
250000789526;"CÉLIA NAIR SOARES";"#NULO";"PT";"FEMININO";"SUPERIOR INCOMPLETO";"SOLTEIRO(A)";"PRETA";"OUTROS";"APTO";NA;372;"SUPLENTE";13673,5;"OUTROS RECURSOS, FUNDO ESPECIAL";"Recursos de pessoas físicas, Recursos de outros candidatos, Recursos de partido político";"N"
250000789462;"ANDREZA DO NASCIMENTO ALMEIDA";"#NULO";"PT";"FEMININO";"SUPERIOR INCOMPLETO";"SOLTEIRO(A)";"PRETA";"VENDEDOR DE COMÉRCIO VAREJISTA E ATACADISTA";"APTO";NA;110;"SUPLENTE";15373,5;"FUNDO ESPECIAL";"Recursos de partido político, Recursos de outros candidatos";"N"
250000789469;"MIZAEL CASSIMIRO DA SILVA";"#NULO";"PT";"MASCULINO";"ENSINO MÉDIO COMPLETO";"CASADO(A)";"PARDA";"AGENTE POSTAL";"APTO";NA;1270;"SUPLENTE";51143,5;"FUNDO ESPECIAL, OUTROS RECURSOS";"Recursos de partido político, Recursos de pessoas físicas, Recursos de outros candidatos";"N"
250000789500;"DOUGLAS SAMOEL FONSECA";"#NULO";"PT";"MASCULINO";"SUPERIOR COMPLETO";"SOLTEIRO(A)";"PARDA";"PROFESSOR DE ENSINO MÉDIO";"APTO";NA;2122;"SUPLENTE";39908,5;"FUNDO ESPECIAL, OUTROS RECURSOS";"Recursos de partido político, Recursos de pessoas físicas, Recursos próprios, Recursos de Financiamento Coletivo, Recursos de outros candidatos";"N"
250000688248;"MONICA RAMIRES FERRAZ CURY";"NÃO DIVULGÁVEL";"NOVO";"NÃO DIVULGÁVEL";"NÃO DIVULGÁVEL";"NÃO DIVULGÁVEL";"NÃO DIVULGÁVEL";"NÃO DIVULGÁVEL";"APTO";NA;3541;"SUPLENTE";NA;NA;NA;"Não divulgável"
250001129682;"PAULO PURKYT";"#NULO";"DC";"MASCULINO";"SUPERIOR COMPLETO";"CASADO(A)";"BRANCA";"ADVOGADO";"APTO";NA;230;"NÃO ELEITO";8382,1;"OUTROS RECURSOS, FUNDO ESPECIAL";"Recursos de pessoas físicas, Recursos de partido político, Recursos de Financiamento Coletivo";"N"
250001129680;"JOSÉ CARLOS SELBACH EYMAEL";"#NULO";"DC";"MASCULINO";"SUPERIOR COMPLETO";"CASADO(A)";"BRANCA";"OUTROS";"APTO";NA;34;"NÃO ELEITO";5057,1;"FUNDO ESPECIAL";"Recursos de partido político";"N"
250001129676;"CESAR FERREIRA LONGARES";"#NULO";"DC";"MASCULINO";"SUPERIOR COMPLETO";"CASADO(A)";"BRANCA";"OUTROS";"APTO";NA;91;"NÃO ELEITO";3872,1;"FUNDO ESPECIAL";"Recursos de partido político";"N"
250001129668;"ANTONIO ALEXANDRE GALDI DELGADO";"#NULO";"DC";"MASCULINO";"SUPERIOR COMPLETO";"CASADO(A)";"BRANCA";"OUTROS";"APTO";NA;111;"NÃO ELEITO";3872,1;"FUNDO ESPECIAL";"Recursos de partido político";"N"
250001129670;"RAFAEL RIBEIRO DE OLIVEIRA";"#NULO";"DC";"MASCULINO";"ENSINO MÉDIO COMPLETO";"CASADO(A)";"BRANCA";"MOTORISTA DE VEÍCULOS DE TRANSPORTE COLETIVO DE PASSAGEIROS";"APTO";NA;212;"NÃO ELEITO";3872,1;"FUNDO ESPECIAL";"Recursos de partido político";"N"
250001129692;"KELSEN MUCHANTE";"#NULO";"DC";"MASCULINO";"ENSINO MÉDIO COMPLETO";"SOLTEIRO(A)";"BRANCA";"OUTROS";"APTO";NA;630;"NÃO ELEITO";3872,1;"FUNDO ESPECIAL";"Recursos de partido político";"N"
250001088409;"EMIDIO SEVERINO DA SILVA";"#NULO";"MDB";"MASCULINO";"SUPERIOR COMPLETO";"CASADO(A)";"BRANCA";"ADVOGADO";"APTO";2512069,12;207;"SUPLENTE";10692,19;"OUTROS RECURSOS";"Recursos próprios, Recursos de pessoas físicas";"N"
250001088419;"MAURICIO FRATE";"#NULO";"MDB";"MASCULINO";"SUPERIOR INCOMPLETO";"CASADO(A)";"BRANCA";"PUBLICITÁRIO";"APTO";148580;552;"SUPLENTE";0;"#NULO";"#NULO";"N"
250001088442;"BENICIO CUNHA DE SOUZA JUNIOR";"#NULO";"MDB";"MASCULINO";"SUPERIOR COMPLETO";"CASADO(A)";"BRANCA";"OUTROS";"APTO";NA;246;"SUPLENTE";0;"#NULO";"#NULO";"N"
250001088408;"SILVIA APARECIDA RODRIGUES MARQUES";"#NULO";"MDB";"FEMININO";"SUPERIOR INCOMPLETO";"DIVORCIADO(A)";"BRANCA";"OUTROS";"APTO";250000;238;"SUPLENTE";35030;"OUTROS RECURSOS, FUNDO ESPECIAL";"Recursos próprios, Recursos de partido político";"N"
250001088410;"ANA LÚCIA SOARES";"#NULO";"MDB";"FEMININO";"ENSINO MÉDIO COMPLETO";"SOLTEIRO(A)";"PRETA";"CONTADOR";"APTO";140000;600;"SUPLENTE";40000;"FUNDO ESPECIAL";"Recursos de partido político";"N"
250001088452;"MARCELO MESSIAS DOS SANTOS COSTA";"#NULO";"MDB";"MASCULINO";"SUPERIOR COMPLETO";"DIVORCIADO(A)";"BRANCA";"ODONTÓLOGO";"APTO";1727300;23006;"ELEITO POR MÉDIA";159501,24;"OUTROS RECURSOS";"Recursos de pessoas físicas, Recursos próprios";"N"
250001088430;"CLEBER TADEU FAUSTINO";"#NULO";"MDB";"MASCULINO";"ENSINO MÉDIO COMPLETO";"CASADO(A)";"PRETA";"MOTORISTA PARTICULAR";"APTO";NA;221;"SUPLENTE";250;"OUTROS RECURSOS";"Recursos próprios";"N"
250001088388;"MARIA ALICE BARBOSA DE SOUSA";"#NULO";"MDB";"FEMININO";"SUPERIOR COMPLETO";"SOLTEIRO(A)";"BRANCA";"AUXILIAR DE ESCRITÓRIO E ASSEMELHADOS";"APTO";NA;83;"SUPLENTE";10000;"FUNDO ESPECIAL";"Recursos de partido político";"N"
250001088436;"GEORGE VATUTIN HATO";"#NULO";"MDB";"MASCULINO";"SUPERIOR COMPLETO";"SOLTEIRO(A)";"BRANCA";"VEREADOR";"APTO";2157008,59;25599;"ELEITO POR QP";544594,75;"OUTROS RECURSOS";"Recursos de pessoas físicas, Recursos próprios";"S"
250001088400;"ROSANGELA MARIA DE PADUA";"#NULO";"MDB";"FEMININO";"SUPERIOR COMPLETO";"SEPARADO(A) JUDICIALMENTE";"PRETA";"APOSENTADO (EXCETO SERVIDOR PÚBLICO)";"APTO";NA;245;"SUPLENTE";20000;"FUNDO ESPECIAL";"Recursos de partido político";"N"
250001088450;"MIGUEL CARMINE GIANETTI NETTO";"#NULO";"MDB";"MASCULINO";"SUPERIOR COMPLETO";"SOLTEIRO(A)";"BRANCA";"ENGENHEIRO";"APTO";558990;2287;"SUPLENTE";49665;"OUTROS RECURSOS";"Recursos de pessoas físicas, Recursos próprios";"N"
250001088420;"MARCO AURELIO GABRIEL DE OLIVEIRA";"#NULO";"MDB";"MASCULINO";"SUPERIOR COMPLETO";"SOLTEIRO(A)";"BRANCA";"ADVOGADO";"APTO";325000;885;"SUPLENTE";1000;"OUTROS RECURSOS";"Recursos próprios";"N"
250000651045;"MARCELO THEODORO DE AGUIAR";"#NULO";"DEM";"MASCULINO";"SUPERIOR COMPLETO";"CASADO(A)";"BRANCA";"OUTROS";"APTO";408766,46;8700;"SUPLENTE";316990,78;"FUNDO ESPECIAL, OUTROS RECURSOS";"Recursos de partido político, Recursos de pessoas físicas";"N"
250000651022;"MÁRCIO TAVOLARI";"#NULO";"DEM";"MASCULINO";"SUPERIOR COMPLETO";"SOLTEIRO(A)";"BRANCA";"PUBLICITÁRIO";"APTO";9355,02;180;"SUPLENTE";106940,88;"FUNDO ESPECIAL, FUNDO PARTIDARIO";"Recursos de partido político";"N"
250000651059;"ESTER LOPES DE SOUZA FLOR";"#NULO";"DEM";"FEMININO";"ENSINO MÉDIO COMPLETO";"CASADO(A)";"PARDA";"AUXILIAR DE ESCRITÓRIO E ASSEMELHADOS";"APTO";145830;3099;"SUPLENTE";498908,13;"OUTROS RECURSOS, FUNDO PARTIDARIO, FUNDO ESPECIAL";"Recursos de pessoas físicas, Recursos de partido político, Recursos próprios";"N"
250000651044;"JUAREZ PEREIRA DA SILVA";"#NULO";"DEM";"MASCULINO";"SUPERIOR COMPLETO";"SOLTEIRO(A)";"BRANCA";"OUTROS";"APTO";95830,49;12340;"SUPLENTE";112254,88;"FUNDO PARTIDARIO, FUNDO ESPECIAL, OUTROS RECURSOS";"Recursos de partido político, Recursos próprios";"N"
250000651021;"JEAN MADEIRA DA SILVA";"#NULO";"DEM";"MASCULINO";"ENSINO MÉDIO COMPLETO";"CASADO(A)";"PARDA";"OUTROS";"APTO";559939,93;3059;"SUPLENTE";229686,88;"OUTROS RECURSOS, FUNDO ESPECIAL, FUNDO PARTIDARIO";"Recursos de pessoas físicas, Recursos de partido político";"N"
250000651069;"SHIRLEY APARECIDA DAMASCENA";"#NULO";"DEM";"FEMININO";"SUPERIOR COMPLETO";"DIVORCIADO(A)";"PARDA";"TRABALHADOR DOS SERVIÇOS DE CONTABILIDADE, DE CAIXA E ASSEMELHADOS";"APTO";0;148;"SUPLENTE";116725,88;"FUNDO ESPECIAL, OUTROS RECURSOS, FUNDO PARTIDARIO";"Recursos de partido político, Recursos próprios";"N"
250000881947;"CASSIO EDUARDO FONSECA";"#NULO";"PTB";"MASCULINO";"SUPERIOR COMPLETO";"CASADO(A)";"PRETA";"PROFESSOR E INSTRUTOR DE FORMAÇÃO PROFISSIONAL";"APTO";NA;319;"SUPLENTE";6246,36;"OUTROS RECURSOS, FUNDO ESPECIAL";"Recursos próprios, Recursos de partido político";"N"
250000881957;"FRANCISCO DE ASSIS TIMÓTEO LEITE";"#NULO";"PTB";"MASCULINO";"ENSINO MÉDIO COMPLETO";"CASADO(A)";"PARDA";"COMERCIANTE";"APTO";1000;2659;"SUPLENTE";3950;"OUTROS RECURSOS";"Recursos de pessoas físicas";"N"
250000881908;"JOÃO BATISTA CAMILO";"#NULO";"PTB";"MASCULINO";"SUPERIOR COMPLETO";"CASADO(A)";"BRANCA";"EMPRESÁRIO";"APTO";502907,05;524;"SUPLENTE";0;"#NULO";"#NULO";"N"
250000881982;"FÁTIMA TERESINHA DE AGUIAR";"#NULO";"PTB";"FEMININO";"SUPERIOR COMPLETO";"DIVORCIADO(A)";"PRETA";"OUTROS";"APTO";NA;454;"SUPLENTE";7079,54;"FUNDO ESPECIAL";"Recursos de partido político";"N"
250001054410;"CARLOS ALBERTO JORGE";"#NULO";"PMN";"MASCULINO";"SUPERIOR COMPLETO";"CASADO(A)";"BRANCA";"VENDEDOR DE COMÉRCIO VAREJISTA E ATACADISTA";"APTO";NA;187;"NÃO ELEITO";2000;"FUNDO ESPECIAL";"Recursos de partido político";"N"
250001054371;"VÂNIA FERREIRA DE LIMA";"#NULO";"PMN";"FEMININO";"SUPERIOR INCOMPLETO";"SOLTEIRO(A)";"BRANCA";"OUTROS";"APTO";NA;56;"NÃO ELEITO";0;"#NULO";"#NULO";"N"
250001054412;"MAURÍCIO JOSÉ CARLOS";"#NULO";"PMN";"MASCULINO";"ENSINO MÉDIO INCOMPLETO";"SEPARADO(A) JUDICIALMENTE";"BRANCA";"EMPRESÁRIO";"APTO";1835000;469;"NÃO ELEITO";0;"#NULO";"#NULO";"N"
250001054382;"JOSÉ ROBERTO ALVES FERREIRA";"#NULO";"PMN";"MASCULINO";"ENSINO MÉDIO INCOMPLETO";"DIVORCIADO(A)";"BRANCA";"EMPRESÁRIO";"APTO";NA;72;"NÃO ELEITO";2000;"FUNDO ESPECIAL";"Recursos de partido político";"N"
250001054363;"DARLEY JEAN ALBUQUERQUE BARBOSA";"#NULO";"PMN";"MASCULINO";"ENSINO FUNDAMENTAL COMPLETO";"SOLTEIRO(A)";"PARDA";"EMPRESÁRIO";"APTO";NA;216;"NÃO ELEITO";0;"#NULO";"#NULO";"N"
250001054401;"ALEX SANDRO SILVA DOS SANTOS";"#NULO";"PMN";"MASCULINO";"ENSINO MÉDIO INCOMPLETO";"SOLTEIRO(A)";"PARDA";"LOCUTOR E COMENTARISTA DE RÁDIO E TELEVISÃO E RADIALISTA";"APTO";NA;170;"NÃO ELEITO";2000;"FUNDO ESPECIAL";"Recursos de partido político";"N"
250001054383;"VERA LUCIA DA SILVA RANU";"#NULO";"PMN";"FEMININO";"ENSINO FUNDAMENTAL COMPLETO";"DIVORCIADO(A)";"PARDA";"OUTROS";"APTO";980;222;"NÃO ELEITO";2000;"FUNDO ESPECIAL";"Recursos de partido político";"N"
250001054385;"GERALDO PEREIRA FILHO";"#NULO";"PMN";"MASCULINO";"ENSINO MÉDIO COMPLETO";"CASADO(A)";"BRANCA";"EMPRESÁRIO";"APTO";35900;952;"NÃO ELEITO";6049;"FUNDO ESPECIAL, OUTROS RECURSOS";"Recursos de partido político, Recursos próprios";"N"
250001054391;"THAIS ROCHA DOS SANTOS";"#NULO";"PMN";"FEMININO";"SUPERIOR COMPLETO";"CASADO(A)";"BRANCA";"OUTROS";"APTO";23000;101;"NÃO ELEITO";0;"#NULO";"#NULO";"N"
250001054369;"NATAL DAVID DE SOUZA";"#NULO";"PMN";"MASCULINO";"ENSINO MÉDIO COMPLETO";"DIVORCIADO(A)";"BRANCA";"CABELEIREIRO E BARBEIRO";"APTO";320000;387;"NÃO ELEITO";2000;"FUNDO ESPECIAL";"Recursos de partido político";"N"
250001054381;"DEIVID LOPES DA SILVA";"#NULO";"PMN";"MASCULINO";"SUPERIOR INCOMPLETO";"SOLTEIRO(A)";"BRANCA";"ESTUDANTE, BOLSISTA, ESTAGIÁRIO E ASSEMELHADOS";"APTO";NA;153;"NÃO ELEITO";2000;"FUNDO ESPECIAL";"Recursos de partido político";"N"
250000645485;"LEVI GONÇALO CAVALINI";"#NULO";"PSL";"MASCULINO";"SUPERIOR COMPLETO";"DIVORCIADO(A)";"BRANCA";"OUTROS";"APTO";23000;812;"SUPLENTE";9294,45;"OUTROS RECURSOS";"Recursos próprios, Recursos de outros candidatos";"N"
250000754008;"GILSON JOSE DA CRUZ";"#NULO";"PSL";"MASCULINO";"SUPERIOR INCOMPLETO";"CASADO(A)";"PARDA";"POLICIAL MILITAR";"APTO";139200;1014;"SUPLENTE";5449;"FUNDO ESPECIAL, OUTROS RECURSOS";"Recursos de outros candidatos, Recursos próprios";"N"
250000754025;"SIMONE SILVA SANTOS DA COSTA";"#NULO";"PSL";"FEMININO";"SUPERIOR COMPLETO";"DIVORCIADO(A)";"PRETA";"SECRETÁRIO E DATILÓGRAFO";"APTO";27042;460;"SUPLENTE";1210;"OUTROS RECURSOS";"Recursos de pessoas físicas, Recursos próprios";"N"
250000754003;"MARCELO DOS SANTOS MARQUES BRAGA";"#NULO";"PSL";"MASCULINO";"SUPERIOR COMPLETO";"CASADO(A)";"BRANCA";"ARQUITETO";"APTO";10237,6;661;"SUPLENTE";83628,56;"OUTROS RECURSOS, FUNDO ESPECIAL";"Recursos de pessoas físicas, Recursos próprios, Recursos de Financiamento Coletivo, Recursos de outros candidatos";"N"
250000645484;"NOEMIA VIEIRA FONSECA";"#NULO";"PSL";"FEMININO";"SUPERIOR COMPLETO";"DIVORCIADO(A)";"BRANCA";"ADVOGADO";"APTO";159000;256;"SUPLENTE";20000;"FUNDO ESPECIAL";"Recursos de partido político";"N"
250000753998;"MARCEL LACERDA SOFFNER";"#NULO";"PSL";"MASCULINO";"SUPERIOR COMPLETO";"CASADO(A)";"BRANCA";"MILITAR REFORMADO";"APTO";108162,87;883;"SUPLENTE";14112,02;"OUTROS RECURSOS, FUNDO ESPECIAL";"Recursos de pessoas físicas, Recursos próprios, Recursos de Financiamento Coletivo, Recursos de outros candidatos";"N"
250000754035;"MARCO ANTONIO BIOTO";"#NULO";"PSL";"MASCULINO";"SUPERIOR COMPLETO";"CASADO(A)";"BRANCA";"SERVIDOR PÚBLICO ESTADUAL";"APTO";206807,9;11035;"SUPLENTE";89094,11;"OUTROS RECURSOS";"Recursos de pessoas físicas, Recursos de outros candidatos, Recursos de Financiamento Coletivo, Recursos próprios";"N"
250000753992;"ANTONIO BERALDO ALVES";"#NULO";"PSL";"MASCULINO";"SUPERIOR COMPLETO";"CASADO(A)";"BRANCA";"PROFESSOR DE ENSINO MÉDIO";"APTO";NA;806;"SUPLENTE";4939;"OUTROS RECURSOS, FUNDO ESPECIAL";"Recursos próprios, Recursos de outros candidatos";"N"
250000754009;"JOSE CANDIDO FERREIRA NETO";"#NULO";"PSL";"MASCULINO";"SUPERIOR COMPLETO";"CASADO(A)";"PARDA";"POLICIAL MILITAR";"APTO";6006,08;101;"SUPLENTE";1939;"FUNDO ESPECIAL";"Recursos de outros candidatos";"N"
250000754005;"EDSON RODRIGUES CARDOSO";"#NULO";"PSL";"MASCULINO";"SUPERIOR COMPLETO";"DIVORCIADO(A)";"BRANCA";"MILITAR REFORMADO";"APTO";37860;1034;"SUPLENTE";7043,28;"OUTROS RECURSOS";"Recursos de pessoas físicas, Recursos próprios";"N"
250000754056;"WALDIR TIVERON";"#NULO";"PSL";"MASCULINO";"ENSINO MÉDIO COMPLETO";"CASADO(A)";"BRANCA";"CONTADOR";"APTO";3000;450;"SUPLENTE";450;"OUTROS RECURSOS";"Recursos próprios";"N"
250000754031;"JOSÉ ROBERTO DE CASTRO";"#NULO";"PSL";"MASCULINO";"SUPERIOR COMPLETO";"CASADO(A)";"BRANCA";"MILITAR REFORMADO";"APTO";205861,09;930;"SUPLENTE";1765;"OUTROS RECURSOS";"Recursos próprios";"N"
250000645482;"MARIA LENIR DA SILVA";"#NULO";"PSL";"FEMININO";"ENSINO MÉDIO COMPLETO";"SOLTEIRO(A)";"PARDA";"COZINHEIRO";"APTO";4000;56;"SUPLENTE";11939;"FUNDO ESPECIAL";"Recursos de outros candidatos, Recursos de partido político";"N"
250000754032;"MARIA SOLANGE PEDRO SILVA";"#NULO";"PSL";"FEMININO";"SUPERIOR INCOMPLETO";"CASADO(A)";"PARDA";"CORRETOR DE IMÓVEIS, SEGUROS, TÍTULOS E VALORES";"APTO";6000;95;"SUPLENTE";11939;"FUNDO ESPECIAL";"Recursos de partido político, Recursos de outros candidatos";"N"
250000688228;"DIEGO MONTEIRO DE SOUZA";"#NULO";"NOVO";"MASCULINO";"SUPERIOR COMPLETO";"SOLTEIRO(A)";"BRANCA";"ECONOMISTA";"APTO";861700;1540;"SUPLENTE";38016,54;"OUTROS RECURSOS";"Recursos de pessoas físicas, Recursos próprios, Recursos de Financiamento Coletivo, Recursos de partido político";"N"
250000688235;"NAIRA SATHIYO FERREIRA SILVA";"#NULO";"NOVO";"FEMININO";"SUPERIOR COMPLETO";"SOLTEIRO(A)";"BRANCA";"ADVOGADO";"APTO";31348,14;15791;"SUPLENTE";459799,99;"OUTROS RECURSOS";"Recursos de pessoas físicas, Recursos de partido político, Recursos próprios, Recursos de Financiamento Coletivo";"N"
250000688238;"MARCUS VINICIUS ANDRADE PAIXÃO";"#NULO";"NOVO";"MASCULINO";"SUPERIOR COMPLETO";"CASADO(A)";"BRANCA";"OUTROS";"APTO";33285;439;"SUPLENTE";11893,73;"OUTROS RECURSOS";"Recursos de pessoas físicas, Recursos próprios, Recursos de Financiamento Coletivo, Recursos de partido político";"N"
250000688234;"VICTOR RODRIGUES COELHO";"#NULO";"NOVO";"MASCULINO";"SUPERIOR COMPLETO";"SOLTEIRO(A)";"BRANCA";"EMPRESÁRIO";"APTO";606934;2171;"SUPLENTE";90839,35;"OUTROS RECURSOS";"Recursos de partido político, Recursos de pessoas físicas, Recursos próprios, Recursos de Financiamento Coletivo";"N"
250000919187;"ANDRÉ RICARDO BARBOSA";"#NULO";"PSDB";"MASCULINO";"ENSINO MÉDIO COMPLETO";"CASADO(A)";"BRANCA";"REPRESENTANTE COMERCIAL";"APTO";NA;111;"SUPLENTE";7317,07;"FUNDO PARTIDARIO";"Recursos de partido político";"N"
250000919189;"MARIA DA CONCEIÇÃO DE JESUS MOREIRA";"#NULO";"PSDB";"FEMININO";"SUPERIOR COMPLETO";"CASADO(A)";"PARDA";"ASSISTENTE SOCIAL";"APTO";NA;418;"SUPLENTE";7317,07;"FUNDO PARTIDARIO";"Recursos de partido político";"N"
250000919219;"TUANE DA SILVA SANTOS";"#NULO";"PSDB";"FEMININO";"ENSINO MÉDIO COMPLETO";"SOLTEIRO(A)";"PARDA";"OUTROS";"APTO";NA;1326;"SUPLENTE";10137,07;"FUNDO PARTIDARIO, FUNDO ESPECIAL, OUTROS RECURSOS";"Recursos de partido político, Recursos de pessoas físicas";"N"
250000919199;"RUTE FREIRE DA COSTA SILVA";"#NULO";"PSDB";"FEMININO";"SUPERIOR COMPLETO";"CASADO(A)";"BRANCA";"PSICÓLOGO";"APTO";313935,51;41546;"ELEITO POR QP";221045,84;"OUTROS RECURSOS, FUNDO ESPECIAL";"Recursos de pessoas físicas, Recursos próprios, Recursos de partido político";"N"
250000919252;"MORGANA SIQUEIRA";"#NULO";"PSDB";"FEMININO";"SUPERIOR COMPLETO";"DIVORCIADO(A)";"PARDA";"AGENTE ADMINISTRATIVO";"APTO";NA;1539;"SUPLENTE";7317,07;"FUNDO PARTIDARIO";"Recursos de partido político";"N"
250000919214;"LEANDRO ALBUQUERQUE GIMENEZ";"#NULO";"PSDB";"MASCULINO";"SUPERIOR COMPLETO";"CASADO(A)";"BRANCA";"SERVIDOR PÚBLICO MUNICIPAL";"APTO";1038546,25;7458;"SUPLENTE";94827,07;"OUTROS RECURSOS, FUNDO ESPECIAL";"Recursos de pessoas físicas, Recursos de partido político, Recursos próprios";"N"
250000919207;"ALEXANDRE DE ALCANTARA";"#NULO";"PSDB";"MASCULINO";"SUPERIOR COMPLETO";"CASADO(A)";"BRANCA";"ODONTÓLOGO";"APTO";50000;230;"SUPLENTE";37867,07;"FUNDO PARTIDARIO, OUTROS RECURSOS";"Recursos de partido político, Recursos próprios";"N"
250001154713;"HAMILTON COIMBRA CARVALHO";"#NULO";"REDE";"MASCULINO";"SUPERIOR COMPLETO";"CASADO(A)";"BRANCA";"SERVIDOR PÚBLICO ESTADUAL";"APTO";1681358,36;813;"NÃO ELEITO";0;"#NULO";"#NULO";"N"
250001154733;"DENIS DUCK";"#NULO";"REDE";"MASCULINO";"SUPERIOR COMPLETO";"DIVORCIADO(A)";"BRANCA";"ARQUITETO";"APTO";10000;167;"NÃO ELEITO";4007,49;"OUTROS RECURSOS, FUNDO ESPECIAL";"Recursos próprios, Recursos de outros candidatos, Recursos de Financiamento Coletivo, Recursos de partido político";"N"
250001154711;"ISMAEL ANTONIO FREIRE";"#NULO";"REDE";"MASCULINO";"SUPERIOR COMPLETO";"CASADO(A)";"PRETA";"PROFESSOR DE ENSINO MÉDIO";"APTO";NA;290;"NÃO ELEITO";5922;"FUNDO ESPECIAL";"Recursos de partido político";"N"
250001154732;"PATRICIA SILVA ZANELLA";"#NULO";"REDE";"FEMININO";"SUPERIOR COMPLETO";"SOLTEIRO(A)";"PARDA";"ESTUDANTE, BOLSISTA, ESTAGIÁRIO E ASSEMELHADOS";"APTO";NA;2668;"NÃO ELEITO";30640,61;"OUTROS RECURSOS, FUNDO ESPECIAL";"Recursos de Financiamento Coletivo, Recursos próprios, Recursos de pessoas físicas, Recursos de outros candidatos, Recursos de partido político";"N"
250001123209;"ALDEMIR ALVARO DOS REIS";"#NULO";"PSB";"MASCULINO";"ENSINO MÉDIO COMPLETO";"CASADO(A)";"PRETA";"APOSENTADO (EXCETO SERVIDOR PÚBLICO)";"APTO";9243;739;"SUPLENTE";15400;"OUTROS RECURSOS, FUNDO ESPECIAL";"Recursos de pessoas físicas, Recursos de partido político";"N"
250001123287;"FIDELCINO DOS SANTOS SOUZA";"#NULO";"PSB";"MASCULINO";"ENSINO MÉDIO COMPLETO";"SOLTEIRO(A)";"PARDA";"PADEIRO, CONFEITEIRO E ASSEMELHADOS";"APTO";60000;1427;"SUPLENTE";16510;"OUTROS RECURSOS, FUNDO ESPECIAL";"Recursos de pessoas físicas, Recursos de partido político";"N"
250001123242;"ARLINDO BARBOSA";"#NULO";"PSB";"MASCULINO";"ENSINO MÉDIO COMPLETO";"CASADO(A)";"PARDA";"OUTROS";"APTO";326500;377;"SUPLENTE";15000;"FUNDO ESPECIAL";"Recursos de partido político";"N"
250001123267;"VANDERLEI NERES PEREIRA";"#NULO";"PSB";"MASCULINO";"ENSINO FUNDAMENTAL COMPLETO";"SOLTEIRO(A)";"PARDA";"OUTROS";"APTO";NA;311;"SUPLENTE";15000;"FUNDO ESPECIAL";"Recursos de partido político";"N"
250001123223;"JOSÉ VASCONCELO VIANA";"#NULO";"PSB";"MASCULINO";"ENSINO MÉDIO COMPLETO";"CASADO(A)";"PARDA";"EMPRESÁRIO";"APTO";650000;307;"SUPLENTE";0;"#NULO";"#NULO";"N"
250001123219;"GERALDO ANTÔNIO DA NÓBREGA";"#NULO";"PSB";"MASCULINO";"ENSINO MÉDIO COMPLETO";"SOLTEIRO(A)";"BRANCA";"MOTORISTA DE VEÍCULOS DE TRANSPORTE COLETIVO DE PASSAGEIROS";"APTO";149645,33;804;"SUPLENTE";16000;"FUNDO ESPECIAL, OUTROS RECURSOS";"Recursos de partido político, Recursos de pessoas físicas";"N"
250000658748;"SONIA DAS GRAÇAS RIBEIRO SILVEIRA";"#NULO";"PATRIOTA";"FEMININO";"ENSINO MÉDIO COMPLETO";"CASADO(A)";"PRETA";"EMPRESÁRIO";"APTO";NA;97;"SUPLENTE";15000;"OUTROS RECURSOS";"Recursos de outros candidatos";"N"
250000658729;"NATÃ COSTA MENEGOSSI";"#NULO";"PATRIOTA";"MASCULINO";"ENSINO MÉDIO COMPLETO";"SOLTEIRO(A)";"BRANCA";"EMPRESÁRIO";"APTO";1000;186;"SUPLENTE";0;"#NULO";"#NULO";"N"
250000658749;"TIAGO LUÍS PAVINATTO GONÇALVES";"#NULO";"PATRIOTA";"MASCULINO";"SUPERIOR COMPLETO";"SOLTEIRO(A)";"BRANCA";"ADVOGADO";"APTO";2749700;3298;"SUPLENTE";15653,22;"OUTROS RECURSOS";"Recursos de pessoas físicas, Recursos de Financiamento Coletivo, Recursos próprios";"N"
250000658715;"MARIA DE LOURDES SANTANA DA CONCEIÇÃO";"#NULO";"PATRIOTA";"FEMININO";"SUPERIOR COMPLETO";"SOLTEIRO(A)";"BRANCA";"ASSISTENTE SOCIAL";"APTO";NA;377;"SUPLENTE";3500;"OUTROS RECURSOS";"Recursos de outros candidatos";"N"
250000658750;"THAYS CRISTINA DA NÓBREGA CUNHA";"#NULO";"PATRIOTA";"FEMININO";"SUPERIOR COMPLETO";"SOLTEIRO(A)";"BRANCA";"EMPRESÁRIO";"APTO";3000;97;"SUPLENTE";14;"OUTROS RECURSOS";"Recursos próprios";"N"
250000658704;"EDSON VAROTTO";"#NULO";"PATRIOTA";"MASCULINO";"ENSINO FUNDAMENTAL COMPLETO";"CASADO(A)";"BRANCA";"DESPACHANTE";"APTO";46309,11;1820;"SUPLENTE";9940;"OUTROS RECURSOS";"Recursos próprios, Recursos de pessoas físicas";"N"
250000658698;"MARCIO ANTONIO JUVINO";"#NULO";"PATRIOTA";"MASCULINO";"ENSINO MÉDIO COMPLETO";"SOLTEIRO(A)";"BRANCA";"MOTOBOY";"APTO";1650;270;"SUPLENTE";0;"#NULO";"#NULO";"N"
250000885502;"FLORISA BATISTA DE ALMEIDA";"#NULO";"SOLIDARIEDADE";"FEMININO";"SUPERIOR COMPLETO";"CASADO(A)";"PRETA";"ADVOGADO";"APTO";NA;454;"SUPLENTE";33965,34;"FUNDO ESPECIAL";"Recursos de partido político";"N"
250000885497;"ANTONIO MOREIRA RAMOS";"#NULO";"SOLIDARIEDADE";"MASCULINO";"ENSINO MÉDIO COMPLETO";"CASADO(A)";"PARDA";"OUTROS";"APTO";3e+05;209;"SUPLENTE";9812,99;"FUNDO ESPECIAL";"Recursos de partido político";"N"
250000885485;"JOAO BELO DE SOUZA";"#NULO";"SOLIDARIEDADE";"MASCULINO";"ENSINO MÉDIO COMPLETO";"SEPARADO(A) JUDICIALMENTE";"PARDA";"APOSENTADO (EXCETO SERVIDOR PÚBLICO)";"APTO";NA;42;"SUPLENTE";9812,99;"FUNDO ESPECIAL";"Recursos de partido político";"N"
250000885490;"WALES MARTINS PEREIRA";"#NULO";"SOLIDARIEDADE";"MASCULINO";"SUPERIOR INCOMPLETO";"SOLTEIRO(A)";"BRANCA";"COMERCIANTE";"APTO";150000;806;"SUPLENTE";9812,99;"FUNDO ESPECIAL";"Recursos de partido político";"N"
250000885503;"GILBERTO LOPES PEREIRA";"#NULO";"SOLIDARIEDADE";"MASCULINO";"ENSINO MÉDIO COMPLETO";"CASADO(A)";"PRETA";"MOTORISTA PARTICULAR";"APTO";5e+05;414;"SUPLENTE";9812,99;"FUNDO ESPECIAL";"Recursos de partido político";"N"
250000885524;"TIELEN DOS SANTOS OLIVEIRA";"#NULO";"SOLIDARIEDADE";"FEMININO";"SUPERIOR INCOMPLETO";"SOLTEIRO(A)";"PARDA";"RELAÇÕES-PÚBLICAS";"APTO";NA;310;"SUPLENTE";11212,84;"FUNDO ESPECIAL";"Recursos de partido político";"N"
250000885514;"MARCUS MACHADO";"#NULO";"SOLIDARIEDADE";"MASCULINO";"SUPERIOR COMPLETO";"CASADO(A)";"BRANCA";"ADVOGADO";"APTO";622000;103;"SUPLENTE";9812,99;"FUNDO ESPECIAL";"Recursos de partido político";"N"
250000885517;"BENJAMIM DOS SANTOS CARVALHO";"#NULO";"SOLIDARIEDADE";"MASCULINO";"ENSINO MÉDIO COMPLETO";"SOLTEIRO(A)";"PARDA";"OUTROS";"APTO";NA;66;"SUPLENTE";9822,99;"FUNDO ESPECIAL";"Recursos de partido político";"N"
250000885496;"PAULO ALVES PEQUENO";"#NULO";"SOLIDARIEDADE";"MASCULINO";"SUPERIOR COMPLETO";"CASADO(A)";"BRANCA";"GERENTE";"APTO";316692;1487;"SUPLENTE";73785,49;"FUNDO ESPECIAL";"Recursos de partido político";"N"
250000755997;"JULIA MARIA DE SIQUEIRA EID";"#NULO";"PSTU";"FEMININO";"SUPERIOR COMPLETO";"SOLTEIRO(A)";"BRANCA";"ADVOGADO";"APTO";146058;659;"NÃO ELEITO";23272;"OUTROS RECURSOS, FUNDO ESPECIAL";"Recursos de pessoas físicas, Recursos de outros candidatos, Recursos de partido político";"N"
250000756000;"ELIANA APARECIDA SILVA CEZARIO";"#NULO";"PSTU";"FEMININO";"SUPERIOR INCOMPLETO";"SOLTEIRO(A)";"BRANCA";"APOSENTADO (EXCETO SERVIDOR PÚBLICO)";"APTO";NA;64;"NÃO ELEITO";16871,26;"OUTROS RECURSOS, FUNDO ESPECIAL";"Recursos de pessoas físicas, Recursos de outros candidatos, Recursos de partido político";"N"
250000687499;"RAILIDIA CARVALHO DA SILVA SZEGERI";"#NULO";"PC do B";"FEMININO";"SUPERIOR COMPLETO";"SOLTEIRO(A)";"PRETA";"JORNALISTA E REDATOR";"APTO";3242,62;741;"NÃO ELEITO";30473,92;"FUNDO PARTIDARIO, FUNDO ESPECIAL, OUTROS RECURSOS";"Recursos de partido político, Recursos de pessoas físicas, Recursos de Financiamento Coletivo";"N"
250000687493;"JOSE ANTONIO PIRES DE CARVALHO";"#NULO";"PC do B";"MASCULINO";"SUPERIOR COMPLETO";"SOLTEIRO(A)";"PRETA";"MÚSICO";"APTO";NA;685;"NÃO ELEITO";11564,99;"OUTROS RECURSOS, FUNDO ESPECIAL";"Recursos de pessoas físicas, Recursos de Financiamento Coletivo, Recursos de partido político";"N"
250000687525;"PAULO TEIXEIRA SABOIA";"#NULO";"PC do B";"MASCULINO";"ENSINO MÉDIO COMPLETO";"SOLTEIRO(A)";"BRANCA";"OUTROS";"APTO";NA;50;"NÃO ELEITO";3041,38;"FUNDO ESPECIAL";"Recursos de partido político, Recursos de outros candidatos";"N"
250000687490;"MARIA CÍCERA MINEIRO DA SILVA";"#NULO";"PC do B";"FEMININO";"ENSINO MÉDIO COMPLETO";"SOLTEIRO(A)";"PRETA";"OUTROS";"APTO";NA;670;"NÃO ELEITO";22423,92;"FUNDO ESPECIAL, FUNDO PARTIDARIO, OUTROS RECURSOS";"Recursos de partido político, Recursos de Financiamento Coletivo";"N"
250000687547;"THIAGO FERREIRA PRAXEDES";"#NULO";"PC do B";"MASCULINO";"SUPERIOR INCOMPLETO";"DIVORCIADO(A)";"PRETA";"OUTROS";"APTO";NA;1086;"NÃO ELEITO";16119,09;"OUTROS RECURSOS, FUNDO ESPECIAL";"Recursos próprios, Recursos de pessoas físicas, Recursos de Financiamento Coletivo, Recursos de partido político";"N"
250000687502;"ILMO HONORATO FERNANDES";"#NULO";"PC do B";"MASCULINO";"SUPERIOR COMPLETO";"SOLTEIRO(A)";"BRANCA";"ADVOGADO";"APTO";NA;226;"NÃO ELEITO";4800;"FUNDO ESPECIAL, FUNDO PARTIDARIO";"Recursos de partido político";"N"
250000687528;"VITOR HUGO RODRIGUES GALIZA";"#NULO";"PC do B";"MASCULINO";"ENSINO MÉDIO COMPLETO";"CASADO(A)";"BRANCA";"OUTROS";"APTO";NA;92;"NÃO ELEITO";1934;"FUNDO ESPECIAL";"Recursos de partido político";"N"
250000687508;"ROSIMEIRE ANEQUINI GOMES";"#NULO";"PC do B";"FEMININO";"SUPERIOR COMPLETO";"CASADO(A)";"BRANCA";"OUTROS";"APTO";NA;396;"NÃO ELEITO";4197,38;"FUNDO ESPECIAL, FUNDO PARTIDARIO";"Recursos de outros candidatos, Recursos de partido político";"N"
250000686825;"ANTONIO CARLOS FERREIRA DE OLIVEIRA";"#NULO";"PSOL";"MASCULINO";"ENSINO MÉDIO COMPLETO";"SOLTEIRO(A)";"BRANCA";"VIGILANTE";"APTO";17000;85;"SUPLENTE";5122,08;"FUNDO ESPECIAL";"Recursos de partido político";"N"
250000686875;"SILVIA NOGUEIRA";"#NULO";"PSOL";"FEMININO";"SUPERIOR COMPLETO";"SOLTEIRO(A)";"BRANCA";"TERAPEUTA";"APTO";1078000;379;"SUPLENTE";4827,57;"FUNDO ESPECIAL";"Recursos de partido político";"N"
250000686827;"JOSÉ VALDINEI DANTAS DE SOUZA";"#NULO";"PSOL";"MASCULINO";"ENSINO FUNDAMENTAL COMPLETO";"SOLTEIRO(A)";"PARDA";"OUTROS";"APTO";8e+05;1033;"SUPLENTE";28224,89;"OUTROS RECURSOS, FUNDO ESPECIAL";"Recursos de pessoas físicas, Recursos de partido político, Recursos próprios";"N"
250000686855;"BRUNO CRISPIM DE OLIVEIRA";"#NULO";"PSOL";"MASCULINO";"SUPERIOR COMPLETO";"CASADO(A)";"PARDA";"PROFESSOR DE ENSINO FUNDAMENTAL";"APTO";270000;1638;"SUPLENTE";26174,89;"OUTROS RECURSOS, FUNDO ESPECIAL";"Recursos próprios, Recursos de partido político";"N"
250000686834;"ROSIVALDO DE JESUS SANTOS";"#NULO";"PSOL";"MASCULINO";"ENSINO FUNDAMENTAL COMPLETO";"DIVORCIADO(A)";"PRETA";"PADEIRO, CONFEITEIRO E ASSEMELHADOS";"APTO";340000;474;"SUPLENTE";7683,12;"FUNDO ESPECIAL";"Recursos de partido político";"N"
250000686849;"SIMONE FERREIRA NASCIMENTO";"#NULO";"PSOL";"FEMININO";"SUPERIOR COMPLETO";"SOLTEIRO(A)";"PRETA";"JORNALISTA E REDATOR";"APTO";3000;9733;"SUPLENTE";81823,76;"OUTROS RECURSOS, FUNDO ESPECIAL";"Recursos de pessoas físicas, Recursos de partido político, Recursos de Financiamento Coletivo";"N"
250000686838;"ERIKA SANTOS SILVA";"#NULO";"PSOL";"FEMININO";"SUPERIOR INCOMPLETO";"SOLTEIRO(A)";"PRETA";"OUTROS";"APTO";NA;50508;"ELEITO POR QP";97621,34;"OUTROS RECURSOS, FUNDO ESPECIAL";"Recursos de pessoas físicas, Recursos próprios, Recursos de origens não identificadas, Recursos de partido político, Recursos de Financiamento Coletivo";"N"
250000686842;"LUANA DOS SANTOS ALVES SILVA";"#NULO";"PSOL";"FEMININO";"SUPERIOR COMPLETO";"SOLTEIRO(A)";"PRETA";"PSICÓLOGO";"APTO";NA;37550;"ELEITO POR QP";120321,82;"OUTROS RECURSOS, FUNDO ESPECIAL";"Recursos de pessoas físicas, Recursos de Financiamento Coletivo, Recursos de partido político";"N"
250000686866;"INTI ANNY QUEIROZ";"#NULO";"PSOL";"FEMININO";"SUPERIOR COMPLETO";"DIVORCIADO(A)";"BRANCA";"OUTROS";"APTO";135352;5713;"SUPLENTE";18993,91;"OUTROS RECURSOS, FUNDO ESPECIAL";"Recursos de Financiamento Coletivo, Doações pela Internet, Recursos de partido político";"N"
250000707290;"PEDRO AUGUSTO CALMON NOGUEIRA DA GAMA E SILVA RAMOS";"#NULO";"PP";"MASCULINO";"ENSINO MÉDIO COMPLETO";"SOLTEIRO(A)";"BRANCA";"ESTUDANTE, BOLSISTA, ESTAGIÁRIO E ASSEMELHADOS";"APTO";NA;1358;"SUPLENTE";42438,7;"OUTROS RECURSOS";"Recursos de pessoas físicas, Recursos de partido político, Recursos próprios";"N"
250000707259;"EIDE CARLOS BATISTA LINARES";"#NULO";"PP";"MASCULINO";"ENSINO MÉDIO COMPLETO";"DIVORCIADO(A)";"PRETA";"OUTROS";"APTO";1218000;583;"SUPLENTE";20000;"FUNDO ESPECIAL";"Recursos de partido político";"N"
250000707287;"RAF HEDEL FAYAD";"#NULO";"PP";"MASCULINO";"SUPERIOR COMPLETO";"CASADO(A)";"BRANCA";"PUBLICITÁRIO";"APTO";5597,02;2884;"SUPLENTE";NA;NA;NA;"N"
250000707291;"RENAN BECARE DE MORAIS";"#NULO";"PP";"MASCULINO";"ENSINO MÉDIO COMPLETO";"SOLTEIRO(A)";"PARDA";"OUTROS";"APTO";12327;1286;"SUPLENTE";250;"OUTROS RECURSOS";"Recursos de pessoas físicas";"N"
250000707266;"SAMUEL DO LAGO SOUZA";"#NULO";"PP";"MASCULINO";"ENSINO MÉDIO COMPLETO";"DIVORCIADO(A)";"BRANCA";"POLICIAL MILITAR";"APTO";2946,32;1257;"SUPLENTE";6582,05;"OUTROS RECURSOS";"Recursos de pessoas físicas, Recursos próprios, Recursos de partido político";"N"
250000707282;"CARLOS ALBERTO MOTERANI";"#NULO";"PP";"MASCULINO";"SUPERIOR COMPLETO";"CASADO(A)";"BRANCA";"POLICIAL MILITAR";"APTO";3e+05;524;"SUPLENTE";2230;"OUTROS RECURSOS";"Recursos próprios, Recursos de pessoas físicas";"N"
250001097168;"JOÃO DOS REIS SOUZA";"#NULO";"PTC";"MASCULINO";"SUPERIOR INCOMPLETO";"CASADO(A)";"PARDA";"CORRETOR DE IMÓVEIS, SEGUROS, TÍTULOS E VALORES";"APTO";10000;90;"NÃO ELEITO";0;"#NULO";"#NULO";"N"
250001097189;"TAMAR TÂNIA DA SILVA";"#NULO";"PTC";"FEMININO";"SUPERIOR COMPLETO";"DIVORCIADO(A)";"AMARELA";"OUTROS";"APTO";520000;195;"NÃO ELEITO";0;"#NULO";"#NULO";"S"
250001097194;"MARCIA DE CASTRO MARECO";"#NULO";"PTC";"FEMININO";"SUPERIOR COMPLETO";"DIVORCIADO(A)";"PARDA";"DONA DE CASA";"APTO";NA;655;"NÃO ELEITO";5000;"FUNDO ESPECIAL";"Recursos de partido político";"N"
250001097204;"MARCO VINICIUS DE OLIVEIRA PACHIEGA";"#NULO";"PTC";"MASCULINO";"SUPERIOR COMPLETO";"CASADO(A)";"BRANCA";"EMPRESÁRIO";"APTO";1118514,42;359;"NÃO ELEITO";0;"#NULO";"#NULO";"N"
250001097181;"SAMMY EDUARDO EUGENIO DA SILVA";"#NULO";"PTC";"MASCULINO";"SUPERIOR COMPLETO";"CASADO(A)";"PARDA";"PROFESSOR DE ENSINO MÉDIO";"APTO";NA;378;"NÃO ELEITO";0;"#NULO";"#NULO";"N"
250001097160;"NÍSIA PATRICIA DA SILVA";"#NULO";"PTC";"FEMININO";"ENSINO MÉDIO COMPLETO";"SOLTEIRO(A)";"PARDA";"COMERCIANTE";"APTO";NA;591;"NÃO ELEITO";10000;"FUNDO ESPECIAL";"Recursos de partido político";"N"
250000811450;"GERALDO BASTOS MALTA";"#NULO";"PODE";"MASCULINO";"SUPERIOR COMPLETO";"CASADO(A)";"PRETA";"ADVOGADO";"APTO";630631,84;4911;"SUPLENTE";42910;"OUTROS RECURSOS, FUNDO ESPECIAL";"Recursos próprios, Recursos de partido político, Recursos de pessoas físicas";"N"
250000811454;"RAPHAEL MARCO BLECH HAMAOUI";"#NULO";"PODE";"MASCULINO";"SUPERIOR COMPLETO";"CASADO(A)";"BRANCA";"VETERINÁRIO";"APTO";113250,23;1763;"SUPLENTE";59660;"FUNDO ESPECIAL";"Recursos de partido político";"N"
250000811426;"JURANDIR JUNQUEIRA JUNIOR";"#NULO";"PODE";"MASCULINO";"SUPERIOR COMPLETO";"CASADO(A)";"BRANCA";"POLICIAL MILITAR";"APTO";886318,04;818;"SUPLENTE";66407;"OUTROS RECURSOS, FUNDO PARTIDARIO, FUNDO ESPECIAL";"Recursos de pessoas físicas, Recursos de Financiamento Coletivo, Recursos de partido político";"N"
250000811447;"RUBENS WAGNER CALVO";"#NULO";"PODE";"MASCULINO";"SUPERIOR COMPLETO";"CASADO(A)";"BRANCA";"MÉDICO";"APTO";1000;8368;"SUPLENTE";171568;"OUTROS RECURSOS, FUNDO ESPECIAL";"Recursos de pessoas físicas, Recursos próprios, Recursos de partido político";"N"
250000811404;"ANTONIO FERNANDES DE OLIVEIRA";"#NULO";"PODE";"MASCULINO";"ENSINO MÉDIO INCOMPLETO";"CASADO(A)";"BRANCA";"COMERCIANTE";"APTO";35000;3011;"SUPLENTE";12210;"OUTROS RECURSOS, FUNDO ESPECIAL";"Recursos próprios, Recursos de partido político";"N"
250000811425;"RENATA ODETTE DE MELLO";"#NULO";"PODE";"FEMININO";"ENSINO FUNDAMENTAL COMPLETO";"SOLTEIRO(A)";"PARDA";"EMPRESÁRIO";"APTO";NA;307;"SUPLENTE";10440;"FUNDO ESPECIAL";"Recursos de partido político";"N"
250001041984;"HAMILTON MARCELO TINEE COSTA SILVA";"#NULO";"PRTB";"MASCULINO";"SUPERIOR COMPLETO";"CASADO(A)";"PARDA";"ADMINISTRADOR";"APTO";NA;70;"NÃO ELEITO";0;"#NULO";"#NULO";"N"
250001042002;"MARCOS ANTONIO DE OLIVEIRA SANTOS";"#NULO";"PRTB";"MASCULINO";"SUPERIOR COMPLETO";"DIVORCIADO(A)";"BRANCA";"JORNALISTA E REDATOR";"APTO";5e+05;361;"NÃO ELEITO";100;"OUTROS RECURSOS";"Recursos de pessoas físicas, Recursos de Financiamento Coletivo";"N"
250001041951;"JOÃO FERREIRA FREIRE";"#NULO";"PRTB";"MASCULINO";"ENSINO FUNDAMENTAL INCOMPLETO";"CASADO(A)";"BRANCA";"COMERCIANTE";"APTO";583258,67;324;"NÃO ELEITO";5345;"OUTROS RECURSOS";"Recursos próprios";"N"
250001041993;"ROBINSON RIBEIRO CHAGURI";"#NULO";"PRTB";"MASCULINO";"ENSINO MÉDIO COMPLETO";"SOLTEIRO(A)";"BRANCA";"AUXILIAR DE ESCRITÓRIO E ASSEMELHADOS";"APTO";932455,49;98;"NÃO ELEITO";0;"#NULO";"#NULO";"N"
250001042009;"ANTONIO CARLOS FERREIRA BONETTI";"#NULO";"PRTB";"MASCULINO";"ENSINO MÉDIO COMPLETO";"CASADO(A)";"BRANCA";"CORRETOR DE IMÓVEIS, SEGUROS, TÍTULOS E VALORES";"APTO";8000;250;"NÃO ELEITO";0;"#NULO";"#NULO";"N"
250000706744;"MATEUS ESPERANÇA DA SILVA";"#NULO";"PV";"MASCULINO";"SUPERIOR INCOMPLETO";"SOLTEIRO(A)";"BRANCA";"ARTISTA DE CIRCO";"APTO";NA;29;"SUPLENTE";5000;"FUNDO ESPECIAL";"Recursos de partido político";"N"
250000706761;"LUAN SOARES DE SOUSA";"#NULO";"PV";"MASCULINO";"SUPERIOR INCOMPLETO";"SOLTEIRO(A)";"BRANCA";"ESTUDANTE, BOLSISTA, ESTAGIÁRIO E ASSEMELHADOS";"APTO";NA;278;"SUPLENTE";4000;"FUNDO ESPECIAL";"Recursos de partido político";"N"
250000706757;"LUIZ CARLOS GUIMARÃES";"#NULO";"PV";"MASCULINO";"SUPERIOR COMPLETO";"CASADO(A)";"BRANCA";"APOSENTADO (EXCETO SERVIDOR PÚBLICO)";"APTO";NA;8;"SUPLENTE";200;"OUTROS RECURSOS";"Recursos de pessoas físicas, Recursos próprios";"N"
250000706742;"IVANILDO PEREIRA";"#NULO";"PV";"MASCULINO";"SUPERIOR COMPLETO";"SOLTEIRO(A)";"PARDA";"COMERCIANTE";"APTO";NA;582;"SUPLENTE";8000;"FUNDO ESPECIAL";"Recursos de partido político";"N"
250000706721;"ROBERTO SELMER JÚNIOR";"#NULO";"PV";"MASCULINO";"SUPERIOR COMPLETO";"SOLTEIRO(A)";"BRANCA";"PROFESSOR DE ENSINO SUPERIOR";"APTO";169437,71;344;"SUPLENTE";8113;"OUTROS RECURSOS";"Recursos de pessoas físicas, Recursos de Financiamento Coletivo, Recursos próprios";"N"
250000706764;"ADOLFO PAULO DE CARVALHO FILHO";"#NULO";"PV";"MASCULINO";"ENSINO MÉDIO COMPLETO";"SOLTEIRO(A)";"PARDA";"OUTROS";"APTO";NA;289;"SUPLENTE";0;"#NULO";"#NULO";"N"
250000706758;"PAULO SCHUTZ SANSEVERO";"#NULO";"PV";"MASCULINO";"SUPERIOR INCOMPLETO";"CASADO(A)";"BRANCA";"EMPRESÁRIO";"APTO";47423,28;551;"SUPLENTE";10000;"OUTROS RECURSOS, FUNDO PARTIDARIO";"Recursos próprios, Recursos de pessoas físicas, Recursos de partido político";"N"
250000706708;"ADENAILTON VIEIRA DA SILVA";"#NULO";"PV";"MASCULINO";"SUPERIOR COMPLETO";"SOLTEIRO(A)";"PRETA";"ODONTÓLOGO";"APTO";NA;504;"SUPLENTE";3000;"FUNDO ESPECIAL";"Recursos de partido político";"N"
250000706709;"MARCIO ALEXANDRE PEREIRA";"#NULO";"PV";"MASCULINO";"SUPERIOR COMPLETO";"SOLTEIRO(A)";"BRANCA";"ADVOGADO";"APTO";568420;454;"SUPLENTE";0;"#NULO";"#NULO";"N"
250000706750;"JACKELINE RODRIGUÊS MOTTA DE OLIVEIRA";"#NULO";"PV";"FEMININO";"SUPERIOR COMPLETO";"CASADO(A)";"PARDA";"PROFESSOR E INSTRUTOR DE FORMAÇÃO PROFISSIONAL";"APTO";NA;743;"SUPLENTE";32000;"FUNDO ESPECIAL";"Recursos de partido político";"N"
250000706760;"LUIZ DEMIAN DE ARRUDA FELDMAN";"#NULO";"PV";"MASCULINO";"SUPERIOR COMPLETO";"CASADO(A)";"BRANCA";"ARQUITETO";"APTO";276058,45;44;"SUPLENTE";0;"#NULO";"#NULO";"N"
250000706729;"JANETE CRISTINA DE OLIVEIRA BRANDÃO";"#NULO";"PV";"FEMININO";"SUPERIOR COMPLETO";"DIVORCIADO(A)";"BRANCA";"OUTROS";"APTO";NA;21;"SUPLENTE";0;"#NULO";"#NULO";"N"
250000925957;"SONIA DA SILVA LIMA";"#NULO";"PSC";"FEMININO";"SUPERIOR COMPLETO";"SOLTEIRO(A)";"PRETA";"SECRETÁRIO E DATILÓGRAFO";"APTO";10000;275;"SUPLENTE";12120;"FUNDO ESPECIAL";"Recursos de partido político";"N"
250000925916;"JOSÉ AIRTON BARBOSA";"#NULO";"PSC";"MASCULINO";"ENSINO MÉDIO COMPLETO";"CASADO(A)";"BRANCA";"REPRESENTANTE COMERCIAL";"APTO";NA;376;"SUPLENTE";12957,27;"OUTROS RECURSOS, FUNDO ESPECIAL";"Recursos próprios, Recursos de partido político";"N"
250000925924;"CAETANO JOSÉ DA SILVA";"#NULO";"PSC";"MASCULINO";"ENSINO FUNDAMENTAL COMPLETO";"SOLTEIRO(A)";"PARDA";"COMERCIANTE";"APTO";NA;445;"SUPLENTE";11495;"FUNDO ESPECIAL";"Recursos de partido político";"N"
250000925968;"ELISABETH DE ALMEIDA";"#NULO";"PSC";"FEMININO";"SUPERIOR COMPLETO";"DIVORCIADO(A)";"BRANCA";"OUTROS";"APTO";NA;155;"SUPLENTE";10120;"FUNDO ESPECIAL";"Recursos de partido político";"N"
250000883867;"LUCIANO FATTORI GONÇALVES";"#NULO";"REPUBLICANOS";"MASCULINO";"ENSINO FUNDAMENTAL COMPLETO";"CASADO(A)";"BRANCA";"EMPRESÁRIO";"APTO";459034,17;705;"SUPLENTE";5839,5;"OUTROS RECURSOS, FUNDO ESPECIAL";"Recursos de pessoas físicas, Recursos de partido político";"N"
250000883841;"GERALDO DOS REIS BORGES";"#NULO";"REPUBLICANOS";"MASCULINO";"ENSINO FUNDAMENTAL INCOMPLETO";"VIÚVO(A)";"PARDA";"APOSENTADO (EXCETO SERVIDOR PÚBLICO)";"APTO";NA;1081;"SUPLENTE";3751,48;"FUNDO ESPECIAL, OUTROS RECURSOS";"Recursos de partido político, Recursos de pessoas físicas";"N"
250000925932;"MARIA ASSUNÇÃO SOUSA";"#NULO";"PSC";"FEMININO";"SUPERIOR COMPLETO";"SOLTEIRO(A)";"BRANCA";"CANTOR E COMPOSITOR";"APTO";NA;131;"SUPLENTE";14120;"FUNDO ESPECIAL";"Recursos de partido político";"N"
250000925948;"WALDIR FRANCISCO LIMA";"#NULO";"PSC";"MASCULINO";"ENSINO FUNDAMENTAL COMPLETO";"CASADO(A)";"BRANCA";"COMERCIANTE";"APTO";51500;3395;"SUPLENTE";49000;"OUTROS RECURSOS, FUNDO ESPECIAL";"Recursos de pessoas físicas, Recursos de partido político";"N"
250000883862;"JACQUES SOARES LEITE SIQUEIRA";"#NULO";"REPUBLICANOS";"MASCULINO";"ENSINO MÉDIO COMPLETO";"CASADO(A)";"PARDA";"OUTROS";"APTO";NA;1235;"SUPLENTE";2882,5;"FUNDO ESPECIAL";"Recursos de partido político";"N"
250000883903;"VANIA DA PAIXAO LANA ONWUDIWE";"#NULO";"REPUBLICANOS";"FEMININO";"SUPERIOR COMPLETO";"CASADO(A)";"PRETA";"ADVOGADO";"APTO";346627,03;521;"SUPLENTE";12827,48;"FUNDO ESPECIAL, OUTROS RECURSOS";"Recursos de partido político, Recursos próprios";"N"
250000925921;"GERALDO ALVES DE SOUZA";"#NULO";"PSC";"MASCULINO";"SUPERIOR COMPLETO";"CASADO(A)";"PARDA";"OUTROS";"APTO";610162;1217;"SUPLENTE";14495;"OUTROS RECURSOS, FUNDO ESPECIAL";"Recursos de pessoas físicas, Recursos de partido político";"N"
250000925960;"ALINE MARIA DE MOURA";"#NULO";"PSC";"FEMININO";"SUPERIOR INCOMPLETO";"SOLTEIRO(A)";"PRETA";"EMPRESÁRIO";"APTO";25000;216;"SUPLENTE";18120;"FUNDO ESPECIAL";"Recursos de partido político";"N"
250000925922;"VALDINEI CORREIA SANTANA";"#NULO";"PSC";"MASCULINO";"SUPERIOR INCOMPLETO";"CASADO(A)";"PARDA";"VIGILANTE";"APTO";NA;760;"SUPLENTE";10500;"FUNDO ESPECIAL";"Recursos de partido político";"N"
250000883854;"ALESSANDRO DE ROSE GHILARDI";"#NULO";"REPUBLICANOS";"MASCULINO";"SUPERIOR COMPLETO";"SOLTEIRO(A)";"BRANCA";"ADVOGADO";"APTO";193650;961;"SUPLENTE";3442,25;"FUNDO ESPECIAL";"Recursos de partido político";"N"
250001266824;"HENRIQUE RIBEIRO DA COSTA AGUIAR";"#NULO";"REPUBLICANOS";"MASCULINO";"SUPERIOR COMPLETO";"CASADO(A)";"BRANCA";"ADVOGADO";"APTO";605822,74;231;"SUPLENTE";1945,48;"FUNDO ESPECIAL";"Recursos de partido político";"N"
250000883881;"ALEX SANDRO DE SANTANA";"#NULO";"REPUBLICANOS";"MASCULINO";"SUPERIOR INCOMPLETO";"SOLTEIRO(A)";"PARDA";"OUTROS";"APTO";390084,41;1741;"SUPLENTE";18195,75;"OUTROS RECURSOS, FUNDO ESPECIAL";"Recursos de pessoas físicas, Recursos de partido político";"N"
250000883896;"MARILDA FELIPE";"#NULO";"REPUBLICANOS";"FEMININO";"ENSINO MÉDIO INCOMPLETO";"SOLTEIRO(A)";"BRANCA";"EMPRESÁRIO";"APTO";60900;3064;"SUPLENTE";32577,83;"FUNDO ESPECIAL, OUTROS RECURSOS";"Recursos de partido político, Recursos de pessoas físicas";"N"
250001016143;"AUGUSTO CESAR NUNES COSTA";"#NULO";"PSD";"MASCULINO";"SUPERIOR COMPLETO";"SOLTEIRO(A)";"PARDA";"ADVOGADO";"APTO";22000;303;"SUPLENTE";72992,83;"OUTROS RECURSOS, FUNDO ESPECIAL";"Recursos próprios, Recursos de partido político, Recursos de pessoas físicas";"N"
250001016199;"SYLVIA BEATRIX PEREIRA";"#NULO";"PSD";"FEMININO";"ENSINO MÉDIO COMPLETO";"DIVORCIADO(A)";"BRANCA";"TERAPEUTA";"APTO";539000;567;"SUPLENTE";25021,74;"FUNDO ESPECIAL";"Recursos de partido político";"N"
250001016161;"DACIO GOMYDE PRETONI";"#NULO";"PSD";"MASCULINO";"SUPERIOR COMPLETO";"DIVORCIADO(A)";"BRANCA";"EMPRESÁRIO";"APTO";148261,4;847;"SUPLENTE";20871,74;"OUTROS RECURSOS, FUNDO ESPECIAL";"Recursos próprios, Recursos de pessoas físicas, Recursos de partido político";"N"
250001016155;"DANIEL CORDEIRO DA SILVA";"#NULO";"PSD";"MASCULINO";"ENSINO MÉDIO COMPLETO";"SOLTEIRO(A)";"BRANCA";"OUTROS";"APTO";NA;143;"SUPLENTE";13521,74;"FUNDO ESPECIAL";"Recursos de partido político";"N"
250001016182;"RICARDO APARECIDO GRANJA DOS SANTOS";"#NULO";"PSD";"MASCULINO";"SUPERIOR COMPLETO";"CASADO(A)";"BRANCA";"ECONOMISTA";"APTO";541146,6;2005;"SUPLENTE";34542,27;"OUTROS RECURSOS, FUNDO ESPECIAL";"Recursos de pessoas físicas, Recursos próprios, Recursos de partido político";"N"
250001016195;"MIKAIL DE PAULA LIMA PEREIRA";"#NULO";"PSD";"FEMININO";"SUPERIOR COMPLETO";"SOLTEIRO(A)";"BRANCA";"COMERCIÁRIO";"APTO";NA;120;"SUPLENTE";36821,74;"OUTROS RECURSOS, FUNDO ESPECIAL";"Recursos de pessoas físicas, Recursos próprios, Recursos de Financiamento Coletivo, Recursos de partido político";"N"
250001016154;"ELIANA FAZANNI";"#NULO";"PSD";"FEMININO";"SUPERIOR COMPLETO";"SOLTEIRO(A)";"BRANCA";"ENGENHEIRO";"APTO";8e+05;244;"SUPLENTE";25021,74;"FUNDO ESPECIAL";"Recursos de partido político";"N"
250001016174;"MARCELO VIEIRA SALLES";"#NULO";"PSD";"MASCULINO";"SUPERIOR COMPLETO";"CASADO(A)";"BRANCA";"EMPRESÁRIO";"APTO";674470,68;14117;"SUPLENTE";275471,74;"FUNDO ESPECIAL, OUTROS RECURSOS";"Recursos de partido político, Recursos de pessoas físicas, Recursos de Financiamento Coletivo";"N"
250001016151;"FABIO MARTINS COSTA";"#NULO";"PSD";"MASCULINO";"SUPERIOR COMPLETO";"CASADO(A)";"BRANCA";"PROFESSOR DE ENSINO SUPERIOR";"APTO";NA;202;"SUPLENTE";21341,74;"OUTROS RECURSOS, FUNDO ESPECIAL";"Recursos de Financiamento Coletivo, Recursos próprios, Recursos de partido político";"N"
250001016192;"LEONARDO DOS REIS ADORNO BECKER GRANDINI";"#NULO";"PSD";"MASCULINO";"SUPERIOR INCOMPLETO";"SOLTEIRO(A)";"BRANCA";"ESTUDANTE, BOLSISTA, ESTAGIÁRIO E ASSEMELHADOS";"APTO";NA;319;"SUPLENTE";37571,74;"OUTROS RECURSOS, FUNDO ESPECIAL";"Recursos de pessoas físicas, Recursos próprios, Recursos de partido político";"N"
250001016133;"DAVID BEN AVRAM";"#NULO";"PSD";"MASCULINO";"SUPERIOR COMPLETO";"CASADO(A)";"BRANCA";"ENGENHEIRO";"APTO";1416000;573;"SUPLENTE";13521,74;"FUNDO ESPECIAL";"Recursos de partido político";"N"
250001016171;"JOSÉ DE LORENZO MESSINA";"#NULO";"PSD";"MASCULINO";"SUPERIOR COMPLETO";"CASADO(A)";"BRANCA";"EMPRESÁRIO";"APTO";28,92;3060;"SUPLENTE";105148,73;"FUNDO ESPECIAL, OUTROS RECURSOS";"Recursos de partido político, Recursos de pessoas físicas, Recursos próprios, Recursos de Financiamento Coletivo";"N"
250000640973;"ANDRÉ LUIZ DE MIRANDA BARBOSA";"#NULO";"PL";"MASCULINO";"SUPERIOR COMPLETO";"DIVORCIADO(A)";"BRANCA";"MÉDICO";"APTO";5000;227;"SUPLENTE";4300;"FUNDO PARTIDARIO, OUTROS RECURSOS";"Recursos de partido político, Recursos de pessoas físicas";"N"
250000640984;"GRAÇA ERNESTINA ANAY SILVA DIAS";"#NULO";"PL";"FEMININO";"SUPERIOR COMPLETO";"VIÚVO(A)";"BRANCA";"DONA DE CASA";"APTO";9,6;33;"SUPLENTE";12800;"FUNDO PARTIDARIO";"Recursos de partido político";"N"
250000641045;"WELLINGTON ALVES DA SILVA";"#NULO";"PL";"MASCULINO";"SUPERIOR INCOMPLETO";"DIVORCIADO(A)";"PARDA";"MÚSICO";"APTO";3013,21;762;"SUPLENTE";22800;"FUNDO PARTIDARIO, FUNDO ESPECIAL";"Recursos de partido político";"N"
250000640980;"LEANDRO CUSSOLINI FAUSTINO";"#NULO";"PL";"MASCULINO";"SUPERIOR COMPLETO";"DIVORCIADO(A)";"BRANCA";"APOSENTADO (EXCETO SERVIDOR PÚBLICO)";"APTO";56966,52;324;"SUPLENTE";12800;"FUNDO PARTIDARIO, FUNDO ESPECIAL";"Recursos de partido político";"N"
250000641035;"EDSON NUNES CHICÓ";"#NULO";"PL";"MASCULINO";"SUPERIOR COMPLETO";"CASADO(A)";"BRANCA";"ECONOMISTA";"APTO";380010;641;"SUPLENTE";43600;"FUNDO PARTIDARIO, FUNDO ESPECIAL";"Recursos de partido político";"N"
250001264841;"VALDEMAR ROSENDO MARQUES";"#NULO";"PL";"MASCULINO";"SUPERIOR COMPLETO";"DIVORCIADO(A)";"BRANCA";"ADVOGADO";"APTO";NA;221;"SUPLENTE";1137;"OUTROS RECURSOS";"Recursos de pessoas físicas";"N"
250000641014;"JOSUÉ JOSÉ DE SOUSA";"#NULO";"PL";"MASCULINO";"ENSINO FUNDAMENTAL INCOMPLETO";"CASADO(A)";"BRANCA";"EMPRESÁRIO";"APTO";400;437;"SUPLENTE";12800;"FUNDO PARTIDARIO, FUNDO ESPECIAL";"Recursos de partido político";"N"
250000641038;"JEFERSON LUIS FRANCISCO";"#NULO";"PL";"MASCULINO";"ENSINO MÉDIO COMPLETO";"SOLTEIRO(A)";"PARDA";"AGENTE DE SAÚDE E SANITARISTA";"APTO";3,51;44;"SUPLENTE";12800;"FUNDO PARTIDARIO, FUNDO ESPECIAL";"Recursos de partido político";"N"
250000641008;"MARCELO ROBERTO PAOLILLO MARTINS";"#NULO";"PL";"MASCULINO";"SUPERIOR COMPLETO";"SOLTEIRO(A)";"BRANCA";"ECONOMISTA";"APTO";59214,34;83;"SUPLENTE";13800;"FUNDO PARTIDARIO, OUTROS RECURSOS, FUNDO ESPECIAL";"Recursos de partido político, Recursos de pessoas físicas";"N"
250000640998;"EDILEUZA GOMES DO NASCIMENTO";"#NULO";"PL";"FEMININO";"ENSINO MÉDIO COMPLETO";"CASADO(A)";"BRANCA";"CORRETOR DE IMÓVEIS, SEGUROS, TÍTULOS E VALORES";"APTO";NA;60;"SUPLENTE";12806,2;"FUNDO PARTIDARIO, OUTROS RECURSOS";"Recursos de partido político, Recursos próprios";"N"
250000641019;"ISABELA CRISTINA CARDOSO DA CRUZ";"#NULO";"PL";"FEMININO";"ENSINO FUNDAMENTAL COMPLETO";"SOLTEIRO(A)";"PARDA";"OUTROS";"APTO";NA;203;"SUPLENTE";27300;"FUNDO ESPECIAL, FUNDO PARTIDARIO, OUTROS RECURSOS";"Recursos de partido político, Recursos de pessoas físicas";"N"
250000640970;"REINALDO FERNANDES DA SILVA";"#NULO";"PL";"MASCULINO";"SUPERIOR COMPLETO";"SOLTEIRO(A)";"BRANCA";"POLICIAL MILITAR";"APTO";49000;996;"SUPLENTE";17300;"OUTROS RECURSOS, FUNDO ESPECIAL, FUNDO PARTIDARIO";"Recursos próprios, Recursos de partido político";"N"
250001159242;"LUIS CARLOS MESSIAS";"#NULO";"PROS";"MASCULINO";"ENSINO FUNDAMENTAL INCOMPLETO";"CASADO(A)";"PRETA";"ELETRICISTA E ASSEMELHADOS";"APTO";NA;153;"NÃO ELEITO";5276,7;"OUTROS RECURSOS, FUNDO PARTIDARIO";"Recursos de outros candidatos, Recursos de partido político";"N"
250001159214;"POTIGUARA DA SILVA OLIVEIRA";"#NULO";"PROS";"FEMININO";"ENSINO MÉDIO COMPLETO";"SOLTEIRO(A)";"PRETA";"CANTOR E COMPOSITOR";"APTO";NA;827;"NÃO ELEITO";14276,7;"OUTROS RECURSOS, FUNDO PARTIDARIO, FUNDO ESPECIAL";"Recursos de outros candidatos, Recursos de partido político";"N"
250000944972;"PEDRO HENRIQUE GUIMARÃES MELO";"#NULO";"CIDADANIA";"MASCULINO";"SUPERIOR COMPLETO";"SOLTEIRO(A)";"BRANCA";"ADVOGADO";"APTO";2273599,32;4066;"NÃO ELEITO";239779,2;"OUTROS RECURSOS, FUNDO ESPECIAL";"Recursos de pessoas físicas, Recursos de Financiamento Coletivo, Recursos de partido político, Recursos próprios";"N"
250000944979;"JAIME DA SILVA PEREIRA";"#NULO";"CIDADANIA";"MASCULINO";"SUPERIOR INCOMPLETO";"CASADO(A)";"PARDA";"OUTROS";"APTO";460152,39;484;"NÃO ELEITO";23074,31;"OUTROS RECURSOS";"Recursos de pessoas físicas, Recursos próprios, Recursos de partido político";"N"
250000944985;"MARIA CELIA GOMES DE ALMEIDA";"#NULO";"CIDADANIA";"FEMININO";"ENSINO MÉDIO COMPLETO";"CASADO(A)";"BRANCA";"DONA DE CASA";"APTO";NA;457;"NÃO ELEITO";7138,16;"OUTROS RECURSOS, FUNDO ESPECIAL";"Recursos de pessoas físicas, Recursos de partido político";"N"
250000945001;"MARCO ANTONIO DA SILVA";"#NULO";"CIDADANIA";"MASCULINO";"SUPERIOR COMPLETO";"SOLTEIRO(A)";"PRETA";"OUTROS";"APTO";0;150;"NÃO ELEITO";8638,16;"OUTROS RECURSOS, FUNDO ESPECIAL";"Recursos próprios, Recursos de partido político";"N"
250000944967;"CATARINA DOS PRAZERES JESUS SANTOS";"#NULO";"CIDADANIA";"FEMININO";"ENSINO MÉDIO COMPLETO";"CASADO(A)";"PRETA";"AGENTE DE SAÚDE E SANITARISTA";"APTO";32374;1471;"NÃO ELEITO";17193,16;"OUTROS RECURSOS, FUNDO ESPECIAL";"Recursos de pessoas físicas, Recursos de Financiamento Coletivo, Recursos de partido político";"N"
250000945021;"MONICA FERREIRA BITENCOURT DE ALMEIDA";"#NULO";"CIDADANIA";"FEMININO";"ENSINO MÉDIO COMPLETO";"DIVORCIADO(A)";"PRETA";"DONA DE CASA";"APTO";NA;275;"NÃO ELEITO";10638,16;"OUTROS RECURSOS, FUNDO ESPECIAL";"Recursos de pessoas físicas, Recursos de partido político";"N"
250000945012;"AFONSO MINGORANCE FILHO";"#NULO";"CIDADANIA";"MASCULINO";"SUPERIOR COMPLETO";"CASADO(A)";"BRANCA";"OUTROS";"APTO";NA;320;"NÃO ELEITO";9488,16;"OUTROS RECURSOS, FUNDO ESPECIAL";"Recursos de pessoas físicas, Recursos de partido político, Recursos próprios";"N"
250000944970;"CARLOS AUGUSTO DA CUNHA SILVA";"#NULO";"CIDADANIA";"MASCULINO";"SUPERIOR INCOMPLETO";"DIVORCIADO(A)";"PARDA";"EMPRESÁRIO";"APTO";1e+05;263;"NÃO ELEITO";6178,16;"OUTROS RECURSOS, FUNDO PARTIDARIO";"Recursos próprios, Recursos de partido político";"N"
250001206078;"ROSANA RODRIGUES";"#NULO";"AVANTE";"FEMININO";"ENSINO MÉDIO COMPLETO";"SOLTEIRO(A)";"BRANCA";"SERVIDOR PÚBLICO ESTADUAL";"APTO";NA;110;"NÃO ELEITO";0;"#NULO";"#NULO";"N"
250001206092;"LEANDRO SANCHES FELIX DA SILVA";"#NULO";"AVANTE";"MASCULINO";"ENSINO MÉDIO INCOMPLETO";"DIVORCIADO(A)";"BRANCA";"TÉCNICO DE LABORATÓRIO E RAIOS X";"APTO";NA;24;"NÃO ELEITO";0;"#NULO";"#NULO";"N"
250001206084;"SOLANGE DEVIETRO";"#NULO";"AVANTE";"FEMININO";"SUPERIOR COMPLETO";"SOLTEIRO(A)";"BRANCA";"PROFESSOR DE ENSINO MÉDIO";"APTO";NA;314;"NÃO ELEITO";3000;"FUNDO ESPECIAL";"Recursos de partido político";"N"
250001206081;"TAIS COSTA SILVA";"#NULO";"AVANTE";"FEMININO";"SUPERIOR COMPLETO";"CASADO(A)";"PRETA";"OUTROS";"APTO";NA;355;"NÃO ELEITO";3000;"FUNDO ESPECIAL";"Recursos de partido político";"N"
250001206094;"OSVALDO BARRO";"#NULO";"AVANTE";"MASCULINO";"ENSINO MÉDIO COMPLETO";"SOLTEIRO(A)";"BRANCA";"MÚSICO";"APTO";NA;97;"NÃO ELEITO";0;"#NULO";"#NULO";"N"
250001206047;"ANTONIO DONIZETE PRAXEDES";"#NULO";"AVANTE";"MASCULINO";"ENSINO FUNDAMENTAL COMPLETO";"CASADO(A)";"BRANCA";"TAXISTA";"APTO";NA;1218;"NÃO ELEITO";0;"#NULO";"#NULO";"N"
250001206049;"BRÍGIDO FERNANDES DA CRUZ";"#NULO";"AVANTE";"MASCULINO";"SUPERIOR COMPLETO";"CASADO(A)";"PRETA";"ADVOGADO";"APTO";NA;254;"NÃO ELEITO";0;"#NULO";"#NULO";"N"
250001206053;"ROGERIO TABET DE OLIVEIRA";"#NULO";"AVANTE";"MASCULINO";"SUPERIOR COMPLETO";"CASADO(A)";"BRANCA";"MÉDICO";"APTO";1275000;1098;"NÃO ELEITO";13926,35;"OUTROS RECURSOS, FUNDO ESPECIAL";"Recursos próprios, Recursos de partido político";"N"
250001206040;"MARINALVA FERREIRA DA SILVA";"#NULO";"AVANTE";"FEMININO";"ENSINO MÉDIO COMPLETO";"DIVORCIADO(A)";"BRANCA";"OUTROS";"APTO";NA;349;"NÃO ELEITO";3000;"FUNDO ESPECIAL";"Recursos de partido político";"N"
250001119877;"VINICIUS ADRIANO FERNANDES GUERRERO";"#NULO";"PDT";"MASCULINO";"SUPERIOR COMPLETO";"SOLTEIRO(A)";"BRANCA";"OUTROS";"APTO";NA;339;"NÃO ELEITO";9063,84;"OUTROS RECURSOS, FUNDO ESPECIAL";"Recursos de pessoas físicas, Recursos de Financiamento Coletivo, Recursos de outros candidatos";"N"
250001119874;"ODAILDES DAMACENA VIANA";"#NULO";"PDT";"MASCULINO";"ENSINO MÉDIO COMPLETO";"CASADO(A)";"PARDA";"OUTROS";"APTO";357300;631;"NÃO ELEITO";8195,57;"FUNDO ESPECIAL";"Recursos de partido político, Recursos de outros candidatos";"N"
250001119853;"JOSIMAR LEMOS BALTAZAR";"#NULO";"PDT";"MASCULINO";"ENSINO MÉDIO COMPLETO";"CASADO(A)";"PARDA";"MECÂNICO DE MANUTENÇÃO";"APTO";34000;669;"NÃO ELEITO";6995,57;"FUNDO ESPECIAL";"Recursos de outros candidatos, Recursos de partido político";"N"
250001262770;"ANDRÉ MATOS DE MORAIS FILHO";"#NULO";"PDT";"MASCULINO";"SUPERIOR COMPLETO";"SEPARADO(A) JUDICIALMENTE";"BRANCA";"SERVIDOR PÚBLICO FEDERAL";"APTO";NA;204;"NÃO ELEITO";1250;"OUTROS RECURSOS";"Recursos de Financiamento Coletivo, Recursos próprios";"N"
250001119876;"MARCOS CESAR GUEDES RODRIGUES";"#NULO";"PDT";"MASCULINO";"SUPERIOR COMPLETO";"SOLTEIRO(A)";"PARDA";"SERVIDOR PÚBLICO CIVIL APOSENTADO";"APTO";1228000;127;"NÃO ELEITO";6765,57;"OUTROS RECURSOS, FUNDO ESPECIAL";"Recursos próprios, Recursos de outros candidatos, Recursos de partido político";"N"
250001119863;"FRANCISCO CABRAL DE SOUSA";"#NULO";"PDT";"MASCULINO";"ENSINO MÉDIO COMPLETO";"CASADO(A)";"PRETA";"OUTROS";"APTO";4000;121;"NÃO ELEITO";6545,57;"FUNDO ESPECIAL";"Recursos de partido político, Recursos de outros candidatos";"N"
250001119892;"EDUARDO ALVES DO LIVRAMENTO";"#NULO";"PDT";"MASCULINO";"ENSINO MÉDIO COMPLETO";"SOLTEIRO(A)";"BRANCA";"OUTROS";"APTO";8000;162;"NÃO ELEITO";15065,57;"OUTROS RECURSOS, FUNDO ESPECIAL";"Recursos de pessoas físicas, Recursos de outros candidatos, Recursos de partido político";"N"
250001119852;"MARIA ERIVANDA CAVALCANTE ARAÚJO";"#NULO";"PDT";"FEMININO";"SUPERIOR COMPLETO";"SOLTEIRO(A)";"BRANCA";"JORNALISTA E REDATOR";"APTO";2e+05;158;"NÃO ELEITO";8295,57;"FUNDO ESPECIAL";"Recursos de outros candidatos, Recursos de partido político";"N"
250001100727;"RENISSON OLIVEIRA DOS SANTOS";"#NULO";"PMB";"MASCULINO";"ENSINO MÉDIO COMPLETO";"DIVORCIADO(A)";"PRETA";"OPERADOR DE EQUIPAMENTO DE RÁDIO, TELEVISÃO, SOM E CINEMA";"APTO";10000;97;"NÃO ELEITO";0;"#NULO";"#NULO";"N"
250000789448;"CARMEN DA SILVA FERREIRA";"#NULO";"PT";"FEMININO";"ENSINO MÉDIO COMPLETO";"SOLTEIRO(A)";"PRETA";"OUTROS";"APTO";55000;12427;"SUPLENTE";229286,65;"OUTROS RECURSOS, FUNDO ESPECIAL";"Recursos de Financiamento Coletivo, Recursos de origens não identificadas, Recursos de partido político, Recursos de pessoas físicas, Recursos de outros candidatos";"N"
250000789495;"ALESSANDRO GUEDES DOS SANTOS";"#NULO";"PT";"MASCULINO";"SUPERIOR COMPLETO";"CASADO(A)";"PARDA";"VEREADOR";"APTO";626000;31124;"ELEITO POR QP";318497,6;"OUTROS RECURSOS, FUNDO ESPECIAL";"Recursos de pessoas físicas, Recursos próprios, Recursos de Financiamento Coletivo, Recursos de outros candidatos, Recursos de partido político";"N"
250000789487;"CARLOS JANUARIO";"#NULO";"PT";"MASCULINO";"ENSINO MÉDIO COMPLETO";"CASADO(A)";"PARDA";"MOTORISTA PARTICULAR";"APTO";80000;445;"SUPLENTE";13373,5;"FUNDO ESPECIAL";"Recursos de outros candidatos, Recursos de partido político";"N"
250000789473;"MARIZETE PEREIRA DE JESUS";"#NULO";"PT";"FEMININO";"ENSINO FUNDAMENTAL COMPLETO";"SOLTEIRO(A)";"PARDA";"OUTROS";"APTO";NA;161;"SUPLENTE";13373,5;"FUNDO ESPECIAL";"Recursos de partido político, Recursos de outros candidatos";"N"
250000789484;"ROSEMEIRE PEREIRA SANTOS";"#NULO";"PT";"FEMININO";"SUPERIOR INCOMPLETO";"SOLTEIRO(A)";"PARDA";"OUTROS";"APTO";NA;334;"SUPLENTE";27933,5;"OUTROS RECURSOS, FUNDO ESPECIAL";"Recursos de pessoas físicas, Recursos de partido político, Recursos de outros candidatos";"N"
250000789509;"RENATO CANDIDO DE LIMA";"#NULO";"PT";"MASCULINO";"SUPERIOR COMPLETO";"SOLTEIRO(A)";"PRETA";"PROFESSOR DE ENSINO SUPERIOR";"APTO";NA;435;"SUPLENTE";35848,5;"OUTROS RECURSOS, FUNDO ESPECIAL";"Recursos próprios, Recursos de partido político, Recursos de outros candidatos";"N"
250000789492;"ANTONIO PEDRO HENRIQUE BATISTA";"#NULO";"PT";"MASCULINO";"SUPERIOR COMPLETO";"SOLTEIRO(A)";"PRETA";"EMPRESÁRIO";"APTO";17000;1228;"SUPLENTE";20598,5;"FUNDO ESPECIAL";"Recursos de outros candidatos, Recursos de partido político";"N"
250000789460;"JAIR JOSÉ TATTO";"#NULO";"PT";"MASCULINO";"SUPERIOR COMPLETO";"CASADO(A)";"BRANCA";"VEREADOR";"APTO";569494,11;29918;"ELEITO POR QP";200546,67;"OUTROS RECURSOS, FUNDO ESPECIAL";"Recursos de pessoas físicas, Recursos de outros candidatos, Recursos de partido político, Recursos próprios";"N"
250000789456;"SENIVAL PEREIRA DE MOURA";"#NULO";"PT";"MASCULINO";"SUPERIOR COMPLETO";"CASADO(A)";"PARDA";"VEREADOR";"APTO";2907545,87;25311;"ELEITO POR QP";285460,59;"FUNDO ESPECIAL, OUTROS RECURSOS";"Recursos de partido político, Recursos de outros candidatos, Recursos de pessoas físicas, Recursos próprios";"N"
250000789475;"HÉLIO RODRIGUES DE ANDRADE";"#NULO";"PT";"MASCULINO";"SUPERIOR COMPLETO";"CASADO(A)";"BRANCA";"OUTROS";"APTO";325000;20576;"SUPLENTE";275778,5;"OUTROS RECURSOS, FUNDO ESPECIAL";"Recursos de pessoas físicas, Recursos de partido político, Recursos próprios, Recursos de Financiamento Coletivo, Recursos de outros candidatos";"N"
250000688217;"ANGELA CRISTINA DE MATTOS QUINTANILHA";"NÃO DIVULGÁVEL";"NOVO";"NÃO DIVULGÁVEL";"NÃO DIVULGÁVEL";"NÃO DIVULGÁVEL";"NÃO DIVULGÁVEL";"NÃO DIVULGÁVEL";"APTO";NA;1306;"SUPLENTE";NA;NA;NA;"Não divulgável"
250001129688;"CARMEM MARIA UCHOA FERNANDES";"#NULO";"DC";"FEMININO";"ENSINO MÉDIO COMPLETO";"CASADO(A)";"BRANCA";"OUTROS";"APTO";NA;73;"NÃO ELEITO";6360,33;"FUNDO ESPECIAL";"Recursos de partido político";"N"
250001129687;"ANDRÉ RODRIGUES MIRANDA COSTA";"#NULO";"DC";"MASCULINO";"SUPERIOR COMPLETO";"CASADO(A)";"BRANCA";"OUTROS";"APTO";NA;742;"NÃO ELEITO";3872,1;"FUNDO ESPECIAL";"Recursos de partido político";"N"
250001129659;"JOSE RAYMUNDO DE CASTRO";"#NULO";"DC";"MASCULINO";"ENSINO MÉDIO COMPLETO";"VIÚVO(A)";"BRANCA";"APOSENTADO (EXCETO SERVIDOR PÚBLICO)";"APTO";NA;47;"NÃO ELEITO";3872,1;"FUNDO ESPECIAL";"Recursos de partido político";"N"
250001129662;"ELCIO APARECIDO MUNIN";"#NULO";"DC";"MASCULINO";"SUPERIOR COMPLETO";"CASADO(A)";"BRANCA";"OUTROS";"APTO";NA;131;"NÃO ELEITO";3872,1;"FUNDO ESPECIAL";"Recursos de partido político";"N"
250001129694;"MARLUSIA ALVES DOS SANTOS SILVA";"#NULO";"DC";"FEMININO";"ENSINO FUNDAMENTAL COMPLETO";"CASADO(A)";"PARDA";"DONA DE CASA";"APTO";NA;31;"NÃO ELEITO";6360,33;"FUNDO ESPECIAL";"Recursos de partido político";"S"
250001129669;"GISELE DE MORAES PONTES";"#NULO";"DC";"FEMININO";"SUPERIOR INCOMPLETO";"SOLTEIRO(A)";"PARDA";"ESTUDANTE, BOLSISTA, ESTAGIÁRIO E ASSEMELHADOS";"APTO";NA;260;"NÃO ELEITO";6360,33;"FUNDO ESPECIAL";"Recursos de partido político";"N"
250001129671;"VILSON DA SILVA CRUZ";"#NULO";"DC";"MASCULINO";"ENSINO MÉDIO COMPLETO";"VIÚVO(A)";"BRANCA";"EMPRESÁRIO";"APTO";NA;140;"NÃO ELEITO";3872,1;"FUNDO ESPECIAL";"Recursos de partido político";"N"
250001129661;"CAMILA BICHLER DE SA";"#NULO";"DC";"FEMININO";"SUPERIOR COMPLETO";"CASADO(A)";"BRANCA";"OUTROS";"APTO";NA;186;"NÃO ELEITO";6360,33;"FUNDO ESPECIAL";"Recursos de partido político";"N"
250001088455;"ODALIA DA CONCEIÇÃO ALCANTARA";"#NULO";"MDB";"FEMININO";"SUPERIOR COMPLETO";"SOLTEIRO(A)";"PRETA";"ADVOGADO";"APTO";NA;49;"SUPLENTE";10030;"FUNDO ESPECIAL, OUTROS RECURSOS";"Recursos de partido político, Recursos próprios";"N"
250001088447;"MAURICIO LUIS MARTINS";"#NULO";"MDB";"MASCULINO";"ENSINO MÉDIO COMPLETO";"CASADO(A)";"BRANCA";"OUTROS";"APTO";NA;3797;"SUPLENTE";28000;"OUTROS RECURSOS";"Recursos de pessoas físicas";"N"
250001088424;"WENDERSON OLIVEIRA DA SILVA";"#NULO";"MDB";"MASCULINO";"SUPERIOR COMPLETO";"SOLTEIRO(A)";"PRETA";"OUTROS";"APTO";NA;145;"SUPLENTE";10000;"FUNDO ESPECIAL";"Recursos de partido político";"N"
250001088458;"CINTIA COUTINHO BELTRAME MARIANO";"#NULO";"MDB";"FEMININO";"SUPERIOR COMPLETO";"DIVORCIADO(A)";"BRANCA";"EMPRESÁRIO";"APTO";1043700;181;"SUPLENTE";50000;"FUNDO ESPECIAL";"Recursos de partido político";"N"
250001088464;"ELIZETE JOSEFA DA SILVA MIGUEZ";"#NULO";"MDB";"FEMININO";"SUPERIOR COMPLETO";"CASADO(A)";"BRANCA";"ADVOGADO";"APTO";978000;1470;"SUPLENTE";47050;"OUTROS RECURSOS, FUNDO ESPECIAL";"Recursos próprios, Recursos de partido político";"N"
250001088389;"MAURICIO DOMINGUES DA SILVA";"#NULO";"MDB";"MASCULINO";"SUPERIOR COMPLETO";"CASADO(A)";"PARDA";"OUTROS";"APTO";30000;424;"SUPLENTE";1800;"OUTROS RECURSOS";"Recursos próprios";"N"
250001088415;"LETICIA TACCOLA DO NASCIMENTO";"#NULO";"MDB";"FEMININO";"ENSINO MÉDIO COMPLETO";"SOLTEIRO(A)";"BRANCA";"ESTUDANTE, BOLSISTA, ESTAGIÁRIO E ASSEMELHADOS";"APTO";NA;129;"SUPLENTE";28000;"FUNDO ESPECIAL";"Recursos de partido político";"N"
250001088431;"EDSON MARQUES PEREIRA";"#NULO";"MDB";"MASCULINO";"SUPERIOR COMPLETO";"DIVORCIADO(A)";"PRETA";"JORNALISTA E REDATOR";"APTO";513418,77;3877;"SUPLENTE";78270;"OUTROS RECURSOS, FUNDO ESPECIAL";"Recursos de pessoas físicas, Recursos próprios, Recursos de partido político";"N"
250001088457;"ELIANE GOMES LOPES";"#NULO";"MDB";"FEMININO";"SUPERIOR COMPLETO";"DIVORCIADO(A)";"PARDA";"AUXILIAR DE ESCRITÓRIO E ASSEMELHADOS";"APTO";65712,07;979;"SUPLENTE";25000;"FUNDO ESPECIAL";"Recursos de partido político";"N"
250001088401;"JOSÉ CARLOS FLAUSINO";"#NULO";"MDB";"MASCULINO";"ENSINO MÉDIO COMPLETO";"SOLTEIRO(A)";"PARDA";"OUTROS";"APTO";NA;94;"SUPLENTE";0;"#NULO";"#NULO";"N"
250001088404;"FRANCISCO ALVES RODRIGUES";"#NULO";"MDB";"MASCULINO";"ENSINO FUNDAMENTAL COMPLETO";"CASADO(A)";"BRANCA";"EMPRESÁRIO";"APTO";225287,65;1012;"SUPLENTE";25610;"OUTROS RECURSOS";"Recursos de pessoas físicas, Recursos próprios";"N"
250001088422;"ADEILTON DE ALMEIDA PEDRO";"#NULO";"MDB";"MASCULINO";"SUPERIOR INCOMPLETO";"SOLTEIRO(A)";"PRETA";"AGENTE ADMINISTRATIVO";"APTO";NA;389;"SUPLENTE";10000;"FUNDO ESPECIAL";"Recursos de partido político";"N"
250001088468;"JOÃO ROBERTO VALENÇA SOARES";"#NULO";"MDB";"MASCULINO";"ENSINO MÉDIO COMPLETO";"CASADO(A)";"PARDA";"CORRETOR DE IMÓVEIS, SEGUROS, TÍTULOS E VALORES";"APTO";80000;1322;"SUPLENTE";11000;"OUTROS RECURSOS, FUNDO ESPECIAL";"Recursos de pessoas físicas, Recursos de partido político";"N"
250000651050;"JUAN RAMON SOTO";"#NULO";"DEM";"MASCULINO";"SUPERIOR COMPLETO";"CASADO(A)";"BRANCA";"POLICIAL MILITAR";"APTO";271355,29;2216;"SUPLENTE";214459,78;"FUNDO PARTIDARIO, OUTROS RECURSOS";"Recursos de partido político, Recursos próprios";"N"
250000651052;"ADILSON ARMANDO CARVALHO AMADEU";"#NULO";"DEM";"MASCULINO";"SUPERIOR INCOMPLETO";"CASADO(A)";"BRANCA";"ADMINISTRADOR";"APTO";3539263,23;30549;"ELEITO POR QP";655503,95;"OUTROS RECURSOS, FUNDO ESPECIAL, FUNDO PARTIDARIO";"Recursos de pessoas físicas, Recursos de partido político, Recursos próprios";"N"
250000651036;"FLAVIO PIRES";"#NULO";"DEM";"MASCULINO";"LÊ E ESCREVE";"SOLTEIRO(A)";"BRANCA";"EMPRESÁRIO";"APTO";1415903,66;2435;"SUPLENTE";125082,38;"OUTROS RECURSOS, FUNDO PARTIDARIO, FUNDO ESPECIAL";"Recursos de pessoas físicas, Recursos de partido político";"N"
250000651034;"FABIO BATISTA DA SILVA";"#NULO";"DEM";"MASCULINO";"SUPERIOR COMPLETO";"SOLTEIRO(A)";"PARDA";"OUTROS";"APTO";8747;771;"SUPLENTE";124443,88;"FUNDO ESPECIAL, FUNDO PARTIDARIO, OUTROS RECURSOS";"Recursos de partido político, Recursos de pessoas físicas";"N"
250000651018;"ANITA DOS SANTOS TAKAIYASU";"#NULO";"DEM";"FEMININO";"SUPERIOR COMPLETO";"CASADO(A)";"BRANCA";"APOSENTADO (EXCETO SERVIDOR PÚBLICO)";"APTO";813075,22;1438;"SUPLENTE";167021,9;"OUTROS RECURSOS, FUNDO ESPECIAL, FUNDO PARTIDARIO";"Recursos de pessoas físicas, Recursos de partido político";"N"
250000881915;"EDJANE LIMA DE AZEVEDO";"#NULO";"PTB";"FEMININO";"ENSINO MÉDIO COMPLETO";"CASADO(A)";"PARDA";"POLICIAL MILITAR";"APTO";NA;220;"SUPLENTE";20000;"FUNDO ESPECIAL";"Recursos de partido político";"N"
250000881909;"SOLANGE DE OLIVEIRA MORAIS";"#NULO";"PTB";"FEMININO";"ENSINO MÉDIO COMPLETO";"CASADO(A)";"BRANCA";"SECRETÁRIO E DATILÓGRAFO";"APTO";NA;634;"SUPLENTE";5000;"FUNDO ESPECIAL";"Recursos de partido político";"N"
250000881938;"ANDRÉA CRISTINA BEZERRA DA SILVA";"#NULO";"PTB";"FEMININO";"ENSINO MÉDIO COMPLETO";"SOLTEIRO(A)";"BRANCA";"VIGILANTE";"APTO";NA;290;"SUPLENTE";20000;"FUNDO ESPECIAL";"Recursos de partido político";"N"
250000881929;"MARIA ADALZIRA RIBEIRO ORTIZ";"#NULO";"PTB";"FEMININO";"ENSINO MÉDIO COMPLETO";"CASADO(A)";"PARDA";"JORNALISTA E REDATOR";"APTO";NA;216;"SUPLENTE";20000;"FUNDO ESPECIAL";"Recursos de partido político";"N"
250000881920;"IRANILDO ARAUJO DOS SANTOS";"#NULO";"PTB";"MASCULINO";"ENSINO MÉDIO COMPLETO";"CASADO(A)";"BRANCA";"CORRETOR DE IMÓVEIS, SEGUROS, TÍTULOS E VALORES";"APTO";6e+05;33;"SUPLENTE";0;"#NULO";"#NULO";"N"
250000881971;"KATIA REGINA TOLEDO SOARES MACHADO";"#NULO";"PTB";"FEMININO";"SUPERIOR COMPLETO";"CASADO(A)";"PARDA";"ADVOGADO";"APTO";NA;61;"SUPLENTE";5800;"FUNDO ESPECIAL";"Recursos de partido político";"N"
250000881905;"PAULO JESUS FRANGE";"#NULO";"PTB";"MASCULINO";"SUPERIOR COMPLETO";"CASADO(A)";"BRANCA";"MÉDICO";"APTO";1513263,69;17796;"ELEITO POR MÉDIA";338200,3;"OUTROS RECURSOS, FUNDO PARTIDARIO";"Recursos de pessoas físicas, Recursos próprios, Recursos de partido político";"N"
250000881919;"CLAUDINEIA LIMA DOS SANTOS";"#NULO";"PTB";"FEMININO";"SUPERIOR INCOMPLETO";"SOLTEIRO(A)";"PARDA";"OUTROS";"APTO";11000;497;"SUPLENTE";8000;"FUNDO ESPECIAL";"Recursos de partido político";"N"
250000881977;"VICTOR MORAES FILHO";"#NULO";"PTB";"MASCULINO";"SUPERIOR COMPLETO";"DIVORCIADO(A)";"PRETA";"PROFESSOR DE ENSINO FUNDAMENTAL";"APTO";26400;2250;"SUPLENTE";8625;"OUTROS RECURSOS, FUNDO ESPECIAL";"Recursos de pessoas físicas, Recursos de partido político";"N"
250000881940;"ANTONIO ROBERTO FREIRE";"#NULO";"PTB";"MASCULINO";"SUPERIOR INCOMPLETO";"CASADO(A)";"BRANCA";"OUTROS";"APTO";40000;808;"SUPLENTE";4,25;"FUNDO ESPECIAL";"Recursos de partido político";"N"
250000881968;"ANTONIO CARLOS TADEU GUSMAN";"#NULO";"PTB";"MASCULINO";"ENSINO FUNDAMENTAL COMPLETO";"DIVORCIADO(A)";"PARDA";"OUTROS";"APTO";24000;484;"SUPLENTE";NA;NA;NA;"N"
250000881917;"ALEX FABIANO DA SILVA";"#NULO";"PTB";"MASCULINO";"SUPERIOR INCOMPLETO";"SOLTEIRO(A)";"BRANCA";"OUTROS";"APTO";NA;54;"SUPLENTE";NA;NA;NA;"N"
250001054364;"MARIA GERALIS SOARES LIMA PASSARELLO";"#NULO";"PMN";"FEMININO";"SUPERIOR COMPLETO";"SEPARADO(A) JUDICIALMENTE";"BRANCA";"ADVOGADO";"APTO";95121,36;123;"NÃO ELEITO";2000;"FUNDO ESPECIAL";"Recursos de partido político";"N"
250001054389;"MÁRCIA LOPES DE ARAÚJO";"#NULO";"PMN";"FEMININO";"SUPERIOR INCOMPLETO";"SOLTEIRO(A)";"PARDA";"SUPERVISOR, INSPETOR E AGENTE DE COMPRAS E VENDAS";"APTO";NA;279;"NÃO ELEITO";3010,45;"OUTROS RECURSOS, FUNDO ESPECIAL";"Recursos próprios, Recursos de partido político";"N"
250001054377;"JOSÉ CARLOS DOS SANTOS FONSECA";"#NULO";"PMN";"MASCULINO";"ENSINO FUNDAMENTAL COMPLETO";"SOLTEIRO(A)";"BRANCA";"OUTROS";"APTO";NA;552;"NÃO ELEITO";0;"#NULO";"#NULO";"N"
250001054397;"ENÉAS COSTA";"#NULO";"PMN";"MASCULINO";"SUPERIOR COMPLETO";"CASADO(A)";"PARDA";"OUTROS";"APTO";15000;212;"NÃO ELEITO";0;"#NULO";"#NULO";"N"
250001054378;"CHARLES ALEXANDRO DE CARVALHO";"#NULO";"PMN";"MASCULINO";"SUPERIOR INCOMPLETO";"SOLTEIRO(A)";"PARDA";"CANTOR E COMPOSITOR";"APTO";NA;39;"NÃO ELEITO";2000;"FUNDO ESPECIAL";"Recursos de partido político";"N"
250001180995;"AUGUSTO ROLIM SARAIVA";"#NULO";"PCO";"MASCULINO";"SUPERIOR COMPLETO";"SOLTEIRO(A)";"BRANCA";"PROFESSOR DE ENSINO FUNDAMENTAL";"APTO";2000;78;"NÃO ELEITO";1000;"FUNDO ESPECIAL";"Recursos de partido político";"N"
250001180994;"MAYA DA SILVA BASTOS";"#NULO";"PCO";"FEMININO";"ENSINO MÉDIO INCOMPLETO";"SOLTEIRO(A)";"BRANCA";"ESTUDANTE, BOLSISTA, ESTAGIÁRIO E ASSEMELHADOS";"APTO";NA;4;"NÃO ELEITO";NA;NA;NA;"N"
250000754000;"EDSON ALMEIDA DA SILVA";"#NULO";"PSL";"MASCULINO";"SUPERIOR COMPLETO";"SOLTEIRO(A)";"PARDA";"EMPRESÁRIO";"APTO";NA;430;"SUPLENTE";23389;"OUTROS RECURSOS, FUNDO ESPECIAL";"Recursos próprios, Recursos de partido político, Recursos de outros candidatos";"N"
250000754050;"KURT WALDEMAR OBERHUBER JUNIOR";"#NULO";"PSL";"MASCULINO";"SUPERIOR COMPLETO";"SOLTEIRO(A)";"BRANCA";"EMPRESÁRIO";"APTO";9788,75;694;"SUPLENTE";7939;"FUNDO ESPECIAL";"Recursos de partido político, Recursos de outros candidatos";"N"
250000754026;"VITOR ABOU ANNI";"#NULO";"PSL";"MASCULINO";"SUPERIOR COMPLETO";"SOLTEIRO(A)";"BRANCA";"OUTROS";"APTO";123200;7537;"SUPLENTE";2348210,32;"FUNDO ESPECIAL, OUTROS RECURSOS";"Recursos de outros candidatos, Recursos de pessoas físicas, Recursos de partido político, Recursos próprios";"N"
250000754022;"JORGE ROBERTO PASCHOAL CORRÊA";"#NULO";"PSL";"MASCULINO";"SUPERIOR COMPLETO";"CASADO(A)";"BRANCA";"SERVIDOR PÚBLICO MUNICIPAL";"APTO";NA;805;"SUPLENTE";0;"#NULO";"#NULO";"N"
250000754012;"EDUARDO CERVEIRA ROSMANINHO";"#NULO";"PSL";"MASCULINO";"SUPERIOR COMPLETO";"VIÚVO(A)";"BRANCA";"COMERCIANTE";"APTO";150070,7;1998;"SUPLENTE";21651,02;"OUTROS RECURSOS";"Recursos de pessoas físicas, Recursos próprios";"N"
250000753994;"MARIA DE FATIMA ALVES BARBOSA";"#NULO";"PSL";"FEMININO";"SUPERIOR COMPLETO";"SOLTEIRO(A)";"BRANCA";"JORNALISTA E REDATOR";"APTO";175422,09;1379;"SUPLENTE";21939;"FUNDO ESPECIAL";"Recursos de partido político, Recursos de outros candidatos";"N"
250000688230;"FABRICIO PULIAFICO ARTUR";"#NULO";"NOVO";"MASCULINO";"SUPERIOR COMPLETO";"SOLTEIRO(A)";"BRANCA";"OUTROS";"APTO";NA;412;"SUPLENTE";10179,35;"OUTROS RECURSOS";"Recursos de partido político, Recursos de outros candidatos, Recursos de pessoas físicas, Recursos de Financiamento Coletivo";"N"
250000688237;"WAFÁ AHMED EL KADIRI";"#NULO";"NOVO";"FEMININO";"SUPERIOR INCOMPLETO";"SOLTEIRO(A)";"BRANCA";"ESTUDANTE, BOLSISTA, ESTAGIÁRIO E ASSEMELHADOS";"APTO";NA;5141;"SUPLENTE";171062,46;"OUTROS RECURSOS";"Recursos de pessoas físicas, Rendimentos de aplicações financeiras, Recursos de origens não identificadas, Recursos de partido político, Recursos de Financiamento Coletivo";"N"
250000688250;"JOANNA CAROLINA GUARITA DOUAT";"#NULO";"NOVO";"FEMININO";"SUPERIOR COMPLETO";"DIVORCIADO(A)";"BRANCA";"ADMINISTRADOR";"APTO";535535,62;6969;"SUPLENTE";51393,73;"OUTROS RECURSOS";"Recursos de pessoas físicas, Recursos de partido político, Recursos de Financiamento Coletivo";"N"
250000688233;"LUIZ RENATO MOTTA DE OLIVEIRA";"#NULO";"NOVO";"MASCULINO";"SUPERIOR COMPLETO";"CASADO(A)";"BRANCA";"ADVOGADO";"APTO";465724,02;1127;"SUPLENTE";24519,11;"OUTROS RECURSOS";"Recursos de pessoas físicas, Recursos próprios, Recursos de Financiamento Coletivo, Recursos de partido político";"N"
250000919244;"ARTHUR ROCHA RUSSO";"#NULO";"PSDB";"MASCULINO";"SUPERIOR INCOMPLETO";"SOLTEIRO(A)";"BRANCA";"OUTROS";"APTO";NA;159;"SUPLENTE";7317,07;"FUNDO PARTIDARIO";"Recursos de partido político";"N"
250000919225;"JULIANY DE SOUSA REIS";"#NULO";"PSDB";"FEMININO";"SUPERIOR INCOMPLETO";"SOLTEIRO(A)";"BRANCA";"EMPRESÁRIO";"APTO";270000;374;"SUPLENTE";7317,07;"FUNDO PARTIDARIO";"Recursos de partido político";"N"
250000919203;"ALBERTO HIAR";"#NULO";"PSDB";"MASCULINO";"ENSINO MÉDIO COMPLETO";"CASADO(A)";"BRANCA";"DIRETOR DE EMPRESAS";"APTO";1471753,23;3747;"SUPLENTE";195997,05;"OUTROS RECURSOS, FUNDO ESPECIAL";"Recursos de pessoas físicas, Recursos de partido político, Recursos próprios";"N"
250000919205;"ALEXANDRE BAPTISTA PIRES";"#NULO";"PSDB";"MASCULINO";"SUPERIOR COMPLETO";"CASADO(A)";"BRANCA";"PUBLICITÁRIO";"APTO";483993,78;8508;"SUPLENTE";64483,07;"OUTROS RECURSOS";"Recursos de pessoas físicas, Recursos de partido político";"N"
250000919235;"RENAN DE FREITAS POLI";"#NULO";"PSDB";"MASCULINO";"SUPERIOR COMPLETO";"CASADO(A)";"BRANCA";"ADVOGADO";"APTO";288055,92;1015;"SUPLENTE";25819,07;"OUTROS RECURSOS, FUNDO PARTIDARIO";"Recursos de pessoas físicas, Recursos de Financiamento Coletivo, Recursos de partido político, Recursos próprios";"N"
250000919220;"ADRIANE LETÍCIA TOMAZ DE SOUZA";"#NULO";"PSDB";"FEMININO";"ENSINO MÉDIO INCOMPLETO";"SOLTEIRO(A)";"BRANCA";"OUTROS";"APTO";NA;118;"SUPLENTE";7317,07;"FUNDO PARTIDARIO";"Recursos de partido político";"N"
250000919177;"GRIMALDO SANTOS DA SILVA";"#NULO";"PSDB";"MASCULINO";"ENSINO MÉDIO COMPLETO";"SOLTEIRO(A)";"PRETA";"VENDEDOR PRACISTA, REPRESENTANTE, CAIXEIRO-VIAJANTE E ASSEMELHADOS";"APTO";30993;294;"SUPLENTE";9317,07;"FUNDO PARTIDARIO, FUNDO ESPECIAL";"Recursos de partido político";"N"
250000919228;"VALTER ALEXANDRE SIMIONI";"#NULO";"PSDB";"MASCULINO";"ENSINO MÉDIO COMPLETO";"SOLTEIRO(A)";"PARDA";"CORRETOR DE IMÓVEIS, SEGUROS, TÍTULOS E VALORES";"APTO";NA;116;"SUPLENTE";7317,07;"FUNDO PARTIDARIO";"Recursos de partido político";"N"
250000919208;"DANIEL ANNENBERG";"#NULO";"PSDB";"MASCULINO";"SUPERIOR COMPLETO";"CASADO(A)";"BRANCA";"VEREADOR";"APTO";990651,25;15849;"SUPLENTE";533853,07;"OUTROS RECURSOS, FUNDO ESPECIAL";"Recursos próprios, Recursos de pessoas físicas, Recursos de Financiamento Coletivo, Recursos de partido político";"N"
250000919201;"MARCUS VINICIUS DE ALMEIDA FERREIRA";"#NULO";"PSDB";"MASCULINO";"SUPERIOR INCOMPLETO";"VIÚVO(A)";"BRANCA";"VEREADOR";"APTO";4e+05;12673;"SUPLENTE";124367,07;"OUTROS RECURSOS, FUNDO PARTIDARIO";"Recursos de pessoas físicas, Recursos de partido político";"N"
250001154708;"FERNANDA GOMES";"#NULO";"REDE";"FEMININO";"SUPERIOR COMPLETO";"SOLTEIRO(A)";"BRANCA";"RELAÇÕES-PÚBLICAS";"APTO";269191,83;2256;"NÃO ELEITO";69149;"OUTROS RECURSOS, FUNDO ESPECIAL";"Recursos de pessoas físicas, Recursos de partido político, Recursos de outros candidatos, Recursos próprios, Recursos de Financiamento Coletivo";"N"
250001154714;"CLAUDIO MANOEL GUANABARA";"#NULO";"REDE";"MASCULINO";"ENSINO MÉDIO INCOMPLETO";"SEPARADO(A) JUDICIALMENTE";"PRETA";"OUTROS";"APTO";NA;258;"NÃO ELEITO";7411,1;"FUNDO ESPECIAL, OUTROS RECURSOS";"Recursos de outros candidatos, Recursos de Financiamento Coletivo, Recursos de pessoas físicas, Recursos de partido político";"N"
250001154731;"ROSANA CARDOSO DO NASCIMENTO";"#NULO";"REDE";"FEMININO";"ENSINO MÉDIO COMPLETO";"CASADO(A)";"PARDA";"EMPREGADO DOMÉSTICO";"APTO";16000;117;"NÃO ELEITO";6097,2;"FUNDO ESPECIAL";"Recursos de outros candidatos, Recursos de partido político";"N"
250001154726;"ANDERSON SEVERIANO GOMES";"#NULO";"REDE";"MASCULINO";"SUPERIOR COMPLETO";"DIVORCIADO(A)";"PRETA";"SERVIDOR PÚBLICO MUNICIPAL";"APTO";NA;2171;"NÃO ELEITO";44416;"OUTROS RECURSOS, FUNDO ESPECIAL";"Recursos de pessoas físicas, Recursos de Financiamento Coletivo, Recursos de partido político";"N"
250001123213;"LEONARDO CLEMENTINO NUNES";"#NULO";"PSB";"MASCULINO";"ENSINO MÉDIO COMPLETO";"SOLTEIRO(A)";"PARDA";"OUTROS";"APTO";NA;220;"SUPLENTE";0;"#NULO";"#NULO";"N"
250001123277;"ELZA MARTINS DE OLIVEIRA DEVAI";"#NULO";"PSB";"FEMININO";"SUPERIOR COMPLETO";"CASADO(A)";"PARDA";"SERVIDOR PÚBLICO CIVIL APOSENTADO";"APTO";405000;293;"SUPLENTE";21516,94;"FUNDO ESPECIAL";"Recursos de partido político";"N"
250001123227;"CARLOS AUGUSTO PEREIRA DE SOUZA";"#NULO";"PSB";"MASCULINO";"SUPERIOR COMPLETO";"DIVORCIADO(A)";"BRANCA";"PROFESSOR DE ENSINO FUNDAMENTAL";"APTO";NA;677;"SUPLENTE";19500;"OUTROS RECURSOS, FUNDO ESPECIAL";"Recursos de pessoas físicas, Recursos de partido político";"N"
250001123260;"LUIZ EUSTAQUIO DOS SANTOS";"#NULO";"PSB";"MASCULINO";"ENSINO MÉDIO COMPLETO";"DIVORCIADO(A)";"PRETA";"OUTROS";"APTO";6000;361;"SUPLENTE";15000;"FUNDO ESPECIAL";"Recursos de partido político";"N"
250001123224;"GIVALDO JOSE DA SILVA";"#NULO";"PSB";"MASCULINO";"ENSINO FUNDAMENTAL COMPLETO";"SOLTEIRO(A)";"PARDA";"EMPRESÁRIO";"APTO";419289,14;721;"SUPLENTE";1064;"OUTROS RECURSOS";"Recursos próprios";"N"
250001123206;"FABIANO GURGEL SILVA";"#NULO";"PSB";"MASCULINO";"SUPERIOR COMPLETO";"SOLTEIRO(A)";"PARDA";"PROFESSOR E INSTRUTOR DE FORMAÇÃO PROFISSIONAL";"APTO";598000;408;"SUPLENTE";20670;"OUTROS RECURSOS, FUNDO ESPECIAL";"Recursos de Financiamento Coletivo, Recursos de partido político, Recursos de pessoas físicas";"N"
250001123270;"ROBERTO BOLONHINI JUNIOR";"#NULO";"PSB";"MASCULINO";"SUPERIOR COMPLETO";"SOLTEIRO(A)";"BRANCA";"ADVOGADO";"APTO";669363,92;2711;"SUPLENTE";24599;"FUNDO ESPECIAL, OUTROS RECURSOS";"Recursos de partido político, Recursos de pessoas físicas, Recursos próprios";"N"
250001123252;"CARLOS CORDIOLLI DE OLIVEIRA";"#NULO";"PSB";"MASCULINO";"ENSINO FUNDAMENTAL COMPLETO";"CASADO(A)";"BRANCA";"COMERCIANTE";"APTO";747000;691;"SUPLENTE";16142;"OUTROS RECURSOS, FUNDO ESPECIAL";"Recursos de pessoas físicas, Recursos próprios, Recursos de partido político";"N"
250000661709;"LUCAS MARCELINO DOS ANJOS";"#NULO";"UP";"MASCULINO";"SUPERIOR COMPLETO";"SOLTEIRO(A)";"PARDA";"PROFESSOR DE ENSINO MÉDIO";"APTO";NA;554;"NÃO ELEITO";2993,33;"OUTROS RECURSOS, FUNDO ESPECIAL";"Recursos de Financiamento Coletivo, Recursos de partido político, Recursos próprios";"N"
250000658722;"DANIEL DA SILVA DIAS";"#NULO";"PATRIOTA";"MASCULINO";"ENSINO MÉDIO COMPLETO";"SOLTEIRO(A)";"BRANCA";"MOTOBOY";"APTO";NA;136;"SUPLENTE";0;"#NULO";"#NULO";"N"
250000658719;"AUGUSTO CESAR PINATTI MARSIGLIA";"#NULO";"PATRIOTA";"MASCULINO";"SUPERIOR COMPLETO";"CASADO(A)";"BRANCA";"CONTADOR";"APTO";NA;288;"SUPLENTE";0;"#NULO";"#NULO";"N"
250000658708;"SERGIO ROBERTO DO CARMO";"#NULO";"PATRIOTA";"MASCULINO";"ENSINO FUNDAMENTAL COMPLETO";"CASADO(A)";"PARDA";"SERVIDOR PÚBLICO ESTADUAL";"APTO";NA;1221;"SUPLENTE";550;"OUTROS RECURSOS";"Recursos de pessoas físicas";"N"
250000658720;"CAIO EIJI SIRAHATA";"#NULO";"PATRIOTA";"MASCULINO";"ENSINO FUNDAMENTAL COMPLETO";"SOLTEIRO(A)";"BRANCA";"ATLETA PROFISSIONAL E TÉCNICO EM DESPORTOS";"APTO";NA;1709;"SUPLENTE";866,37;"OUTROS RECURSOS";"Recursos de Financiamento Coletivo";"N"
250000885518;"VALDOMIRO NUNES DE QUEIROZ";"#NULO";"SOLIDARIEDADE";"MASCULINO";"SUPERIOR COMPLETO";"CASADO(A)";"PARDA";"OUTROS";"APTO";NA;3064;"SUPLENTE";33785,49;"FUNDO ESPECIAL";"Recursos de partido político";"N"
250000885556;"EVANDRO LUIZ GONÇALVES LEAL";"#NULO";"SOLIDARIEDADE";"MASCULINO";"SUPERIOR COMPLETO";"CASADO(A)";"PARDA";"OUTROS";"APTO";NA;1926;"SUPLENTE";110211,55;"FUNDO ESPECIAL";"Recursos de partido político";"N"
250000885533;"WILLIAM CLEMENTE CORREA";"#NULO";"SOLIDARIEDADE";"MASCULINO";"ENSINO MÉDIO COMPLETO";"SOLTEIRO(A)";"PARDA";"OUTROS";"APTO";NA;68;"SUPLENTE";103785,49;"FUNDO ESPECIAL";"Recursos de partido político";"N"
250000885544;"ANGELA BARBOSA DOS SANTOS";"#NULO";"SOLIDARIEDADE";"FEMININO";"ENSINO MÉDIO INCOMPLETO";"SOLTEIRO(A)";"BRANCA";"ESTUDANTE, BOLSISTA, ESTAGIÁRIO E ASSEMELHADOS";"APTO";NA;1710;"SUPLENTE";55697,93;"FUNDO ESPECIAL";"Recursos de partido político";"N"
250000885531;"SIDNEY LUIZ DA CRUZ";"#NULO";"SOLIDARIEDADE";"MASCULINO";"SUPERIOR COMPLETO";"CASADO(A)";"PARDA";"ADVOGADO";"APTO";939742,29;17899;"ELEITO POR MÉDIA";241856,97;"FUNDO ESPECIAL, OUTROS RECURSOS, FUNDO PARTIDARIO";"Recursos de partido político, Recursos de pessoas físicas, Recursos de Financiamento Coletivo";"N"
250000885543;"ANTONIO ALBERTO DOS REIS";"#NULO";"SOLIDARIEDADE";"MASCULINO";"ENSINO MÉDIO COMPLETO";"CASADO(A)";"BRANCA";"EMPRESÁRIO";"APTO";52071,04;469;"SUPLENTE";9812,99;"FUNDO ESPECIAL";"Recursos de partido político";"N"
250000885532;"SILVIO RAPOSO BRAGA DA SILVA";"#NULO";"SOLIDARIEDADE";"MASCULINO";"SUPERIOR COMPLETO";"CASADO(A)";"PARDA";"ADMINISTRADOR";"APTO";50000;189;"SUPLENTE";9812,99;"FUNDO ESPECIAL";"Recursos de partido político";"N"
250000885525;"REGINA DE MATOS COELHO NOGUEIRA";"#NULO";"SOLIDARIEDADE";"FEMININO";"ENSINO MÉDIO COMPLETO";"CASADO(A)";"PARDA";"COMERCIANTE";"APTO";NA;868;"SUPLENTE";51397,84;"FUNDO ESPECIAL";"Recursos de partido político";"N"
250000687543;"RODRIGO CARLOS DE MORAIS";"#NULO";"PC do B";"MASCULINO";"SUPERIOR COMPLETO";"CASADO(A)";"PARDA";"OUTROS";"APTO";NA;5021;"NÃO ELEITO";126929,26;"FUNDO ESPECIAL, OUTROS RECURSOS";"Recursos de partido político, Recursos de pessoas físicas, Recursos próprios";"N"
250000687554;"LUZIA MARIA HONORATO";"#NULO";"PC do B";"FEMININO";"SUPERIOR COMPLETO";"SOLTEIRO(A)";"BRANCA";"PROFESSOR DE ENSINO SUPERIOR";"APTO";NA;451;"NÃO ELEITO";10604,18;"OUTROS RECURSOS, FUNDO ESPECIAL, FUNDO PARTIDARIO";"Recursos de pessoas físicas, Recursos de partido político, Recursos de outros candidatos";"N"
250000687515;"CARINA VITRAL COSTA";"#NULO";"PC do B";"FEMININO";"SUPERIOR INCOMPLETO";"SOLTEIRO(A)";"BRANCA";"ESTUDANTE, BOLSISTA, ESTAGIÁRIO E ASSEMELHADOS";"APTO";NA;7272;"NÃO ELEITO";192454,31;"OUTROS RECURSOS, FUNDO PARTIDARIO, FUNDO ESPECIAL";"Recursos de pessoas físicas, Recursos de partido político, Recursos de Financiamento Coletivo, Recursos de origens não identificadas, Recursos de outros candidatos";"N"
250000687570;"KEVIN NUNES MENDONÇA";"#NULO";"PC do B";"MASCULINO";"ENSINO MÉDIO COMPLETO";"SOLTEIRO(A)";"BRANCA";"OUTROS";"APTO";NA;349;"NÃO ELEITO";2041,38;"FUNDO ESPECIAL";"Recursos de partido político, Recursos de outros candidatos";"N"
250001268142;"RICARDO CONSTANCIO GOMES";"#NULO";"PC do B";"MASCULINO";"ENSINO MÉDIO COMPLETO";"SOLTEIRO(A)";"BRANCA";"MOTORISTA PARTICULAR";"APTO";NA;97;"NÃO ELEITO";1000;"FUNDO PARTIDARIO";"Recursos de partido político";"N"
250000687512;"RUBINALDO PEREIRA SANTOS";"#NULO";"PC do B";"MASCULINO";"ENSINO MÉDIO COMPLETO";"SOLTEIRO(A)";"BRANCA";"OUTROS";"APTO";NA;216;"NÃO ELEITO";3041,38;"FUNDO ESPECIAL, FUNDO PARTIDARIO";"Recursos de outros candidatos, Recursos de partido político";"N"
250000687517;"ALBERTO SATTIM";"#NULO";"PC do B";"MASCULINO";"SUPERIOR INCOMPLETO";"SOLTEIRO(A)";"PARDA";"OUTROS";"APTO";NA;412;"NÃO ELEITO";2934;"FUNDO PARTIDARIO, FUNDO ESPECIAL";"Recursos de partido político";"N"
250000687557;"ONOFRE GONÇALVES DE JESUS";"#NULO";"PC do B";"MASCULINO";"SUPERIOR COMPLETO";"CASADO(A)";"PRETA";"APOSENTADO (EXCETO SERVIDOR PÚBLICO)";"APTO";NA;846;"NÃO ELEITO";31759,27;"OUTROS RECURSOS, FUNDO PARTIDARIO, FUNDO ESPECIAL";"Recursos de pessoas físicas, Recursos de partido político";"N"
250000687498;"SOLANGE APARECIDA CAETANO";"#NULO";"PC do B";"FEMININO";"SUPERIOR COMPLETO";"SOLTEIRO(A)";"PARDA";"ENFERMEIRO";"APTO";1284239,2;571;"NÃO ELEITO";105285,67;"OUTROS RECURSOS, FUNDO ESPECIAL, FUNDO PARTIDARIO";"Recursos de pessoas físicas, Recursos de Financiamento Coletivo, Recursos de partido político, Recursos próprios";"N"
250000687513;"HÉLIO MENEZES DA SILVA DOS REIS";"#NULO";"PC do B";"MASCULINO";"ENSINO MÉDIO INCOMPLETO";"DIVORCIADO(A)";"PRETA";"OUTROS";"APTO";NA;165;"NÃO ELEITO";3041,38;"FUNDO ESPECIAL";"Recursos de outros candidatos, Recursos de partido político";"N"
250000687556;"OSVALDO SANTOS DA SILVA";"#NULO";"PC do B";"MASCULINO";"ENSINO MÉDIO COMPLETO";"CASADO(A)";"BRANCA";"POLICIAL MILITAR";"APTO";NA;118;"NÃO ELEITO";3041,38;"FUNDO ESPECIAL, FUNDO PARTIDARIO";"Recursos de outros candidatos, Recursos de partido político";"N"
250000687526;"RAIMUNDO XAVIER DE OLIVEIRA CRUZ";"#NULO";"PC do B";"MASCULINO";"SUPERIOR COMPLETO";"CASADO(A)";"PRETA";"APOSENTADO (EXCETO SERVIDOR PÚBLICO)";"APTO";1025000;528;"NÃO ELEITO";20837,38;"OUTROS RECURSOS, FUNDO ESPECIAL";"Recursos de pessoas físicas, Recursos de partido político, Recursos de outros candidatos";"N"
250000686833;"DAMIÃO HIGINO DE OLIVEIRA";"#NULO";"PSOL";"MASCULINO";"SUPERIOR COMPLETO";"DIVORCIADO(A)";"BRANCA";"EMPRESÁRIO";"APTO";6e+05;1038;"SUPLENTE";3329,36;"FUNDO ESPECIAL";"Recursos de partido político";"N"
250000686841;"ANGÉLICA LOVATTO";"#NULO";"PSOL";"FEMININO";"SUPERIOR COMPLETO";"DIVORCIADO(A)";"BRANCA";"PROFESSOR DE ENSINO SUPERIOR";"APTO";536500;1840;"SUPLENTE";21099,97;"OUTROS RECURSOS, FUNDO ESPECIAL";"Recursos de pessoas físicas, Recursos de Financiamento Coletivo, Recursos de origens não identificadas, Recursos de partido político";"N"
250000686837;"SILVIA ANDREA FERRARO";"#NULO";"PSOL";"FEMININO";"SUPERIOR COMPLETO";"SOLTEIRO(A)";"BRANCA";"PROFESSOR DE ENSINO FUNDAMENTAL";"APTO";NA;46267;"ELEITO POR QP";124982,37;"OUTROS RECURSOS, FUNDO ESPECIAL";"Recursos de pessoas físicas, Recursos de Financiamento Coletivo, Recursos de partido político, Doações pela Internet";"N"
250000686860;"DANILO ARAUJO VALDIVINO";"#NULO";"PSOL";"MASCULINO";"SUPERIOR INCOMPLETO";"SOLTEIRO(A)";"PARDA";"MOTORISTA PARTICULAR";"APTO";NA;4413;"SUPLENTE";45047,89;"OUTROS RECURSOS, FUNDO ESPECIAL";"Recursos de pessoas físicas, Recursos de partido político, Recursos de Financiamento Coletivo, Recursos próprios";"N"
250000686854;"ATAIDE ROBERTO DA SILVA JUNIOR";"#NULO";"PSOL";"MASCULINO";"SUPERIOR COMPLETO";"SOLTEIRO(A)";"BRANCA";"PROFESSOR E INSTRUTOR DE FORMAÇÃO PROFISSIONAL";"APTO";NA;3776;"SUPLENTE";9284,08;"FUNDO ESPECIAL, OUTROS RECURSOS";"Recursos de partido político, Doações pela Internet, Recursos de Financiamento Coletivo";"N"
250000686835;"CINTIA GOMES ZANCO";"#NULO";"PSOL";"FEMININO";"SUPERIOR INCOMPLETO";"SOLTEIRO(A)";"BRANCA";"MÚSICO";"APTO";NA;1416;"SUPLENTE";11432,02;"OUTROS RECURSOS, FUNDO ESPECIAL";"Recursos de pessoas físicas, Recursos de Financiamento Coletivo, Recursos de partido político";"N"
250000686862;"ELAINE CRISTINA MINEIRO";"#NULO";"PSOL";"FEMININO";"ENSINO MÉDIO COMPLETO";"SOLTEIRO(A)";"PRETA";"OUTROS";"APTO";NA;22742;"ELEITO POR MÉDIA";230980,76;"OUTROS RECURSOS, FUNDO ESPECIAL";"Recursos de pessoas físicas, Recursos de partido político, Recursos de Financiamento Coletivo, Recursos de origens não identificadas";"N"
250000686870;"NATANAEL APARECIDO ARCENO";"#NULO";"PSOL";"MASCULINO";"ENSINO MÉDIO COMPLETO";"CASADO(A)";"PRETA";"MOTORISTA DE VEÍCULOS DE TRANSPORTE COLETIVO DE PASSAGEIROS";"APTO";NA;220;"SUPLENTE";0;"#NULO";"#NULO";"N"
250000686861;"DIANA SOUBIHE DE OLIVEIRA";"#NULO";"PSOL";"FEMININO";"SUPERIOR COMPLETO";"SOLTEIRO(A)";"BRANCA";"AUXILIAR DE ESCRITÓRIO E ASSEMELHADOS";"APTO";NA;4968;"SUPLENTE";64592,98;"OUTROS RECURSOS";"Recursos de pessoas físicas, Recursos de Financiamento Coletivo";"N"
250000686871;"PRISCILA NOGUEIRA BATISTA";"#NULO";"PSOL";"FEMININO";"SUPERIOR COMPLETO";"SOLTEIRO(A)";"INDÍGENA";"PROFESSOR DE ENSINO FUNDAMENTAL";"APTO";12261;445;"SUPLENTE";6803,23;"FUNDO ESPECIAL, OUTROS RECURSOS";"Recursos de partido político, Recursos próprios";"N"
250000686852;"ANGELA CRISTINA ALVES DE AZEVEDO";"#NULO";"PSOL";"FEMININO";"ENSINO FUNDAMENTAL COMPLETO";"CASADO(A)";"BRANCA";"FAXINEIRO";"APTO";NA;323;"SUPLENTE";6658,7;"FUNDO ESPECIAL";"Recursos de partido político";"N"
250000707272;"SEBASTIÃO CARLOS ARANTES";"#NULO";"PP";"MASCULINO";"ENSINO FUNDAMENTAL COMPLETO";"CASADO(A)";"BRANCA";"APOSENTADO (EXCETO SERVIDOR PÚBLICO)";"APTO";34500;484;"SUPLENTE";0;"#NULO";"#NULO";"N"
250000707278;"MARCELA SHIGUEKO ITOKAZU DA SILVA";"#NULO";"PP";"FEMININO";"ENSINO MÉDIO COMPLETO";"SOLTEIRO(A)";"PARDA";"VENDEDOR DE COMÉRCIO VAREJISTA E ATACADISTA";"APTO";NA;142;"SUPLENTE";0;"#NULO";"#NULO";"N"
250000707275;"PAULA FURTADO BRUM";"#NULO";"PP";"FEMININO";"ENSINO MÉDIO COMPLETO";"DIVORCIADO(A)";"BRANCA";"EMPRESÁRIO";"APTO";560000;994;"SUPLENTE";7152,5;"OUTROS RECURSOS";"Recursos de partido político, Recursos de pessoas físicas";"N"
250000707260;"TERESA CRISTINA CAVALCANTI MARTINS";"#NULO";"PP";"FEMININO";"SUPERIOR COMPLETO";"CASADO(A)";"BRANCA";"APOSENTADO (EXCETO SERVIDOR PÚBLICO)";"APTO";230894,56;412;"SUPLENTE";1169;"OUTROS RECURSOS";"Recursos de partido político, Recursos de pessoas físicas, Recursos próprios";"N"
250001097183;"MIRIAM PEREIRA DA SILVA";"#NULO";"PTC";"FEMININO";"ENSINO FUNDAMENTAL INCOMPLETO";"SOLTEIRO(A)";"PARDA";"VIGILANTE";"APTO";NA;26;"NÃO ELEITO";5000;"FUNDO ESPECIAL";"Recursos de partido político";"N"
250001097213;"ADEMIR GOMES";"#NULO";"PTC";"MASCULINO";"SUPERIOR COMPLETO";"DIVORCIADO(A)";"PARDA";"SERVIDOR PÚBLICO ESTADUAL";"APTO";60000;267;"NÃO ELEITO";0;"#NULO";"#NULO";"N"
250001097212;"GENILCE DOS SANTOS";"#NULO";"PTC";"FEMININO";"SUPERIOR COMPLETO";"SOLTEIRO(A)";"PRETA";"APOSENTADO (EXCETO SERVIDOR PÚBLICO)";"APTO";2e+05;65;"NÃO ELEITO";5000,1;"OUTROS RECURSOS, FUNDO ESPECIAL";"Recursos de origens não identificadas, Recursos de partido político";"N"
250001097186;"IDECLEIA GENEROSO DA SILVA";"#NULO";"PTC";"FEMININO";"ENSINO MÉDIO COMPLETO";"VIÚVO(A)";"PRETA";"DONA DE CASA";"APTO";NA;118;"NÃO ELEITO";0;"#NULO";"#NULO";"N"
250001097196;"WASHINGTON LUIZ BATISTA";"#NULO";"PTC";"MASCULINO";"SUPERIOR COMPLETO";"DIVORCIADO(A)";"BRANCA";"ADVOGADO";"APTO";NA;123;"NÃO ELEITO";0;"#NULO";"#NULO";"N"
250001097206;"MARCOS ROBERTO DE SOUZA";"#NULO";"PTC";"MASCULINO";"SUPERIOR COMPLETO";"SOLTEIRO(A)";"BRANCA";"MILITAR REFORMADO";"APTO";NA;46;"NÃO ELEITO";0;"#NULO";"#NULO";"N"
250001097163;"CRISTINA RODRIGUES DE SOUZA";"#NULO";"PTC";"FEMININO";"SUPERIOR COMPLETO";"SOLTEIRO(A)";"BRANCA";"VIGILANTE";"APTO";34000;767;"NÃO ELEITO";5000;"FUNDO ESPECIAL";"Recursos de partido político";"N"
250001097192;"SOLANGE DA SILVA";"#NULO";"PTC";"FEMININO";"ENSINO MÉDIO COMPLETO";"VIÚVO(A)";"PARDA";"DONA DE CASA";"APTO";NA;89;"NÃO ELEITO";10000;"FUNDO ESPECIAL";"Recursos de partido político";"N"
250000811400;"VALDEMAR SILVA";"#NULO";"PODE";"MASCULINO";"ENSINO MÉDIO COMPLETO";"CASADO(A)";"PARDA";"APOSENTADO (EXCETO SERVIDOR PÚBLICO)";"APTO";715492,68;4647;"SUPLENTE";130650;"FUNDO PARTIDARIO, FUNDO ESPECIAL";"Recursos de partido político";"N"
250000811411;"CLAUDIO OLIVEIRA DE MESSIAS";"#NULO";"PODE";"MASCULINO";"ENSINO FUNDAMENTAL INCOMPLETO";"DIVORCIADO(A)";"BRANCA";"JORNALISTA E REDATOR";"APTO";429000;1552;"SUPLENTE";29910;"FUNDO ESPECIAL";"Recursos de partido político";"N"
250000811430;"CRISTIANE KATIA SIMONI ABREU";"#NULO";"PODE";"FEMININO";"SUPERIOR INCOMPLETO";"CASADO(A)";"PARDA";"OUTROS";"APTO";97800;2299;"SUPLENTE";18195;"OUTROS RECURSOS, FUNDO ESPECIAL";"Recursos próprios, Recursos de pessoas físicas, Recursos de partido político";"N"
250000811436;"TATIANE DA CRUZ";"#NULO";"PODE";"FEMININO";"SUPERIOR COMPLETO";"SOLTEIRO(A)";"BRANCA";"ADVOGADO";"APTO";7326,5;631;"SUPLENTE";58060;"OUTROS RECURSOS, FUNDO ESPECIAL";"Recursos de pessoas físicas, Recursos de partido político";"N"
250000811397;"EDICARLOS DE OLIVEIRA SANTOS";"#NULO";"PODE";"MASCULINO";"SUPERIOR COMPLETO";"CASADO(A)";"PARDA";"OUTROS";"APTO";138000;2057;"SUPLENTE";24060;"OUTROS RECURSOS, FUNDO ESPECIAL";"Recursos próprios, Recursos de partido político";"N"
250000811398;"JOSE BISPO DOS SANTOS FILHO";"#NULO";"PODE";"MASCULINO";"ENSINO FUNDAMENTAL COMPLETO";"CASADO(A)";"BRANCA";"CORRETOR DE IMÓVEIS, SEGUROS, TÍTULOS E VALORES";"APTO";42500;1634;"SUPLENTE";65838,2;"OUTROS RECURSOS, FUNDO ESPECIAL";"Recursos próprios, Recursos de partido político";"N"
250000811410;"BEATRIZ HELENA FALCÃO BOTELHO";"#NULO";"PODE";"FEMININO";"SUPERIOR COMPLETO";"DIVORCIADO(A)";"BRANCA";"PSICÓLOGO";"APTO";400319,45;697;"SUPLENTE";41070;"OUTROS RECURSOS, FUNDO ESPECIAL";"Recursos próprios, Recursos de partido político";"N"
250000811412;"FABIO DE SOUZA BRITO";"#NULO";"PODE";"MASCULINO";"SUPERIOR INCOMPLETO";"SOLTEIRO(A)";"BRANCA";"EMPRESÁRIO";"APTO";NA;800;"SUPLENTE";23035;"OUTROS RECURSOS, FUNDO ESPECIAL";"Recursos de pessoas físicas, Recursos de partido político";"N"
250001041947;"OHANS BANOUS";"#NULO";"PRTB";"MASCULINO";"SUPERIOR COMPLETO";"SOLTEIRO(A)";"BRANCA";"EMPRESÁRIO";"APTO";NA;195;"NÃO ELEITO";3941,5;"OUTROS RECURSOS";"Recursos de pessoas físicas, Recursos de partido político";"N"
250001042004;"IGOR PETRELIS DE FRANCO";"#NULO";"PRTB";"MASCULINO";"SUPERIOR COMPLETO";"CASADO(A)";"BRANCA";"ADVOGADO";"APTO";NA;433;"NÃO ELEITO";0;"#NULO";"#NULO";"N"
250001041975;"RICARDO DE SANTI";"#NULO";"PRTB";"MASCULINO";"SUPERIOR COMPLETO";"SOLTEIRO(A)";"BRANCA";"POLICIAL CIVIL";"APTO";226800;729;"NÃO ELEITO";8000;"OUTROS RECURSOS";"Recursos de pessoas físicas, Recursos próprios";"N"
250001041974;"RAFAEL CARLOS LABIAPARI GOMES";"#NULO";"PRTB";"MASCULINO";"ENSINO MÉDIO COMPLETO";"DIVORCIADO(A)";"BRANCA";"POLICIAL MILITAR";"APTO";94900;1077;"NÃO ELEITO";1564,8;"OUTROS RECURSOS";"Recursos próprios, Recursos de pessoas físicas";"N"
250001041982;"FLAVIO RETO";"#NULO";"PRTB";"MASCULINO";"SUPERIOR COMPLETO";"CASADO(A)";"BRANCA";"OUTROS";"APTO";152500;453;"NÃO ELEITO";17835,61;"OUTROS RECURSOS";"Recursos de Financiamento Coletivo, Recursos próprios";"N"
250000706703;"NAILSON FERREIRA";"#NULO";"PV";"MASCULINO";"ENSINO MÉDIO COMPLETO";"CASADO(A)";"BRANCA";"APOSENTADO (EXCETO SERVIDOR PÚBLICO)";"APTO";NA;175;"SUPLENTE";5000;"FUNDO ESPECIAL";"Recursos de partido político";"N"
250000706733;"GLEBY APARECIDA DE ALMEIDA";"#NULO";"PV";"FEMININO";"SUPERIOR COMPLETO";"SOLTEIRO(A)";"PARDA";"ENGENHEIRO";"APTO";NA;322;"SUPLENTE";10000;"FUNDO ESPECIAL";"Recursos de partido político";"N"
250000706716;"RICARDO FERNANDES VIEIRA";"#NULO";"PV";"MASCULINO";"ENSINO MÉDIO COMPLETO";"CASADO(A)";"PARDA";"OUTROS";"APTO";350000;133;"SUPLENTE";2000;"FUNDO ESPECIAL";"Recursos de partido político";"N"
250000706715;"REINALDO ROBERTO SKAU";"#NULO";"PV";"MASCULINO";"ENSINO FUNDAMENTAL INCOMPLETO";"DIVORCIADO(A)";"BRANCA";"APOSENTADO (EXCETO SERVIDOR PÚBLICO)";"APTO";189347;17;"SUPLENTE";0;"#NULO";"#NULO";"N"
250000706702;"DANILO SANTOS COSTA";"#NULO";"PV";"MASCULINO";"SUPERIOR INCOMPLETO";"SOLTEIRO(A)";"PARDA";"OUTROS";"APTO";NA;49;"SUPLENTE";5000;"FUNDO ESPECIAL";"Recursos de partido político";"N"
250000883846;"SONIA MARIA ALVES PEREIRA";"#NULO";"REPUBLICANOS";"FEMININO";"SUPERIOR COMPLETO";"DIVORCIADO(A)";"BRANCA";"APOSENTADO (EXCETO SERVIDOR PÚBLICO)";"APTO";NA;80;"SUPLENTE";12148,13;"FUNDO ESPECIAL";"Recursos de partido político";"N"
250000925951;"ADILSON DE MEDEIROS PAULINO";"#NULO";"PSC";"MASCULINO";"SUPERIOR COMPLETO";"SOLTEIRO(A)";"BRANCA";"ADVOGADO";"APTO";33500;118;"SUPLENTE";10495;"FUNDO ESPECIAL";"Recursos de partido político";"N"
250000925941;"PAULO PRADO LEITE";"#NULO";"PSC";"MASCULINO";"ENSINO FUNDAMENTAL COMPLETO";"CASADO(A)";"PARDA";"TRABALHADOR DE FABRICAÇÃO, VULCANIZAÇÃO E REPARAÇÃO DE PNEUMÁTICOS";"APTO";350000;1080;"SUPLENTE";16500;"FUNDO ESPECIAL";"Recursos de partido político";"N"
250000925934;"BENILTON LOPES";"#NULO";"PSC";"MASCULINO";"SUPERIOR COMPLETO";"CASADO(A)";"BRANCA";"PROFESSOR DE ENSINO FUNDAMENTAL";"APTO";NA;689;"SUPLENTE";11495;"FUNDO ESPECIAL";"Recursos de partido político";"N"
250000883856;"CARLOS CAVALCANTE DE SOUZA";"#NULO";"REPUBLICANOS";"MASCULINO";"SUPERIOR COMPLETO";"CASADO(A)";"PARDA";"JORNALISTA E REDATOR";"APTO";570697,76;7564;"SUPLENTE";585112,5;"FUNDO PARTIDARIO, FUNDO ESPECIAL, OUTROS RECURSOS";"Recursos de partido político, Recursos de pessoas físicas";"N"
250000883907;"JONATHAS DA SILVA CARVALHO";"#NULO";"REPUBLICANOS";"MASCULINO";"SUPERIOR COMPLETO";"CASADO(A)";"PARDA";"OUTROS";"APTO";141434,47;880;"SUPLENTE";4821,5;"OUTROS RECURSOS, FUNDO ESPECIAL";"Recursos de pessoas físicas, Recursos de partido político";"N"
250000883870;"JORGE WILSON GONÇALVES DE MATTOS JUNIOR";"#NULO";"REPUBLICANOS";"MASCULINO";"SUPERIOR INCOMPLETO";"SOLTEIRO(A)";"BRANCA";"AUXILIAR DE ESCRITÓRIO E ASSEMELHADOS";"APTO";53207,33;12576;"SUPLENTE";276069,43;"OUTROS RECURSOS, FUNDO ESPECIAL, FUNDO PARTIDARIO";"Recursos de pessoas físicas, Recursos próprios, Recursos de partido político";"N"
250000925954;"PAULO CESAR EUFRASIO";"#NULO";"PSC";"MASCULINO";"ENSINO MÉDIO COMPLETO";"SEPARADO(A) JUDICIALMENTE";"PRETA";"OUTROS";"APTO";NA;243;"SUPLENTE";7495;"FUNDO ESPECIAL";"Recursos de partido político";"N"
250000925946;"AILTON BISPO DOS ANJOS";"#NULO";"PSC";"MASCULINO";"ENSINO MÉDIO COMPLETO";"SOLTEIRO(A)";"BRANCA";"COMERCIANTE";"APTO";68499,45;714;"SUPLENTE";11495;"FUNDO ESPECIAL";"Recursos de partido político";"N"
250000883882;"CLAUDIO GRILLO FILHO";"#NULO";"REPUBLICANOS";"MASCULINO";"SUPERIOR INCOMPLETO";"CASADO(A)";"BRANCA";"OUTROS";"APTO";625459,69;508;"SUPLENTE";6075,5;"OUTROS RECURSOS, FUNDO ESPECIAL";"Recursos de pessoas físicas, Recursos de partido político";"N"
250000883874;"HELIO GERALDO RAMOS JUNIOR";"#NULO";"REPUBLICANOS";"MASCULINO";"SUPERIOR COMPLETO";"DIVORCIADO(A)";"PARDA";"OUTROS";"APTO";NA;433;"SUPLENTE";3455,48;"FUNDO ESPECIAL";"Recursos de partido político";"N"
250000883894;"ERIKA LAUREN DE ARRUDA";"#NULO";"REPUBLICANOS";"FEMININO";"ENSINO MÉDIO COMPLETO";"SOLTEIRO(A)";"PRETA";"EMPRESÁRIO";"APTO";NA;14;"SUPLENTE";12217,38;"FUNDO ESPECIAL";"Recursos de partido político";"N"
250000925929;"MARIA JOSE DA SILVA";"#NULO";"PSC";"FEMININO";"ENSINO MÉDIO COMPLETO";"DIVORCIADO(A)";"PARDA";"CORRETOR DE IMÓVEIS, SEGUROS, TÍTULOS E VALORES";"APTO";150000;373;"SUPLENTE";15120;"FUNDO ESPECIAL";"Recursos de partido político";"N"
250000925959;"MARIA EMILIA MARTINS PINTO SCHUCK";"#NULO";"PSC";"FEMININO";"SUPERIOR COMPLETO";"CASADO(A)";"BRANCA";"PROFESSOR DE ENSINO SUPERIOR";"APTO";NA;201;"SUPLENTE";20120;"FUNDO ESPECIAL";"Recursos de partido político";"N"
250000925952;"MARIA ELI FERNANDES DOS SANTOS MANIÇOBA";"#NULO";"PSC";"FEMININO";"ENSINO MÉDIO COMPLETO";"VIÚVO(A)";"BRANCA";"OUTROS";"APTO";NA;100;"SUPLENTE";14500;"FUNDO ESPECIAL";"Recursos de partido político";"N"
250000925978;"JOÃO ROBERTO DE SIQUEIRA";"#NULO";"PSC";"MASCULINO";"SUPERIOR COMPLETO";"SOLTEIRO(A)";"PRETA";"SERVIDOR PÚBLICO MUNICIPAL";"APTO";127132;285;"SUPLENTE";12495;"FUNDO ESPECIAL";"Recursos de partido político";"N"
250000883886;"FABIANO DE SOUSA RAMOS";"#NULO";"REPUBLICANOS";"MASCULINO";"SUPERIOR COMPLETO";"CASADO(A)";"BRANCA";"OUTROS";"APTO";138033,02;1150;"SUPLENTE";22742,33;"OUTROS RECURSOS, FUNDO ESPECIAL";"Recursos de pessoas físicas, Recursos próprios, Recursos de partido político";"N"
250000883860;"CHRISTIAN GEORGES AVGOUSTOPOULOS";"#NULO";"REPUBLICANOS";"MASCULINO";"SUPERIOR INCOMPLETO";"SOLTEIRO(A)";"BRANCA";"OUTROS";"APTO";40243,53;480;"SUPLENTE";2817,5;"FUNDO ESPECIAL";"Recursos de partido político";"N"
250000925918;"ELISSON JOSÉ FERREIRA DE ARAÚJO";"#NULO";"PSC";"MASCULINO";"ENSINO MÉDIO COMPLETO";"CASADO(A)";"PARDA";"OUTROS";"APTO";12000;200;"SUPLENTE";10115;"FUNDO ESPECIAL";"Recursos de partido político";"N"
250000883829;"HOLANCIO FERNANDES FERREIRA";"#NULO";"REPUBLICANOS";"MASCULINO";"ENSINO MÉDIO COMPLETO";"CASADO(A)";"BRANCA";"EMPRESÁRIO";"APTO";389000;491;"SUPLENTE";7239,48;"OUTROS RECURSOS, FUNDO ESPECIAL";"Recursos de pessoas físicas, Recursos de partido político";"N"
250001016138;"JOSÉ CLAUDEVAN DOS SANTOS";"#NULO";"PSD";"MASCULINO";"SUPERIOR INCOMPLETO";"CASADO(A)";"PARDA";"VIGILANTE";"APTO";6166,36;176;"SUPLENTE";65121,74;"FUNDO ESPECIAL";"Recursos de partido político";"N"
250001016135;"IOLANDA GOMES RUAS";"#NULO";"PSD";"FEMININO";"SUPERIOR COMPLETO";"CASADO(A)";"PRETA";"PROFESSOR DE ENSINO FUNDAMENTAL";"APTO";24000;446;"SUPLENTE";68131,74;"FUNDO ESPECIAL";"Recursos de partido político";"N"
250001016142;"MARCIA WALÉRIA NUNES DE OLIVEIRA DIAS";"#NULO";"PSD";"FEMININO";"SUPERIOR COMPLETO";"CASADO(A)";"BRANCA";"EMPRESÁRIO";"APTO";490000;518;"SUPLENTE";45371,74;"FUNDO ESPECIAL, OUTROS RECURSOS";"Recursos de partido político, Recursos de pessoas físicas";"N"
250001016134;"FRANCIVALDO ALMEIDA GOMES";"#NULO";"PSD";"MASCULINO";"ENSINO MÉDIO COMPLETO";"DIVORCIADO(A)";"BRANCA";"OUTROS";"APTO";NA;302;"SUPLENTE";13801,74;"OUTROS RECURSOS, FUNDO ESPECIAL";"Recursos de pessoas físicas, Recursos de partido político";"N"
250001016201;"DENILSON RIBEIRO DOS SANTOS";"#NULO";"PSD";"MASCULINO";"ENSINO FUNDAMENTAL COMPLETO";"SOLTEIRO(A)";"PRETA";"EMPRESÁRIO";"APTO";NA;450;"SUPLENTE";65121,74;"FUNDO ESPECIAL";"Recursos de partido político";"N"
250001016145;"EDINALVA NUNES DE JESUS";"#NULO";"PSD";"FEMININO";"ENSINO MÉDIO COMPLETO";"VIÚVO(A)";"PARDA";"APOSENTADO (EXCETO SERVIDOR PÚBLICO)";"APTO";172000;921;"SUPLENTE";68131,74;"FUNDO ESPECIAL";"Recursos de partido político";"N"
250001016139;"FRANCIMEIRE ALVES DE CARVALHO";"#NULO";"PSD";"FEMININO";"ENSINO FUNDAMENTAL COMPLETO";"CASADO(A)";"BRANCA";"EMPRESÁRIO";"APTO";1224900;753;"SUPLENTE";25021,74;"FUNDO ESPECIAL";"Recursos de partido político";"N"
250001016169;"HENRIQUE OUTEDA MOURA";"#NULO";"PSD";"MASCULINO";"SUPERIOR COMPLETO";"SOLTEIRO(A)";"BRANCA";"OUTROS";"APTO";25000;125;"SUPLENTE";NA;NA;NA;"N"
250000640981;"MATHEUS DE OLIVEIRA PINTO";"#NULO";"PL";"MASCULINO";"SUPERIOR COMPLETO";"SOLTEIRO(A)";"BRANCA";"BIÓLOGO";"APTO";NA;11182;"SUPLENTE";140400;"OUTROS RECURSOS, FUNDO PARTIDARIO, FUNDO ESPECIAL";"Recursos de pessoas físicas, Recursos de partido político";"N"
250000640977;"ADILSON PEREIRA DOS SANTOS";"#NULO";"PL";"MASCULINO";"ENSINO MÉDIO COMPLETO";"SOLTEIRO(A)";"BRANCA";"EMPRESÁRIO";"APTO";1100;370;"SUPLENTE";12800;"FUNDO ESPECIAL, FUNDO PARTIDARIO";"Recursos de partido político";"N"
250000641046;"NILO ROBERTO RIBEIRO DE LIMA";"#NULO";"PL";"MASCULINO";"ENSINO MÉDIO COMPLETO";"DIVORCIADO(A)";"PARDA";"APOSENTADO (EXCETO SERVIDOR PÚBLICO)";"APTO";321200;117;"SUPLENTE";12800;"FUNDO ESPECIAL, FUNDO PARTIDARIO";"Recursos de partido político";"N"
250000641001;"FABIANE MARQUES DE SOUZA CAMPOS";"#NULO";"PL";"FEMININO";"SUPERIOR COMPLETO";"CASADO(A)";"PARDA";"ADVOGADO";"APTO";35500;179;"SUPLENTE";12800;"FUNDO PARTIDARIO, FUNDO ESPECIAL";"Recursos de partido político";"N"
250000641013;"RUBENS CLEITON BORGES DA SILVA";"#NULO";"PL";"MASCULINO";"ENSINO FUNDAMENTAL INCOMPLETO";"SOLTEIRO(A)";"PARDA";"OUTROS";"APTO";NA;4090;"SUPLENTE";22400;"FUNDO PARTIDARIO, OUTROS RECURSOS, FUNDO ESPECIAL";"Recursos de partido político, Recursos de pessoas físicas";"N"
250001264842;"ZENAIDE LADEIA DA SILVA ARAUJO";"#NULO";"PL";"FEMININO";"SUPERIOR INCOMPLETO";"SEPARADO(A) JUDICIALMENTE";"BRANCA";"DONA DE CASA";"APTO";NA;65;"SUPLENTE";10000;"FUNDO PARTIDARIO";"Recursos de partido político";"N"
250000640995;"ELIANA BERTA FERNANDES CORRAL";"#NULO";"PL";"FEMININO";"SUPERIOR COMPLETO";"CASADO(A)";"BRANCA";"PROFESSOR DE ENSINO SUPERIOR";"APTO";580928,42;777;"SUPLENTE";56700;"OUTROS RECURSOS, FUNDO ESPECIAL, FUNDO PARTIDARIO";"Recursos de pessoas físicas, Recursos de partido político";"N"
250001159203;"OLAVO GERALDO";"#NULO";"PROS";"MASCULINO";"ENSINO MÉDIO COMPLETO";"SOLTEIRO(A)";"BRANCA";"MOTORISTA DE VEÍCULOS DE TRANSPORTE DE CARGA";"APTO";10000;889;"NÃO ELEITO";4369,7;"OUTROS RECURSOS";"Recursos próprios, Recursos de outros candidatos";"N"
250001159228;"ANIVALDO DE SOUZA LISBOA";"#NULO";"PROS";"MASCULINO";"ENSINO MÉDIO COMPLETO";"SOLTEIRO(A)";"PRETA";"MOTORISTA PARTICULAR";"APTO";210000;408;"NÃO ELEITO";7276,7;"OUTROS RECURSOS, FUNDO PARTIDARIO, FUNDO ESPECIAL";"Recursos de outros candidatos, Recursos de partido político";"N"
250001159206;"VALENTIM PEREIRA LIMA";"#NULO";"PROS";"MASCULINO";"ENSINO FUNDAMENTAL INCOMPLETO";"SOLTEIRO(A)";"BRANCA";"OUTROS";"APTO";NA;132;"NÃO ELEITO";0;"#NULO";"#NULO";"N"
250001159221;"JOÃO BOSCO DANTAS LOPES";"#NULO";"PROS";"MASCULINO";"ENSINO MÉDIO COMPLETO";"SEPARADO(A) JUDICIALMENTE";"PARDA";"EMPRESÁRIO";"APTO";NA;107;"NÃO ELEITO";5276,7;"FUNDO PARTIDARIO, OUTROS RECURSOS";"Recursos de partido político, Recursos de outros candidatos";"N"
250000945017;"FABIO LUIS DONATZ";"#NULO";"CIDADANIA";"MASCULINO";"ENSINO MÉDIO COMPLETO";"SOLTEIRO(A)";"BRANCA";"OUTROS";"APTO";NA;42;"NÃO ELEITO";NA;NA;NA;"N"
250000944996;"ELISEU FERRAZ SANTONI";"#NULO";"CIDADANIA";"MASCULINO";"SUPERIOR INCOMPLETO";"DIVORCIADO(A)";"BRANCA";"TRABALHADOR DE ARTES GRÁFICAS";"APTO";NA;106;"NÃO ELEITO";6138,16;"OUTROS RECURSOS, FUNDO ESPECIAL";"Recursos de partido político";"N"
250000944989;"AFONSO HENRIQUES FIGUEIREDO SENA";"#NULO";"CIDADANIA";"MASCULINO";"SUPERIOR COMPLETO";"CASADO(A)";"BRANCA";"APOSENTADO (EXCETO SERVIDOR PÚBLICO)";"APTO";103888,77;130;"NÃO ELEITO";5938,16;"OUTROS RECURSOS";"Recursos próprios, Recursos de partido político";"N"
250000944987;"THAYS MARTINEZ";"#NULO";"CIDADANIA";"FEMININO";"SUPERIOR COMPLETO";"SOLTEIRO(A)";"BRANCA";"SERVIDOR PÚBLICO FEDERAL";"APTO";24917,93;3809;"NÃO ELEITO";83395,61;"FUNDO PARTIDARIO, OUTROS RECURSOS, FUNDO ESPECIAL";"Recursos de partido político, Recursos de pessoas físicas, Recursos de Financiamento Coletivo";"N"
250000945016;"ROBERTO GERTRUDES";"#NULO";"CIDADANIA";"MASCULINO";"SUPERIOR COMPLETO";"DIVORCIADO(A)";"BRANCA";"ADMINISTRADOR";"APTO";NA;594;"NÃO ELEITO";10138,16;"OUTROS RECURSOS, FUNDO ESPECIAL";"Recursos de pessoas físicas, Recursos próprios, Recursos de partido político";"N"
250001206066;"ARMINDO ALBINO MUNHOZ";"#NULO";"AVANTE";"MASCULINO";"ENSINO MÉDIO COMPLETO";"VIÚVO(A)";"BRANCA";"APOSENTADO (EXCETO SERVIDOR PÚBLICO)";"APTO";NA;65;"NÃO ELEITO";0;"#NULO";"#NULO";"N"
250001206031;"CLEIDSON GOMES PEREIRA";"#NULO";"AVANTE";"MASCULINO";"SUPERIOR COMPLETO";"CASADO(A)";"PARDA";"PROFESSOR DE ENSINO MÉDIO";"APTO";NA;65;"NÃO ELEITO";0;"#NULO";"#NULO";"N"
250001272985;"LETICIA ALVES PACOLLI";"#NULO";"AVANTE";"FEMININO";"SUPERIOR INCOMPLETO";"SOLTEIRO(A)";"BRANCA";"EMPRESÁRIO";"APTO";NA;79;"NÃO ELEITO";2000;"FUNDO ESPECIAL";"Recursos de partido político";"N"
250001206082;"FRANCISCA QUELINDEJARA VASCONCELOS SOBIESKI";"#NULO";"AVANTE";"FEMININO";"SUPERIOR COMPLETO";"CASADO(A)";"BRANCA";"ADVOGADO";"APTO";NA;187;"NÃO ELEITO";3700;"OUTROS RECURSOS, FUNDO ESPECIAL";"Recursos próprios, Recursos de partido político";"N"
250001206085;"GABRIEL VALDIR DE OLIVEIRA";"#NULO";"AVANTE";"MASCULINO";"ENSINO FUNDAMENTAL COMPLETO";"DIVORCIADO(A)";"PRETA";"CABELEIREIRO E BARBEIRO";"APTO";NA;192;"NÃO ELEITO";0;"#NULO";"#NULO";"N"
250001206090;"DALILA CAMARGO";"#NULO";"AVANTE";"FEMININO";"ENSINO MÉDIO COMPLETO";"DIVORCIADO(A)";"BRANCA";"REPRESENTANTE COMERCIAL";"APTO";NA;24;"NÃO ELEITO";0;"#NULO";"#NULO";"N"
250001206048;"ANTONIO CARLOS SOARES FERREIRA";"#NULO";"AVANTE";"MASCULINO";"ENSINO FUNDAMENTAL INCOMPLETO";"SOLTEIRO(A)";"BRANCA";"ATOR E DIRETOR DE ESPETÁCULOS PÚBLICOS";"APTO";NA;85;"NÃO ELEITO";0;"#NULO";"#NULO";"N"
250001206037;"MARIA REGINA ALMEIDA SANTOS SANCHEZ";"#NULO";"AVANTE";"FEMININO";"SUPERIOR INCOMPLETO";"CASADO(A)";"PARDA";"SERVIDOR PÚBLICO ESTADUAL";"APTO";NA;125;"NÃO ELEITO";3000;"FUNDO ESPECIAL";"Recursos de partido político";"N"
250001206038;"ROSEVALDO CAETANO ALVES";"#NULO";"AVANTE";"MASCULINO";"ENSINO MÉDIO COMPLETO";"CASADO(A)";"BRANCA";"ELETRICISTA E ASSEMELHADOS";"APTO";NA;859;"NÃO ELEITO";0;"#NULO";"#NULO";"N"
250001206100;"WALTER BONETTI";"#NULO";"AVANTE";"MASCULINO";"SUPERIOR COMPLETO";"CASADO(A)";"BRANCA";"COMERCIANTE";"APTO";18925;126;"NÃO ELEITO";0;"#NULO";"#NULO";"N"
250001206076;"PATRICIA ALMEIDA TAVARES DA SILVA";"#NULO";"AVANTE";"FEMININO";"SUPERIOR INCOMPLETO";"CASADO(A)";"PARDA";"SERVIDOR PÚBLICO ESTADUAL";"APTO";NA;88;"NÃO ELEITO";3027,35;"FUNDO ESPECIAL, OUTROS RECURSOS";"Recursos de partido político, Recursos próprios";"N"
250001206096;"JOSE FLORIANO DE ARAUJO JUNIOR";"#NULO";"AVANTE";"MASCULINO";"SUPERIOR COMPLETO";"CASADO(A)";"BRANCA";"MAQUINISTA E FOGUISTA DE EMBARCAÇÕES E ASSEMELHADOS";"APTO";NA;356;"NÃO ELEITO";0;"#NULO";"#NULO";"N"
250001119888;"BARBARA DE OLIVEIRA PANSERI";"#NULO";"PDT";"FEMININO";"SUPERIOR COMPLETO";"SOLTEIRO(A)";"BRANCA";"EMPRESÁRIO";"APTO";194101,26;3477;"NÃO ELEITO";98975,66;"OUTROS RECURSOS, FUNDO ESPECIAL";"Recursos de pessoas físicas, Recursos de Financiamento Coletivo, Recursos de outros candidatos, Recursos de partido político";"N"
250001119880;"ROGÉRIO DA SILVA SANTOS";"#NULO";"PDT";"MASCULINO";"SUPERIOR COMPLETO";"SOLTEIRO(A)";"PARDA";"OUTROS";"APTO";404500;222;"NÃO ELEITO";7495,57;"FUNDO ESPECIAL, OUTROS RECURSOS";"Recursos de partido político, Recursos próprios, Recursos de pessoas físicas, Recursos de outros candidatos";"N"
250001119919;"RAFAEL PERINI BORTOLETTO";"#NULO";"PDT";"FEMININO";"SUPERIOR COMPLETO";"SOLTEIRO(A)";"BRANCA";"ESTUDANTE, BOLSISTA, ESTAGIÁRIO E ASSEMELHADOS";"APTO";60632,63;175;"NÃO ELEITO";7145,57;"FUNDO ESPECIAL";"Recursos de partido político, Recursos de outros candidatos";"N"
250001119846;"NÊUDES RIBEIRO DE CARVALHO";"#NULO";"PDT";"FEMININO";"SUPERIOR COMPLETO";"SOLTEIRO(A)";"PRETA";"OUTROS";"APTO";NA;494;"NÃO ELEITO";8970;"OUTROS RECURSOS, FUNDO ESPECIAL";"Recursos de pessoas físicas, Recursos de partido político, Recursos de outros candidatos";"N"
250001119859;"ANDERSON CAMARGO SANTOS";"#NULO";"PDT";"MASCULINO";"ENSINO MÉDIO COMPLETO";"SOLTEIRO(A)";"BRANCA";"ADMINISTRADOR";"APTO";NA;408;"NÃO ELEITO";8995,57;"FUNDO ESPECIAL";"Recursos de partido político, Recursos de outros candidatos";"N"
250001119894;"FERNANDO DOS SANTOS MOURA";"#NULO";"PDT";"MASCULINO";"ENSINO FUNDAMENTAL COMPLETO";"CASADO(A)";"PRETA";"EMPRESÁRIO";"APTO";5000;1334;"NÃO ELEITO";12045,57;"FUNDO ESPECIAL, OUTROS RECURSOS";"Recursos de outros candidatos, Recursos de partido político, Recursos de pessoas físicas, Recursos próprios";"N"
250001119847;"ETELMA TAVARES DE SOUZA";"#NULO";"PDT";"FEMININO";"SUPERIOR COMPLETO";"SOLTEIRO(A)";"BRANCA";"OUTROS";"APTO";NA;186;"NÃO ELEITO";8345,57;"OUTROS RECURSOS, FUNDO ESPECIAL";"Recursos de Financiamento Coletivo, Recursos de partido político, Recursos de outros candidatos";"N"
250001100723;"JOSIAS PAULO DO NASCIMENTO";"#NULO";"PMB";"MASCULINO";"ENSINO MÉDIO COMPLETO";"CASADO(A)";"PARDA";"SACERDOTE OU MEMBRO DE ORDEM OU SEITA RELIGIOSA";"APTO";187000;810;"NÃO ELEITO";0;"#NULO";"#NULO";"N"
250001100720;"ARIADINE BARCELAR FUTEMA";"#NULO";"PMB";"FEMININO";"SUPERIOR COMPLETO";"CASADO(A)";"BRANCA";"CONTADOR";"APTO";376512;559;"NÃO ELEITO";0;"#NULO";"#NULO";"N"
250000789518;"NABIL GEORGES BONDUKI";"#NULO";"PT";"MASCULINO";"SUPERIOR COMPLETO";"CASADO(A)";"BRANCA";"PROFESSOR DE ENSINO SUPERIOR";"APTO";2782541,16;16379;"SUPLENTE";474490,34;"OUTROS RECURSOS, FUNDO ESPECIAL";"Recursos de pessoas físicas, Recursos próprios, Recursos de origens não identificadas, Recursos de partido político, Recursos de outros candidatos, Recursos de Financiamento Coletivo";"N"
250000789467;"GILDENOR ALVES FREIRE";"#NULO";"PT";"MASCULINO";"ENSINO MÉDIO COMPLETO";"CASADO(A)";"PRETA";"MOTORISTA DE VEÍCULOS DE TRANSPORTE COLETIVO DE PASSAGEIROS";"APTO";23000;319;"SUPLENTE";13373,5;"FUNDO ESPECIAL";"Recursos de outros candidatos, Recursos de partido político";"N"
250000789494;"ANDRE DELFINO DA SILVA";"#NULO";"PT";"MASCULINO";"ENSINO MÉDIO COMPLETO";"CASADO(A)";"PRETA";"OUTROS";"APTO";NA;1885;"SUPLENTE";44398,5;"FUNDO ESPECIAL, OUTROS RECURSOS";"Recursos de partido político, Recursos de pessoas físicas, Recursos próprios, Recursos de Financiamento Coletivo, Recursos de outros candidatos";"N"
250000789513;"VIVIAN OLIVEIRA MENDES";"#NULO";"PT";"FEMININO";"SUPERIOR COMPLETO";"SOLTEIRO(A)";"BRANCA";"ADVOGADO";"APTO";198001;6623;"SUPLENTE";215419,5;"OUTROS RECURSOS, FUNDO ESPECIAL";"Recursos de pessoas físicas, Recursos de Financiamento Coletivo, Recursos de outros candidatos, Recursos de partido político";"N"
250000789502;"EDUARDO MATARAZZO SUPLICY";"#NULO";"PT";"MASCULINO";"SUPERIOR COMPLETO";"DIVORCIADO(A)";"BRANCA";"VEREADOR";"APTO";3539942,87;167552;"ELEITO POR QP";236633,26;"OUTROS RECURSOS, FUNDO ESPECIAL";"Recursos de pessoas físicas, Recursos de Financiamento Coletivo, Recursos de outros candidatos, Recursos próprios, Recursos de partido político";"N"
250000789498;"MARILANDIA FRAZÃO DE ESPINOSA";"#NULO";"PT";"FEMININO";"SUPERIOR COMPLETO";"VIÚVO(A)";"PRETA";"OUTROS";"APTO";NA;1389;"SUPLENTE";127175,5;"OUTROS RECURSOS, FUNDO ESPECIAL";"Recursos de pessoas físicas, Recursos de outros candidatos, Recursos de partido político, Recursos de Financiamento Coletivo";"N"
250000789511;"ANDRÉ LUIZ COSTA DE OLIVEIRA";"#NULO";"PT";"MASCULINO";"SUPERIOR COMPLETO";"SOLTEIRO(A)";"BRANCA";"OUTROS";"APTO";NA;332;"SUPLENTE";3374,5;"FUNDO ESPECIAL, OUTROS RECURSOS";"Recursos de outros candidatos, Recursos próprios, Recursos de partido político";"N"
250000789464;"JOSE ADENILTON FERREIRA";"#NULO";"PT";"MASCULINO";"ENSINO FUNDAMENTAL INCOMPLETO";"SOLTEIRO(A)";"BRANCA";"EMPRESÁRIO";"APTO";5000;663;"SUPLENTE";7873,5;"FUNDO ESPECIAL";"Recursos de partido político, Recursos de outros candidatos";"N"
250000789525;"DENISE APARECIDA JANUARIA ASSUNÇÃO";"#NULO";"PT";"FEMININO";"ENSINO MÉDIO INCOMPLETO";"DIVORCIADO(A)";"PRETA";"ATOR E DIRETOR DE ESPETÁCULOS PÚBLICOS";"APTO";NA;105;"SUPLENTE";5873,5;"FUNDO ESPECIAL";"Recursos de partido político, Recursos de outros candidatos";"N"
250000789520;"LUCÉLIA HELENA MOURA";"#NULO";"PT";"FEMININO";"SUPERIOR COMPLETO";"SOLTEIRO(A)";"PRETA";"OUTROS";"APTO";346024,78;658;"SUPLENTE";32553,5;"OUTROS RECURSOS, FUNDO ESPECIAL";"Recursos de pessoas físicas, Recursos de partido político, Recursos de outros candidatos, Recursos de Financiamento Coletivo";"N"
250001265968;"ELIANI DE CASSIA CAETANO GOUVEIA";"#NULO";"DC";"FEMININO";"SUPERIOR INCOMPLETO";"CASADO(A)";"BRANCA";"EMPRESÁRIO";"APTO";NA;7;"NÃO ELEITO";1278;"FUNDO ESPECIAL";"Recursos de partido político";"N"
250001129696;"ROMILDO FIDELIS";"#NULO";"DC";"MASCULINO";"SUPERIOR COMPLETO";"SOLTEIRO(A)";"BRANCA";"OUTROS";"APTO";NA;83;"NÃO ELEITO";3872,1;"FUNDO ESPECIAL";"Recursos de partido político";"N"
250001129693;"MARCELO SILVA AMANCIO";"#NULO";"DC";"MASCULINO";"ENSINO MÉDIO INCOMPLETO";"SOLTEIRO(A)";"BRANCA";"OUTROS";"APTO";NA;273;"NÃO ELEITO";3872,1;"FUNDO ESPECIAL";"Recursos de partido político";"N"
250001129686;"AILTON BOLIGNARI";"#NULO";"DC";"MASCULINO";"SUPERIOR COMPLETO";"SOLTEIRO(A)";"BRANCA";"EMPRESÁRIO";"APTO";NA;265;"NÃO ELEITO";6966,35;"OUTROS RECURSOS, FUNDO ESPECIAL";"Recursos de pessoas físicas, Recursos de partido político, Recursos próprios";"N"
250001088441;"JOSÉ AUGUSTO LIMA MARIN";"#NULO";"MDB";"MASCULINO";"SUPERIOR COMPLETO";"SOLTEIRO(A)";"BRANCA";"ADVOGADO";"APTO";5602504,26;510;"SUPLENTE";1171,95;"OUTROS RECURSOS";"Recursos de pessoas físicas, Recursos próprios";"N"
250001088418;"MARCOS ALIMARI FRANCA";"#NULO";"MDB";"MASCULINO";"ENSINO MÉDIO COMPLETO";"CASADO(A)";"PARDA";"ALMOXARIFE";"APTO";NA;93;"SUPLENTE";5300;"FUNDO ESPECIAL, OUTROS RECURSOS";"Recursos de partido político, Recursos próprios";"N"
250001088390;"BRUNA LEE LAGES DE ALMEIDA";"#NULO";"MDB";"FEMININO";"ENSINO FUNDAMENTAL COMPLETO";"DIVORCIADO(A)";"BRANCA";"OUTROS";"APTO";20000;502;"SUPLENTE";40200;"FUNDO ESPECIAL, OUTROS RECURSOS";"Recursos de partido político, Recursos de pessoas físicas";"N"
250001088425;"GUILHERME BOAVENTURA";"#NULO";"MDB";"MASCULINO";"SUPERIOR COMPLETO";"CASADO(A)";"PRETA";"ADMINISTRADOR";"APTO";47500;1278;"SUPLENTE";21045,15;"FUNDO ESPECIAL, OUTROS RECURSOS";"Recursos de partido político, Recursos próprios";"N"
250001088396;"GENIVAL FRANCISCO DOS SANTOS";"#NULO";"MDB";"MASCULINO";"ENSINO FUNDAMENTAL INCOMPLETO";"SOLTEIRO(A)";"PARDA";"PORTEIRO DE EDIFÍCIO, ASCENSORISTA, GARAGISTA E ZELADOR";"APTO";19000;144;"SUPLENTE";0;"#NULO";"#NULO";"S"
250001088397;"MANOEL DA CRUZ CARLOS VIEIRA";"#NULO";"MDB";"MASCULINO";"SUPERIOR INCOMPLETO";"CASADO(A)";"PARDA";"VENDEDOR PRACISTA, REPRESENTANTE, CAIXEIRO-VIAJANTE E ASSEMELHADOS";"APTO";37858;307;"SUPLENTE";0;"#NULO";"#NULO";"N"
250001088451;"RANDAL ROBERTO DE SOUZA";"#NULO";"MDB";"MASCULINO";"ENSINO FUNDAMENTAL COMPLETO";"SOLTEIRO(A)";"BRANCA";"COMERCIANTE";"APTO";NA;458;"SUPLENTE";1520,9;"OUTROS RECURSOS";"Recursos de pessoas físicas";"N"
250001088439;"SEBASTIÃO RONILDO DANTAS";"#NULO";"MDB";"MASCULINO";"ENSINO FUNDAMENTAL COMPLETO";"CASADO(A)";"PARDA";"OUTROS";"APTO";2e+05;415;"SUPLENTE";0;"#NULO";"#NULO";"N"
250001088454;"ESMERIA ESTERINA DE AQUINO MACHADO";"#NULO";"MDB";"FEMININO";"ENSINO MÉDIO INCOMPLETO";"DIVORCIADO(A)";"BRANCA";"DONA DE CASA";"APTO";NA;183;"SUPLENTE";10000;"FUNDO ESPECIAL";"Recursos de partido político";"N"
250001088414;"KARLA JULIANE DA SILVA ALVES";"#NULO";"MDB";"FEMININO";"ENSINO MÉDIO COMPLETO";"CASADO(A)";"PARDA";"OUTROS";"APTO";NA;246;"SUPLENTE";25000;"FUNDO ESPECIAL";"Recursos de partido político";"N"
250000651024;"MARCELO APARECIDO RIBEIRO DE SOUZA";"#NULO";"DEM";"MASCULINO";"SUPERIOR COMPLETO";"SOLTEIRO(A)";"PARDA";"EMPRESÁRIO";"APTO";579059,22;4253;"SUPLENTE";189474,78;"OUTROS RECURSOS, FUNDO ESPECIAL, FUNDO PARTIDARIO";"Recursos de pessoas físicas, Recursos de partido político, Recursos de outros candidatos, Recursos próprios";"N"
250000651055;"ANIBAL DE FREITAS FILHO";"#NULO";"DEM";"MASCULINO";"SUPERIOR COMPLETO";"CASADO(A)";"BRANCA";"APOSENTADO (EXCETO SERVIDOR PÚBLICO)";"APTO";1024740,65;4954;"SUPLENTE";221486,88;"FUNDO ESPECIAL, FUNDO PARTIDARIO, OUTROS RECURSOS";"Recursos de partido político, Recursos de pessoas físicas, Recursos próprios";"N"
250000651014;"JOSÉ DENYCIO PONTES AGOSTINHO";"#NULO";"DEM";"MASCULINO";"LÊ E ESCREVE";"CASADO(A)";"BRANCA";"EMPRESÁRIO";"APTO";5428633,28;2179;"SUPLENTE";111708,88;"FUNDO ESPECIAL, FUNDO PARTIDARIO, OUTROS RECURSOS";"Recursos de partido político, Recursos próprios";"N"
250000651016;"JOSÉ OLIMPIO SILVEIRA MORAES";"#NULO";"DEM";"MASCULINO";"SUPERIOR COMPLETO";"CASADO(A)";"BRANCA";"OUTROS";"APTO";688059,81;17098;"SUPLENTE";129652,72;"OUTROS RECURSOS, FUNDO ESPECIAL";"Recursos de pessoas físicas, Recursos próprios, Recursos de partido político";"N"
250000651065;"SANDRO PINTO DE TOLEDO";"#NULO";"DEM";"MASCULINO";"LÊ E ESCREVE";"SOLTEIRO(A)";"BRANCA";"OUTROS";"APTO";0;603;"SUPLENTE";112701,08;"OUTROS RECURSOS, FUNDO PARTIDARIO";"Recursos de pessoas físicas, Recursos de partido político";"N"
250000651063;"SERGIO DE PAULA REIS FILHO";"#NULO";"DEM";"MASCULINO";"SUPERIOR COMPLETO";"SOLTEIRO(A)";"BRANCA";"ADVOGADO";"APTO";17580;1388;"SUPLENTE";130735,88;"OUTROS RECURSOS, FUNDO PARTIDARIO";"Recursos de pessoas físicas, Recursos de partido político";"N"
250000651060;"CRISTIANO CAPUTTI";"#NULO";"DEM";"MASCULINO";"SUPERIOR COMPLETO";"SOLTEIRO(A)";"BRANCA";"EMPRESÁRIO";"APTO";1085000;4729;"SUPLENTE";215221,88;"OUTROS RECURSOS, FUNDO PARTIDARIO";"Recursos próprios, Recursos de pessoas físicas, Recursos de partido político";"N"
250000651028;"RICARDO TEIXEIRA";"#NULO";"DEM";"MASCULINO";"SUPERIOR COMPLETO";"CASADO(A)";"BRANCA";"VEREADOR";"APTO";150292,07;23280;"ELEITO POR MÉDIA";353418,51;"OUTROS RECURSOS, FUNDO PARTIDARIO, FUNDO ESPECIAL";"Recursos de pessoas físicas, Recursos próprios, Recursos de partido político";"N"
250000651049;"MILTON LEITE DA SILVA";"#NULO";"DEM";"MASCULINO";"SUPERIOR COMPLETO";"CASADO(A)";"PARDA";"EMPRESÁRIO";"APTO";3632728,06;132716;"ELEITO POR QP";2570274,15;"OUTROS RECURSOS, FUNDO PARTIDARIO, FUNDO ESPECIAL";"Recursos próprios, Recursos de partido político, Recursos de pessoas físicas";"N"
250000881955;"MARCELO AMADIO ALBA";"#NULO";"PTB";"MASCULINO";"SUPERIOR COMPLETO";"CASADO(A)";"BRANCA";"ENGENHEIRO";"APTO";7000;170;"SUPLENTE";0;"#NULO";"#NULO";"N"
250000881918;"SÉRGIO ANTÔNIO DA SILVA";"#NULO";"PTB";"MASCULINO";"SUPERIOR COMPLETO";"CASADO(A)";"PARDA";"ATLETA PROFISSIONAL E TÉCNICO EM DESPORTOS";"APTO";903000;1589;"SUPLENTE";5050;"FUNDO PARTIDARIO, OUTROS RECURSOS";"Recursos de partido político, Recursos próprios";"N"
250000881943;"ARNALDO DONIZETTI DANTAS";"#NULO";"PTB";"MASCULINO";"SUPERIOR COMPLETO";"CASADO(A)";"PARDA";"ADVOGADO";"APTO";627741,52;893;"SUPLENTE";21960,7;"FUNDO PARTIDARIO, OUTROS RECURSOS";"Recursos de partido político, Recursos próprios";"N"
250000881900;"YURI GAMA COSTA";"#NULO";"PTB";"MASCULINO";"SUPERIOR COMPLETO";"SOLTEIRO(A)";"BRANCA";"OUTROS";"APTO";70000;749;"SUPLENTE";8800;"OUTROS RECURSOS, FUNDO PARTIDARIO";"Recursos de pessoas físicas, Recursos de partido político";"N"
250000881962;"MARCIA CRISTINA GODOY DE SOUZA";"#NULO";"PTB";"FEMININO";"ENSINO FUNDAMENTAL COMPLETO";"CASADO(A)";"BRANCA";"OUTROS";"APTO";NA;331;"SUPLENTE";8850;"FUNDO ESPECIAL";"Recursos de partido político";"N"
250000881907;"ALCIDES EVANGELISTA DOS SANTOS";"#NULO";"PTB";"MASCULINO";"ENSINO FUNDAMENTAL COMPLETO";"CASADO(A)";"PRETA";"VENDEDOR DE COMÉRCIO VAREJISTA E ATACADISTA";"APTO";NA;191;"SUPLENTE";5425;"FUNDO ESPECIAL";"Recursos de partido político";"N"
250000881963;"JOÃO JOAQUIM DOS SANTOS";"#NULO";"PTB";"MASCULINO";"ENSINO MÉDIO INCOMPLETO";"SOLTEIRO(A)";"PRETA";"TAPECEIRO";"APTO";1634000;176;"SUPLENTE";6700;"FUNDO PARTIDARIO";"Recursos de partido político";"N"
250000881927;"CLÓVIS BASÍLIO DOS SANTOS";"#NULO";"PTB";"MASCULINO";"ENSINO FUNDAMENTAL COMPLETO";"DIVORCIADO(A)";"PRETA";"EMPRESÁRIO";"APTO";850000;956;"SUPLENTE";35000;"FUNDO ESPECIAL";"Recursos de outros candidatos, Recursos de partido político";"N"
250001054407;"RODNEI APARECIDO DE SOUZA";"#NULO";"PMN";"MASCULINO";"ENSINO FUNDAMENTAL INCOMPLETO";"CASADO(A)";"PRETA";"VENDEDOR PRACISTA, REPRESENTANTE, CAIXEIRO-VIAJANTE E ASSEMELHADOS";"APTO";NA;83;"NÃO ELEITO";2000;"FUNDO ESPECIAL";"Recursos de partido político";"N"
250001054393;"MARCELO SILVA DOS SANTOS";"#NULO";"PMN";"MASCULINO";"SUPERIOR INCOMPLETO";"CASADO(A)";"PARDA";"OUTROS";"APTO";NA;2055;"NÃO ELEITO";10000;"FUNDO ESPECIAL";"Recursos de partido político";"N"
250001054395;"ANGÉLICA DE ASSIS SANTOS";"#NULO";"PMN";"FEMININO";"SUPERIOR COMPLETO";"DIVORCIADO(A)";"BRANCA";"PROFESSOR E INSTRUTOR DE FORMAÇÃO PROFISSIONAL";"APTO";NA;75;"NÃO ELEITO";0;"#NULO";"#NULO";"N"
250001054414;"MÁRCIA SUELI NASCIMENTO DE ALMEIDA CARVALHO";"#NULO";"PMN";"FEMININO";"SUPERIOR COMPLETO";"CASADO(A)";"PARDA";"ASSISTENTE SOCIAL";"APTO";NA;153;"NÃO ELEITO";2000;"FUNDO ESPECIAL";"Recursos de partido político";"N"
250001054376;"MAURÍCIO PEREIRA DA SILVA";"#NULO";"PMN";"MASCULINO";"ENSINO FUNDAMENTAL COMPLETO";"CASADO(A)";"PARDA";"OUTROS";"APTO";290000;388;"NÃO ELEITO";2648;"OUTROS RECURSOS, FUNDO ESPECIAL";"Recursos próprios, Recursos de partido político";"N"
250001054367;"JORGILENE ALVES SILVA";"#NULO";"PMN";"FEMININO";"ENSINO MÉDIO COMPLETO";"SOLTEIRO(A)";"PARDA";"OUTROS";"APTO";NA;33;"NÃO ELEITO";2000;"FUNDO ESPECIAL";"Recursos de partido político";"N"
250000667408;"PAMELA CHRISTY MESQUITA MUNIZ";"#NULO";"PCB";"FEMININO";"SUPERIOR INCOMPLETO";"SOLTEIRO(A)";"BRANCA";"ESTUDANTE, BOLSISTA, ESTAGIÁRIO E ASSEMELHADOS";"APTO";NA;970;"NÃO ELEITO";79935;"OUTROS RECURSOS, FUNDO ESPECIAL";"Recursos de Financiamento Coletivo, Recursos de partido político";"N"
250001180996;"FERNANDO MOREIRA MAGALHAES";"#NULO";"PCO";"MASCULINO";"SUPERIOR COMPLETO";"CASADO(A)";"BRANCA";"MÉDICO";"APTO";83447,1;31;"NÃO ELEITO";1000;"FUNDO ESPECIAL";"Recursos de partido político";"N"
250000753987;"LUCIANA RODRIGUES MANSOR";"#NULO";"PSL";"FEMININO";"ENSINO MÉDIO COMPLETO";"SOLTEIRO(A)";"BRANCA";"OUTROS";"APTO";NA;123;"SUPLENTE";30445,9;"FUNDO ESPECIAL, OUTROS RECURSOS";"Recursos de partido político, Recursos próprios";"N"
250000754024;"SERGIO FRANCISCO TERRA";"#NULO";"PSL";"MASCULINO";"SUPERIOR COMPLETO";"CASADO(A)";"BRANCA";"ADVOGADO";"APTO";NA;872;"SUPLENTE";0;"#NULO";"#NULO";"N"
250000754002;"FABIO LUCIANO MOURA ARRUDA";"#NULO";"PSL";"MASCULINO";"SUPERIOR INCOMPLETO";"SOLTEIRO(A)";"BRANCA";"ATOR E DIRETOR DE ESPETÁCULOS PÚBLICOS";"APTO";990;809;"SUPLENTE";10000;"FUNDO ESPECIAL";"Recursos de partido político";"N"
250000754016;"GABRIELA MUNIZ FERREIRA GIRALDI";"#NULO";"PSL";"FEMININO";"SUPERIOR COMPLETO";"DIVORCIADO(A)";"BRANCA";"MÉDICO";"APTO";85467;327;"SUPLENTE";16939;"FUNDO ESPECIAL";"Recursos de partido político, Recursos de outros candidatos";"N"
250000754034;"ERIDANI TAVARES VILELA";"#NULO";"PSL";"MASCULINO";"SUPERIOR INCOMPLETO";"CASADO(A)";"PARDA";"POLICIAL MILITAR";"APTO";NA;804;"SUPLENTE";13003;"OUTROS RECURSOS, FUNDO ESPECIAL";"Recursos próprios, Recursos de partido político, Recursos de outros candidatos";"N"
250000754049;"IVONE GRESSENS MARTINES";"#NULO";"PSL";"FEMININO";"SUPERIOR COMPLETO";"CASADO(A)";"BRANCA";"EMPRESÁRIO";"APTO";NA;234;"SUPLENTE";11939;"FUNDO ESPECIAL";"Recursos de outros candidatos, Recursos de partido político";"N"
250000754014;"EMERSON ZOCCHI";"#NULO";"PSL";"MASCULINO";"ENSINO MÉDIO COMPLETO";"SOLTEIRO(A)";"BRANCA";"TERAPEUTA";"APTO";259593,2;433;"SUPLENTE";1939;"FUNDO ESPECIAL";"Recursos de outros candidatos";"N"
250000688226;"EDSON DE ALMEIDA PASSOS";"#NULO";"NOVO";"MASCULINO";"SUPERIOR COMPLETO";"CASADO(A)";"BRANCA";"ADVOGADO";"APTO";963857,69;1748;"SUPLENTE";23218,24;"OUTROS RECURSOS";"Recursos de pessoas físicas, Recursos de partido político, Recursos próprios, Recursos de Financiamento Coletivo";"N"
250000688231;"FABIANA CAMARGO DA CRUZ";"#NULO";"NOVO";"FEMININO";"SUPERIOR COMPLETO";"CASADO(A)";"BRANCA";"ADVOGADO";"APTO";487731,2;1753;"SUPLENTE";13841,73;"OUTROS RECURSOS";"Recursos de pessoas físicas, Recursos de Financiamento Coletivo, Recursos de partido político, Recursos próprios";"N"
250000688221;"RAFAEL MUNHOZ ROMERO GONÇALVES";"#NULO";"NOVO";"MASCULINO";"SUPERIOR COMPLETO";"CASADO(A)";"BRANCA";"EMPRESÁRIO";"APTO";169714,24;3915;"SUPLENTE";47619,03;"OUTROS RECURSOS";"Recursos de pessoas físicas, Recursos de partido político, Recursos de Financiamento Coletivo";"N"
250000688239;"DIOGO RIBEIRO DA LUZ";"#NULO";"NOVO";"MASCULINO";"SUPERIOR INCOMPLETO";"CASADO(A)";"BRANCA";"PILOTO DE AVIAÇÃO COMERCIAL, NAVEGADOR, MECÂNICO DE VÔO E ASSEMELHADOS";"APTO";33025466;4790;"SUPLENTE";176158,35;"OUTROS RECURSOS";"Recursos de partido político, Recursos de pessoas físicas, Recursos próprios, Recursos de Financiamento Coletivo";"N"
250000688247;"ANDRÉ PEREZ BOLINI";"#NULO";"NOVO";"MASCULINO";"SUPERIOR COMPLETO";"SOLTEIRO(A)";"BRANCA";"ADMINISTRADOR";"APTO";76500;9463;"SUPLENTE";412843,91;"OUTROS RECURSOS";"Recursos de pessoas físicas, Recursos próprios, Recursos de Financiamento Coletivo, Recursos de partido político";"N"
250000919238;"MARIA JOSÉ FERREIRA DA SILVA NOGUEIRA";"#NULO";"PSDB";"FEMININO";"ENSINO MÉDIO INCOMPLETO";"DIVORCIADO(A)";"BRANCA";"OUTROS";"APTO";195280,42;459;"SUPLENTE";7317,07;"FUNDO PARTIDARIO";"Recursos de partido político";"N"
250000919212;"SANDRA CRISTINA LEITE SANTANA";"#NULO";"PSDB";"FEMININO";"SUPERIOR COMPLETO";"DIVORCIADO(A)";"BRANCA";"OUTROS";"APTO";488676,83;19591;"ELEITO POR MÉDIA";431797,07;"OUTROS RECURSOS, FUNDO ESPECIAL, FUNDO PARTIDARIO";"Recursos de pessoas físicas, Recursos de partido político, Recursos próprios";"N"
250000919253;"OZIEL EVANGELISTA DE SOUZA";"#NULO";"PSDB";"MASCULINO";"SUPERIOR COMPLETO";"SOLTEIRO(A)";"PARDA";"OUTROS";"APTO";214323,59;10228;"SUPLENTE";383500;"FUNDO ESPECIAL, OUTROS RECURSOS";"Recursos de partido político, Recursos de pessoas físicas";"N"
250000919241;"DANYLO DAS NEVES CUNHA";"#NULO";"PSDB";"MASCULINO";"ENSINO FUNDAMENTAL COMPLETO";"CASADO(A)";"BRANCA";"OUTROS";"APTO";NA;295;"SUPLENTE";7412,07;"FUNDO PARTIDARIO, OUTROS RECURSOS";"Recursos de partido político, Recursos de pessoas físicas";"N"
250000919176;"RICARDO NOBORU IGARASHI";"#NULO";"PSDB";"MASCULINO";"SUPERIOR COMPLETO";"SOLTEIRO(A)";"AMARELA";"PROFESSOR DE ENSINO SUPERIOR";"APTO";85900;837;"SUPLENTE";10877,52;"OUTROS RECURSOS, FUNDO PARTIDARIO";"Recursos próprios, Recursos de Financiamento Coletivo, Recursos de pessoas físicas, Recursos de partido político";"N"
250000919226;"JOSÉ CLAUDIO DA SILVA LIMA";"#NULO";"PSDB";"MASCULINO";"SUPERIOR COMPLETO";"CASADO(A)";"PARDA";"OUTROS";"APTO";350000;115;"SUPLENTE";7747,07;"OUTROS RECURSOS, FUNDO PARTIDARIO";"Recursos de pessoas físicas, Recursos próprios, Recursos de partido político";"N"
250000919218;"ALEXANDRE TEIXEIRA";"#NULO";"PSDB";"MASCULINO";"SUPERIOR COMPLETO";"SOLTEIRO(A)";"BRANCA";"MOTORISTA PARTICULAR";"APTO";NA;212;"SUPLENTE";7317,07;"FUNDO PARTIDARIO";"Recursos de partido político";"N"
250000919254;"JOSIE PRISCILA PEREIRA DE JESUS";"#NULO";"PSDB";"FEMININO";"SUPERIOR COMPLETO";"CASADO(A)";"PRETA";"OUTROS";"APTO";62122;884;"SUPLENTE";50273,52;"OUTROS RECURSOS, FUNDO ESPECIAL, FUNDO PARTIDARIO";"Recursos de pessoas físicas, Recursos de partido político, Recursos próprios";"N"
250000919182;"JOSÉ IVANILDO DE MELO";"#NULO";"PSDB";"MASCULINO";"SUPERIOR COMPLETO";"SOLTEIRO(A)";"BRANCA";"ADMINISTRADOR";"APTO";50000;136;"SUPLENTE";7317,07;"FUNDO PARTIDARIO";"Recursos de partido político";"N"
250000919175;"NELSON XIMENES JUNIOR";"#NULO";"PSDB";"MASCULINO";"SUPERIOR COMPLETO";"CASADO(A)";"BRANCA";"ENGENHEIRO";"APTO";1041644,34;313;"SUPLENTE";18144,57;"OUTROS RECURSOS, FUNDO PARTIDARIO";"Recursos de pessoas físicas, Recursos de partido político, Recursos próprios";"N"
250000919237;"JAMES DEL TEDESCO LOSACCO";"#NULO";"PSDB";"MASCULINO";"SUPERIOR COMPLETO";"CASADO(A)";"BRANCA";"ODONTÓLOGO";"APTO";9900;943;"SUPLENTE";7507,07;"OUTROS RECURSOS, FUNDO PARTIDARIO";"Recursos de pessoas físicas, Recursos de partido político";"N"
250000919196;"GABRIELLA SANTOS LIMA";"#NULO";"PSDB";"FEMININO";"ENSINO MÉDIO COMPLETO";"SOLTEIRO(A)";"PARDA";"ESTETICISTA";"APTO";NA;1520;"SUPLENTE";64317,07;"OUTROS RECURSOS, FUNDO ESPECIAL";"Recursos de pessoas físicas, Recursos de partido político, Fundo Partidário";"N"
250001262134;"EDMAR LUZ DE ALMEIDA";"#NULO";"REDE";"MASCULINO";"SUPERIOR COMPLETO";"CASADO(A)";"BRANCA";"JORNALISTA E REDATOR";"APTO";196658,51;316;"NÃO ELEITO";5355;"OUTROS RECURSOS";"Recursos de Financiamento Coletivo, Recursos próprios";"N"
250001154730;"RODRIGO SILVA BARRETO";"#NULO";"REDE";"MASCULINO";"SUPERIOR COMPLETO";"SOLTEIRO(A)";"BRANCA";"PROFESSOR DE ENSINO SUPERIOR";"APTO";313467;127;"NÃO ELEITO";4765,8;"OUTROS RECURSOS, FUNDO ESPECIAL";"Recursos de Financiamento Coletivo, Recursos de partido político, Recursos de origens não identificadas, Recursos próprios";"N"
250001154707;"DEUSINEY ROBSON DE ARAUJO FARIAS";"#NULO";"REDE";"MASCULINO";"SUPERIOR COMPLETO";"CASADO(A)";"PARDA";"PROFESSOR DE ENSINO SUPERIOR";"APTO";168809,96;971;"NÃO ELEITO";35527;"OUTROS RECURSOS, FUNDO ESPECIAL";"Recursos de pessoas físicas, Recursos de Financiamento Coletivo, Recursos próprios, Recursos de partido político";"N"
250001154717;"FLÁVIA BELLAGUARDA DE CASTRO CHUERY";"#NULO";"REDE";"FEMININO";"SUPERIOR COMPLETO";"SOLTEIRO(A)";"BRANCA";"ADVOGADO";"APTO";951900;4869;"NÃO ELEITO";102803,64;"FUNDO ESPECIAL, OUTROS RECURSOS";"Recursos de outros candidatos, Recursos de Financiamento Coletivo, Recursos de pessoas físicas, Recursos de partido político, Recursos próprios";"N"
250001154735;"PAULO ARTHUR SILVIO LOBO LISBÔA";"#NULO";"REDE";"MASCULINO";"SUPERIOR COMPLETO";"SOLTEIRO(A)";"BRANCA";"ARTISTA PLÁSTICO E ASSEMELHADOS";"APTO";NA;30;"NÃO ELEITO";1214,09;"OUTROS RECURSOS";"Recursos próprios";"N"
250001123236;"FRANCISCO GLECIO PESSOA DANTAS";"#NULO";"PSB";"MASCULINO";"ENSINO MÉDIO COMPLETO";"CASADO(A)";"BRANCA";"CORRETOR DE IMÓVEIS, SEGUROS, TÍTULOS E VALORES";"APTO";4600;484;"SUPLENTE";18000;"FUNDO ESPECIAL";"Recursos de partido político";"N"
250001123256;"GUSTAVO HIDEO TANAKA";"#NULO";"PSB";"MASCULINO";"SUPERIOR COMPLETO";"CASADO(A)";"BRANCA";"MÉDICO";"APTO";1391940;5535;"SUPLENTE";104400;"FUNDO ESPECIAL, OUTROS RECURSOS";"Recursos de partido político, Recursos de pessoas físicas, Recursos de Financiamento Coletivo, Recursos próprios";"N"
250001123263;"ROBERTO POZZI";"#NULO";"PSB";"MASCULINO";"ENSINO FUNDAMENTAL COMPLETO";"SOLTEIRO(A)";"BRANCA";"SERVIDOR PÚBLICO ESTADUAL";"APTO";250001;224;"SUPLENTE";0;"#NULO";"#NULO";"N"
250001123240;"EDISON BARBOZA SANTOS";"#NULO";"PSB";"MASCULINO";"ENSINO FUNDAMENTAL INCOMPLETO";"CASADO(A)";"BRANCA";"OUTROS";"APTO";5000;644;"SUPLENTE";15850,01;"FUNDO ESPECIAL, OUTROS RECURSOS";"Recursos de partido político, Rendimentos de aplicações financeiras, Recursos próprios";"N"
250001123228;"LUCRECIA BASSANI SANCHES";"#NULO";"PSB";"FEMININO";"SUPERIOR COMPLETO";"CASADO(A)";"BRANCA";"ENFERMEIRO";"APTO";181540,02;1421;"SUPLENTE";22147,39;"FUNDO ESPECIAL, OUTROS RECURSOS";"Recursos de partido político, Recursos de pessoas físicas, Recursos próprios";"N"
250001123273;"TATIANA RODRIGUES DA SILVA";"#NULO";"PSB";"FEMININO";"SUPERIOR COMPLETO";"SOLTEIRO(A)";"PRETA";"RELAÇÕES-PÚBLICAS";"APTO";96721,32;806;"SUPLENTE";111445;"OUTROS RECURSOS, FUNDO ESPECIAL";"Recursos próprios, Recursos de Financiamento Coletivo, Recursos de partido político";"N"
250001123278;"INEUVA GINE RODRIGUEZ";"#NULO";"PSB";"FEMININO";"ENSINO FUNDAMENTAL COMPLETO";"VIÚVO(A)";"BRANCA";"APOSENTADO (EXCETO SERVIDOR PÚBLICO)";"APTO";287000;103;"SUPLENTE";29523,95;"OUTROS RECURSOS, FUNDO ESPECIAL";"Recursos próprios, Recursos de partido político";"N"
250001123279;"ISABEL CRISTINA MALISCHESQUI PAEGLE";"#NULO";"PSB";"FEMININO";"SUPERIOR COMPLETO";"CASADO(A)";"BRANCA";"PSICÓLOGO";"APTO";70162,58;333;"SUPLENTE";24916,94;"OUTROS RECURSOS, FUNDO ESPECIAL";"Recursos de pessoas físicas, Recursos de partido político";"N"
250001123245;"ANDRÉ LUIZ DE OLIVEIRA";"#NULO";"PSB";"MASCULINO";"SUPERIOR COMPLETO";"CASADO(A)";"PRETA";"ADMINISTRADOR";"APTO";4098914,84;5387;"SUPLENTE";207161;"OUTROS RECURSOS, FUNDO ESPECIAL";"Recursos de pessoas físicas, Recursos próprios, Recursos de partido político";"N"
250001123272;"SERGIO OLIVEIRA DA SILVA";"#NULO";"PSB";"MASCULINO";"SUPERIOR COMPLETO";"SOLTEIRO(A)";"PRETA";"OUTROS";"APTO";348418,03;1032;"SUPLENTE";15000;"FUNDO ESPECIAL";"Recursos de partido político";"N"
250001123286;"GABRIEL ALEX PINTO DE OLIVEIRA";"#NULO";"PSB";"MASCULINO";"SUPERIOR COMPLETO";"DIVORCIADO(A)";"PRETA";"ADVOGADO";"APTO";120400;416;"SUPLENTE";15000;"FUNDO ESPECIAL";"Recursos de partido político";"N"
250001123248;"ADRIANO DOS SANTOS";"#NULO";"PSB";"MASCULINO";"SUPERIOR COMPLETO";"CASADO(A)";"BRANCA";"ADVOGADO";"APTO";1225000;5813;"SUPLENTE";36000;"OUTROS RECURSOS, FUNDO ESPECIAL";"Recursos próprios, Recursos de partido político";"N"
250001123238;"GUILHERME OBERTO RODRIGUES";"#NULO";"PSB";"MASCULINO";"SUPERIOR COMPLETO";"CASADO(A)";"BRANCA";"PROFESSOR DE ENSINO SUPERIOR";"APTO";NA;1187;"SUPLENTE";16770;"FUNDO ESPECIAL, OUTROS RECURSOS";"Recursos de partido político, Recursos próprios";"N"
250001123265;"SHIRLEI APARECIDA MOURA DA SILVA";"#NULO";"PSB";"FEMININO";"ENSINO MÉDIO COMPLETO";"SOLTEIRO(A)";"PRETA";"OUTROS";"APTO";54800;337;"SUPLENTE";25000;"FUNDO ESPECIAL";"Recursos de partido político";"N"
250000972818;"LUCAS SANTOS DO NASCIMENTO";"#NULO";"UP";"MASCULINO";"SUPERIOR INCOMPLETO";"SOLTEIRO(A)";"PRETA";"ESTUDANTE, BOLSISTA, ESTAGIÁRIO E ASSEMELHADOS";"APTO";NA;434;"NÃO ELEITO";7800;"FUNDO ESPECIAL";"Recursos de partido político";"N"
250000658735;"EDUARDO DA SILVA SANTOS";"#NULO";"PATRIOTA";"MASCULINO";"SUPERIOR COMPLETO";"SOLTEIRO(A)";"BRANCA";"ADVOGADO";"APTO";13945,55;245;"SUPLENTE";0;"#NULO";"#NULO";"N"
250000658738;"RONALDO LIGIERI SONS";"#NULO";"PATRIOTA";"MASCULINO";"SUPERIOR COMPLETO";"CASADO(A)";"BRANCA";"EMPRESÁRIO";"APTO";407170,73;6990;"SUPLENTE";124500;"OUTROS RECURSOS";"Recursos de pessoas físicas, Recursos próprios";"N"
250000658725;"PATRÍCIA CRISTIANE DA MOTA";"#NULO";"PATRIOTA";"FEMININO";"SUPERIOR COMPLETO";"SOLTEIRO(A)";"BRANCA";"ADVOGADO";"APTO";1000;321;"SUPLENTE";1394;"OUTROS RECURSOS";"Recursos próprios";"N"
250000658724;"FABIO BARRETO DA COSTA JUNIOR";"#NULO";"PATRIOTA";"MASCULINO";"SUPERIOR INCOMPLETO";"SOLTEIRO(A)";"BRANCA";"ESTUDANTE, BOLSISTA, ESTAGIÁRIO E ASSEMELHADOS";"APTO";NA;261;"SUPLENTE";180;"OUTROS RECURSOS";"Recursos de pessoas físicas";"N"
250000658745;"RUBENS ALBERTO GATTI NUNES";"#NULO";"PATRIOTA";"MASCULINO";"SUPERIOR COMPLETO";"SOLTEIRO(A)";"BRANCA";"ADVOGADO";"APTO";193000;33038;"ELEITO POR QP";250608,02;"OUTROS RECURSOS";"Recursos de pessoas físicas, Recursos de Financiamento Coletivo, Recursos próprios";"N"
250000658730;"ROGÉRIO GAMA BAROLO";"#NULO";"PATRIOTA";"MASCULINO";"SUPERIOR INCOMPLETO";"SOLTEIRO(A)";"BRANCA";"JORNALISTA E REDATOR";"APTO";153137;5528;"SUPLENTE";0;"#NULO";"#NULO";"N"
250000885489;"APARECIDO PEREIRA DA ROSA";"#NULO";"SOLIDARIEDADE";"MASCULINO";"SUPERIOR COMPLETO";"SOLTEIRO(A)";"BRANCA";"OUTROS";"APTO";492000;242;"SUPLENTE";9812,99;"FUNDO ESPECIAL";"Recursos de partido político";"N"
250000885491;"MARIA GORETE DA SILVA AQUINO";"#NULO";"SOLIDARIEDADE";"FEMININO";"SUPERIOR INCOMPLETO";"CASADO(A)";"PARDA";"OUTROS";"APTO";NA;184;"SUPLENTE";14212,84;"FUNDO ESPECIAL";"Recursos de partido político";"N"
250000885523;"DARLENE SANTOS DE JESUS NUNES";"#NULO";"SOLIDARIEDADE";"FEMININO";"ENSINO MÉDIO COMPLETO";"CASADO(A)";"PARDA";"OUTROS";"APTO";NA;322;"SUPLENTE";11212,84;"FUNDO ESPECIAL";"Recursos de partido político";"N"
250000885553;"IVANETE ANTONIA DA COSTA";"#NULO";"SOLIDARIEDADE";"FEMININO";"ENSINO FUNDAMENTAL COMPLETO";"SEPARADO(A) JUDICIALMENTE";"PRETA";"OUTROS";"APTO";NA;2999;"SUPLENTE";120697,84;"FUNDO ESPECIAL, OUTROS RECURSOS";"Recursos de partido político, Recursos de pessoas físicas";"N"
250000885495;"JULIAN ANDERSON ALVES BRITO";"#NULO";"SOLIDARIEDADE";"MASCULINO";"ENSINO MÉDIO COMPLETO";"SOLTEIRO(A)";"PARDA";"CABELEIREIRO E BARBEIRO";"APTO";27388;446;"SUPLENTE";9812,99;"FUNDO ESPECIAL";"Recursos de partido político";"N"
250000885550;"EUGENIO TADEU BERNARDES";"#NULO";"SOLIDARIEDADE";"MASCULINO";"SUPERIOR INCOMPLETO";"CASADO(A)";"PRETA";"ADMINISTRADOR";"APTO";138128;409;"SUPLENTE";9812,99;"FUNDO ESPECIAL";"Recursos de partido político";"N"
250000885507;"MARIA NILVA SEVERINO GONCALVES";"#NULO";"SOLIDARIEDADE";"FEMININO";"SUPERIOR COMPLETO";"CASADO(A)";"BRANCA";"PROFESSOR DE ENSINO MÉDIO";"APTO";NA;431;"SUPLENTE";45697,84;"FUNDO ESPECIAL";"Recursos de partido político";"N"
250000885529;"MARIA DE FATIMA DA SILVA";"#NULO";"SOLIDARIEDADE";"FEMININO";"ENSINO MÉDIO COMPLETO";"DIVORCIADO(A)";"BRANCA";"DONA DE CASA";"APTO";NA;307;"SUPLENTE";11212,84;"FUNDO ESPECIAL";"Recursos de partido político";"N"
250000885539;"IVONILDO PAU FERRO DA SILVA";"#NULO";"SOLIDARIEDADE";"MASCULINO";"ENSINO MÉDIO INCOMPLETO";"SOLTEIRO(A)";"BRANCA";"ADMINISTRADOR";"APTO";350000;263;"SUPLENTE";9812,99;"FUNDO ESPECIAL";"Recursos de partido político";"N"
250000885551;"ELLEN CRISTINA DE MORAES";"#NULO";"SOLIDARIEDADE";"FEMININO";"ENSINO MÉDIO COMPLETO";"SOLTEIRO(A)";"BRANCA";"OUTROS";"APTO";NA;618;"SUPLENTE";33965,34;"FUNDO ESPECIAL";"Recursos de partido político";"N"
250001266825;"LOURIVALDO PRATES";"#NULO";"PC do B";"MASCULINO";"ENSINO MÉDIO COMPLETO";"SOLTEIRO(A)";"PARDA";"FUNILEIRO";"APTO";NA;174;"NÃO ELEITO";1000;"OUTROS RECURSOS";"Recursos de partido político";"N"
250000687544;"ROSANA APARECIDA DOS SANTOS";"#NULO";"PC do B";"FEMININO";"ENSINO MÉDIO COMPLETO";"SOLTEIRO(A)";"BRANCA";"DONA DE CASA";"APTO";NA;30;"NÃO ELEITO";2041,82;"FUNDO ESPECIAL";"Recursos de outros candidatos, Recursos de partido político";"N"
250000687558;"RENATO MANOEL DE SOUZA";"#NULO";"PC do B";"MASCULINO";"SUPERIOR COMPLETO";"SOLTEIRO(A)";"PRETA";"OUTROS";"APTO";NA;263;"NÃO ELEITO";7000;"FUNDO ESPECIAL, OUTROS RECURSOS";"Recursos de partido político";"N"
250000687520;"ANA LUCIA DAMAS SOUZA E SILVA";"#NULO";"PC do B";"FEMININO";"SUPERIOR COMPLETO";"CASADO(A)";"BRANCA";"PROFESSOR DE ENSINO MÉDIO";"APTO";5326;55;"NÃO ELEITO";4555,38;"FUNDO ESPECIAL, OUTROS RECURSOS, FUNDO PARTIDARIO";"Recursos de partido político, Recursos de pessoas físicas, Recursos de outros candidatos";"N"
250000687496;"MARIA LUCIA LIMA";"#NULO";"PC do B";"FEMININO";"SUPERIOR COMPLETO";"SOLTEIRO(A)";"BRANCA";"APOSENTADO (EXCETO SERVIDOR PÚBLICO)";"APTO";NA;526;"NÃO ELEITO";27018,23;"OUTROS RECURSOS, FUNDO ESPECIAL, FUNDO PARTIDARIO";"Recursos de pessoas físicas, Recursos próprios, Recursos de partido político, Recursos de outros candidatos";"N"
250000687535;"RAIMUNDO FERREIRA BARROS";"#NULO";"PC do B";"MASCULINO";"ENSINO MÉDIO COMPLETO";"CASADO(A)";"BRANCA";"EMPRESÁRIO";"APTO";NA;211;"NÃO ELEITO";107,38;"FUNDO ESPECIAL";"Recursos de outros candidatos";"N"
250000687514;"IRANDIR PEREIRA DE JESUS";"#NULO";"PC do B";"MASCULINO";"ENSINO MÉDIO COMPLETO";"CASADO(A)";"PARDA";"OUTROS";"APTO";7e+05;419;"NÃO ELEITO";3041,38;"FUNDO ESPECIAL, FUNDO PARTIDARIO";"Recursos de partido político, Recursos de outros candidatos";"N"
250000687532;"CARLOS ADRIANO MAIA BEZERRA";"#NULO";"PC do B";"MASCULINO";"SUPERIOR COMPLETO";"SOLTEIRO(A)";"PARDA";"OUTROS";"APTO";NA;279;"NÃO ELEITO";4937,38;"FUNDO ESPECIAL";"Recursos de partido político, Recursos de outros candidatos";"N"
250000687562;"DANIEL DE BRITO REIS";"#NULO";"PC do B";"MASCULINO";"SUPERIOR COMPLETO";"SOLTEIRO(A)";"PRETA";"PROFESSOR E INSTRUTOR DE FORMAÇÃO PROFISSIONAL";"APTO";NA;484;"NÃO ELEITO";6143,91;"FUNDO ESPECIAL, OUTROS RECURSOS, FUNDO PARTIDARIO";"Recursos de partido político, Recursos de outros candidatos, Recursos de pessoas físicas, Recursos de Financiamento Coletivo";"N"
250000686848;"RENATO BENEDUCI ASSAD";"#NULO";"PSOL";"MASCULINO";"SUPERIOR INCOMPLETO";"SOLTEIRO(A)";"BRANCA";"OUTROS";"APTO";13500;350;"SUPLENTE";6978,08;"OUTROS RECURSOS, FUNDO ESPECIAL";"Recursos de pessoas físicas, Recursos de partido político";"N"
250000686819;"ANA CLAUDIA SILVA MIELKE";"#NULO";"PSOL";"FEMININO";"SUPERIOR COMPLETO";"SOLTEIRO(A)";"PRETA";"JORNALISTA E REDATOR";"APTO";NA;14392;"SUPLENTE";207282,07;"OUTROS RECURSOS, FUNDO ESPECIAL";"Recursos de pessoas físicas, Recursos próprios, Recursos de Financiamento Coletivo, Recursos de partido político";"N"
250000686840;"ALESSA BACELLAR CAMARINHA";"#NULO";"PSOL";"FEMININO";"SUPERIOR COMPLETO";"CASADO(A)";"BRANCA";"MÚSICO";"APTO";22749,13;1746;"SUPLENTE";52737,46;"OUTROS RECURSOS, FUNDO ESPECIAL";"Recursos próprios, Recursos de pessoas físicas, Recursos de Financiamento Coletivo, Recursos de partido político";"N"
250000686867;"JOÃO PAULO BENEVIDES DEMASI";"#NULO";"PSOL";"MASCULINO";"SUPERIOR COMPLETO";"CASADO(A)";"PRETA";"EMPRESÁRIO";"APTO";NA;1013;"SUPLENTE";50000;"OUTROS RECURSOS";"Recursos de pessoas físicas";"N"
250000686845;"RUTE ALONSO DA SILVA";"#NULO";"PSOL";"FEMININO";"SUPERIOR COMPLETO";"SOLTEIRO(A)";"BRANCA";"GERENTE";"APTO";2000;2439;"SUPLENTE";24308,2;"OUTROS RECURSOS, FUNDO PARTIDARIO";"Recursos de pessoas físicas, Recursos de partido político, Recursos próprios";"N"
250000707294;"ALESSANDRANGELO LONDINO FRONTERA";"#NULO";"PP";"MASCULINO";"SUPERIOR INCOMPLETO";"SOLTEIRO(A)";"BRANCA";"MÚSICO";"APTO";138018,78;197;"SUPLENTE";665;"FUNDO ESPECIAL";"Recursos de partido político";"N"
250000707263;"GERALDO PACHECO";"#NULO";"PP";"MASCULINO";"ENSINO MÉDIO INCOMPLETO";"VIÚVO(A)";"BRANCA";"EMPRESÁRIO";"APTO";NA;261;"SUPLENTE";0;"#NULO";"#NULO";"N"
250000707271;"VINÍCIUS CHAVES BARRETO";"#NULO";"PP";"MASCULINO";"ENSINO FUNDAMENTAL COMPLETO";"CASADO(A)";"PARDA";"AUXILIAR DE ESCRITÓRIO E ASSEMELHADOS";"APTO";NA;125;"SUPLENTE";0;"#NULO";"#NULO";"N"
250000707288;"IZAIAS DE SOUSA BOHLHARTER";"#NULO";"PP";"MASCULINO";"SUPERIOR COMPLETO";"CASADO(A)";"BRANCA";"POLICIAL MILITAR";"APTO";NA;796;"SUPLENTE";5064,1;"OUTROS RECURSOS";"Recursos de pessoas físicas";"N"
250000707283;"IVANA ALVES DA CUNHA RIBEIRO";"#NULO";"PP";"FEMININO";"SUPERIOR COMPLETO";"DIVORCIADO(A)";"BRANCA";"ENGENHEIRO";"APTO";825744,21;126;"SUPLENTE";1148,5;"OUTROS RECURSOS, FUNDO PARTIDARIO";"Recursos de pessoas físicas, Recursos de partido político";"N"
250000707300;"SABRINA BARUCH NEGRÃO MARQUES";"#NULO";"PP";"FEMININO";"ENSINO MÉDIO COMPLETO";"SOLTEIRO(A)";"BRANCA";"EMPRESÁRIO";"APTO";NA;485;"SUPLENTE";1344,5;"OUTROS RECURSOS";"Recursos próprios, Recursos de partido político";"N"
250001097225;"HAMILTON DIAS MENEZES";"#NULO";"PTC";"MASCULINO";"SUPERIOR INCOMPLETO";"CASADO(A)";"PARDA";"SERVIDOR PÚBLICO MUNICIPAL";"APTO";NA;351;"NÃO ELEITO";0;"#NULO";"#NULO";"N"
250001097175;"GILBERTO SILVA LIMA";"#NULO";"PTC";"MASCULINO";"ENSINO MÉDIO COMPLETO";"CASADO(A)";"PARDA";"COBRADOR DE TRANSPORTE COLETIVO";"APTO";23000;606;"NÃO ELEITO";0;"#NULO";"#NULO";"N"
250001097198;"EDUARDO MASSAMBANI";"#NULO";"PTC";"MASCULINO";"SUPERIOR COMPLETO";"SOLTEIRO(A)";"BRANCA";"COMERCIANTE";"APTO";3e+05;1004;"NÃO ELEITO";1150;"OUTROS RECURSOS";"Recursos de pessoas físicas";"N"
250001097221;"SAMANTHA MAGUETTA";"#NULO";"PTC";"FEMININO";"SUPERIOR COMPLETO";"CASADO(A)";"BRANCA";"ADVOGADO";"APTO";1e+06;219;"NÃO ELEITO";10000;"FUNDO ESPECIAL";"Recursos de partido político";"N"
250001097205;"LUIZ CLAUDIO MACHADO";"#NULO";"PTC";"MASCULINO";"ENSINO FUNDAMENTAL INCOMPLETO";"SOLTEIRO(A)";"BRANCA";"GERENTE";"APTO";NA;234;"NÃO ELEITO";0;"#NULO";"#NULO";"N"
250001097230;"WILLIANS ROCHA MONTEIRO";"#NULO";"PTC";"MASCULINO";"SUPERIOR COMPLETO";"SOLTEIRO(A)";"BRANCA";"SERVIDOR PÚBLICO ESTADUAL";"APTO";12000;47;"NÃO ELEITO";0;"#NULO";"#NULO";"N"
250000811433;"WILIANS FRANCISCO DONATO DO NASCIMENTO";"#NULO";"PODE";"MASCULINO";"ENSINO MÉDIO COMPLETO";"CASADO(A)";"PARDA";"OUTROS";"APTO";28000;1532;"SUPLENTE";60110;"FUNDO ESPECIAL, OUTROS RECURSOS";"Recursos de partido político, Recursos de pessoas físicas";"N"
250000811441;"MOHAMED AHMED YOUSSEF";"#NULO";"PODE";"MASCULINO";"SUPERIOR COMPLETO";"CASADO(A)";"BRANCA";"MÉDICO";"APTO";1219618,82;4981;"SUPLENTE";39910;"FUNDO ESPECIAL";"Recursos de partido político";"N"
250000811444;"FABIO LEANDRO CARDOSO TEIXEIRA";"#NULO";"PODE";"MASCULINO";"SUPERIOR INCOMPLETO";"CASADO(A)";"PARDA";"COMERCIANTE";"APTO";107500;1405;"SUPLENTE";32820;"OUTROS RECURSOS, FUNDO ESPECIAL";"Recursos de partido político";"N"
250000811442;"CLÉLIA GOMES DA SILVA";"#NULO";"PODE";"FEMININO";"SUPERIOR COMPLETO";"DIVORCIADO(A)";"PRETA";"OUTROS";"APTO";305000;1438;"SUPLENTE";519790;"FUNDO PARTIDARIO, FUNDO ESPECIAL";"Recursos de partido político";"N"
250000811394;"ELINALVA ORTEGAS ESTANISLAU";"#NULO";"PODE";"FEMININO";"SUPERIOR COMPLETO";"SOLTEIRO(A)";"BRANCA";"OUTROS";"APTO";NA;23084;"ELEITO POR QP";358500;"OUTROS RECURSOS, FUNDO ESPECIAL";"Recursos de pessoas físicas, Recursos de partido político";"N"
250000811438;"CLEBER ARAÚJO BARBOSA";"#NULO";"PODE";"MASCULINO";"SUPERIOR COMPLETO";"SOLTEIRO(A)";"BRANCA";"PROFESSOR E INSTRUTOR DE FORMAÇÃO PROFISSIONAL";"APTO";43539,79;2306;"SUPLENTE";14420;"FUNDO ESPECIAL";"Recursos de partido político";"N"
250000811382;"MARIO MAEDA JUNIOR";"#NULO";"PODE";"MASCULINO";"SUPERIOR COMPLETO";"DIVORCIADO(A)";"BRANCA";"PROFESSOR DE ENSINO SUPERIOR";"APTO";320000;1769;"SUPLENTE";40030;"FUNDO ESPECIAL";"Recursos de partido político";"N"
250000811395;"SILVIA MIRANDA NAGATA";"#NULO";"PODE";"FEMININO";"SUPERIOR COMPLETO";"CASADO(A)";"BRANCA";"PROFESSOR DE ENSINO FUNDAMENTAL";"APTO";404534,32;988;"SUPLENTE";23160;"FUNDO ESPECIAL, OUTROS RECURSOS";"Recursos de partido político, Recursos de pessoas físicas";"N"
250000811386;"NAZARENO ANTONIO DA SILVA";"#NULO";"PODE";"MASCULINO";"ENSINO FUNDAMENTAL INCOMPLETO";"SOLTEIRO(A)";"PARDA";"OUTROS";"APTO";NA;3869;"SUPLENTE";140770;"FUNDO ESPECIAL";"Recursos de partido político";"N"
250000811381;"MILTON FERREIRA DA SILVA";"#NULO";"PODE";"MASCULINO";"SUPERIOR COMPLETO";"CASADO(A)";"BRANCA";"MÉDICO";"APTO";1598853;20126;"ELEITO POR QP";460958,15;"OUTROS RECURSOS, FUNDO ESPECIAL, FUNDO PARTIDARIO";"Recursos de pessoas físicas, Recursos próprios, Recursos de partido político";"N"
250000811424;"LUCIANO GALESCO";"#NULO";"PODE";"MASCULINO";"SUPERIOR COMPLETO";"CASADO(A)";"BRANCA";"POLICIAL MILITAR";"APTO";3e+05;7443;"SUPLENTE";80000;"FUNDO ESPECIAL";"Recursos de partido político";"N"
250000811375;"CREUSA VIEIRA DANTAS ARAUJO";"#NULO";"PODE";"FEMININO";"SUPERIOR COMPLETO";"CASADO(A)";"BRANCA";"JORNALISTA E REDATOR";"APTO";3e+05;151;"SUPLENTE";22820;"FUNDO ESPECIAL";"Recursos de partido político";"N"
250001041986;"ANA CLAUDIA PERES LUCAS LOPES";"#NULO";"PRTB";"FEMININO";"SUPERIOR COMPLETO";"VIÚVO(A)";"BRANCA";"PUBLICITÁRIO";"APTO";17055,28;5793;"NÃO ELEITO";10845;"OUTROS RECURSOS";"Recursos de pessoas físicas, Recursos de Financiamento Coletivo";"N"
250001041956;"ALMIRO RODRIGUES RIBEIRO";"#NULO";"PRTB";"MASCULINO";"ENSINO MÉDIO COMPLETO";"CASADO(A)";"PARDA";"MECÂNICO DE MANUTENÇÃO";"APTO";64200;915;"NÃO ELEITO";1195;"OUTROS RECURSOS";"Recursos próprios";"N"
250001041973;"PAULO SERGIO MOREIRA MELLO";"#NULO";"PRTB";"MASCULINO";"SUPERIOR COMPLETO";"DIVORCIADO(A)";"BRANCA";"ADMINISTRADOR";"APTO";278000;655;"NÃO ELEITO";9441,5;"OUTROS RECURSOS, FUNDO PARTIDARIO";"Recursos de pessoas físicas, Recursos de Financiamento Coletivo, Recursos de partido político";"N"
250001041999;"VAGNER CONTIER";"#NULO";"PRTB";"MASCULINO";"SUPERIOR COMPLETO";"CASADO(A)";"BRANCA";"OUTROS";"APTO";NA;128;"NÃO ELEITO";1899,5;"OUTROS RECURSOS";"Recursos de partido político, Recursos de Financiamento Coletivo, Recursos próprios";"N"
250001042008;"FABIO VOLANTE";"#NULO";"PRTB";"MASCULINO";"SUPERIOR COMPLETO";"CASADO(A)";"BRANCA";"PSICÓLOGO";"APTO";NA;80;"NÃO ELEITO";150;"OUTROS RECURSOS";"Recursos próprios";"N"
250000706734;"EVANDO REIS";"#NULO";"PV";"MASCULINO";"SUPERIOR COMPLETO";"CASADO(A)";"BRANCA";"ENGENHEIRO";"APTO";150000;1435;"SUPLENTE";122516,68;"OUTROS RECURSOS, FUNDO ESPECIAL";"Recursos de pessoas físicas, Recursos próprios, Recursos de partido político";"N"
250000706747;"MARCO AURELIO RODRIGUES DE ARAUJO";"#NULO";"PV";"MASCULINO";"SUPERIOR COMPLETO";"CASADO(A)";"PARDA";"ENGENHEIRO";"APTO";390620,74;469;"SUPLENTE";0;"#NULO";"#NULO";"N"
250000706730;"JOSE CARLOS RUBIO DA SILVA";"#NULO";"PV";"MASCULINO";"SUPERIOR COMPLETO";"SOLTEIRO(A)";"BRANCA";"MÚSICO";"APTO";277433;165;"SUPLENTE";4500;"OUTROS RECURSOS, FUNDO ESPECIAL";"Recursos de pessoas físicas, Recursos de partido político";"N"
250000706712;"JURACY DA CONCEIÇÃO DOS SANTOS";"#NULO";"PV";"FEMININO";"ENSINO MÉDIO INCOMPLETO";"DIVORCIADO(A)";"PRETA";"OUTROS";"APTO";NA;325;"SUPLENTE";8000;"FUNDO ESPECIAL";"Recursos de partido político";"N"
250000706755;"RENATA FALZONI";"#NULO";"PV";"FEMININO";"SUPERIOR COMPLETO";"SOLTEIRO(A)";"BRANCA";"JORNALISTA E REDATOR";"APTO";2287132,49;26078;"SUPLENTE";187322;"OUTROS RECURSOS, FUNDO ESPECIAL";"Recursos de pessoas físicas, Recursos de outros candidatos, Recursos de Financiamento Coletivo, Recursos de partido político, Recursos próprios";"N"
250000706723;"ALUÍZIO TONIDANDEL";"#NULO";"PV";"MASCULINO";"ENSINO MÉDIO COMPLETO";"CASADO(A)";"BRANCA";"OUTROS";"APTO";NA;970;"SUPLENTE";0;"#NULO";"#NULO";"N"
250000706751;"JOSE ROBERTO NAZELLO DE ALVARENGA TRÍPOLI";"#NULO";"PV";"MASCULINO";"SUPERIOR INCOMPLETO";"CASADO(A)";"BRANCA";"PUBLICITÁRIO";"APTO";3210897;46219;"ELEITO POR QP";622824;"OUTROS RECURSOS, FUNDO ESPECIAL";"Recursos de pessoas físicas, Recursos próprios, Recursos de partido político";"N"
250000706743;"WELLINGTON SIQUEIRA MOREIRA";"#NULO";"PV";"MASCULINO";"LÊ E ESCREVE";"SOLTEIRO(A)";"BRANCA";"OUTROS";"APTO";NA;185;"SUPLENTE";3000;"FUNDO ESPECIAL";"Recursos de partido político";"N"
250000706693;"EURIVALDO SILVA FERREIRA";"#NULO";"PV";"MASCULINO";"SUPERIOR COMPLETO";"SOLTEIRO(A)";"BRANCA";"OUTROS";"APTO";521000;252;"SUPLENTE";5000;"FUNDO ESPECIAL";"Recursos de partido político";"N"
250000706745;"NILSON ZIMANTAS DE MORAES";"#NULO";"PV";"MASCULINO";"SUPERIOR COMPLETO";"DIVORCIADO(A)";"PARDA";"PROFESSOR DE ENSINO MÉDIO";"APTO";282405;102;"SUPLENTE";0;"#NULO";"#NULO";"N"
250000925935;"AMAURI DA SILVA";"#NULO";"PSC";"MASCULINO";"SUPERIOR COMPLETO";"DIVORCIADO(A)";"BRANCA";"SERVIDOR PÚBLICO MUNICIPAL";"APTO";51970,25;3271;"SUPLENTE";50000;"FUNDO ESPECIAL, OUTROS RECURSOS";"Recursos de partido político, Recursos de pessoas físicas";"N"
250000883852;"MARCELINO FERNANDES DA SILVA";"#NULO";"REPUBLICANOS";"MASCULINO";"SUPERIOR COMPLETO";"CASADO(A)";"BRANCA";"POLICIAL MILITAR";"APTO";810826,77;2144;"SUPLENTE";9305;"FUNDO ESPECIAL, OUTROS RECURSOS";"Recursos de partido político, Recursos próprios";"N"
250000883834;"JOSÉ SOUZA DOS SANTOS";"#NULO";"REPUBLICANOS";"MASCULINO";"SUPERIOR COMPLETO";"CASADO(A)";"PARDA";"VEREADOR";"APTO";302618,89;7816;"SUPLENTE";274281,85;"OUTROS RECURSOS, FUNDO ESPECIAL";"Recursos de pessoas físicas, Recursos de partido político, Recursos próprios";"N"
250000925961;"ANDRÉ LUIZ DE MACEDO";"#NULO";"PSC";"MASCULINO";"SUPERIOR COMPLETO";"DIVORCIADO(A)";"PARDA";"COMERCIANTE";"APTO";NA;1397;"SUPLENTE";16500;"FUNDO ESPECIAL";"Recursos de partido político";"N"
250000925936;"CASSIO ROBERTO DOS REIS MARQUES";"#NULO";"PSC";"MASCULINO";"SUPERIOR COMPLETO";"DIVORCIADO(A)";"BRANCA";"VENDEDOR PRACISTA, REPRESENTANTE, CAIXEIRO-VIAJANTE E ASSEMELHADOS";"APTO";80000;767;"SUPLENTE";1500;"FUNDO ESPECIAL";"Recursos de partido político";"N"
250000883844;"ANDRÉ LUIZ SANTOS ESTEVES";"#NULO";"REPUBLICANOS";"MASCULINO";"SUPERIOR COMPLETO";"CASADO(A)";"PRETA";"VEREADOR";"APTO";94559,63;41584;"ELEITO POR QP";719118;"OUTROS RECURSOS, FUNDO ESPECIAL";"Recursos de pessoas físicas, Recursos de partido político, Recursos próprios";"N"
250000883891;"ELIANA PASSARELLI";"#NULO";"REPUBLICANOS";"FEMININO";"SUPERIOR COMPLETO";"DIVORCIADO(A)";"BRANCA";"OUTROS";"APTO";409276,63;8204;"SUPLENTE";489569,43;"OUTROS RECURSOS, FUNDO ESPECIAL";"Recursos de pessoas físicas, Recursos de partido político";"N"
250000883845;"GETULIO FERNANDES DOS SANTOS";"#NULO";"REPUBLICANOS";"MASCULINO";"SUPERIOR INCOMPLETO";"VIÚVO(A)";"PRETA";"CABELEIREIRO E BARBEIRO";"APTO";NA;697;"SUPLENTE";8650,5;"OUTROS RECURSOS, FUNDO ESPECIAL";"Recursos de pessoas físicas, Recursos de partido político";"N"
250000925955;"LEANDRO DE JESUS";"#NULO";"PSC";"MASCULINO";"SUPERIOR COMPLETO";"CASADO(A)";"PARDA";"EMPRESÁRIO";"APTO";NA;1675;"SUPLENTE";17495;"FUNDO ESPECIAL";"Recursos de partido político";"N"
250000883825;"GILDASIO DE SOUSA SANTOS";"#NULO";"REPUBLICANOS";"MASCULINO";"ENSINO MÉDIO COMPLETO";"SOLTEIRO(A)";"PARDA";"LOCUTOR E COMENTARISTA DE RÁDIO E TELEVISÃO E RADIALISTA";"APTO";NA;568;"SUPLENTE";1907,5;"FUNDO ESPECIAL";"Recursos de partido político";"N"
250000883849;"ANTONIO PEREIRA DOS SANTOS";"#NULO";"REPUBLICANOS";"MASCULINO";"SUPERIOR COMPLETO";"CASADO(A)";"PARDA";"POLICIAL MILITAR";"APTO";373260,69;1755;"SUPLENTE";13443,48;"OUTROS RECURSOS, FUNDO ESPECIAL";"Recursos de pessoas físicas, Recursos de partido político";"N"
250000925947;"MARCELO GERALDO DA SILVA";"#NULO";"PSC";"MASCULINO";"ENSINO MÉDIO COMPLETO";"SOLTEIRO(A)";"PRETA";"MÚSICO";"APTO";NA;773;"SUPLENTE";25754,79;"OUTROS RECURSOS, FUNDO ESPECIAL";"Recursos de pessoas físicas, Recursos de partido político";"N"
250000925949;"VALQUÍRIA JUSTINO";"#NULO";"PSC";"FEMININO";"SUPERIOR COMPLETO";"SOLTEIRO(A)";"PRETA";"OUTROS";"APTO";205000;317;"SUPLENTE";17120;"FUNDO ESPECIAL";"Recursos de partido político";"N"
250000883830;"WELINGTON JOSÉ DE CAMARGO";"#NULO";"REPUBLICANOS";"MASCULINO";"ENSINO MÉDIO INCOMPLETO";"CASADO(A)";"PARDA";"OUTROS";"APTO";NA;7364;"SUPLENTE";97731,92;"FUNDO ESPECIAL, OUTROS RECURSOS";"Recursos de partido político, Recursos de pessoas físicas";"N"
250000883899;"RICARDO SAMPAIO GONÇALVES";"#NULO";"REPUBLICANOS";"MASCULINO";"SUPERIOR COMPLETO";"CASADO(A)";"PRETA";"ADVOGADO";"APTO";45500;4862;"SUPLENTE";27981,93;"OUTROS RECURSOS, FUNDO ESPECIAL";"Recursos de pessoas físicas, Recursos de partido político";"N"
250000925926;"JADSON JOSÉ BARACHO DA SILVA";"#NULO";"PSC";"MASCULINO";"SUPERIOR COMPLETO";"CASADO(A)";"PARDA";"CONTADOR";"APTO";550000;354;"SUPLENTE";7495;"FUNDO ESPECIAL";"Recursos de partido político";"N"
250000925937;"MARCELO DOURADO COELHO";"#NULO";"PSC";"MASCULINO";"SUPERIOR COMPLETO";"SOLTEIRO(A)";"BRANCA";"MÉDICO";"APTO";479000;1619;"SUPLENTE";53250;"OUTROS RECURSOS, FUNDO ESPECIAL";"Recursos próprios, Recursos de partido político";"N"
250001016165;"BRUNO LUIZ ANTUNES DE ASSUNÇÃO";"#NULO";"PSD";"MASCULINO";"ENSINO MÉDIO COMPLETO";"SOLTEIRO(A)";"BRANCA";"REPRESENTANTE COMERCIAL";"APTO";NA;228;"SUPLENTE";11210;"OUTROS RECURSOS, FUNDO ESPECIAL";"Recursos de pessoas físicas, Recursos próprios, Recursos de partido político";"N"
250001016188;"LUCILA DE ARAÚJO RODRIGUES CALDAS";"#NULO";"PSD";"FEMININO";"SUPERIOR COMPLETO";"VIÚVO(A)";"BRANCA";"APOSENTADO (EXCETO SERVIDOR PÚBLICO)";"APTO";16670000;102;"SUPLENTE";21500;"FUNDO PARTIDARIO";"Recursos de partido político";"N"
250001016184;"ROBERTO PIRES";"#NULO";"PSD";"MASCULINO";"SUPERIOR COMPLETO";"CASADO(A)";"BRANCA";"COMERCIÁRIO";"APTO";683404,49;2037;"SUPLENTE";13521,74;"FUNDO ESPECIAL";"Recursos de partido político";"N"
250001016187;"JOSÉ LUIZ NODAR RIBEIRO";"#NULO";"PSD";"MASCULINO";"ENSINO MÉDIO COMPLETO";"CASADO(A)";"BRANCA";"COMERCIANTE";"APTO";NA;314;"SUPLENTE";13521,74;"FUNDO ESPECIAL";"Recursos de partido político";"N"
250001016189;"LUIS CELSO VIEIRA SOBRAL";"#NULO";"PSD";"MASCULINO";"SUPERIOR COMPLETO";"DIVORCIADO(A)";"BRANCA";"EMPRESÁRIO";"APTO";36260,99;3364;"SUPLENTE";264321,74;"OUTROS RECURSOS, FUNDO ESPECIAL";"Recursos de pessoas físicas, Recursos próprios, Recursos de partido político";"N"
250001016183;"ROBERTO MARTINS FIGUEIREDO";"#NULO";"PSD";"MASCULINO";"SUPERIOR COMPLETO";"CASADO(A)";"BRANCA";"BIOMÉDICO";"APTO";3576386,15;3569;"SUPLENTE";88521,74;"FUNDO ESPECIAL";"Recursos de partido político";"N"
250001016149;"JOANA D ARC FIGUEIRA CRUZ";"#NULO";"PSD";"FEMININO";"SUPERIOR COMPLETO";"SOLTEIRO(A)";"BRANCA";"ADVOGADO";"APTO";224540;606;"SUPLENTE";25021,74;"FUNDO ESPECIAL";"Recursos de partido político";"N"
250001016168;"RINALDO GALDINO DOS SANTOS";"#NULO";"PSD";"MASCULINO";"SUPERIOR COMPLETO";"SOLTEIRO(A)";"BRANCA";"ADVOGADO";"APTO";NA;294;"SUPLENTE";13521,74;"FUNDO ESPECIAL";"Recursos de partido político";"N"
250001016141;"JOSÉ ROLIM DA SILVA";"#NULO";"PSD";"MASCULINO";"ENSINO FUNDAMENTAL COMPLETO";"DIVORCIADO(A)";"BRANCA";"COMERCIANTE";"APTO";242178,12;1039;"SUPLENTE";13521,74;"FUNDO ESPECIAL";"Recursos de partido político";"N"
250000641025;"ISAC FÉLIX DOS SANTOS";"#NULO";"PL";"MASCULINO";"SUPERIOR COMPLETO";"CASADO(A)";"PARDA";"VEREADOR";"APTO";1042355,7;23929;"ELEITO POR MÉDIA";538810;"OUTROS RECURSOS, FUNDO PARTIDARIO, FUNDO ESPECIAL";"Recursos de pessoas físicas, Recursos próprios, Recursos de partido político";"N"
250000641036;"ADRIANA ALVES DE OLIVEIRA";"#NULO";"PL";"FEMININO";"SUPERIOR COMPLETO";"SOLTEIRO(A)";"PARDA";"OUTROS";"APTO";36500;1165;"SUPLENTE";42600;"FUNDO PARTIDARIO, FUNDO ESPECIAL, OUTROS RECURSOS";"Recursos de partido político, Recursos de pessoas físicas, Recursos próprios";"N"
250000641010;"MOISÉS DE SANTANA";"#NULO";"PL";"MASCULINO";"SUPERIOR COMPLETO";"CASADO(A)";"PARDA";"OUTROS";"APTO";NA;217;"SUPLENTE";12800;"FUNDO PARTIDARIO, FUNDO ESPECIAL";"Recursos de partido político";"N"
250000641042;"SANDRA LIA POMPEI OJEDA";"#NULO";"PL";"FEMININO";"SUPERIOR COMPLETO";"CASADO(A)";"BRANCA";"ADVOGADO";"APTO";273762,66;259;"SUPLENTE";30600;"OUTROS RECURSOS, FUNDO PARTIDARIO";"Recursos de pessoas físicas, Recursos de partido político";"N"
250000641024;"IALON SOUZA BEZERRA";"#NULO";"PL";"MASCULINO";"ENSINO FUNDAMENTAL COMPLETO";"SOLTEIRO(A)";"PARDA";"EMPRESÁRIO";"APTO";81248;139;"SUPLENTE";12800;"FUNDO PARTIDARIO, FUNDO ESPECIAL";"Recursos de partido político";"N"
250000641048;"MARCOS DE SOUZA";"#NULO";"PL";"MASCULINO";"SUPERIOR COMPLETO";"CASADO(A)";"BRANCA";"ADVOGADO";"APTO";189860,48;374;"SUPLENTE";14800;"FUNDO ESPECIAL, OUTROS RECURSOS, FUNDO PARTIDARIO";"Recursos de partido político, Recursos de pessoas físicas";"N"
250000641033;"LUIZ ALBERTO MATIAS DA GAMA";"#NULO";"PL";"MASCULINO";"ENSINO FUNDAMENTAL COMPLETO";"SOLTEIRO(A)";"PARDA";"TAXISTA";"APTO";1145;103;"SUPLENTE";12800;"FUNDO PARTIDARIO, FUNDO ESPECIAL";"Recursos de partido político";"N"
250000641015;"LAURO LISBOA FILHO";"#NULO";"PL";"MASCULINO";"ENSINO MÉDIO COMPLETO";"CASADO(A)";"BRANCA";"MOTORISTA DE VEÍCULOS DE TRANSPORTE COLETIVO DE PASSAGEIROS";"APTO";NA;192;"SUPLENTE";14800;"FUNDO ESPECIAL, FUNDO PARTIDARIO";"Recursos de partido político";"N"
250000640974;"LEILIANE RAFAEL DA SILVA";"#NULO";"PL";"FEMININO";"ENSINO MÉDIO COMPLETO";"SOLTEIRO(A)";"PARDA";"DONA DE CASA";"APTO";NA;2711;"SUPLENTE";95600;"FUNDO PARTIDARIO, FUNDO ESPECIAL";"Recursos de partido político";"N"
250000641012;"RICARDO MIRANDA DA SILVA";"#NULO";"PL";"MASCULINO";"SUPERIOR COMPLETO";"SOLTEIRO(A)";"BRANCA";"ANALISTA DE SISTEMAS";"APTO";119500;743;"SUPLENTE";14800;"FUNDO ESPECIAL, FUNDO PARTIDARIO";"Recursos de partido político";"N"
250000641028;"LÚCIO DEODATO MACHADO DE ALMEIDA";"#NULO";"PL";"MASCULINO";"SUPERIOR INCOMPLETO";"CASADO(A)";"BRANCA";"EMPRESÁRIO";"APTO";67456,27;963;"SUPLENTE";32800;"FUNDO PARTIDARIO, FUNDO ESPECIAL";"Recursos de partido político";"N"
250000641026;"FRANCISCO RAYMIS RIBEIRO PAPAIANO";"#NULO";"PL";"MASCULINO";"ENSINO MÉDIO COMPLETO";"DIVORCIADO(A)";"BRANCA";"EMPRESÁRIO";"APTO";11500;207;"SUPLENTE";10800;"FUNDO ESPECIAL, FUNDO PARTIDARIO";"Recursos de partido político";"N"
250000641030;"NICIVAL MARTINS DE OLIVEIRA";"#NULO";"PL";"MASCULINO";"SUPERIOR COMPLETO";"CASADO(A)";"PARDA";"EMPRESÁRIO";"APTO";280000;715;"SUPLENTE";12894,64;"FUNDO ESPECIAL, OUTROS RECURSOS, FUNDO PARTIDARIO";"Recursos de partido político, Recursos próprios";"N"
250001159230;"KAMILA APARECIDA DOS SANTOS";"#NULO";"PROS";"FEMININO";"SUPERIOR COMPLETO";"SOLTEIRO(A)";"PRETA";"OUTROS";"APTO";NA;85;"NÃO ELEITO";9276,7;"FUNDO PARTIDARIO, FUNDO ESPECIAL, OUTROS RECURSOS";"Recursos de partido político, Recursos de outros candidatos";"N"
250001159223;"ROGÉRIO GUEIROS DE ARAÚJO";"#NULO";"PROS";"MASCULINO";"ENSINO MÉDIO COMPLETO";"SOLTEIRO(A)";"BRANCA";"EMPRESÁRIO";"APTO";NA;21;"NÃO ELEITO";6276,7;"OUTROS RECURSOS, FUNDO ESPECIAL, FUNDO PARTIDARIO";"Recursos de outros candidatos, Recursos de partido político";"N"
250001159202;"BRUNA LUIZA NOGUEIRA LIMA";"#NULO";"PROS";"FEMININO";"SUPERIOR INCOMPLETO";"SOLTEIRO(A)";"PRETA";"OUTROS";"APTO";NA;2;"NÃO ELEITO";1000;"FUNDO ESPECIAL";"Recursos de partido político";"N"
250001159237;"WLADMIR GANCEV JUNIOR";"#NULO";"PROS";"MASCULINO";"SUPERIOR COMPLETO";"CASADO(A)";"BRANCA";"ADVOGADO";"APTO";146500;545;"NÃO ELEITO";6276,6;"OUTROS RECURSOS, FUNDO ESPECIAL, FUNDO PARTIDARIO";"Recursos de outros candidatos, Recursos de partido político";"N"
250001159210;"ADRIANA MARIA DA SILVA";"#NULO";"PROS";"FEMININO";"ENSINO MÉDIO COMPLETO";"DIVORCIADO(A)";"PARDA";"EMPRESÁRIO";"APTO";NA;353;"NÃO ELEITO";32577,69;"OUTROS RECURSOS, FUNDO PARTIDARIO, FUNDO ESPECIAL";"Recursos de outros candidatos, Recursos de partido político";"N"
250001159236;"JORGE CLAUDIO ANSELMO";"#NULO";"PROS";"MASCULINO";"ENSINO MÉDIO COMPLETO";"SOLTEIRO(A)";"PRETA";"TÉCNICO DE MINERAÇÃO, METALURGIA E GEOLOGIA";"APTO";NA;1011;"NÃO ELEITO";7276,7;"OUTROS RECURSOS, FUNDO ESPECIAL, FUNDO PARTIDARIO";"Recursos de outros candidatos, Recursos de partido político";"N"
250001159209;"MARIA VANDA DOS SANTOS";"#NULO";"PROS";"FEMININO";"ENSINO FUNDAMENTAL COMPLETO";"SOLTEIRO(A)";"BRANCA";"PORTEIRO DE EDIFÍCIO, ASCENSORISTA, GARAGISTA E ZELADOR";"APTO";NA;64;"NÃO ELEITO";5276,7;"FUNDO PARTIDARIO, OUTROS RECURSOS";"Recursos de partido político, Recursos de outros candidatos";"N"
250001159232;"RAFAEL BARBOSA LOPES SANTOS DE JESUS";"#NULO";"PROS";"MASCULINO";"SUPERIOR INCOMPLETO";"CASADO(A)";"PRETA";"EMPRESÁRIO";"APTO";NA;176;"NÃO ELEITO";5276,7;"OUTROS RECURSOS, FUNDO PARTIDARIO";"Recursos de outros candidatos, Recursos de partido político";"N"
250001159220;"MARIA APARECIDA DA SILVA";"#NULO";"PROS";"FEMININO";"ENSINO MÉDIO COMPLETO";"SOLTEIRO(A)";"BRANCA";"OUTROS";"APTO";NA;113;"NÃO ELEITO";5276,7;"OUTROS RECURSOS, FUNDO PARTIDARIO";"Recursos de outros candidatos, Recursos de partido político";"N"
250001159201;"LOURIVAL GOMES DA SILVA";"#NULO";"PROS";"MASCULINO";"SUPERIOR COMPLETO";"CASADO(A)";"BRANCA";"ADVOGADO";"APTO";70000;178;"NÃO ELEITO";1000;"FUNDO ESPECIAL";"Recursos de partido político";"N"
250001159227;"LUIZ CARLOS ALVES GRACIANO";"#NULO";"PROS";"MASCULINO";"SUPERIOR COMPLETO";"CASADO(A)";"BRANCA";"TÉCNICO DE OBRAS CIVIS, ESTRADAS, SANEAMENTO E ASSEMELHADOS";"APTO";215000;666;"NÃO ELEITO";7276,7;"FUNDO ESPECIAL, FUNDO PARTIDARIO, OUTROS RECURSOS";"Recursos de partido político, Recursos de outros candidatos";"N"
250000945005;"DEIVISON MARCIANO DO PRADO";"#NULO";"CIDADANIA";"MASCULINO";"ENSINO MÉDIO COMPLETO";"CASADO(A)";"BRANCA";"EMPRESÁRIO";"APTO";NA;22;"NÃO ELEITO";3638,16;"FUNDO PARTIDARIO, FUNDO ESPECIAL";"Recursos de partido político";"N"
250000944997;"DEREK FERREIRA MELO";"#NULO";"CIDADANIA";"MASCULINO";"ENSINO MÉDIO COMPLETO";"SOLTEIRO(A)";"BRANCA";"ANALISTA DE SISTEMAS";"APTO";NA;3;"NÃO ELEITO";0;"#NULO";"#NULO";"N"
250000944976;"MARIA BERENICE DO NASCIMENTO FEITOSA";"#NULO";"CIDADANIA";"FEMININO";"ENSINO MÉDIO COMPLETO";"CASADO(A)";"PARDA";"DONA DE CASA";"APTO";NA;286;"NÃO ELEITO";9138,16;"FUNDO ESPECIAL, OUTROS RECURSOS";"Recursos de partido político, Recursos de pessoas físicas";"N"
250001206064;"LUIS FLÁVIO RODRIGUES";"#NULO";"AVANTE";"MASCULINO";"SUPERIOR COMPLETO";"CASADO(A)";"BRANCA";"SERVIDOR PÚBLICO MUNICIPAL";"APTO";322976,81;1308;"NÃO ELEITO";6894,1;"OUTROS RECURSOS";"Recursos próprios, Recursos de pessoas físicas";"N"
250001206063;"WELLINGTON PEREIRA DA SILVA";"#NULO";"AVANTE";"MASCULINO";"SUPERIOR COMPLETO";"SOLTEIRO(A)";"BRANCA";"MOTORISTA DE VEÍCULOS DE TRANSPORTE COLETIVO DE PASSAGEIROS";"APTO";NA;4467;"NÃO ELEITO";0;"#NULO";"#NULO";"N"
250001206035;"MILTON CAMILO DE BARROS";"#NULO";"AVANTE";"MASCULINO";"ENSINO MÉDIO COMPLETO";"CASADO(A)";"PRETA";"OUTROS";"APTO";NA;661;"NÃO ELEITO";0;"#NULO";"#NULO";"N"
250001273502;"GILDO GONÇALVES DA SILVA";"#NULO";"AVANTE";"MASCULINO";"SUPERIOR INCOMPLETO";"DIVORCIADO(A)";"BRANCA";"CORRETOR DE IMÓVEIS, SEGUROS, TÍTULOS E VALORES";"APTO";NA;123;"NÃO ELEITO";0;"#NULO";"#NULO";"N"
250001206036;"IVANIR APARECIDA CABRAL";"#NULO";"AVANTE";"FEMININO";"ENSINO MÉDIO COMPLETO";"SOLTEIRO(A)";"BRANCA";"DONA DE CASA";"APTO";NA;270;"NÃO ELEITO";3300;"OUTROS RECURSOS, FUNDO ESPECIAL";"Recursos de pessoas físicas, Recursos de partido político";"N"
250001206101;"LUCIANA CARLA GOMES";"#NULO";"AVANTE";"FEMININO";"SUPERIOR INCOMPLETO";"SOLTEIRO(A)";"BRANCA";"AUXILIAR DE ESCRITÓRIO E ASSEMELHADOS";"APTO";NA;222;"NÃO ELEITO";53000;"FUNDO ESPECIAL";"Recursos de partido político";"N"
250001206088;"ANTONIO PEDRO DA SILVA FILHO";"#NULO";"AVANTE";"MASCULINO";"SUPERIOR COMPLETO";"CASADO(A)";"BRANCA";"PROFESSOR DE ENSINO FUNDAMENTAL";"APTO";NA;787;"NÃO ELEITO";0;"#NULO";"#NULO";"N"
250001206061;"PAULO CALADO FARIAS";"#NULO";"AVANTE";"MASCULINO";"SUPERIOR COMPLETO";"CASADO(A)";"BRANCA";"OUTROS";"APTO";NA;1226;"NÃO ELEITO";0;"#NULO";"#NULO";"N"
250001206080;"CINTIA MONTEIRO OLIVEIRA DA SILVA";"#NULO";"AVANTE";"FEMININO";"SUPERIOR COMPLETO";"CASADO(A)";"PARDA";"SERVIDOR PÚBLICO ESTADUAL";"APTO";NA;226;"NÃO ELEITO";0;"#NULO";"#NULO";"N"
250001206058;"ALEXANDRE SOUZA LIMA";"#NULO";"AVANTE";"MASCULINO";"ENSINO MÉDIO COMPLETO";"CASADO(A)";"PARDA";"OUTROS";"APTO";NA;396;"NÃO ELEITO";0;"#NULO";"#NULO";"N"
250001206055;"MARCELO FAUSTINONI DE GODOI";"#NULO";"AVANTE";"MASCULINO";"SUPERIOR INCOMPLETO";"DIVORCIADO(A)";"BRANCA";"OUTROS";"APTO";NA;112;"NÃO ELEITO";0;"#NULO";"#NULO";"N"
250001206041;"FRANCISCO ALEXANDRE FILHO";"#NULO";"AVANTE";"MASCULINO";"SUPERIOR COMPLETO";"CASADO(A)";"BRANCA";"ADVOGADO";"APTO";999000;5144;"NÃO ELEITO";102999;"OUTROS RECURSOS, FUNDO ESPECIAL";"Recursos próprios, Recursos de pessoas físicas, Recursos de partido político, Recursos de Financiamento Coletivo";"N"
250001206032;"SEBASTIAO FARIAS PAIVA";"#NULO";"AVANTE";"MASCULINO";"ENSINO FUNDAMENTAL INCOMPLETO";"CASADO(A)";"BRANCA";"EMPRESÁRIO";"APTO";NA;347;"NÃO ELEITO";0;"#NULO";"#NULO";"N"
250001119882;"FABIOLA GATTI BAANI";"#NULO";"PDT";"FEMININO";"SUPERIOR COMPLETO";"CASADO(A)";"BRANCA";"COMERCIANTE";"APTO";NA;431;"NÃO ELEITO";18998,1;"OUTROS RECURSOS, FUNDO ESPECIAL";"Recursos próprios, Recursos de Financiamento Coletivo, Recursos de partido político, Recursos de pessoas físicas, Recursos de outros candidatos";"N"
250001119871;"GENILDO DANTAS DA SILVA";"#NULO";"PDT";"MASCULINO";"ENSINO MÉDIO COMPLETO";"SOLTEIRO(A)";"PARDA";"VIGILANTE";"APTO";4500;262;"NÃO ELEITO";0;"#NULO";"#NULO";"S"
250001119872;"JAAZIEL BISPO DOS SANTOS";"#NULO";"PDT";"MASCULINO";"ENSINO MÉDIO COMPLETO";"CASADO(A)";"PARDA";"EMPRESÁRIO";"APTO";408000;409;"NÃO ELEITO";1750;"OUTROS RECURSOS, FUNDO ESPECIAL";"Recursos próprios, Recursos de outros candidatos";"N"
250001119915;"LILIAN DA SILVA BOMFIM";"#NULO";"PDT";"FEMININO";"SUPERIOR INCOMPLETO";"SOLTEIRO(A)";"PRETA";"OUTROS";"APTO";NA;238;"NÃO ELEITO";8395,57;"FUNDO ESPECIAL";"Recursos de outros candidatos, Recursos de partido político";"N"
250001119857;"MAÍSA SETIN VIEIRA DO AMARAL";"#NULO";"PDT";"FEMININO";"ENSINO MÉDIO COMPLETO";"SOLTEIRO(A)";"PRETA";"OUTROS";"APTO";NA;192;"NÃO ELEITO";8408,42;"OUTROS RECURSOS, FUNDO ESPECIAL";"Recursos próprios, Recursos de outros candidatos, Recursos de partido político";"N"
250001119879;"JORGE WILSON LAUREANO";"#NULO";"PDT";"MASCULINO";"SUPERIOR COMPLETO";"DIVORCIADO(A)";"PRETA";"TAXISTA";"APTO";150000;315;"NÃO ELEITO";1100;"FUNDO ESPECIAL";"Recursos de outros candidatos";"N"
250001119917;"MARCO ANTONIO FACCAS";"#NULO";"PDT";"MASCULINO";"ENSINO MÉDIO COMPLETO";"DIVORCIADO(A)";"BRANCA";"REPRESENTANTE COMERCIAL";"APTO";NA;108;"NÃO ELEITO";7995,57;"FUNDO ESPECIAL";"Recursos de outros candidatos, Recursos de partido político";"N"
250001119900;"HENRIQUE LUIS SERIGATTO VITTA";"#NULO";"PDT";"MASCULINO";"SUPERIOR COMPLETO";"SOLTEIRO(A)";"BRANCA";"OUTROS";"APTO";632462,95;373;"NÃO ELEITO";40607,54;"OUTROS RECURSOS, FUNDO ESPECIAL";"Recursos de pessoas físicas, Recursos de outros candidatos, Recursos de Financiamento Coletivo, Recursos de partido político, Recursos próprios";"N"
250001119851;"GISLENE COELHO ARAÚJO RIBEIRO";"#NULO";"PDT";"FEMININO";"ENSINO MÉDIO COMPLETO";"CASADO(A)";"AMARELA";"OUTROS";"APTO";NA;128;"NÃO ELEITO";9605,51;"OUTROS RECURSOS, FUNDO ESPECIAL";"Recursos próprios, Recursos de partido político, Recursos de outros candidatos";"N"
250001119918;"MARIA CRISTINA VENANCIO";"#NULO";"PDT";"FEMININO";"SUPERIOR COMPLETO";"DIVORCIADO(A)";"BRANCA";"JORNALISTA E REDATOR";"APTO";NA;49;"NÃO ELEITO";7145,57;"FUNDO ESPECIAL";"Recursos de outros candidatos, Recursos de partido político";"N"
250001119845;"CARLOS HENRIQUE DE ALMEIDA MACHADO";"#NULO";"PDT";"MASCULINO";"ENSINO MÉDIO COMPLETO";"SOLTEIRO(A)";"PARDA";"OUTROS";"APTO";8500;327;"NÃO ELEITO";6545,57;"FUNDO ESPECIAL";"Recursos de outros candidatos, Recursos de partido político";"N"
250001100742;"PAULO CESAR SOARES DE ALMEIDA SANTOS";"#NULO";"PMB";"MASCULINO";"ENSINO MÉDIO COMPLETO";"CASADO(A)";"PARDA";"SACERDOTE OU MEMBRO DE ORDEM OU SEITA RELIGIOSA";"APTO";15000;506;"NÃO ELEITO";5;"OUTROS RECURSOS";"Recursos de Financiamento Coletivo";"N"
250001100734;"CLAUDIO GOMES DOS SANTOS SILVA";"#NULO";"PMB";"MASCULINO";"SUPERIOR COMPLETO";"DIVORCIADO(A)";"PARDA";"OUTROS";"APTO";NA;50;"NÃO ELEITO";0;"#NULO";"#NULO";"N"
250000789516;"LUNA ZARATTINI BRANDÃO";"#NULO";"PT";"FEMININO";"SUPERIOR COMPLETO";"SOLTEIRO(A)";"BRANCA";"OUTROS";"APTO";NA;17296;"SUPLENTE";248447,81;"OUTROS RECURSOS, FUNDO ESPECIAL";"Recursos de pessoas físicas, Recursos de Financiamento Coletivo, Recursos de partido político, Recursos de outros candidatos";"N"
250000789481;"VALDEMIR BRAGA SOARES";"#NULO";"PT";"MASCULINO";"SUPERIOR COMPLETO";"CASADO(A)";"BRANCA";"OUTROS";"APTO";4e+05;359;"SUPLENTE";7873,5;"FUNDO ESPECIAL";"Recursos de partido político, Recursos de outros candidatos";"N"
250000789486;"CRISTIANE ARAUJO DA SILVA";"#NULO";"PT";"FEMININO";"ENSINO FUNDAMENTAL COMPLETO";"CASADO(A)";"PARDA";"OUTROS";"APTO";NA;38;"SUPLENTE";5873,5;"FUNDO ESPECIAL";"Recursos de partido político, Recursos de outros candidatos";"N"
250000789477;"SANDEY FERNANDES ALVES PEREIRA";"#NULO";"PT";"MASCULINO";"SUPERIOR COMPLETO";"CASADO(A)";"BRANCA";"EMPRESÁRIO";"APTO";40000;46;"SUPLENTE";10373,5;"FUNDO ESPECIAL";"Recursos de outros candidatos, Recursos de partido político";"N"
250000789490;"WILLIAM DE LUCCA MARTINEZ";"#NULO";"PT";"MASCULINO";"SUPERIOR COMPLETO";"SOLTEIRO(A)";"BRANCA";"JORNALISTA E REDATOR";"APTO";NA;6319;"SUPLENTE";143418,15;"OUTROS RECURSOS, FUNDO ESPECIAL";"Recursos de pessoas físicas, Recursos próprios, Recursos de Financiamento Coletivo, Recursos de partido político, Recursos de outros candidatos";"N"
