"SQ_CANDIDATO";"NM_CANDIDATO";"NM_SOCIAL_CANDIDATO";"SG_PARTIDO";"DS_GENERO";"DS_GRAU_INSTRUCAO";"DS_ESTADO_CIVIL";"DS_COR_RACA";"DS_OCUPACAO";"DS_SITUACAO_CANDIDATURA";"ST_REELEICAO";"nome_key";"BENS_TOTAL";"TOTAL_VOTOS";"DS_SIT_TOT_TURNO";"Nome.candidato";"RECEITA_TOTAL";"FONTE_RECEITA";"ORIGEM_RECEITA"
250000027283;"DALILA CAMARGO";"#NULO#";"PRP";"FEMININO";"LÊ E ESCREVE";"DIVORCIADO(A)";"BRANCA";"REPRESENTANTE COMERCIAL";"APTO";"N";"DALILA CAMARGO";NA;160;"NÃO ELEITO";NA;NA;NA;NA
250000020827;"ELIZABETE MICHELETE";"#NULO#";"PSD";"FEMININO";"SUPERIOR COMPLETO";"DIVORCIADO(A)";"BRANCA";"MÉDICO";"APTO";"N";"ELIZABETE MICHELETE";2473295,28;3165;"SUPLENTE";"ELIZABETE MICHELETE";363162,21;"Fundo Partidario, Outros Recursos";"Recursos de partido político, Recursos de pessoas físicas"
250000008340;"MARCOS ANTONIO PINTO";"#NULO#";"PRB";"MASCULINO";"ENSINO MÉDIO COMPLETO";"CASADO(A)";"PARDA";"COMERCIANTE";"APTO";"N";"MARCOS ANTONIO PINTO";77000;719;"SUPLENTE";"MARCOS ANTONIO PINTO";8676,97;"Outros Recursos, Fundo Partidario";"Recursos próprios, Recursos de outros candidatos, Recursos de partido político"
250000005799;"LUIZ AUGUSTO MÓDOLO DE PAULA";"#NULO#";"NOVO";"MASCULINO";"SUPERIOR COMPLETO";"CASADO(A)";"BRANCA";"SERVIDOR PÚBLICO MUNICIPAL";"APTO";"N";"LUIZ AUGUSTO MÓDOLO DE PAULA";869281;1350;"SUPLENTE";"LUIZ AUGUSTO MÓDOLO DE PAULA";9608,7;"Outros Recursos";"Recursos de origens não identificadas, Recursos próprios, Recursos de pessoas físicas"
250000058385;"ROBERTO RODRIGUES RIBEIRO";"#NULO#";"PTN";"MASCULINO";"SUPERIOR COMPLETO";"CASADO(A)";"BRANCA";"FARMACÊUTICO";"APTO";"N";"ROBERTO RODRIGUES RIBEIRO";75674;2740;"SUPLENTE";"ROBERTO RODRIGUES RIBEIRO";7000;"Outros Recursos";"Recursos próprios"
250000058416;"FRANCISCO CARLOS DA SILVA";"#NULO#";"PTN";"MASCULINO";"SUPERIOR COMPLETO";"CASADO(A)";"PARDA";"ANALISTA DE SISTEMAS";"APTO";"N";"FRANCISCO CARLOS DA SILVA";640000;5282;"SUPLENTE";"FRANCISCO CARLOS DA SILVA";36646,7;"Outros Recursos, Fundo Partidario";"Recursos de outros candidatos, Recursos próprios, Recursos de partido político, Recursos de pessoas físicas"
250000027307;"ALCIDES JOSE PEREIRA";"#NULO#";"PTC";"MASCULINO";"ENSINO MÉDIO COMPLETO";"DIVORCIADO(A)";"PRETA";"FRENTISTA";"APTO";"N";"ALCIDES JOSE PEREIRA";135000;326;"NÃO ELEITO";NA;NA;NA;NA
250000019136;"MARCO ANTONIO RICCIARDELLI";"#NULO#";"PTB";"MASCULINO";"ENSINO FUNDAMENTAL COMPLETO";"SOLTEIRO(A)";"BRANCA";"ATOR E DIRETOR DE ESPETÁCULOS PÚBLICOS";"APTO";"N";"MARCO ANTONIO RICCIARDELLI";940774,69;5114;"SUPLENTE";"MARCO ANTONIO RICCIARDELLI";41665;"Outros Recursos, Fundo Partidario";"Recursos de partido político, Recursos próprios, Recursos de outros candidatos"
250000050150;"JESSICA ALINE CARDOSO";"#NULO#";"PSL";"FEMININO";"ENSINO MÉDIO COMPLETO";"SOLTEIRO(A)";"PRETA";"ADMINISTRADOR";"APTO";"N";"JESSICA ALINE CARDOSO";NA;880;"NÃO ELEITO";NA;NA;NA;NA
250000050147;"ANTONIO BARBOSA LIMA";"#NULO#";"PSL";"MASCULINO";"LÊ E ESCREVE";"CASADO(A)";"BRANCA";"APOSENTADO (EXCETO SERVIDOR PÚBLICO)";"APTO";"N";"ANTONIO BARBOSA LIMA";9250;179;"NÃO ELEITO";NA;NA;NA;NA
250000058361;"ALCIDES DIAS LIMA";"#NULO#";"PTN";"MASCULINO";"SUPERIOR COMPLETO";"CASADO(A)";"PARDA";"ADVOGADO";"APTO";"N";"ALCIDES DIAS LIMA";7000;694;"SUPLENTE";NA;NA;NA;NA
250000005810;"NAOMY SCHOLLING";"#NULO#";"NOVO";"FEMININO";"SUPERIOR COMPLETO";"SOLTEIRO(A)";"BRANCA";"ATOR E DIRETOR DE ESPETÁCULOS PÚBLICOS";"APTO";"N";"NAOMY SCHOLLING";406634,25;1557;"SUPLENTE";"NAOMY SCHOLLING";12259,5;"Outros Recursos";"Recursos próprios, Recursos de pessoas físicas"
250000019157;"THAIS HELENA COSTA";"#NULO#";"PTB";"FEMININO";"SUPERIOR COMPLETO";"SOLTEIRO(A)";"BRANCA";"ADVOGADO";"APTO";"N";"THAIS HELENA COSTA";1095429,98;1379;"SUPLENTE";"THAIS HELENA COSTA";11328;"Outros Recursos, Fundo Partidario";"Recursos de partido político, Recursos próprios, Recursos de pessoas físicas, Recursos de outros candidatos"
250000015100;"TEREZA MIGUEL MENEGUIM";"#NULO#";"REDE";"FEMININO";"SUPERIOR COMPLETO";"SOLTEIRO(A)";"BRANCA";"MÚSICO";"APTO";"N";"TEREZA MIGUEL MENEGUIM";223000;317;"NÃO ELEITO";"TEREZA MIGUEL MENEGUIM";1700;"Outros Recursos";"Recursos de pessoas físicas"
250000038331;"FLAVIO CERINO";"#NULO#";"PSDC";"MASCULINO";"SUPERIOR COMPLETO";"SOLTEIRO(A)";"BRANCA";"ADVOGADO";"APTO";"N";"FLAVIO CERINO";98000;173;"NÃO ELEITO";"FLAVIO CERINO";3239,53;"Outros Recursos, Fundo Partidario";"Recursos próprios, Recursos de partido político"
250000040596;"ANA MARIA CAMPOS DA TRINDADE";"#NULO#";"SD";"FEMININO";"ENSINO MÉDIO INCOMPLETO";"VIÚVO(A)";"BRANCA";"APOSENTADO (EXCETO SERVIDOR PÚBLICO)";"APTO";"N";"ANA MARIA CAMPOS DA TRINDADE";NA;816;"NÃO ELEITO";"ANA MARIA CAMPOS DA TRINDADE";11512,99;"Fundo Partidario, Outros Recursos";"Recursos de partido político, Recursos de pessoas físicas"
250000040583;"MARCOS ROBERTO DE BRITO";"#NULO#";"SD";"MASCULINO";"SUPERIOR COMPLETO";"CASADO(A)";"BRANCA";"EMPRESÁRIO";"APTO";"N";"MARCOS ROBERTO DE BRITO";NA;62;"NÃO ELEITO";NA;NA;NA;NA
250000014866;"EDNALDO BISPO DA CRUZ";"#NULO#";"PSOL";"MASCULINO";"ENSINO MÉDIO COMPLETO";"SOLTEIRO(A)";"BRANCA";"OUTROS";"APTO";"N";"EDNALDO BISPO DA CRUZ";13000;198;"SUPLENTE";NA;NA;NA;NA
250000004986;"PATRICIA GAMA DE QUADROS BEZERRA";"#NULO#";"PSDB";"FEMININO";"SUPERIOR COMPLETO";"CASADO(A)";"BRANCA";"PSICÓLOGO";"APTO";"S";"PATRICIA GAMA DE QUADROS BEZERRA";349199,73;45285;"ELEITO POR QP";"PATRICIA GAMA DE QUADROS BEZERRA";373262,04;"Outros Recursos, Fundo Partidario";"Recursos de outros candidatos, Recursos próprios, Recursos de pessoas físicas, Recursos de partido político"
250000005809;"FERNANDO DE ALMEIDA GALDINO";"#NULO#";"NOVO";"MASCULINO";"SUPERIOR COMPLETO";"SOLTEIRO(A)";"BRANCA";"ANALISTA DE SISTEMAS";"APTO";"N";"FERNANDO DE ALMEIDA GALDINO";242374,53;182;"SUPLENTE";"FERNANDO DE ALMEIDA GALDINO";2500,39;"Outros Recursos";"Recursos de origens não identificadas, Recursos próprios"
250000019158;"MARIA TERESA DA SILVA LATTARI";"#NULO#";"PTB";"FEMININO";"SUPERIOR INCOMPLETO";"CASADO(A)";"PARDA";"SERVIDOR PÚBLICO ESTADUAL";"APTO";"N";"MARIA TERESA DA SILVA LATTARI";NA;145;"SUPLENTE";NA;NA;NA;NA
250000019180;"ANTONIO WILSON LUCENA";"#NULO#";"PTB";"MASCULINO";"SUPERIOR COMPLETO";"CASADO(A)";"BRANCA";"ADVOGADO";"APTO";"N";"ANTONIO WILSON LUCENA";411125,62;380;"SUPLENTE";NA;NA;NA;NA
250000058349;"DORA MARIA MACHADO";"#NULO#";"PTN";"FEMININO";"SUPERIOR COMPLETO";"DIVORCIADO(A)";"BRANCA";"OUTROS";"APTO";"N";"DORA MARIA MACHADO";NA;116;"SUPLENTE";NA;NA;NA;NA
250000019151;"LUIS ANTONIO FERREIRA MARCOS";"#NULO#";"PTB";"MASCULINO";"ENSINO MÉDIO COMPLETO";"SOLTEIRO(A)";"BRANCA";"COMERCIANTE";"APTO";"N";"LUIS ANTONIO FERREIRA MARCOS";868775;626;"SUPLENTE";NA;NA;NA;NA
250000005790;"ROSANA SANTAROSA";"#NULO#";"NOVO";"FEMININO";"SUPERIOR COMPLETO";"CASADO(A)";"BRANCA";"ENGENHEIRO";"APTO";"N";"ROSANA SANTAROSA";775803,94;1371;"SUPLENTE";"ROSANA SANTAROSA";8626,38;"Outros Recursos";"Recursos de origens não identificadas, Recursos próprios, Recursos de partido político, Recursos de pessoas físicas"
250000008371;"EDVALDO JONAS DA SILVA";"#NULO#";"PSC";"MASCULINO";"ENSINO FUNDAMENTAL INCOMPLETO";"CASADO(A)";"BRANCA";"MOTORISTA DE VEÍCULOS DE TRANSPORTE COLETIVO DE PASSAGEIROS";"APTO";"N";"EDVALDO JONAS DA SILVA";18000;1170;"SUPLENTE";NA;NA;NA;NA
250000005017;"VANESSA ORSINI";"#NULO#";"PSDB";"FEMININO";"SUPERIOR INCOMPLETO";"SOLTEIRO(A)";"BRANCA";"FOTÓGRAFO E ASSEMELHADOS";"APTO";"N";"VANESSA ORSINI";NA;385;"SUPLENTE";NA;NA;NA;NA
250000058399;"NOEMIA VIEIRA FONSECA";"#NULO#";"PTN";"FEMININO";"SUPERIOR COMPLETO";"DIVORCIADO(A)";"BRANCA";"ADVOGADO";"APTO";"N";"NOEMIA VIEIRA FONSECA";185000;970;"SUPLENTE";"NOEMIA VIEIRA FONSECA";142,2;"Outros Recursos";"Recursos de outros candidatos"
250000027337;"ISMAEL BELO DA SILVA";"#NULO#";"PT do B";"MASCULINO";"SUPERIOR COMPLETO";"CASADO(A)";"BRANCA";"OUTROS";"APTO";"N";"ISMAEL BELO DA SILVA";NA;127;"NÃO ELEITO";NA;NA;NA;NA
250000006193;"KELLY GUILHERME ANDRADE TAVARES";"#NULO#";"PC do B";"FEMININO";"SUPERIOR COMPLETO";"SOLTEIRO(A)";"BRANCA";"OUTROS";"APTO";"N";"KELLY GUILHERME ANDRADE TAVARES";NA;15;"NÃO ELEITO";NA;NA;NA;NA
250000011696;"MARIA DO CARMO SILVA";"#NULO#";"PV";"FEMININO";"ENSINO MÉDIO COMPLETO";"SOLTEIRO(A)";"BRANCA";"APOSENTADO (EXCETO SERVIDOR PÚBLICO)";"APTO";"N";"MARIA DO CARMO SILVA";NA;70;"SUPLENTE";NA;NA;NA;NA
250000058355;"MARIA OLIVIA TRINDADE";"#NULO#";"PTN";"FEMININO";"SUPERIOR COMPLETO";"DIVORCIADO(A)";"BRANCA";"OUTROS";"APTO";"N";"MARIA OLIVIA TRINDADE";NA;385;"SUPLENTE";NA;NA;NA;NA
250000022126;"ROBSON GUTEMBERG RIBEIRO DA SILVA";"#NULO#";"PR";"MASCULINO";"ENSINO MÉDIO COMPLETO";"CASADO(A)";"PARDA";"SERVIDOR PÚBLICO ESTADUAL";"APTO";"N";"ROBSON GUTEMBERG RIBEIRO DA SILVA";403000;612;"SUPLENTE";NA;NA;NA;NA
250000006145;"RAIMUNDO FERREIRA BARROS";"#NULO#";"PC do B";"MASCULINO";"ENSINO FUNDAMENTAL COMPLETO";"SOLTEIRO(A)";"BRANCA";"EMPRESÁRIO";"APTO";"N";"RAIMUNDO FERREIRA BARROS";20000;751;"NÃO ELEITO";NA;NA;NA;NA
250000062812;"ROGERIO LANZOTI JUNIOR";"#NULO#";"PATRIOTA";"MASCULINO";"SUPERIOR COMPLETO";"CASADO(A)";"BRANCA";"ADVOGADO";"APTO";"N";"ROGERIO LANZOTI JUNIOR";364353;665;"NÃO ELEITO";NA;NA;NA;NA
250000050205;"MARIA APARECIDA DA SILVA DOS SANTOS";"#NULO#";"PSL";"FEMININO";"ENSINO FUNDAMENTAL COMPLETO";"CASADO(A)";"PARDA";"COMERCIANTE";"APTO";"N";"MARIA APARECIDA DA SILVA DOS SANTOS";8000;720;"NÃO ELEITO";NA;NA;NA;NA
250000013971;"YURI GAMA COSTA";"#NULO#";"PRTB";"MASCULINO";"SUPERIOR COMPLETO";"SOLTEIRO(A)";"BRANCA";"OUTROS";"APTO";"N";"YURI GAMA COSTA";45000;684;"NÃO ELEITO";NA;NA;NA;NA
250000008312;"EDILAINE PIRES";"#NULO#";"PRB";"FEMININO";"SUPERIOR INCOMPLETO";"DIVORCIADO(A)";"BRANCA";"EMPRESÁRIO";"APTO";"N";"EDILAINE PIRES";469407,73;3921;"SUPLENTE";"EDILAINE PIRES";9730;"Outros Recursos";"Recursos de pessoas físicas, Recursos de partido político"
250000044428;"EDINALDO ALENCAR DE FRANÇA";"#NULO#";"PPL";"MASCULINO";"SUPERIOR INCOMPLETO";"SOLTEIRO(A)";"BRANCA";"VENDEDOR PRACISTA, REPRESENTANTE, CAIXEIRO-VIAJANTE E ASSEMELHADOS";"APTO";"N";"EDINALDO ALENCAR DE FRANÇA";2100;279;"NÃO ELEITO";NA;NA;NA;NA
250000008363;"LUIZ CARLOS DA SILVA";"#NULO#";"PRB";"MASCULINO";"ENSINO MÉDIO COMPLETO";"DIVORCIADO(A)";"BRANCA";"EMPRESÁRIO";"APTO";"N";"LUIZ CARLOS DA SILVA";156484,76;1168;"SUPLENTE";"LUIZ CARLOS DA SILVA";12770,11;"Fundo Partidario, Outros Recursos";"Recursos de partido político, Recursos próprios, Recursos de pessoas físicas"
250000020849;"PAOLA ROSA ESTEVAO";"#NULO#";"PSD";"FEMININO";"SUPERIOR COMPLETO";"CASADO(A)";"BRANCA";"ENGENHEIRO";"APTO";"N";"PAOLA ROSA ESTEVAO";NA;487;"SUPLENTE";"PAOLA ROSA ESTEVAO";11000;"Outros Recursos, Fundo Partidario";"Recursos de pessoas físicas, Recursos de partido político"
250000022115;"DARCIO DE OLIVEIRA";"#NULO#";"PR";"MASCULINO";"SUPERIOR COMPLETO";"SEPARADO(A) JUDICIALMENTE";"BRANCA";"ADVOGADO";"APTO";"N";"DARCIO DE OLIVEIRA";1030;204;"SUPLENTE";"DARCIO DE OLIVEIRA";17259,91;"Outros Recursos, Fundo Partidario";"Recursos de partido político, Recursos próprios, Recursos de outros candidatos, Recursos de pessoas físicas"
250000038332;"ISMAEL VICENTE DA SILVA";"#NULO#";"PSDC";"MASCULINO";"SUPERIOR COMPLETO";"CASADO(A)";"BRANCA";"JORNALISTA E REDATOR";"APTO";"N";"ISMAEL VICENTE DA SILVA";NA;72;"NÃO ELEITO";NA;NA;NA;NA
250000062793;"CARLOS CEZAR COUTINHO";"#NULO#";"PATRIOTA";"MASCULINO";"SUPERIOR COMPLETO";"CASADO(A)";"BRANCA";"OUTROS";"APTO";"N";"CARLOS CEZAR COUTINHO";45000;1082;"NÃO ELEITO";NA;NA;NA;NA
250000005802;"JOANNA CAROLINA GUARITA DOUAT";"#NULO#";"NOVO";"FEMININO";"SUPERIOR COMPLETO";"CASADO(A)";"BRANCA";"ADMINISTRADOR";"APTO";"N";"JOANNA CAROLINA GUARITA DOUAT";498633,31;5541;"SUPLENTE";"JOANNA CAROLINA GUARITA DOUAT";31800;"Outros Recursos";"Recursos próprios, Recursos de pessoas físicas"
250000058382;"REGINA DOS SANTOS MENDES";"#NULO#";"PTN";"FEMININO";"ENSINO MÉDIO COMPLETO";"CASADO(A)";"PARDA";"OUTROS";"APTO";"N";"REGINA DOS SANTOS MENDES";NA;244;"SUPLENTE";NA;NA;NA;NA
250000020808;"NOER PEREIRA DE MATOS";"#NULO#";"PMDB";"MASCULINO";"ENSINO MÉDIO COMPLETO";"CASADO(A)";"BRANCA";"EMPRESÁRIO";"APTO";"N";"NOER PEREIRA DE MATOS";21000;878;"SUPLENTE";"NOER PEREIRA DE MATOS";350;"Outros Recursos";"Recursos próprios"
250000040571;"DANIEL FLORENTINO DA SILVA";"#NULO#";"SD";"MASCULINO";"ENSINO FUNDAMENTAL COMPLETO";"DIVORCIADO(A)";"PARDA";"EMPRESÁRIO";"APTO";"N";"DANIEL FLORENTINO DA SILVA";26150;473;"NÃO ELEITO";NA;NA;NA;NA
250000040556;"GERALDO RODRIGUES DE SOUZA";"#NULO#";"SD";"MASCULINO";"SUPERIOR COMPLETO";"CASADO(A)";"BRANCA";"SUPERVISOR, INSPETOR E AGENTE DE COMPRAS E VENDAS";"APTO";"N";"GERALDO RODRIGUES DE SOUZA";NA;99;"NÃO ELEITO";NA;NA;NA;NA
250000040577;"MARCIA CARDOSO PINTO";"#NULO#";"SD";"FEMININO";"SUPERIOR COMPLETO";"VIÚVO(A)";"BRANCA";"PROFESSOR DE ENSINO FUNDAMENTAL";"APTO";"N";"MARCIA CARDOSO PINTO";17412,64;82;"NÃO ELEITO";NA;NA;NA;NA
250000014886;"VALDEMI CAVALCANTE TEIXEIRA";"#NULO#";"PSOL";"MASCULINO";"ENSINO MÉDIO COMPLETO";"SOLTEIRO(A)";"BRANCA";"TÉCNICO DE ENFERMAGEM E ASSEMELHADOS (EXCETO ENFERMEIRO)";"APTO";"N";"VALDEMI CAVALCANTE TEIXEIRA";44500;143;"SUPLENTE";NA;NA;NA;NA
250000005787;"JULIO SERGIO CAMUCE LOPES";"#NULO#";"NOVO";"MASCULINO";"SUPERIOR COMPLETO";"SOLTEIRO(A)";"BRANCA";"ENGENHEIRO";"APTO";"N";"JULIO SERGIO CAMUCE LOPES";2425658,37;5482;"SUPLENTE";"JULIO SERGIO CAMUCE LOPES";142950,82;"Outros Recursos";"Recursos próprios, Recursos de pessoas físicas"
250000008354;"KLEBER DE ARAUJO BRUNO";"#NULO#";"PRB";"MASCULINO";"SUPERIOR COMPLETO";"SOLTEIRO(A)";"PARDA";"OUTROS";"APTO";"N";"KLEBER DE ARAUJO BRUNO";NA;452;"SUPLENTE";NA;NA;NA;NA
250000058397;"NIVALDO DA SILVA";"#NULO#";"PTN";"MASCULINO";"ENSINO FUNDAMENTAL INCOMPLETO";"CASADO(A)";"PARDA";"OUTROS";"APTO";"N";"NIVALDO DA SILVA";NA;454;"SUPLENTE";NA;NA;NA;NA
250000010862;"CARLOS ALBERTO DE OLIVEIRA SANTOS";"#NULO#";"PHS";"MASCULINO";"SUPERIOR COMPLETO";"CASADO(A)";"PARDA";"CONTADOR";"APTO";"N";"CARLOS ALBERTO DE OLIVEIRA SANTOS";489300;3931;"SUPLENTE";"CARLOS ALBERTO DE OLIVEIRA SANTOS";4510,06;"Outros Recursos";"Recursos próprios, Recursos de pessoas físicas, Recursos de outros candidatos"
250000010894;"SIDNEI ROBERTSON CAMPERO";"#NULO#";"PHS";"MASCULINO";"ENSINO MÉDIO COMPLETO";"CASADO(A)";"PARDA";"OUTROS";"APTO";"N";"SIDNEI ROBERTSON CAMPERO";69039,61;1443;"SUPLENTE";NA;NA;NA;NA
250000019196;"LUCIMAR FREIRE DE ALMEIDA SILVA";"#NULO#";"PTB";"FEMININO";"ENSINO MÉDIO COMPLETO";"SEPARADO(A) JUDICIALMENTE";"PARDA";"TÉCNICO DE ENFERMAGEM E ASSEMELHADOS (EXCETO ENFERMEIRO)";"APTO";"N";"LUCIMAR FREIRE DE ALMEIDA SILVA";354987,55;305;"SUPLENTE";NA;NA;NA;NA
250000038413;"ODAIR VIEIRA DE SÁ";"#NULO#";"PSDC";"MASCULINO";"ENSINO FUNDAMENTAL COMPLETO";"SOLTEIRO(A)";"PRETA";"COMERCIANTE";"APTO";"N";"ODAIR VIEIRA DE SÁ";NA;174;"NÃO ELEITO";NA;NA;NA;NA
250000022083;"HUGO DO NASCIMENTO";"#NULO#";"PT";"MASCULINO";"SUPERIOR COMPLETO";"SOLTEIRO(A)";"BRANCA";"EMPRESÁRIO";"APTO";"N";"HUGO DO NASCIMENTO";530,63;279;"SUPLENTE";"HUGO DO NASCIMENTO";21727,27;"Outros Recursos, Fundo Partidario";"Recursos de outros candidatos, Recursos de partido político"
250000014883;"SIDNEY LUIZ DA CRUZ";"#NULO#";"PSOL";"MASCULINO";"SUPERIOR COMPLETO";"CASADO(A)";"BRANCA";"ADVOGADO";"APTO";"N";"SIDNEY LUIZ DA CRUZ";1293200;11083;"SUPLENTE";"SIDNEY LUIZ DA CRUZ";71043,95;"Outros Recursos, Fundo Partidario";"Recursos próprios, Recursos de pessoas físicas, Recursos de partido político"
250000093408;"ANTONIO CICERO SANTOS CELESTINO";"#NULO#";"PPL";"MASCULINO";"ENSINO FUNDAMENTAL COMPLETO";"CASADO(A)";"PARDA";"COMERCIANTE";"APTO";"N";"ANTONIO CICERO SANTOS CELESTINO";NA;499;"NÃO ELEITO";"ANTONIO CICERO SANTOS CELESTINO";11600;"Outros Recursos";"Recursos de pessoas físicas"
250000005823;"GREICE NAOMI YAMAGUCHI";"#NULO#";"NOVO";"FEMININO";"SUPERIOR COMPLETO";"SOLTEIRO(A)";"BRANCA";"OUTROS";"APTO";"N";"GREICE NAOMI YAMAGUCHI";12501;2118;"SUPLENTE";"GREICE NAOMI YAMAGUCHI";7850;"Outros Recursos";"Recursos próprios, Recursos de pessoas físicas"
250000058352;"SAMANTHA CONSTANZA";"#NULO#";"PTN";"FEMININO";"SUPERIOR COMPLETO";"DIVORCIADO(A)";"BRANCA";"PSICÓLOGO";"APTO";"N";"SAMANTHA CONSTANZA";NA;1416;"SUPLENTE";NA;NA;NA;NA
250000008349;"JOSE DE ARIMATEIA SILVA";"#NULO#";"PRB";"MASCULINO";"ENSINO FUNDAMENTAL COMPLETO";"CASADO(A)";"PARDA";"COMERCIANTE";"APTO";"N";"JOSE DE ARIMATEIA SILVA";88220;819;"SUPLENTE";NA;NA;NA;NA
250000008372;"JOSE DELFINO RODRIGUES DA COSTA";"#NULO#";"PRB";"MASCULINO";"ENSINO MÉDIO COMPLETO";"CASADO(A)";"PRETA";"CANTOR E COMPOSITOR";"APTO";"N";"JOSE DELFINO RODRIGUES DA COSTA";40000;340;"SUPLENTE";"JOSE DELFINO RODRIGUES DA COSTA";400;"Outros Recursos";"Recursos próprios"
250000038370;"RICARDO LOURENÇO DO CARMO";"#NULO#";"PSDC";"MASCULINO";"ENSINO MÉDIO COMPLETO";"CASADO(A)";"PRETA";"EMPRESÁRIO";"APTO";"N";"RICARDO LOURENÇO DO CARMO";392732,1;743;"NÃO ELEITO";"RICARDO LOURENÇO DO CARMO";13463,88;"Outros Recursos, Fundo Partidario";"Recursos próprios, Recursos de outros candidatos, Recursos de partido político, Recursos de pessoas físicas"
250000038377;"VANDERLINO BATISTA MACHADO";"#NULO#";"PSDC";"MASCULINO";"ENSINO FUNDAMENTAL COMPLETO";"CASADO(A)";"PRETA";"APOSENTADO (EXCETO SERVIDOR PÚBLICO)";"APTO";"N";"VANDERLINO BATISTA MACHADO";255000;315;"NÃO ELEITO";"VANDERLINO BATISTA MACHADO";6048,8;"Outros Recursos, Fundo Partidario";"Recursos de outros candidatos, Recursos de partido político, Recursos de pessoas físicas"
250000015110;"MARINA MEDEIROS HELOU";"#NULO#";"REDE";"FEMININO";"SUPERIOR COMPLETO";"CASADO(A)";"BRANCA";"ADMINISTRADOR";"APTO";"N";"MARINA MEDEIROS HELOU";1498680,22;16212;"NÃO ELEITO";"MARINA MEDEIROS HELOU";131587,2;"Outros Recursos";"Recursos de pessoas físicas"
250000050190;"LUIZ CARLOS DA SILVA";"#NULO#";"PSL";"MASCULINO";"SUPERIOR COMPLETO";"CASADO(A)";"PARDA";"ADVOGADO";"APTO";"N";"LUIZ CARLOS DA SILVA";NA;837;"NÃO ELEITO";"LUIZ CARLOS DA SILVA";12770,11;"Fundo Partidario, Outros Recursos";"Recursos de partido político, Recursos próprios, Recursos de pessoas físicas"
250000019183;"VALERIANA RODRIGUES RAMOS";"#NULO#";"PTB";"FEMININO";"SUPERIOR INCOMPLETO";"SOLTEIRO(A)";"BRANCA";"EMPRESÁRIO";"APTO";"N";"VALERIANA RODRIGUES RAMOS";NA;135;"SUPLENTE";NA;NA;NA;NA
250000050162;"MARCOS ROBERTO SEIJO DA SILVA";"#NULO#";"PSL";"MASCULINO";"SUPERIOR INCOMPLETO";"CASADO(A)";"BRANCA";"EMPRESÁRIO";"APTO";"N";"MARCOS ROBERTO SEIJO DA SILVA";131274;2081;"NÃO ELEITO";"MARCOS ROBERTO SEIJO DA SILVA";1938,41;"Outros Recursos, Fundo Partidario";"Recursos próprios, Recursos de pessoas físicas, Recursos de outros candidatos, Recursos de partido político"
250000010839;"DIRCE TERRIANO";"#NULO#";"PPS";"FEMININO";"ENSINO MÉDIO INCOMPLETO";"VIÚVO(A)";"PARDA";"APOSENTADO (EXCETO SERVIDOR PÚBLICO)";"APTO";"N";"DIRCE TERRIANO";NA;102;"SUPLENTE";NA;NA;NA;NA
250000058375;"EURICO GONÇALVES FILHO";"#NULO#";"PTN";"MASCULINO";"SUPERIOR COMPLETO";"DIVORCIADO(A)";"BRANCA";"PROFESSOR DE ENSINO MÉDIO";"APTO";"N";"EURICO GONÇALVES FILHO";NA;322;"SUPLENTE";"EURICO GONÇALVES FILHO";142,2;"Outros Recursos";"Recursos de outros candidatos"
250000010841;"HILDA MARIA AZEVEDO ALVES";"#NULO#";"PPS";"FEMININO";"ENSINO FUNDAMENTAL INCOMPLETO";"CASADO(A)";"PRETA";"DONA DE CASA";"APTO";"N";"HILDA MARIA AZEVEDO ALVES";NA;402;"SUPLENTE";NA;NA;NA;NA
250000022084;"JAIR JOSÉ TATTO";"#NULO#";"PT";"MASCULINO";"SUPERIOR INCOMPLETO";"CASADO(A)";"BRANCA";"VEREADOR";"APTO";"S";"JAIR JOSÉ TATTO";413343,24;30989;"ELEITO POR QP";"JAIR JOSÉ TATTO";198295,99;"Outros Recursos, Fundo Partidario";"Recursos de pessoas físicas, Recursos de partido político"
250000006163;"MIRIAM APARECIDA DA SILVA ILESANMI";"#NULO#";"PC do B";"FEMININO";"ENSINO MÉDIO COMPLETO";"CASADO(A)";"PRETA";"SERVIDOR PÚBLICO MUNICIPAL";"APTO";"N";"MIRIAM APARECIDA DA SILVA ILESANMI";NA;206;"NÃO ELEITO";"MIRIAM APARECIDA DA SILVA ILESANMI";766,67;"Outros Recursos";"Recursos de partido político"
250000011663;"MARCEL ARISTIDES FERRADA SILVA";"#NULO#";"PV";"MASCULINO";"SUPERIOR COMPLETO";"CASADO(A)";"BRANCA";"PROFESSOR DE ENSINO SUPERIOR";"APTO";"N";"MARCEL ARISTIDES FERRADA SILVA";173495,21;779;"SUPLENTE";NA;NA;NA;NA
250000058411;"EVANIR DA SILVA CARVALHO";"#NULO#";"PTN";"MASCULINO";"SUPERIOR COMPLETO";"CASADO(A)";"BRANCA";"MÉDICO";"APTO";"N";"EVANIR DA SILVA CARVALHO";NA;484;"SUPLENTE";NA;NA;NA;NA
250000058404;"REGINALDO JESUS CORNETA";"#NULO#";"PTN";"MASCULINO";"ENSINO FUNDAMENTAL COMPLETO";"SOLTEIRO(A)";"BRANCA";"OUTROS";"APTO";"N";"REGINALDO JESUS CORNETA";45005,04;714;"SUPLENTE";"REGINALDO JESUS CORNETA";663,3;"Fundo Partidario, Outros Recursos";"Recursos de partido político, Recursos próprios"
250000022073;"ALESSANDRO GUEDES DOS SANTOS";"#NULO#";"PT";"MASCULINO";"SUPERIOR COMPLETO";"SOLTEIRO(A)";"PARDA";"OUTROS";"APTO";"N";"ALESSANDRO GUEDES DOS SANTOS";184000;26780;"ELEITO POR QP";"ALESSANDRO GUEDES DOS SANTOS";248417,27;"Outros Recursos";"Recursos próprios, Recursos de pessoas físicas, Recursos de partido político"
250000013954;"RENNE VIEIRA DE CARVALHO";"#NULO#";"PRTB";"FEMININO";"SUPERIOR COMPLETO";"SOLTEIRO(A)";"BRANCA";"OUTROS";"APTO";"N";"RENNE VIEIRA DE CARVALHO";NA;137;"NÃO ELEITO";NA;NA;NA;NA
250000027289;"PAULO PRADO LEITE";"#NULO#";"PRP";"MASCULINO";"ENSINO FUNDAMENTAL COMPLETO";"CASADO(A)";"BRANCA";"SACERDOTE OU MEMBRO DE ORDEM OU SEITA RELIGIOSA";"APTO";"N";"PAULO PRADO LEITE";NA;1207;"NÃO ELEITO";NA;NA;NA;NA
250000022100;"SENIVAL PEREIRA DE MOURA";"#NULO#";"PT";"MASCULINO";"SUPERIOR COMPLETO";"CASADO(A)";"PARDA";"VEREADOR";"APTO";"S";"SENIVAL PEREIRA DE MOURA";2089023,81;45320;"ELEITO POR QP";"SENIVAL PEREIRA DE MOURA";314777,34;"Outros Recursos, Fundo Partidario";"Recursos de pessoas físicas, Recursos de partido político, Rendimentos de aplicações financeiras, Recursos próprios"
250000006156;"LUIS TADEU EUGENIO";"#NULO#";"PC do B";"MASCULINO";"SUPERIOR INCOMPLETO";"CASADO(A)";"PRETA";"PRODUTOR DE ESPETÁCULOS PÚBLICOS";"APTO";"N";"LUIS TADEU EUGENIO";28000,01;1827;"NÃO ELEITO";"LUIS TADEU EUGENIO";18910,77;"Fundo Partidario, Outros Recursos";"Recursos de partido político"
250000010866;"PAULO CARDOSO FILHO";"#NULO#";"PHS";"MASCULINO";"SUPERIOR COMPLETO";"SOLTEIRO(A)";"PARDA";"PROFESSOR DE ENSINO MÉDIO";"APTO";"N";"PAULO CARDOSO FILHO";53000;194;"SUPLENTE";NA;NA;NA;NA
250000010892;"WALDIR FRANCISCO LIMA";"#NULO#";"PHS";"MASCULINO";"ENSINO FUNDAMENTAL COMPLETO";"CASADO(A)";"BRANCA";"COMERCIANTE";"APTO";"N";"WALDIR FRANCISCO LIMA";79041,7;7909;"SUPLENTE";"WALDIR FRANCISCO LIMA";95880;"Outros Recursos";"Recursos próprios, Recursos de pessoas físicas"
250000022130;"EDSON CARDOSO DOS SANTOS";"#NULO#";"PROS";"MASCULINO";"SUPERIOR COMPLETO";"SOLTEIRO(A)";"PARDA";"ADMINISTRADOR";"APTO";"N";"EDSON CARDOSO DOS SANTOS";1297131,11;1375;"SUPLENTE";"EDSON CARDOSO DOS SANTOS";43915,91;"Outros Recursos";"Recursos de partido político, Recursos próprios"
250000011647;"MIGUEL OTAVIO FERREIRA PAIVA";"#NULO#";"PV";"MASCULINO";"SUPERIOR COMPLETO";"CASADO(A)";"BRANCA";"OUTROS";"APTO";"N";"MIGUEL OTAVIO FERREIRA PAIVA";NA;567;"SUPLENTE";NA;NA;NA;NA
250000058356;"MANOEL SANTANA PAULO";"#NULO#";"PTN";"MASCULINO";"SUPERIOR COMPLETO";"CASADO(A)";"BRANCA";"ADVOGADO";"APTO";"N";"MANOEL SANTANA PAULO";NA;778;"SUPLENTE";NA;NA;NA;NA
250000013952;"MARIA CLAUDIA DA COSTA CARVALHO";"#NULO#";"PRTB";"FEMININO";"ENSINO MÉDIO COMPLETO";"CASADO(A)";"BRANCA";"DONA DE CASA";"APTO";"N";"MARIA CLAUDIA DA COSTA CARVALHO";NA;159;"NÃO ELEITO";NA;NA;NA;NA
250000040603;"NATANAEL SOARES DOS SANTOS";"#NULO#";"SD";"MASCULINO";"SUPERIOR COMPLETO";"CASADO(A)";"PARDA";"POLICIAL MILITAR";"APTO";"N";"NATANAEL SOARES DOS SANTOS";NA;1684;"NÃO ELEITO";NA;NA;NA;NA
250000019168;"LEANDRO GUSTAVO MASCARENHAS";"#NULO#";"PTB";"MASCULINO";"ENSINO MÉDIO COMPLETO";"SOLTEIRO(A)";"BRANCA";"EMPRESÁRIO";"APTO";"N";"LEANDRO GUSTAVO MASCARENHAS";570810,16;886;"SUPLENTE";NA;NA;NA;NA
250000024349;"SORAYA MISLEH DE MATOS";"#NULO#";"PSTU";"FEMININO";"SUPERIOR COMPLETO";"VIÚVO(A)";"BRANCA";"JORNALISTA E REDATOR";"APTO";"N";"SORAYA MISLEH DE MATOS";250000;172;"NÃO ELEITO";NA;NA;NA;NA
250000019178;"CLOVIS REIS DOS SANTOS";"#NULO#";"PTB";"MASCULINO";"ENSINO MÉDIO COMPLETO";"SOLTEIRO(A)";"PRETA";"AUXILIAR DE LABORATÓRIO";"APTO";"N";"CLOVIS REIS DOS SANTOS";NA;522;"SUPLENTE";NA;NA;NA;NA
250000008360;"LUIS CARLOS DE MATOS LORENA";"#NULO#";"PRB";"MASCULINO";"ENSINO MÉDIO COMPLETO";"CASADO(A)";"PRETA";"EMPRESÁRIO";"APTO";"N";"LUIS CARLOS DE MATOS LORENA";392000;643;"SUPLENTE";NA;NA;NA;NA
250000027340;"PAULO ROBERTO ROSENO JUNIOR";"#NULO#";"PT do B";"MASCULINO";"SUPERIOR COMPLETO";"CASADO(A)";"BRANCA";"ADVOGADO";"APTO";"N";"PAULO ROBERTO ROSENO JUNIOR";NA;1066;"NÃO ELEITO";"PAULO ROBERTO ROSENO JUNIOR";3750;"Outros Recursos";"Recursos próprios"
250000022125;"RICARDO MEDEIROS DOS SANTOS";"#NULO#";"PR";"MASCULINO";"SUPERIOR COMPLETO";"CASADO(A)";"BRANCA";"SERVIDOR PÚBLICO ESTADUAL";"APTO";"N";"RICARDO MEDEIROS DOS SANTOS";1071641,96;618;"SUPLENTE";"RICARDO MEDEIROS DOS SANTOS";17293,96;"Outros Recursos, Fundo Partidario";"Recursos de partido político, Recursos próprios, Recursos de pessoas físicas, Recursos de outros candidatos"
250000058351;"VALDIR DA SILVA";"#NULO#";"PTN";"MASCULINO";"SUPERIOR COMPLETO";"CASADO(A)";"BRANCA";"OUTROS";"APTO";"N";"VALDIR DA SILVA";NA;244;"SUPLENTE";NA;NA;NA;NA
250000044418;"PAULO LEONARDO OLIVEIRA FARIAS";"#NULO#";"PPL";"MASCULINO";"SUPERIOR COMPLETO";"CASADO(A)";"PRETA";"ADVOGADO";"APTO";"N";"PAULO LEONARDO OLIVEIRA FARIAS";34370,58;617;"NÃO ELEITO";NA;NA;NA;NA
250000008348;"GERALDO JANUARIO DO NASCIMENTO";"#NULO#";"PRB";"MASCULINO";"ENSINO MÉDIO COMPLETO";"VIÚVO(A)";"PARDA";"CORRETOR DE IMÓVEIS, SEGUROS, TÍTULOS E VALORES";"APTO";"N";"GERALDO JANUARIO DO NASCIMENTO";NA;509;"SUPLENTE";NA;NA;NA;NA
250000027303;"OSCAR TEIXEIRA";"#NULO#";"PRP";"MASCULINO";"LÊ E ESCREVE";"CASADO(A)";"BRANCA";"CANTOR E COMPOSITOR";"APTO";"N";"OSCAR TEIXEIRA";650000;756;"NÃO ELEITO";NA;NA;NA;NA
250000014903;"JAIR PINTO DE OLIVEIRA";"#NULO#";"PSOL";"MASCULINO";"ENSINO MÉDIO COMPLETO";"CASADO(A)";"PARDA";"FISCAL";"APTO";"N";"JAIR PINTO DE OLIVEIRA";20000;882;"SUPLENTE";NA;NA;NA;NA
250000014901;"EDUARDO COSME DE JESUS BARBOSA";"#NULO#";"PSOL";"MASCULINO";"ENSINO MÉDIO COMPLETO";"CASADO(A)";"PRETA";"DIRETOR DE EMPRESAS";"APTO";"N";"EDUARDO COSME DE JESUS BARBOSA";1e+05;1534;"SUPLENTE";NA;NA;NA;NA
250000027308;"ANA LUCIA PEREIRA COSTA";"#NULO#";"PTC";"FEMININO";"SUPERIOR COMPLETO";"CASADO(A)";"BRANCA";"OUTROS";"APTO";"N";"ANA LUCIA PEREIRA COSTA";14282;413;"NÃO ELEITO";NA;NA;NA;NA
250000011646;"HENRIQUE MORGAN DE AGUIAR FILHO";"#NULO#";"PV";"MASCULINO";"ENSINO MÉDIO COMPLETO";"VIÚVO(A)";"BRANCA";"APOSENTADO (EXCETO SERVIDOR PÚBLICO)";"APTO";"N";"HENRIQUE MORGAN DE AGUIAR FILHO";380311,94;53;"SUPLENTE";"HENRIQUE MORGAN DE AGUIAR FILHO";10000;"Outros Recursos";"Recursos próprios"
250000038388;"ELIANA DE MORAES";"#NULO#";"PSDC";"FEMININO";"ENSINO MÉDIO COMPLETO";"DIVORCIADO(A)";"PRETA";"AUXILIAR DE ESCRITÓRIO E ASSEMELHADOS";"APTO";"N";"ELIANA DE MORAES";75000;60;"NÃO ELEITO";NA;NA;NA;NA
250000038408;"JOSÉ MARTINS DE ABREU CAVALCANTE";"#NULO#";"PSDC";"MASCULINO";"ENSINO MÉDIO COMPLETO";"CASADO(A)";"BRANCA";"GERENTE";"APTO";"N";"JOSÉ MARTINS DE ABREU CAVALCANTE";1e+05;633;"NÃO ELEITO";"JOSÉ MARTINS DE ABREU CAVALCANTE";2366,98;"Fundo Partidario, Outros Recursos";"Recursos de partido político, Recursos de outros candidatos, Recursos de pessoas físicas"
250000040607;"RODRIGO DO CARMO SILVA";"#NULO#";"SD";"MASCULINO";"SUPERIOR COMPLETO";"CASADO(A)";"PARDA";"FISCAL";"APTO";"N";"RODRIGO DO CARMO SILVA";143000;303;"NÃO ELEITO";NA;NA;NA;NA
250000040568;"EUGENIO TADEU BERNARDES";"#NULO#";"SD";"MASCULINO";"ENSINO MÉDIO COMPLETO";"CASADO(A)";"PRETA";"SERVIDOR PÚBLICO ESTADUAL";"APTO";"N";"EUGENIO TADEU BERNARDES";142000;724;"NÃO ELEITO";"EUGENIO TADEU BERNARDES";7825,4;"Outros Recursos, Fundo Partidario";"Recursos de partido político, Recursos próprios, Recursos de pessoas físicas"
250000008375;"GILBERTO NASCIMENTO SILVA JUNIOR";"#NULO#";"PSC";"MASCULINO";"SUPERIOR COMPLETO";"CASADO(A)";"BRANCA";"SERVIDOR PÚBLICO ESTADUAL";"APTO";"N";"GILBERTO NASCIMENTO SILVA JUNIOR";391990;30382;"ELEITO POR QP";"GILBERTO NASCIMENTO SILVA JUNIOR";651294,92;"Fundo Partidario, Outros Recursos";"Recursos de partido político, Recursos de pessoas físicas, Recursos próprios"
250000027291;"WILLIAN SANTOS DE OLIVEIRA";"#NULO#";"PRP";"MASCULINO";"SUPERIOR COMPLETO";"CASADO(A)";"BRANCA";"ENGENHEIRO";"APTO";"N";"WILLIAN SANTOS DE OLIVEIRA";NA;2041;"NÃO ELEITO";NA;NA;NA;NA
250000013939;"ENILDO INACIO DA SILVA";"#NULO#";"PRTB";"MASCULINO";"ENSINO FUNDAMENTAL INCOMPLETO";"SOLTEIRO(A)";"BRANCA";"OUTROS";"APTO";"N";"ENILDO INACIO DA SILVA";NA;23;"NÃO ELEITO";NA;NA;NA;NA
250000020800;"OSWALDO MARTINS DE OLIVEIRA";"#NULO#";"PMDB";"MASCULINO";"SUPERIOR COMPLETO";"DIVORCIADO(A)";"PRETA";"ADVOGADO";"APTO";"N";"OSWALDO MARTINS DE OLIVEIRA";77000;382;"SUPLENTE";NA;NA;NA;NA
250000038417;"ANTONIO MARCOS DE ALMEIDA";"#NULO#";"PSDC";"MASCULINO";"ENSINO FUNDAMENTAL COMPLETO";"CASADO(A)";"PRETA";"EMPRESÁRIO";"APTO";"N";"ANTONIO MARCOS DE ALMEIDA";NA;535;"NÃO ELEITO";"ANTONIO MARCOS DE ALMEIDA";1698,66;"Outros Recursos";"Recursos próprios, Recursos de outros candidatos"
250000006161;"SAMUEL EUZEBIO DE OLIVEIRA";"#NULO#";"PC do B";"MASCULINO";"ENSINO MÉDIO COMPLETO";"SOLTEIRO(A)";"BRANCA";"OUTROS";"APTO";"N";"SAMUEL EUZEBIO DE OLIVEIRA";NA;991;"NÃO ELEITO";"SAMUEL EUZEBIO DE OLIVEIRA";6391,26;"Outros Recursos";"Recursos de partido político, Recursos de pessoas físicas"
250000010877;"UBIRAJARA PEREIRA BALIEIRO";"#NULO#";"PHS";"MASCULINO";"SUPERIOR COMPLETO";"CASADO(A)";"PARDA";"SERVIDOR PÚBLICO MUNICIPAL";"APTO";"N";"UBIRAJARA PEREIRA BALIEIRO";NA;1875;"SUPLENTE";NA;NA;NA;NA
250000008364;"CELIA APARECIDA GOMES CUNHA";"#NULO#";"PRB";"FEMININO";"SUPERIOR INCOMPLETO";"CASADO(A)";"PRETA";"CABELEIREIRO E BARBEIRO";"APTO";"N";"CELIA APARECIDA GOMES CUNHA";9900;266;"SUPLENTE";NA;NA;NA;NA
250000040558;"FLORISA BATISTA DE ALMEIDA";"#NULO#";"SD";"FEMININO";"SUPERIOR COMPLETO";"SOLTEIRO(A)";"PRETA";"ADVOGADO";"APTO";"N";"FLORISA BATISTA DE ALMEIDA";24000;666;"NÃO ELEITO";"FLORISA BATISTA DE ALMEIDA";16018,95;"Fundo Partidario";"Recursos de partido político"
250000022141;"ANDRE LUIS DE MORAES";"#NULO#";"PDT";"MASCULINO";"ENSINO MÉDIO INCOMPLETO";"SEPARADO(A) JUDICIALMENTE";"BRANCA";"JORNALISTA E REDATOR";"APTO";"N";"ANDRE LUIS DE MORAES";NA;239;"SUPLENTE";"ANDRE LUIS DE MORAES";16784,43;"Outros Recursos, Fundo Partidario";"Recursos próprios, Recursos de outros candidatos, Recursos de partido político, Recursos de pessoas físicas"
250000004982;"AURÉLIO NOMURA";"#NULO#";"PSDB";"MASCULINO";"SUPERIOR COMPLETO";"SEPARADO(A) JUDICIALMENTE";"AMARELA";"ADVOGADO";"APTO";"S";"AURÉLIO NOMURA";289357,47;41954;"ELEITO POR QP";"AURÉLIO NOMURA";329500;"Outros Recursos, Fundo Partidario";"Recursos de outros candidatos, Recursos próprios, Recursos de pessoas físicas"
250000006194;"KEPLER PAES DE ALMEIDA";"#NULO#";"PC do B";"MASCULINO";"ENSINO MÉDIO COMPLETO";"CASADO(A)";"PARDA";"PORTEIRO DE EDIFÍCIO, ASCENSORISTA, GARAGISTA E ZELADOR";"APTO";"N";"KEPLER PAES DE ALMEIDA";57000;109;"NÃO ELEITO";"KEPLER PAES DE ALMEIDA";2488,38;"Outros Recursos";"Recursos de pessoas físicas, Recursos de partido político"
250000011661;"RODRIGO BUENO";"#NULO#";"PV";"MASCULINO";"ENSINO MÉDIO INCOMPLETO";"SOLTEIRO(A)";"BRANCA";"COMERCIANTE";"APTO";"N";"RODRIGO BUENO";30000;485;"SUPLENTE";"RODRIGO BUENO";4660;"Outros Recursos";"Recursos próprios, Recursos de pessoas físicas"
250000008336;"ADEMIR FERREIRA LEITE";"#NULO#";"PRB";"MASCULINO";"ENSINO MÉDIO COMPLETO";"SOLTEIRO(A)";"BRANCA";"COMERCIANTE";"APTO";"N";"ADEMIR FERREIRA LEITE";1e+05;6080;"SUPLENTE";"ADEMIR FERREIRA LEITE";23637,26;"Fundo Partidario, Outros Recursos";"Recursos de partido político, Recursos de pessoas físicas, Recursos de outros candidatos"
250000020801;"ELIENE SIQUEIRA RIBEIRO";"#NULO#";"PMDB";"FEMININO";"SUPERIOR COMPLETO";"SOLTEIRO(A)";"BRANCA";"AGENTE ADMINISTRATIVO";"APTO";"N";"ELIENE SIQUEIRA RIBEIRO";NA;42;"SUPLENTE";NA;NA;NA;NA
250000019174;"SILVANA GONÇALVES DE LIMA";"#NULO#";"PTB";"FEMININO";"SUPERIOR INCOMPLETO";"SOLTEIRO(A)";"BRANCA";"JORNALISTA E REDATOR";"APTO";"N";"SILVANA GONÇALVES DE LIMA";NA;212;"SUPLENTE";"SILVANA GONÇALVES DE LIMA";1608;"Outros Recursos, Fundo Partidario";"Recursos de partido político, Recursos próprios, Recursos de outros candidatos"
250000050204;"MANOEL CANDIDO";"#NULO#";"PSL";"MASCULINO";"SUPERIOR INCOMPLETO";"CASADO(A)";"PRETA";"COMERCIANTE";"APTO";"N";"MANOEL CANDIDO";18900;260;"NÃO ELEITO";"MANOEL CANDIDO";279,01;"Fundo Partidario";"Recursos de partido político"
250000013942;"HERBERT ROTTGERING";"#NULO#";"PRTB";"MASCULINO";"SUPERIOR COMPLETO";"DIVORCIADO(A)";"BRANCA";"ENGENHEIRO";"APTO";"N";"HERBERT ROTTGERING";NA;81;"NÃO ELEITO";NA;NA;NA;NA
250000022082;"HELIO RODRIGUES DE ANDRADE";"#NULO#";"PT";"MASCULINO";"SUPERIOR COMPLETO";"CASADO(A)";"BRANCA";"TÉCNICO DE QUÍMICA";"APTO";"N";"HELIO RODRIGUES DE ANDRADE";164741,5;17891;"SUPLENTE";"HELIO RODRIGUES DE ANDRADE";117727,26;"Outros Recursos, Fundo Partidario";"Recursos de pessoas físicas, Recursos de partido político"
250000019130;"EDSON FERRARINI";"#NULO#";"PTB";"MASCULINO";"SUPERIOR COMPLETO";"CASADO(A)";"BRANCA";"ADVOGADO";"APTO";"N";"EDSON FERRARINI";1501644,32;15527;"SUPLENTE";"EDSON FERRARINI";373390;"Outros Recursos";"Recursos próprios"
250000010903;"SILVANA BUENO DOS SANTOS AIOLFI";"#NULO#";"PHS";"FEMININO";"SUPERIOR COMPLETO";"CASADO(A)";"BRANCA";"ADMINISTRADOR";"APTO";"N";"SILVANA BUENO DOS SANTOS AIOLFI";NA;407;"SUPLENTE";NA;NA;NA;NA
250000038397;"MARIA APARECIDA GONÇALVES DE ARAÚJO";"#NULO#";"PSDC";"FEMININO";"SUPERIOR COMPLETO";"SOLTEIRO(A)";"PRETA";"DIRETOR DE ESTABELECIMENTO DE ENSINO";"APTO";"N";"MARIA APARECIDA GONÇALVES DE ARAÚJO";220000;216;"NÃO ELEITO";"MARIA APARECIDA GONÇALVES DE ARAÚJO";2898,66;"Fundo Partidario, Outros Recursos";"Recursos de partido político, Recursos de outros candidatos, Recursos de pessoas físicas"
250000010834;"LUIZ DE ARAUJO JUNIOR";"#NULO#";"PPS";"MASCULINO";"SUPERIOR COMPLETO";"CASADO(A)";"BRANCA";"MÉDICO";"APTO";"N";"LUIZ DE ARAUJO JUNIOR";539968,96;1779;"SUPLENTE";NA;NA;NA;NA
250000020843;"LUIZA NAGIB ELUF";"#NULO#";"PSD";"FEMININO";"SUPERIOR COMPLETO";"CASADO(A)";"BRANCA";"ADVOGADO";"APTO";"N";"LUIZA NAGIB ELUF";2398181,7;5807;"SUPLENTE";"LUIZA NAGIB ELUF";210935,75;"Outros Recursos, Fundo Partidario";"Recursos de outros candidatos, Recursos de pessoas físicas, Recursos de partido político"
250000040587;"CLAUDETE MARIA MARTINS";"#NULO#";"SD";"FEMININO";"ENSINO MÉDIO COMPLETO";"CASADO(A)";"BRANCA";"COMERCIANTE";"APTO";"N";"CLAUDETE MARIA MARTINS";NA;190;"NÃO ELEITO";"CLAUDETE MARIA MARTINS";6005;"Fundo Partidario";"Recursos de partido político"
250000027281;"CARMEN MARIA UCHOA FERNANDES";"#NULO#";"PRP";"FEMININO";"ENSINO FUNDAMENTAL COMPLETO";"CASADO(A)";"BRANCA";"EMPRESÁRIO";"APTO";"N";"CARMEN MARIA UCHOA FERNANDES";220000;283;"NÃO ELEITO";NA;NA;NA;NA
250000010874;"ADEMIR DA GUIA";"#NULO#";"PHS";"MASCULINO";"ENSINO MÉDIO COMPLETO";"CASADO(A)";"BRANCA";"APOSENTADO (EXCETO SERVIDOR PÚBLICO)";"APTO";"N";"ADEMIR DA GUIA";611504,85;3166;"SUPLENTE";NA;NA;NA;NA
250000011679;"MARCO AURELIO RODRIGUES DE ARAUJO";"#NULO#";"PV";"MASCULINO";"SUPERIOR COMPLETO";"CASADO(A)";"PARDA";"ENGENHEIRO";"APTO";"N";"MARCO AURELIO RODRIGUES DE ARAUJO";133155,05;1365;"SUPLENTE";"MARCO AURELIO RODRIGUES DE ARAUJO";1500;"Outros Recursos";"Recursos próprios, Recursos de pessoas físicas"
250000010870;"EDICARLOS DE OLIVEIRA SANTOS";"#NULO#";"PHS";"MASCULINO";"ENSINO FUNDAMENTAL COMPLETO";"DIVORCIADO(A)";"PARDA";"REPRESENTANTE COMERCIAL";"APTO";"N";"EDICARLOS DE OLIVEIRA SANTOS";69000;4069;"SUPLENTE";NA;NA;NA;NA
250000006153;"VALMIR FERREIRA DOS SANTOS";"#NULO#";"PC do B";"MASCULINO";"SUPERIOR COMPLETO";"SOLTEIRO(A)";"PRETA";"COMERCIANTE";"APTO";"N";"VALMIR FERREIRA DOS SANTOS";NA;660;"NÃO ELEITO";"VALMIR FERREIRA DOS SANTOS";10025,59;"Outros Recursos";"Recursos próprios, Recursos de partido político"
250000006181;"EDENILDA DAS NEVES CARNEIRO SOUSA";"#NULO#";"PC do B";"FEMININO";"SUPERIOR COMPLETO";"CASADO(A)";"BRANCA";"ASSISTENTE SOCIAL";"APTO";"N";"EDENILDA DAS NEVES CARNEIRO SOUSA";NA;1467;"NÃO ELEITO";"EDENILDA DAS NEVES CARNEIRO SOUSA";40619,25;"Outros Recursos, Fundo Partidario";"Recursos de pessoas físicas, Recursos de partido político"
250000010899;"MARISA RITA RIELLO DEPPMAN";"#NULO#";"PHS";"FEMININO";"SUPERIOR COMPLETO";"CASADO(A)";"BRANCA";"ADVOGADO";"APTO";"N";"MARISA RITA RIELLO DEPPMAN";973062,87;2951;"SUPLENTE";"MARISA RITA RIELLO DEPPMAN";25476,6;"Fundo Partidario, Outros Recursos";"Recursos de partido político, Recursos de outros candidatos, Recursos de pessoas físicas"
250000022095;"MARIA RENELDA DA SILVA";"#NULO#";"PT";"FEMININO";"ENSINO FUNDAMENTAL INCOMPLETO";"SOLTEIRO(A)";"PRETA";"AUXILIAR DE ESCRITÓRIO E ASSEMELHADOS";"APTO";"N";"MARIA RENELDA DA SILVA";50000;85;"SUPLENTE";"MARIA RENELDA DA SILVA";9727,27;"Outros Recursos, Fundo Partidario";"Recursos de outros candidatos, Recursos de partido político"
250000027298;"RICARDO CORDEIRO GALINDO";"#NULO#";"PRP";"MASCULINO";"ENSINO MÉDIO COMPLETO";"SOLTEIRO(A)";"BRANCA";"MOTORISTA DE VEÍCULOS DE TRANSPORTE COLETIVO DE PASSAGEIROS";"APTO";"N";"RICARDO CORDEIRO GALINDO";NA;1025;"NÃO ELEITO";NA;NA;NA;NA
250000022127;"VAGNER SANTOS DE JESUS";"#NULO#";"PR";"MASCULINO";"ENSINO MÉDIO COMPLETO";"CASADO(A)";"PRETA";"EMPRESÁRIO";"APTO";"N";"VAGNER SANTOS DE JESUS";NA;667;"SUPLENTE";NA;NA;NA;NA
250000027285;"ITAMAR SENA";"#NULO#";"PRP";"MASCULINO";"ENSINO FUNDAMENTAL COMPLETO";"CASADO(A)";"PARDA";"OUTROS";"APTO";"N";"ITAMAR SENA";NA;199;"NÃO ELEITO";NA;NA;NA;NA
250000004991;"SALOMÃO PEREIRA DA SILVA";"#NULO#";"PSDB";"MASCULINO";"SUPERIOR COMPLETO";"CASADO(A)";"BRANCA";"JORNALISTA E REDATOR";"APTO";"S";"SALOMÃO PEREIRA DA SILVA";628016,28;8427;"SUPLENTE";"SALOMÃO PEREIRA DA SILVA";229422;"Outros Recursos, Fundo Partidario";"Recursos de outros candidatos, Recursos próprios, Recursos de pessoas físicas"
250000011013;"DALTON SILVANO DO AMARAL";"#NULO#";"DEM";"MASCULINO";"SUPERIOR COMPLETO";"CASADO(A)";"BRANCA";"PUBLICITÁRIO";"APTO";"S";"DALTON SILVANO DO AMARAL";2788922,91;24461;"SUPLENTE";"DALTON SILVANO DO AMARAL";476192,87;"Outros Recursos, Fundo Partidario";"Recursos de outros candidatos, Recursos próprios, Recursos de pessoas físicas, Recursos de partido político"
250000011655;"DELMA RIGO ROCHA CARDOSO";"#NULO#";"PV";"FEMININO";"SUPERIOR COMPLETO";"DIVORCIADO(A)";"BRANCA";"BIÓLOGO";"APTO";"N";"DELMA RIGO ROCHA CARDOSO";NA;311;"SUPLENTE";NA;NA;NA;NA
250000006186;"FERNANDO QUARESMA DE AZEVEDO";"#NULO#";"PC do B";"MASCULINO";"SUPERIOR COMPLETO";"SOLTEIRO(A)";"BRANCA";"ADVOGADO";"APTO";"N";"FERNANDO QUARESMA DE AZEVEDO";1420000;320;"NÃO ELEITO";"FERNANDO QUARESMA DE AZEVEDO";13312,5;"Outros Recursos";"Recursos próprios, Recursos de partido político"
250000010835;"NELSON CHANG PYO HONG";"#NULO#";"PPS";"MASCULINO";"SUPERIOR COMPLETO";"CASADO(A)";"AMARELA";"ADVOGADO";"APTO";"N";"NELSON CHANG PYO HONG";493043,01;2877;"SUPLENTE";"NELSON CHANG PYO HONG";14703,6;"Outros Recursos";"Recursos de outros candidatos, Recursos próprios"
250000027300;"ELSO MARQUES DE ARAUJO";"#NULO#";"PRP";"MASCULINO";"ENSINO MÉDIO COMPLETO";"DIVORCIADO(A)";"PARDA";"BANCÁRIO E ECONOMIÁRIO";"APTO";"N";"ELSO MARQUES DE ARAUJO";NA;669;"NÃO ELEITO";NA;NA;NA;NA
250000006192;"JOÃO ANTONIO DONIZZETTI CARVALHO";"#NULO#";"PC do B";"MASCULINO";"SUPERIOR COMPLETO";"CASADO(A)";"BRANCA";"PROFESSOR DE ENSINO MÉDIO";"APTO";"N";"JOÃO ANTONIO DONIZZETTI CARVALHO";189000;1515;"NÃO ELEITO";"JOÃO ANTONIO DONIZZETTI CARVALHO";5378,49;"Outros Recursos";"Recursos próprios, Recursos de pessoas físicas, Recursos de partido político"
250000038356;"TALITA EYMAEL LATAES";"#NULO#";"PSDC";"FEMININO";"SUPERIOR INCOMPLETO";"SOLTEIRO(A)";"BRANCA";"PSICÓLOGO";"APTO";"N";"TALITA EYMAEL LATAES";19000;309;"NÃO ELEITO";"TALITA EYMAEL LATAES";6613,66;"Outros Recursos, Fundo Partidario";"Recursos de pessoas físicas, Recursos de partido político, Recursos de outros candidatos"
250000011624;"GILBERTO TANOS NATALINI";"#NULO#";"PV";"MASCULINO";"SUPERIOR COMPLETO";"CASADO(A)";"BRANCA";"VEREADOR";"APTO";"S";"GILBERTO TANOS NATALINI";626093,69;28006;"ELEITO POR QP";"GILBERTO TANOS NATALINI";179295,8;"Outros Recursos, Fundo Partidario";"Recursos de outros candidatos, Recursos próprios, Recursos de pessoas físicas"
250000027319;"JOSE ROBERTO RODRIGUES DE SOUZA";"#NULO#";"PTC";"MASCULINO";"ENSINO MÉDIO COMPLETO";"CASADO(A)";"BRANCA";"OUTROS";"APTO";"N";"JOSE ROBERTO RODRIGUES DE SOUZA";487000;1211;"NÃO ELEITO";NA;NA;NA;NA
250000040572;"FABIANA FRANCHINI";"#NULO#";"SD";"FEMININO";"SUPERIOR INCOMPLETO";"CASADO(A)";"BRANCA";"OUTROS";"APTO";"N";"FABIANA FRANCHINI";NA;140;"NÃO ELEITO";NA;NA;NA;NA
250000011670;"CELIO CARLOS GOMES DE SOUSA";"#NULO#";"PV";"MASCULINO";"SUPERIOR COMPLETO";"CASADO(A)";"PARDA";"OUTROS";"APTO";"N";"CELIO CARLOS GOMES DE SOUSA";NA;870;"SUPLENTE";NA;NA;NA;NA
250000027325;"PAULO EMENDABILI SOUZA BARROS DE CARVALHOSA";"#NULO#";"PTC";"MASCULINO";"SUPERIOR COMPLETO";"CASADO(A)";"BRANCA";"ADVOGADO";"APTO";"N";"PAULO EMENDABILI SOUZA BARROS DE CARVALHOSA";2828000;380;"NÃO ELEITO";NA;NA;NA;NA
250000010992;"ELISEU GABRIEL DE PIERI";"#NULO#";"PSB";"MASCULINO";"SUPERIOR COMPLETO";"DIVORCIADO(A)";"BRANCA";"VEREADOR";"APTO";"S";"ELISEU GABRIEL DE PIERI";1945827,84;52355;"ELEITO POR QP";"ELISEU GABRIEL DE PIERI";566797,47;"Outros Recursos";"Recursos de outros candidatos, Recursos próprios, Recursos de pessoas físicas"
250000011002;"ADRIANO DE ALMADA MESSIAS";"#NULO#";"PP";"MASCULINO";"SUPERIOR COMPLETO";"SOLTEIRO(A)";"BRANCA";"ADVOGADO";"APTO";"N";"ADRIANO DE ALMADA MESSIAS";949406,81;898;"SUPLENTE";"ADRIANO DE ALMADA MESSIAS";4021,7;"Outros Recursos";"Recursos próprios, Recursos de pessoas físicas, Recursos de outros candidatos"
250000022098;"PAULO BATISTA DOS REIS";"#NULO#";"PT";"MASCULINO";"SUPERIOR COMPLETO";"DIVORCIADO(A)";"PRETA";"VEREADOR";"APTO";"S";"PAULO BATISTA DOS REIS";671888,89;29308;"ELEITO POR QP";"PAULO BATISTA DOS REIS";347904,7;"Outros Recursos, Fundo Partidario";"Recursos de partido político, Recursos próprios, Recursos de pessoas físicas"
250000094300;"MARIA VANDA DOS SANTOS";"#NULO#";"PROS";"FEMININO";"ENSINO FUNDAMENTAL COMPLETO";"SOLTEIRO(A)";"BRANCA";"PORTEIRO DE EDIFÍCIO, ASCENSORISTA, GARAGISTA E ZELADOR";"APTO";"N";"MARIA VANDA DOS SANTOS";NA;80;"SUPLENTE";"MARIA VANDA DOS SANTOS";500;"Fundo Partidario";"Recursos de partido político"
250000011630;"JAMES DEL TEDESCO LOSACCO";"#NULO#";"PV";"MASCULINO";"SUPERIOR COMPLETO";"CASADO(A)";"BRANCA";"ODONTÓLOGO";"APTO";"N";"JAMES DEL TEDESCO LOSACCO";9900;1649;"SUPLENTE";NA;NA;NA;NA
250000019144;"FLAVIANE MENESES FREITAS";"#NULO#";"PTB";"FEMININO";"ENSINO FUNDAMENTAL COMPLETO";"CASADO(A)";"PARDA";"COMERCIANTE";"APTO";"N";"FLAVIANE MENESES FREITAS";18000;218;"SUPLENTE";NA;NA;NA;NA
250000008359;"JOSE ROBSON CORDEIRO MELGAÇO";"#NULO#";"PRB";"MASCULINO";"ENSINO FUNDAMENTAL COMPLETO";"SOLTEIRO(A)";"BRANCA";"TAXISTA";"APTO";"N";"JOSE ROBSON CORDEIRO MELGAÇO";NA;540;"SUPLENTE";NA;NA;NA;NA
250000010856;"WALDEMAR DOS SANTOS MARTINS";"#NULO#";"PPS";"MASCULINO";"ENSINO MÉDIO COMPLETO";"CASADO(A)";"BRANCA";"OUTROS";"APTO";"N";"WALDEMAR DOS SANTOS MARTINS";30000;149;"SUPLENTE";NA;NA;NA;NA
250000011681;"EDMAR MARQUES SILVA";"#NULO#";"PV";"MASCULINO";"ENSINO MÉDIO INCOMPLETO";"DIVORCIADO(A)";"PRETA";"MÚSICO";"APTO";"N";"EDMAR MARQUES SILVA";NA;648;"SUPLENTE";NA;NA;NA;NA
250000040598;"MARIA NILVA SEVERINO GONÇALVES";"#NULO#";"SD";"FEMININO";"SUPERIOR COMPLETO";"CASADO(A)";"BRANCA";"PROFESSOR DE ENSINO MÉDIO";"APTO";"N";"MARIA NILVA SEVERINO GONÇALVES";2205000;1258;"NÃO ELEITO";"MARIA NILVA SEVERINO GONÇALVES";20739,51;"Fundo Partidario";"Recursos de partido político"
250000050145;"ALMIR RIBEIRO DOS SANTOS";"#NULO#";"PSL";"MASCULINO";"ENSINO FUNDAMENTAL INCOMPLETO";"SOLTEIRO(A)";"BRANCA";"ADMINISTRADOR";"APTO";"N";"ALMIR RIBEIRO DOS SANTOS";NA;1348;"NÃO ELEITO";NA;NA;NA;NA
250000040586;"MARCIO PIMENTEL BENVENUTO";"#NULO#";"SD";"MASCULINO";"SUPERIOR INCOMPLETO";"CASADO(A)";"BRANCA";"TRABALHADOR DE ARTES GRÁFICAS";"APTO";"N";"MARCIO PIMENTEL BENVENUTO";NA;246;"NÃO ELEITO";NA;NA;NA;NA
250000010850;"GIULIANO FIORETTI";"#NULO#";"PPS";"MASCULINO";"SUPERIOR COMPLETO";"CASADO(A)";"BRANCA";"MÉDICO";"APTO";"N";"GIULIANO FIORETTI";509000;2756;"SUPLENTE";"GIULIANO FIORETTI";100,57;"Outros Recursos";"Recursos próprios, Recursos de partido político"
250000005000;"ANDRÉA CRISTINA RIBEIRO DOS SANTOS";"#NULO#";"PSDB";"FEMININO";"ENSINO MÉDIO COMPLETO";"CASADO(A)";"PARDA";"DONA DE CASA";"APTO";"N";"ANDRÉA CRISTINA RIBEIRO DOS SANTOS";350000;562;"SUPLENTE";NA;NA;NA;NA
250000011677;"ADEMIR NICACIO DA SILVA";"#NULO#";"PV";"MASCULINO";"ENSINO MÉDIO COMPLETO";"SOLTEIRO(A)";"BRANCA";"EMPRESÁRIO";"APTO";"N";"ADEMIR NICACIO DA SILVA";NA;477;"SUPLENTE";NA;NA;NA;NA
250000082736;"PEDRO COBBETT STAEL MARKUN";"#NULO#";"REDE";"MASCULINO";"SUPERIOR INCOMPLETO";"SOLTEIRO(A)";"BRANCA";"OUTROS";"APTO";"N";"PEDRO COBBETT STAEL MARKUN";161327,46;4624;"NÃO ELEITO";"PEDRO COBBETT STAEL MARKUN";5210;"Outros Recursos";"Recursos próprios, Recursos de pessoas físicas"
250000010996;"DANIEL CARREIRA FILHO";"#NULO#";"PSB";"MASCULINO";"SUPERIOR COMPLETO";"CASADO(A)";"BRANCA";"PROFESSOR DE ENSINO SUPERIOR";"APTO";"N";"DANIEL CARREIRA FILHO";1630969;797;"SUPLENTE";NA;NA;NA;NA
250000013935;"CICERO APARECIDO DA SILVA";"#NULO#";"PRTB";"MASCULINO";"SUPERIOR INCOMPLETO";"SOLTEIRO(A)";"BRANCA";"COMERCIANTE";"APTO";"N";"CICERO APARECIDO DA SILVA";3500;960;"NÃO ELEITO";"CICERO APARECIDO DA SILVA";2800;"Outros Recursos";"Recursos próprios"
250000038386;"CRISTIANA PINHEIRO DUARTE";"#NULO#";"PSDC";"FEMININO";"ENSINO FUNDAMENTAL COMPLETO";"CASADO(A)";"BRANCA";"COMERCIANTE";"APTO";"N";"CRISTIANA PINHEIRO DUARTE";NA;98;"NÃO ELEITO";"CRISTIANA PINHEIRO DUARTE";2898,66;"Fundo Partidario, Outros Recursos";"Recursos de partido político, Recursos de outros candidatos, Recursos de pessoas físicas"
250000050208;"NEUSA MARIA DE ARAUJO";"#NULO#";"PSL";"FEMININO";"ENSINO MÉDIO COMPLETO";"SOLTEIRO(A)";"PARDA";"DONA DE CASA";"APTO";"N";"NEUSA MARIA DE ARAUJO";NA;553;"NÃO ELEITO";"NEUSA MARIA DE ARAUJO";446,21;"Outros Recursos, Fundo Partidario";"Recursos de outros candidatos, Recursos de partido político"
250000005798;"JANAINA CARLA DE LIMA";"#NULO#";"NOVO";"FEMININO";"SUPERIOR COMPLETO";"CASADO(A)";"BRANCA";"ADVOGADO";"APTO";"N";"JANAINA CARLA DE LIMA";26100;19425;"ELEITO POR QP";"JANAINA CARLA DE LIMA";300018,76;"Outros Recursos";"Recursos de partido político, Recursos de pessoas físicas"
250000011007;"JOSE ANDRE SOBREIRO CARVALHO MEDEIROS";"#NULO#";"PP";"MASCULINO";"ENSINO MÉDIO COMPLETO";"SOLTEIRO(A)";"BRANCA";"CANTOR E COMPOSITOR";"APTO";"N";"JOSE ANDRE SOBREIRO CARVALHO MEDEIROS";293893;104;"SUPLENTE";NA;NA;NA;NA
250000014897;"DIANA SOUBIHE DE OLIVEIRA";"#NULO#";"PSOL";"FEMININO";"SUPERIOR COMPLETO";"SOLTEIRO(A)";"BRANCA";"AUXILIAR DE ESCRITÓRIO E ASSEMELHADOS";"APTO";"N";"DIANA SOUBIHE DE OLIVEIRA";NA;3590;"SUPLENTE";NA;NA;NA;NA
250000022133;"IVALDO DA SILVA";"#NULO#";"PROS";"MASCULINO";"SUPERIOR INCOMPLETO";"DIVORCIADO(A)";"PARDA";"PROFESSOR DE ENSINO MÉDIO";"APTO";"N";"IVALDO DA SILVA";20000;1765;"SUPLENTE";"IVALDO DA SILVA";9222,34;"Outros Recursos, Fundo Partidario";"Recursos próprios, Recursos de partido político"
250000020817;"ANDERSON MIGRI DA CUNHA";"#NULO#";"PMDB";"MASCULINO";"ENSINO MÉDIO COMPLETO";"CASADO(A)";"BRANCA";"COMERCIANTE";"APTO";"N";"ANDERSON MIGRI DA CUNHA";NA;2959;"SUPLENTE";NA;NA;NA;NA
250000004979;"ADRIANA ALVES RAMALHO SANTANA";"#NULO#";"PSDB";"FEMININO";"SUPERIOR COMPLETO";"CASADO(A)";"BRANCA";"EMPRESÁRIO";"APTO";"N";"ADRIANA ALVES RAMALHO SANTANA";1512523,93;29756;"ELEITO POR QP";"ADRIANA ALVES RAMALHO SANTANA";369341,19;"Outros Recursos, Fundo Partidario";"Recursos de pessoas físicas, Recursos de partido político, Recursos de outros candidatos"
250000027327;"REANOLFO CLAUDIO DE SIQUEIRA";"#NULO#";"PTC";"MASCULINO";"SUPERIOR INCOMPLETO";"CASADO(A)";"BRANCA";"MILITAR REFORMADO";"APTO";"N";"REANOLFO CLAUDIO DE SIQUEIRA";40000;196;"NÃO ELEITO";NA;NA;NA;NA
250000062817;"ANTONIO MARCOS MARCONI MOREIRA";"#NULO#";"PATRIOTA";"MASCULINO";"ENSINO MÉDIO COMPLETO";"CASADO(A)";"BRANCA";"OUTROS";"APTO";"N";"ANTONIO MARCOS MARCONI MOREIRA";NA;892;"NÃO ELEITO";NA;NA;NA;NA
250000010911;"CINTIA DE OLIVEIRA SILVA";"#NULO#";"PHS";"FEMININO";"ENSINO MÉDIO COMPLETO";"CASADO(A)";"PARDA";"EMPRESÁRIO";"APTO";"N";"CINTIA DE OLIVEIRA SILVA";4500;446;"SUPLENTE";NA;NA;NA;NA
250000020789;"RICARDO APARECIDO GRANJA DOS SANTOS";"#NULO#";"PMDB";"MASCULINO";"SUPERIOR COMPLETO";"CASADO(A)";"BRANCA";"ECONOMISTA";"APTO";"N";"RICARDO APARECIDO GRANJA DOS SANTOS";532877,63;2151;"SUPLENTE";"RICARDO APARECIDO GRANJA DOS SANTOS";30105,21;"Outros Recursos, Fundo Partidario";"Recursos de outros candidatos, Recursos próprios, Recursos de pessoas físicas"
250000019133;"HAROLDO JOSÉ DOS SANTOS";"#NULO#";"PTB";"MASCULINO";"ENSINO MÉDIO COMPLETO";"CASADO(A)";"BRANCA";"CONTADOR";"APTO";"N";"HAROLDO JOSÉ DOS SANTOS";597394,35;2330;"SUPLENTE";"HAROLDO JOSÉ DOS SANTOS";9000;"Outros Recursos";"Recursos próprios"
250000038380;"WILLIAM FERREIRA DE FREITAS";"#NULO#";"PSDC";"MASCULINO";"ENSINO MÉDIO COMPLETO";"CASADO(A)";"BRANCA";"CARPINTEIRO, MARCENEIRO E ASSEMELHADOS";"APTO";"N";"WILLIAM FERREIRA DE FREITAS";NA;1467;"NÃO ELEITO";NA;NA;NA;NA
250000038362;"PAULO JORGE VALENTIM";"#NULO#";"PSDC";"MASCULINO";"SUPERIOR COMPLETO";"CASADO(A)";"BRANCA";"MÉDICO";"APTO";"N";"PAULO JORGE VALENTIM";395012,68;3126;"NÃO ELEITO";"PAULO JORGE VALENTIM";28739,53;"Outros Recursos, Fundo Partidario";"Recursos próprios, Recursos de outros candidatos, Recursos de partido político"
250000038395;"LAÉRCIO GONÇALVES DE OLIVEIRA";"#NULO#";"PSDC";"MASCULINO";"ENSINO FUNDAMENTAL COMPLETO";"CASADO(A)";"BRANCA";"MOTORISTA DE VEÍCULOS DE TRANSPORTE COLETIVO DE PASSAGEIROS";"APTO";"N";"LAÉRCIO GONÇALVES DE OLIVEIRA";23000;2666;"NÃO ELEITO";"LAÉRCIO GONÇALVES DE OLIVEIRA";4791,12;"Outros Recursos, Fundo Partidario";"Recursos próprios, Recursos de pessoas físicas, Recursos de partido político, Recursos de outros candidatos"
250000020842;"LUIZ FERNANDO RICCÓ VIVIANI FERRAZ";"#NULO#";"PSD";"MASCULINO";"SUPERIOR COMPLETO";"CASADO(A)";"BRANCA";"OUTROS";"APTO";"N";"LUIZ FERNANDO RICCÓ VIVIANI FERRAZ";103713,91;5132;"SUPLENTE";"LUIZ FERNANDO RICCÓ VIVIANI FERRAZ";45120,51;"Outros Recursos, Fundo Partidario";"Recursos próprios, Recursos de pessoas físicas, Recursos de outros candidatos, Recursos de partido político"
250000022087;"LUIZ CLAUDIO MARCOLINO";"#NULO#";"PT";"MASCULINO";"SUPERIOR COMPLETO";"CASADO(A)";"PRETA";"BANCÁRIO E ECONOMIÁRIO";"APTO";"N";"LUIZ CLAUDIO MARCOLINO";393569,02;7960;"SUPLENTE";"LUIZ CLAUDIO MARCOLINO";273696,08;"Outros Recursos, Fundo Partidario";"Recursos próprios, Recursos de pessoas físicas, Recursos de partido político"
250000058359;"FRANCISCA BATISTA SURIANO DA SILVA";"#NULO#";"PTN";"FEMININO";"SUPERIOR COMPLETO";"CASADO(A)";"PARDA";"OUTROS";"APTO";"N";"FRANCISCA BATISTA SURIANO DA SILVA";NA;161;"SUPLENTE";NA;NA;NA;NA
250000014904;"PAULO PEREIRA ROCHA";"#NULO#";"PSOL";"MASCULINO";"ENSINO MÉDIO COMPLETO";"CASADO(A)";"PARDA";"OUTROS";"APTO";"N";"PAULO PEREIRA ROCHA";20000;486;"SUPLENTE";NA;NA;NA;NA
250000013945;"JOSE ERALDO CARDOSO DA SILVA";"#NULO#";"PRTB";"MASCULINO";"ENSINO MÉDIO COMPLETO";"CASADO(A)";"BRANCA";"OUTROS";"APTO";"N";"JOSE ERALDO CARDOSO DA SILVA";180039;253;"NÃO ELEITO";NA;NA;NA;NA
250000040602;"OSMAR BUZATTO JUNIOR";"#NULO#";"SD";"MASCULINO";"SUPERIOR COMPLETO";"SOLTEIRO(A)";"BRANCA";"EMPRESÁRIO";"APTO";"N";"OSMAR BUZATTO JUNIOR";17000;372;"NÃO ELEITO";"OSMAR BUZATTO JUNIOR";500;"Outros Recursos";"Recursos próprios"
250000040560;"CARLOS GARCIA BALADO";"#NULO#";"SD";"MASCULINO";"SUPERIOR COMPLETO";"CASADO(A)";"BRANCA";"OUTROS";"APTO";"N";"CARLOS GARCIA BALADO";147566,2;189;"NÃO ELEITO";NA;NA;NA;NA
250000006141;"JOSELITO DE SOUSA LIMA";"#NULO#";"PC do B";"MASCULINO";"SUPERIOR COMPLETO";"DIVORCIADO(A)";"BRANCA";"SERVIDOR PÚBLICO MUNICIPAL";"APTO";"N";"JOSELITO DE SOUSA LIMA";259500;4828;"NÃO ELEITO";"JOSELITO DE SOUSA LIMA";42093,25;"Fundo Partidario, Outros Recursos";"Recursos de partido político, Recursos próprios"
250000022088;"LUIZ ROQUE EIGLMEIER";"#NULO#";"PT";"MASCULINO";"SUPERIOR COMPLETO";"DIVORCIADO(A)";"BRANCA";"ADVOGADO";"APTO";"N";"LUIZ ROQUE EIGLMEIER";44300;2908;"SUPLENTE";"LUIZ ROQUE EIGLMEIER";44392,66;"Outros Recursos, Fundo Partidario";"Recursos próprios, Recursos de pessoas físicas, Recursos de outros candidatos, Recursos de partido político"
250000006159;"WANDER GERALDO DA SILVA";"#NULO#";"PC do B";"MASCULINO";"ENSINO MÉDIO INCOMPLETO";"DIVORCIADO(A)";"PRETA";"CARPINTEIRO, MARCENEIRO E ASSEMELHADOS";"APTO";"N";"WANDER GERALDO DA SILVA";143917,7;3441;"NÃO ELEITO";"WANDER GERALDO DA SILVA";129618,75;"Outros Recursos";"Recursos de partido político, Recursos próprios, Recursos de pessoas físicas"
250000005792;"JOAQUIM CARLOS FANTON FILHO";"#NULO#";"NOVO";"MASCULINO";"SUPERIOR COMPLETO";"CASADO(A)";"BRANCA";"GERENTE";"APTO";"N";"JOAQUIM CARLOS FANTON FILHO";793840,33;1854;"SUPLENTE";"JOAQUIM CARLOS FANTON FILHO";35185,95;"Outros Recursos";"Recursos de origens não identificadas, Recursos próprios, Recursos de pessoas físicas"
250000020811;"SANDRA NOGUEIRA FERREIRA DA SILVA";"#NULO#";"PMDB";"FEMININO";"SUPERIOR COMPLETO";"CASADO(A)";"BRANCA";"ENFERMEIRO";"APTO";"N";"SANDRA NOGUEIRA FERREIRA DA SILVA";212000;576;"SUPLENTE";"SANDRA NOGUEIRA FERREIRA DA SILVA";7782,15;"Outros Recursos, Fundo Partidario";"Recursos de outros candidatos, Recursos próprios, Recursos de partido político, Recursos de pessoas físicas"
250000022128;"ANTONIO DA SILVA";"#NULO#";"PROS";"MASCULINO";"ENSINO MÉDIO COMPLETO";"SOLTEIRO(A)";"PARDA";"ANALISTA DE SISTEMAS";"APTO";"N";"ANTONIO DA SILVA";147500;1168;"SUPLENTE";"ANTONIO DA SILVA";18846,65;"Outros Recursos";"Recursos de partido político, Recursos próprios"
250000010998;"JADSON FLORENTINO DE MORAES";"#NULO#";"PSB";"MASCULINO";"SUPERIOR COMPLETO";"CASADO(A)";"BRANCA";"ADVOGADO";"APTO";"N";"JADSON FLORENTINO DE MORAES";43283;3695;"SUPLENTE";"JADSON FLORENTINO DE MORAES";11731,87;"Outros Recursos";"Recursos próprios, Recursos de pessoas físicas, Recursos de outros candidatos"
250000040604;"JOÃO BATISTA SILVA";"#NULO#";"SD";"MASCULINO";"ENSINO MÉDIO COMPLETO";"SOLTEIRO(A)";"BRANCA";"SERVIDOR PÚBLICO ESTADUAL";"APTO";"N";"JOÃO BATISTA SILVA";NA;110;"NÃO ELEITO";"JOÃO BATISTA SILVA";4490,5;"Outros Recursos, Fundo Partidario";"Recursos próprios, Recursos de partido político"
250000044414;"EDIMAR RODRIGUES ALECRIM";"#NULO#";"PPL";"MASCULINO";"SUPERIOR COMPLETO";"SOLTEIRO(A)";"PARDA";"EMPRESÁRIO";"APTO";"N";"EDIMAR RODRIGUES ALECRIM";41828;684;"NÃO ELEITO";NA;NA;NA;NA
250000019153;"MORGANA APARECIDA VENERANDO MICHELETT CARDOSO";"#NULO#";"PTB";"FEMININO";"ENSINO MÉDIO COMPLETO";"CASADO(A)";"BRANCA";"COMERCIANTE";"APTO";"N";"MORGANA APARECIDA VENERANDO MICHELETT CARDOSO";47250;394;"SUPLENTE";NA;NA;NA;NA
250000004985;"ANA LUCIA DA COSTA LAZARIM";"#NULO#";"PSDB";"FEMININO";"ENSINO MÉDIO INCOMPLETO";"CASADO(A)";"PRETA";"ALFAIATE E COSTUREIRO";"APTO";"N";"ANA LUCIA DA COSTA LAZARIM";NA;633;"SUPLENTE";NA;NA;NA;NA
250000040565;"DAVI CICHETTO DE MORAES";"#NULO#";"SD";"MASCULINO";"ENSINO MÉDIO COMPLETO";"DIVORCIADO(A)";"BRANCA";"TAXISTA";"APTO";"N";"DAVI CICHETTO DE MORAES";185000;80;"NÃO ELEITO";NA;NA;NA;NA
250000005006;"GILSON ALMEIDA BARRETO";"#NULO#";"PSDB";"MASCULINO";"SUPERIOR COMPLETO";"CASADO(A)";"BRANCA";"ADVOGADO";"APTO";"S";"GILSON ALMEIDA BARRETO";3194036,16;38564;"ELEITO POR QP";"GILSON ALMEIDA BARRETO";311964,95;"Outros Recursos, Fundo Partidario";"Recursos de outros candidatos, Recursos de partido político, Recursos próprios, Recursos de pessoas físicas"
250000038328;"ELIAZER RODELLA";"#NULO#";"PSDC";"MASCULINO";"SUPERIOR COMPLETO";"CASADO(A)";"BRANCA";"SERVIDOR PÚBLICO MUNICIPAL";"APTO";"N";"ELIAZER RODELLA";NA;362;"NÃO ELEITO";"ELIAZER RODELLA";3046,12;"Outros Recursos, Fundo Partidario";"Recursos próprios, Recursos de outros candidatos, Recursos de partido político"
250000094575;"JALMIRA DO CARMO SILVA COELHO";"#NULO#";"PPL";"FEMININO";"ENSINO FUNDAMENTAL COMPLETO";"VIÚVO(A)";"PRETA";"APOSENTADO (EXCETO SERVIDOR PÚBLICO)";"APTO";"N";"JALMIRA DO CARMO SILVA COELHO";NA;125;"NÃO ELEITO";NA;NA;NA;NA
250000040581;"RICARDO SARTESCHI";"#NULO#";"SD";"MASCULINO";"ENSINO FUNDAMENTAL COMPLETO";"CASADO(A)";"BRANCA";"MOTORISTA DE VEÍCULOS DE TRANSPORTE COLETIVO DE PASSAGEIROS";"APTO";"N";"RICARDO SARTESCHI";388000;617;"NÃO ELEITO";NA;NA;NA;NA
250000014893;"ANDRE WAGNER RODRIGUES";"#NULO#";"PSOL";"MASCULINO";"SUPERIOR COMPLETO";"CASADO(A)";"BRANCA";"PROFESSOR DE ENSINO SUPERIOR";"APTO";"N";"ANDRE WAGNER RODRIGUES";217000;1569;"SUPLENTE";NA;NA;NA;NA
250000005797;"GLAUCO SILVA DE CARVALHO";"#NULO#";"NOVO";"MASCULINO";"SUPERIOR COMPLETO";"CASADO(A)";"BRANCA";"POLICIAL MILITAR";"APTO";"N";"GLAUCO SILVA DE CARVALHO";778889,32;6626;"SUPLENTE";"GLAUCO SILVA DE CARVALHO";110550;"Outros Recursos";"Recursos de pessoas físicas, Recursos de partido político"
250000011689;"FATIMA MARIA GONÇALVES FURTADO";"#NULO#";"PV";"FEMININO";"ENSINO MÉDIO COMPLETO";"CASADO(A)";"PARDA";"APOSENTADO (EXCETO SERVIDOR PÚBLICO)";"APTO";"N";"FATIMA MARIA GONÇALVES FURTADO";NA;204;"SUPLENTE";NA;NA;NA;NA
250000062786;"MANOEL DOS SANTOS SILVA IRMAO";"#NULO#";"PATRIOTA";"MASCULINO";"LÊ E ESCREVE";"SOLTEIRO(A)";"BRANCA";"OUTROS";"APTO";"N";"MANOEL DOS SANTOS SILVA IRMAO";NA;587;"NÃO ELEITO";NA;NA;NA;NA
250000038411;"MARCO ANTÔNIO EUGÊNIO MARTINI";"#NULO#";"PSDC";"MASCULINO";"ENSINO MÉDIO COMPLETO";"CASADO(A)";"BRANCA";"ATOR E DIRETOR DE ESPETÁCULOS PÚBLICOS";"APTO";"N";"MARCO ANTÔNIO EUGÊNIO MARTINI";NA;392;"NÃO ELEITO";NA;NA;NA;NA
250000019128;"CLÉCIO VIANA VANDERLEI";"#NULO#";"PTB";"MASCULINO";"SUPERIOR COMPLETO";"SOLTEIRO(A)";"BRANCA";"DECORADOR";"APTO";"N";"CLÉCIO VIANA VANDERLEI";NA;273;"SUPLENTE";NA;NA;NA;NA
250000008367;"PATRICIA REGINA ALONSO";"#NULO#";"PSC";"FEMININO";"SUPERIOR COMPLETO";"DIVORCIADO(A)";"BRANCA";"ADVOGADO";"APTO";"N";"PATRICIA REGINA ALONSO";71576,69;1230;"SUPLENTE";"PATRICIA REGINA ALONSO";8328,33;"Outros Recursos, Fundo Partidario";"Recursos próprios, Recursos de partido político"
250000010993;"MAURO VERRI VILLAS BOAS";"#NULO#";"PSB";"MASCULINO";"SUPERIOR COMPLETO";"DIVORCIADO(A)";"BRANCA";"GERENTE";"APTO";"N";"MAURO VERRI VILLAS BOAS";370000;1152;"SUPLENTE";"MAURO VERRI VILLAS BOAS";2384,4;"Outros Recursos";"Recursos próprios, Recursos de outros candidatos"
250000011641;"MARCELO IOVANOVISCHI";"#NULO#";"PV";"MASCULINO";"ENSINO FUNDAMENTAL INCOMPLETO";"CASADO(A)";"BRANCA";"VENDEDOR DE COMÉRCIO VAREJISTA E ATACADISTA";"APTO";"N";"MARCELO IOVANOVISCHI";NA;183;"SUPLENTE";"MARCELO IOVANOVISCHI";1500;"Outros Recursos";"Recursos de pessoas físicas"
250000013949;"LAURA FERNANDA GRACIANO";"#NULO#";"PRTB";"FEMININO";"SUPERIOR COMPLETO";"SOLTEIRO(A)";"BRANCA";"PEDAGOGO";"APTO";"N";"LAURA FERNANDA GRACIANO";NA;151;"NÃO ELEITO";NA;NA;NA;NA
250000050149;"ELIZABETE DOS SANTOS MANASTARLA";"#NULO#";"PSL";"FEMININO";"SUPERIOR COMPLETO";"SOLTEIRO(A)";"PARDA";"PROFESSOR DE ENSINO FUNDAMENTAL";"APTO";"N";"ELIZABETE DOS SANTOS MANASTARLA";160666,69;37;"NÃO ELEITO";NA;NA;NA;NA
250000019145;"FRANCISCO NUNES SOBRINHO";"#NULO#";"PTB";"MASCULINO";"SUPERIOR COMPLETO";"SOLTEIRO(A)";"BRANCA";"EMPRESÁRIO";"APTO";"N";"FRANCISCO NUNES SOBRINHO";49000;12333;"SUPLENTE";"FRANCISCO NUNES SOBRINHO";19680;"Outros Recursos";"Recursos de pessoas físicas"
250000027315;"JOAO MANUEL BAPTISTA";"#NULO#";"PTC";"MASCULINO";"SUPERIOR COMPLETO";"CASADO(A)";"BRANCA";"ADVOGADO";"APTO";"N";"JOAO MANUEL BAPTISTA";596378,05;244;"NÃO ELEITO";"JOAO MANUEL BAPTISTA";3600;"Outros Recursos, Fundo Partidario";"Recursos próprios, Recursos de partido político, Recursos de pessoas físicas"
250000038407;"JOSÉ CARLOS SILVA TRAJANO";"#NULO#";"PSDC";"MASCULINO";"ENSINO MÉDIO COMPLETO";"SOLTEIRO(A)";"PRETA";"EMPRESÁRIO";"APTO";"N";"JOSÉ CARLOS SILVA TRAJANO";81800;621;"NÃO ELEITO";NA;NA;NA;NA
250000008293;"ANDRÉ LUIZ SANTOS ESTEVES";"#NULO#";"PRB";"MASCULINO";"ENSINO MÉDIO COMPLETO";"CASADO(A)";"PARDA";"OUTROS";"APTO";"N";"ANDRÉ LUIZ SANTOS ESTEVES";NA;37393;"ELEITO POR QP";"ANDRÉ LUIZ SANTOS ESTEVES";118211,3;"Outros Recursos, Fundo Partidario";"Recursos de pessoas físicas, Recursos de outros candidatos, Recursos de partido político"
250000038422;"DANILO OLIVEIRA CAMPAGNUCCI";"#NULO#";"PSDC";"MASCULINO";"SUPERIOR INCOMPLETO";"CASADO(A)";"BRANCA";"VENDEDOR PRACISTA, REPRESENTANTE, CAIXEIRO-VIAJANTE E ASSEMELHADOS";"APTO";"N";"DANILO OLIVEIRA CAMPAGNUCCI";NA;298;"NÃO ELEITO";NA;NA;NA;NA
250000019185;"ALEKSANDRO HUMBERTO DA SILVA";"#NULO#";"PTB";"MASCULINO";"SUPERIOR INCOMPLETO";"CASADO(A)";"BRANCA";"VENDEDOR DE COMÉRCIO VAREJISTA E ATACADISTA";"APTO";"N";"ALEKSANDRO HUMBERTO DA SILVA";NA;415;"SUPLENTE";NA;NA;NA;NA
250000010895;"ROSELI DE CAMPOS";"#NULO#";"PHS";"FEMININO";"SUPERIOR COMPLETO";"DIVORCIADO(A)";"BRANCA";"PEDAGOGO";"APTO";"N";"ROSELI DE CAMPOS";NA;879;"SUPLENTE";NA;NA;NA;NA
250000014895;"CASSIA ROSANA BASSO";"#NULO#";"PSOL";"FEMININO";"ENSINO FUNDAMENTAL COMPLETO";"DIVORCIADO(A)";"PARDA";"LOCUTOR E COMENTARISTA DE RÁDIO E TELEVISÃO E RADIALISTA";"APTO";"N";"CASSIA ROSANA BASSO";5000;162;"SUPLENTE";NA;NA;NA;NA
250000008307;"EDI GOMES RIBEIRO";"#NULO#";"PRB";"MASCULINO";"ENSINO MÉDIO COMPLETO";"SOLTEIRO(A)";"BRANCA";"OUTROS";"APTO";"N";"EDI GOMES RIBEIRO";21500;1725;"SUPLENTE";"EDI GOMES RIBEIRO";8765;"Outros Recursos";"Recursos de partido político, Recursos próprios"
250000027284;"RODRIGO SALES BARBOSA";"#NULO#";"PRP";"MASCULINO";"SUPERIOR COMPLETO";"SOLTEIRO(A)";"BRANCA";"SERVIDOR PÚBLICO ESTADUAL";"APTO";"N";"RODRIGO SALES BARBOSA";NA;496;"NÃO ELEITO";"RODRIGO SALES BARBOSA";2766,99;"Outros Recursos, Fundo Partidario";"Recursos próprios, Recursos de partido político"
250000038398;"MARIA CRISTINA RIBEIRO LIMA DOS SANTOS";"#NULO#";"PSDC";"FEMININO";"ENSINO MÉDIO COMPLETO";"CASADO(A)";"BRANCA";"ENFERMEIRO";"APTO";"N";"MARIA CRISTINA RIBEIRO LIMA DOS SANTOS";368000;138;"NÃO ELEITO";NA;NA;NA;NA
250000008369;"RENATO TAMAIO DE SOUZA";"#NULO#";"PSC";"MASCULINO";"ENSINO MÉDIO COMPLETO";"DIVORCIADO(A)";"BRANCA";"EMPRESÁRIO";"APTO";"N";"RENATO TAMAIO DE SOUZA";53000;536;"SUPLENTE";NA;NA;NA;NA
250000077185;"JESULINO RODRIGUES PEREIRA";"#NULO#";"PCO";"MASCULINO";"LÊ E ESCREVE";"SOLTEIRO(A)";"PARDA";"TRABALHADOR DE CONSTRUÇÃO CIVIL";"APTO";"N";"JESULINO RODRIGUES PEREIRA";NA;161;"NÃO ELEITO";NA;NA;NA;NA
250000040576;"MAGNOVALDO PAULO DO NASCIMENTO";"#NULO#";"SD";"MASCULINO";"ENSINO FUNDAMENTAL INCOMPLETO";"CASADO(A)";"BRANCA";"OUTROS";"APTO";"N";"MAGNOVALDO PAULO DO NASCIMENTO";NA;113;"NÃO ELEITO";NA;NA;NA;NA
250000022089;"MAIRA MACHADO FROTA PINHEIRO";"#NULO#";"PT";"FEMININO";"SUPERIOR INCOMPLETO";"SOLTEIRO(A)";"BRANCA";"OUTROS";"APTO";"N";"MAIRA MACHADO FROTA PINHEIRO";NA;1294;"SUPLENTE";"MAIRA MACHADO FROTA PINHEIRO";17585,71;"Outros Recursos";"Recursos de outros candidatos, Recursos de pessoas físicas, Recursos de partido político"
250000011634;"JHODY MIKE POSSIDONIO DA SILVA";"#NULO#";"PV";"MASCULINO";"SUPERIOR INCOMPLETO";"SOLTEIRO(A)";"PARDA";"ADMINISTRADOR";"APTO";"N";"JHODY MIKE POSSIDONIO DA SILVA";NA;553;"SUPLENTE";NA;NA;NA;NA
250000027265;"MAYZA FONTES CONSENTINO";"#NULO#";"PRP";"FEMININO";"SUPERIOR COMPLETO";"SOLTEIRO(A)";"BRANCA";"ADVOGADO";"APTO";"N";"MAYZA FONTES CONSENTINO";NA;409;"NÃO ELEITO";NA;NA;NA;NA
250000010852;"GERALDO RIBEIRO ANGELO";"#NULO#";"PPS";"MASCULINO";"ENSINO MÉDIO COMPLETO";"CASADO(A)";"PARDA";"SERVIDOR PÚBLICO ESTADUAL";"APTO";"N";"GERALDO RIBEIRO ANGELO";NA;490;"SUPLENTE";NA;NA;NA;NA
250000020847;"MIGUEL LIBÓRIO CAVALCANTE NETO";"#NULO#";"PSD";"MASCULINO";"SUPERIOR COMPLETO";"CASADO(A)";"BRANCA";"MILITAR REFORMADO";"APTO";"N";"MIGUEL LIBÓRIO CAVALCANTE NETO";170296,78;1490;"SUPLENTE";NA;NA;NA;NA
250000027299;"JOSÉ GERALDO SANTOS LISA";"#NULO#";"PRP";"MASCULINO";"LÊ E ESCREVE";"CASADO(A)";"PRETA";"SERVIDOR PÚBLICO FEDERAL";"APTO";"N";"JOSÉ GERALDO SANTOS LISA";432000;724;"NÃO ELEITO";NA;NA;NA;NA
250000040569;"DANIEL COLLETO";"#NULO#";"SD";"MASCULINO";"SUPERIOR INCOMPLETO";"CASADO(A)";"BRANCA";"TAXISTA";"APTO";"N";"DANIEL COLLETO";330690;155;"NÃO ELEITO";NA;NA;NA;NA
250000024356;"JORGE BREOGAN FROES RODRIGUES";"#NULO#";"PSTU";"MASCULINO";"SUPERIOR INCOMPLETO";"DIVORCIADO(A)";"INDÍGENA";"ESCRITOR E CRÍTICO";"APTO";"N";"JORGE BREOGAN FROES RODRIGUES";NA;34;"NÃO ELEITO";NA;NA;NA;NA
250000004989;"MARIO COVAS NETO";"#NULO#";"PSDB";"MASCULINO";"SUPERIOR COMPLETO";"CASADO(A)";"BRANCA";"ADVOGADO";"APTO";"S";"MARIO COVAS NETO";303667;75593;"ELEITO POR QP";"MARIO COVAS NETO";436944,37;"Outros Recursos, Fundo Partidario";"Recursos de pessoas físicas, Recursos de outros candidatos"
250000011024;"REGINA DA SILVA COSTA";"#NULO#";"DEM";"FEMININO";"SUPERIOR COMPLETO";"SOLTEIRO(A)";"BRANCA";"ADVOGADO";"APTO";"N";"REGINA DA SILVA COSTA";NA;1056;"SUPLENTE";"REGINA DA SILVA COSTA";3594,8;"Outros Recursos, Fundo Partidario";"Recursos de outros candidatos, Recursos de partido político"
250000013946;"JOSE ROBERTO DE CASTRO";"#NULO#";"PRTB";"MASCULINO";"SUPERIOR COMPLETO";"CASADO(A)";"BRANCA";"POLICIAL MILITAR";"APTO";"N";"JOSE ROBERTO DE CASTRO";433500;505;"NÃO ELEITO";NA;NA;NA;NA
250000019207;"ROSANGELA DE PAULA NOGUEIRA FERREIRA";"#NULO#";"PTB";"FEMININO";"SUPERIOR COMPLETO";"SEPARADO(A) JUDICIALMENTE";"BRANCA";"ADVOGADO";"APTO";"N";"ROSANGELA DE PAULA NOGUEIRA FERREIRA";201000;82;"SUPLENTE";NA;NA;NA;NA
250000011644;"DANIELLE MENDES THAME DENNY";"#NULO#";"PV";"FEMININO";"SUPERIOR COMPLETO";"SOLTEIRO(A)";"PARDA";"PEDAGOGO";"APTO";"N";"DANIELLE MENDES THAME DENNY";522532,21;806;"SUPLENTE";"DANIELLE MENDES THAME DENNY";4000;"Outros Recursos";"Recursos próprios, Recursos de pessoas físicas"
250000050207;"MARILDA WATANABE MAZZOCCHI";"#NULO#";"PSL";"FEMININO";"SUPERIOR COMPLETO";"DIVORCIADO(A)";"BRANCA";"ADVOGADO";"APTO";"N";"MARILDA WATANABE MAZZOCCHI";520392,37;785;"NÃO ELEITO";"MARILDA WATANABE MAZZOCCHI";5446,21;"Outros Recursos, Fundo Partidario";"Recursos próprios, Recursos de outros candidatos, Recursos de partido político"
250000004992;"EDUARDO TUMA";"#NULO#";"PSDB";"MASCULINO";"SUPERIOR COMPLETO";"SOLTEIRO(A)";"BRANCA";"ADVOGADO";"APTO";"S";"EDUARDO TUMA";2094261,16;70273;"ELEITO POR QP";"EDUARDO TUMA";1078024,55;"Outros Recursos, Fundo Partidario";"Recursos de outros candidatos, Recursos próprios, Recursos de pessoas físicas, Recursos de partido político"
250000011653;"EUGENIO CARLOS FERRARI";"#NULO#";"PV";"MASCULINO";"SUPERIOR COMPLETO";"CASADO(A)";"BRANCA";"MÉDICO";"APTO";"N";"EUGENIO CARLOS FERRARI";640905,38;450;"SUPLENTE";"EUGENIO CARLOS FERRARI";3583,34;"Outros Recursos, Fundo Partidario";"Recursos próprios, Recursos de partido político, Recursos de outros candidatos"
250000050196;"ALEXANDRE SOARES DOS SANTOS MIRANDA MARTINS";"#NULO#";"PSL";"MASCULINO";"SUPERIOR COMPLETO";"SOLTEIRO(A)";"PARDA";"ADVOGADO";"APTO";"N";"ALEXANDRE SOARES DOS SANTOS MIRANDA MARTINS";NA;317;"NÃO ELEITO";NA;NA;NA;NA
250000014864;"GILBERTO MARINGONI DE OLIVEIRA";"#NULO#";"PSOL";"MASCULINO";"SUPERIOR COMPLETO";"DIVORCIADO(A)";"BRANCA";"PROFESSOR DE ENSINO SUPERIOR";"APTO";"N";"GILBERTO MARINGONI DE OLIVEIRA";60000;3230;"SUPLENTE";"GILBERTO MARINGONI DE OLIVEIRA";30375;"Outros Recursos";"Recursos próprios, Recursos de pessoas físicas"
250000022120;"ISAC FELIX DOS SANTOS";"#NULO#";"PR";"MASCULINO";"SUPERIOR COMPLETO";"CASADO(A)";"BRANCA";"EMPRESÁRIO";"APTO";"N";"ISAC FELIX DOS SANTOS";909983,79;25876;"ELEITO POR MÉDIA";"ISAC FELIX DOS SANTOS";334709,36;"Outros Recursos, Fundo Partidario";"Recursos próprios, Recursos de pessoas físicas, Recursos de partido político"
250000008341;"MILTON FERREIRA MENDES";"#NULO#";"PRB";"MASCULINO";"ENSINO MÉDIO COMPLETO";"DIVORCIADO(A)";"PRETA";"EMPRESÁRIO";"APTO";"N";"MILTON FERREIRA MENDES";76490,65;2618;"SUPLENTE";NA;NA;NA;NA
250000050211;"JOSÉ RAIMUNDO DOS SANTOS DA CRUZ";"#NULO#";"PSL";"MASCULINO";"SUPERIOR COMPLETO";"SOLTEIRO(A)";"PRETA";"RELAÇÕES-PÚBLICAS";"APTO";"N";"JOSÉ RAIMUNDO DOS SANTOS DA CRUZ";NA;333;"NÃO ELEITO";NA;NA;NA;NA
250000093523;"PAULO NORIYUKI SAKAMOTO";"#NULO#";"PP";"MASCULINO";"SUPERIOR COMPLETO";"VIÚVO(A)";"BRANCA";"ADVOGADO";"APTO";"N";"PAULO NORIYUKI SAKAMOTO";6048000;1067;"SUPLENTE";NA;NA;NA;NA
250000008327;"IZAURA DOS SANTOS";"#NULO#";"PRB";"FEMININO";"SUPERIOR INCOMPLETO";"SOLTEIRO(A)";"PARDA";"APOSENTADO (EXCETO SERVIDOR PÚBLICO)";"APTO";"N";"IZAURA DOS SANTOS";62569,13;262;"SUPLENTE";"IZAURA DOS SANTOS";1910;"Outros Recursos";"Recursos próprios"
250000010836;"PAULO ROBERTO DE ALMEIDA FERREIRA";"#NULO#";"PPS";"MASCULINO";"SUPERIOR INCOMPLETO";"CASADO(A)";"BRANCA";"ANALISTA DE SISTEMAS";"APTO";"N";"PAULO ROBERTO DE ALMEIDA FERREIRA";13000;1890;"SUPLENTE";NA;NA;NA;NA
250000020828;"EMERSON ROBERTO RODRIGUES";"#NULO#";"PSD";"MASCULINO";"ENSINO MÉDIO COMPLETO";"CASADO(A)";"BRANCA";"COMERCIANTE";"APTO";"N";"EMERSON ROBERTO RODRIGUES";603000;857;"SUPLENTE";NA;NA;NA;NA
250000005801;"TONY CRUYF COLLINS CARNEIRO";"#NULO#";"NOVO";"MASCULINO";"SUPERIOR COMPLETO";"CASADO(A)";"PARDA";"EMPRESÁRIO";"APTO";"N";"TONY CRUYF COLLINS CARNEIRO";1217725,17;1339;"SUPLENTE";"TONY CRUYF COLLINS CARNEIRO";10007;"Outros Recursos";"Recursos próprios"
250000058377;"JACEGUAY NUNES GOES";"#NULO#";"PTN";"MASCULINO";"ENSINO MÉDIO COMPLETO";"CASADO(A)";"BRANCA";"ADMINISTRADOR";"APTO";"N";"JACEGUAY NUNES GOES";NA;780;"SUPLENTE";NA;NA;NA;NA
250000022090;"EMILIANO ZAPATA FERREIRA MARCELINO SILVA";"#NULO#";"PT";"MASCULINO";"SUPERIOR COMPLETO";"SOLTEIRO(A)";"BRANCA";"ESCRITOR E CRÍTICO";"APTO";"N";"EMILIANO ZAPATA FERREIRA MARCELINO SILVA";147497,42;11318;"SUPLENTE";"EMILIANO ZAPATA FERREIRA MARCELINO SILVA";302887,27;"Outros Recursos, Fundo Partidario";"Recursos de pessoas físicas, Recursos de partido político, Recursos próprios"
250000014856;"JOSÉ NILDO ALVES CARDOSO";"#NULO#";"PSOL";"MASCULINO";"SUPERIOR COMPLETO";"SOLTEIRO(A)";"PARDA";"ADVOGADO";"APTO";"N";"JOSÉ NILDO ALVES CARDOSO";245000;3153;"SUPLENTE";"JOSÉ NILDO ALVES CARDOSO";14029,52;"Outros Recursos";"Recursos próprios, Recursos de pessoas físicas"
250000020855;"TARSILA DO AMARAL";"#NULO#";"PSD";"FEMININO";"SUPERIOR COMPLETO";"DIVORCIADO(A)";"BRANCA";"EMPRESÁRIO";"APTO";"N";"TARSILA DO AMARAL";878762,5;917;"SUPLENTE";"TARSILA DO AMARAL";10000;"Fundo Partidario";"Recursos de partido político"
250000093977;"SONIA VAZ DA SILVA";"#NULO#";"PSL";"FEMININO";"SUPERIOR COMPLETO";"DIVORCIADO(A)";"BRANCA";"ENFERMEIRO";"APTO";"N";"SONIA VAZ DA SILVA";NA;216;"NÃO ELEITO";NA;NA;NA;NA
250000011648;"TOMAZ KIYOMU KURASHIMA JUNIOR";"#NULO#";"PV";"MASCULINO";"SUPERIOR COMPLETO";"DIVORCIADO(A)";"BRANCA";"BANCÁRIO E ECONOMIÁRIO";"APTO";"N";"TOMAZ KIYOMU KURASHIMA JUNIOR";70011,11;412;"SUPLENTE";"TOMAZ KIYOMU KURASHIMA JUNIOR";500;"Outros Recursos";"Recursos próprios"
250000008306;"ANA PAULA NEVES MERCÚRIO";"#NULO#";"PRB";"FEMININO";"SUPERIOR COMPLETO";"CASADO(A)";"BRANCA";"JORNALISTA E REDATOR";"APTO";"N";"ANA PAULA NEVES MERCÚRIO";705000;3288;"SUPLENTE";NA;NA;NA;NA
250000005807;"DIEGO MONTEIRO DE SOUZA";"#NULO#";"NOVO";"MASCULINO";"SUPERIOR COMPLETO";"SOLTEIRO(A)";"BRANCA";"ECONOMISTA";"APTO";"N";"DIEGO MONTEIRO DE SOUZA";191019,1;1618;"SUPLENTE";"DIEGO MONTEIRO DE SOUZA";25000;"Outros Recursos";"Recursos próprios"
250000014865;"VERA LUCIA STEFANOV";"#NULO#";"PSOL";"FEMININO";"SUPERIOR COMPLETO";"SOLTEIRO(A)";"BRANCA";"BIBLIOTECÁRIO";"APTO";"N";"VERA LUCIA STEFANOV";9e+05;356;"SUPLENTE";"VERA LUCIA STEFANOV";1238,35;"Outros Recursos";"Recursos de partido político"
250000022105;"WILSON LEANDRO DE LIMA";"#NULO#";"PT";"MASCULINO";"ENSINO MÉDIO COMPLETO";"CASADO(A)";"BRANCA";"GERENTE";"APTO";"N";"WILSON LEANDRO DE LIMA";34000;2671;"SUPLENTE";"WILSON LEANDRO DE LIMA";32044,24;"Fundo Partidario, Outros Recursos";"Recursos de partido político, Recursos de outros candidatos, Recursos de pessoas físicas"
250000027332;"WILLIANS ROCHA MONTEIRO";"#NULO#";"PTC";"MASCULINO";"SUPERIOR INCOMPLETO";"SOLTEIRO(A)";"BRANCA";"SERVIDOR PÚBLICO ESTADUAL";"APTO";"N";"WILLIANS ROCHA MONTEIRO";14000;219;"NÃO ELEITO";NA;NA;NA;NA
250000010887;"ARI FRIEDENBACH";"#NULO#";"PHS";"MASCULINO";"SUPERIOR COMPLETO";"CASADO(A)";"BRANCA";"ADVOGADO";"APTO";"S";"ARI FRIEDENBACH";912235,97;8268;"SUPLENTE";"ARI FRIEDENBACH";108229,8;"Outros Recursos";"Recursos de pessoas físicas, Recursos de outros candidatos, Recursos próprios"
250000019164;"ELCIO CARDOSO DE MOURA";"#NULO#";"PTB";"MASCULINO";"SUPERIOR INCOMPLETO";"CASADO(A)";"PARDA";"EMPRESÁRIO";"APTO";"N";"ELCIO CARDOSO DE MOURA";174277,36;1179;"SUPLENTE";NA;NA;NA;NA
250000058400;"PAULO SERGIO OLIVEIRA";"#NULO#";"PTN";"MASCULINO";"ENSINO MÉDIO COMPLETO";"CASADO(A)";"BRANCA";"OUTROS";"APTO";"N";"PAULO SERGIO OLIVEIRA";NA;5530;"SUPLENTE";"PAULO SERGIO OLIVEIRA";24416,6;"Outros Recursos, Fundo Partidario";"Recursos próprios, Recursos de partido político, Recursos de outros candidatos, Recursos de pessoas físicas"
250000019193;"CARLOS DA SILVA TREVISAN";"#NULO#";"PTB";"MASCULINO";"SUPERIOR INCOMPLETO";"DIVORCIADO(A)";"BRANCA";"EMPRESÁRIO";"APTO";"N";"CARLOS DA SILVA TREVISAN";NA;432;"SUPLENTE";NA;NA;NA;NA
250000010867;"FERNANDO DE JESUS NASCIMENTO";"#NULO#";"PHS";"MASCULINO";"SUPERIOR COMPLETO";"CASADO(A)";"BRANCA";"PROFESSOR DE ENSINO FUNDAMENTAL";"APTO";"N";"FERNANDO DE JESUS NASCIMENTO";105151;1375;"SUPLENTE";NA;NA;NA;NA
250000005812;"ROBERTO MENDES PAIVA";"#NULO#";"NOVO";"MASCULINO";"SUPERIOR INCOMPLETO";"CASADO(A)";"BRANCA";"REPRESENTANTE COMERCIAL";"APTO";"N";"ROBERTO MENDES PAIVA";1;284;"SUPLENTE";"ROBERTO MENDES PAIVA";2000;"Outros Recursos";"Recursos de pessoas físicas"
250000008310;"OMAR MAZLOUM";"#NULO#";"PRB";"MASCULINO";"SUPERIOR INCOMPLETO";"SOLTEIRO(A)";"BRANCA";"COMERCIANTE";"APTO";"N";"OMAR MAZLOUM";NA;1361;"SUPLENTE";NA;NA;NA;NA
250000010908;"CLAUDETE CACCIAGUERRA";"#NULO#";"PHS";"FEMININO";"ENSINO FUNDAMENTAL INCOMPLETO";"DIVORCIADO(A)";"BRANCA";"COMERCIANTE";"APTO";"N";"CLAUDETE CACCIAGUERRA";6000;387;"SUPLENTE";NA;NA;NA;NA
250000005819;"ROGERIO LUCCHI MONACO";"#NULO#";"NOVO";"MASCULINO";"SUPERIOR COMPLETO";"CASADO(A)";"BRANCA";"ADMINISTRADOR";"APTO";"N";"ROGERIO LUCCHI MONACO";1264600,42;5684;"SUPLENTE";"ROGERIO LUCCHI MONACO";29250,18;"Outros Recursos";"Recursos próprios, Recursos de pessoas físicas"
250000020854;"RUTE FREIRE DA COSTA SILVA";"#NULO#";"PSD";"FEMININO";"SUPERIOR COMPLETO";"CASADO(A)";"BRANCA";"PSICÓLOGO";"APTO";"N";"RUTE FREIRE DA COSTA SILVA";232711,24;33999;"ELEITO POR QP";"RUTE FREIRE DA COSTA SILVA";351000;"Outros Recursos, Fundo Partidario";"Recursos próprios, Recursos de partido político"
250000022116;"ELAINE ALBA BUTTIGNON";"#NULO#";"PR";"FEMININO";"ENSINO MÉDIO COMPLETO";"CASADO(A)";"BRANCA";"DONA DE CASA";"APTO";"N";"ELAINE ALBA BUTTIGNON";15;234;"SUPLENTE";"ELAINE ALBA BUTTIGNON";17132,64;"Fundo Partidario, Outros Recursos";"Recursos de partido político, Recursos de pessoas físicas, Recursos de outros candidatos, Recursos próprios"
250000062800;"VERA LUCIA SANTOS DE FRANCA";"#NULO#";"PATRIOTA";"FEMININO";"ENSINO MÉDIO COMPLETO";"SOLTEIRO(A)";"PARDA";"OUTROS";"APTO";"N";"VERA LUCIA SANTOS DE FRANCA";NA;286;"NÃO ELEITO";NA;NA;NA;NA
250000010854;"VERA LUCIA NUNES";"#NULO#";"PPS";"FEMININO";"ENSINO MÉDIO COMPLETO";"SOLTEIRO(A)";"PRETA";"ADMINISTRADOR";"APTO";"N";"VERA LUCIA NUNES";152579,63;471;"SUPLENTE";NA;NA;NA;NA
250000022097;"NORMACI SOUSA SAMPAIO";"#NULO#";"PT";"FEMININO";"ENSINO FUNDAMENTAL INCOMPLETO";"SOLTEIRO(A)";"PRETA";"DONA DE CASA";"APTO";"N";"NORMACI SOUSA SAMPAIO";NA;532;"SUPLENTE";"NORMACI SOUSA SAMPAIO";21727,27;"Outros Recursos, Fundo Partidario";"Recursos de outros candidatos, Recursos de partido político"
250000013951;"MARCELO OLIVEIRA SANTOS";"#NULO#";"PRTB";"MASCULINO";"ENSINO FUNDAMENTAL INCOMPLETO";"SOLTEIRO(A)";"BRANCA";"COMERCIANTE";"APTO";"N";"MARCELO OLIVEIRA SANTOS";NA;815;"NÃO ELEITO";NA;NA;NA;NA
250000005804;"ADRIANA DORÇA DE CARVALHO";"#NULO#";"NOVO";"FEMININO";"SUPERIOR COMPLETO";"CASADO(A)";"BRANCA";"SERVIDOR PÚBLICO MUNICIPAL";"APTO";"N";"ADRIANA DORÇA DE CARVALHO";61034,65;3569;"SUPLENTE";"ADRIANA DORÇA DE CARVALHO";5264;"Outros Recursos";"Recursos próprios, Recursos de pessoas físicas"
250000050169;"ELIO NUNES RIBEIRO";"#NULO#";"PSL";"MASCULINO";"ENSINO FUNDAMENTAL INCOMPLETO";"SOLTEIRO(A)";"PARDA";"APOSENTADO (EXCETO SERVIDOR PÚBLICO)";"APTO";"N";"ELIO NUNES RIBEIRO";NA;243;"NÃO ELEITO";NA;NA;NA;NA
250000040557;"JAILSON TORRES MACÁRIO";"#NULO#";"SD";"MASCULINO";"ENSINO MÉDIO COMPLETO";"CASADO(A)";"BRANCA";"ALFAIATE E COSTUREIRO";"APTO";"N";"JAILSON TORRES MACÁRIO";NA;387;"NÃO ELEITO";NA;NA;NA;NA
250000008345;"AGNALDO QUEIROZ DE FARIA";"#NULO#";"PRB";"MASCULINO";"ENSINO MÉDIO COMPLETO";"CASADO(A)";"BRANCA";"CORRETOR DE IMÓVEIS, SEGUROS, TÍTULOS E VALORES";"APTO";"N";"AGNALDO QUEIROZ DE FARIA";NA;1871;"SUPLENTE";NA;NA;NA;NA
250000050165;"LUIZ SORIANO";"#NULO#";"PSL";"MASCULINO";"ENSINO MÉDIO INCOMPLETO";"CASADO(A)";"BRANCA";"TAXISTA";"APTO";"N";"LUIZ SORIANO";89739,36;52;"NÃO ELEITO";NA;NA;NA;NA
250000027273;"NELSA FLORINDA DE QUEIROZ METZLER";"#NULO#";"PRP";"FEMININO";"ENSINO MÉDIO COMPLETO";"CASADO(A)";"BRANCA";"APOSENTADO (EXCETO SERVIDOR PÚBLICO)";"APTO";"N";"NELSA FLORINDA DE QUEIROZ METZLER";NA;101;"NÃO ELEITO";NA;NA;NA;NA
250000014889;"ADRIANA VASCONCELLOS VIEIRA DE OLIVEIRA LUIZ";"#NULO#";"PSOL";"FEMININO";"SUPERIOR COMPLETO";"CASADO(A)";"PRETA";"PROFESSOR DE ENSINO MÉDIO";"APTO";"N";"ADRIANA VASCONCELLOS VIEIRA DE OLIVEIRA LUIZ";NA;5279;"SUPLENTE";"ADRIANA VASCONCELLOS VIEIRA DE OLIVEIRA LUIZ";1238,35;"Fundo Partidario";"Recursos de partido político"
250000010889;"RODOLFO FRANCISCO DE SOUZA";"#NULO#";"PHS";"MASCULINO";"SUPERIOR COMPLETO";"CASADO(A)";"BRANCA";"DESPACHANTE";"APTO";"N";"RODOLFO FRANCISCO DE SOUZA";605516,87;6001;"SUPLENTE";"RODOLFO FRANCISCO DE SOUZA";17000;"Outros Recursos";"Recursos próprios, Recursos de pessoas físicas"
250000020833;"GABRIELLE JORDANO DE OLIVEIRA";"#NULO#";"PSD";"FEMININO";"SUPERIOR COMPLETO";"CASADO(A)";"BRANCA";"EMPRESÁRIO";"APTO";"N";"GABRIELLE JORDANO DE OLIVEIRA";NA;256;"SUPLENTE";"GABRIELLE JORDANO DE OLIVEIRA";10000;"Fundo Partidario";"Recursos de partido político"
250000027272;"SONIA MARIA GUERREIRO PAZINI";"#NULO#";"PRP";"FEMININO";"ENSINO FUNDAMENTAL COMPLETO";"VIÚVO(A)";"BRANCA";"JORNALISTA E REDATOR";"APTO";"N";"SONIA MARIA GUERREIRO PAZINI";NA;80;"NÃO ELEITO";NA;NA;NA;NA
250000006150;"GENILDO DANTAS DA SILVA";"#NULO#";"PC do B";"MASCULINO";"ENSINO MÉDIO COMPLETO";"SOLTEIRO(A)";"BRANCA";"VIGILANTE";"APTO";"N";"GENILDO DANTAS DA SILVA";3000;185;"NÃO ELEITO";"GENILDO DANTAS DA SILVA";5835,45;"Outros Recursos";"Recursos próprios, Recursos de pessoas físicas, Recursos de partido político"
250000011620;"MARIA ROSÁLIA PINFILDI GOMES";"#NULO#";"PV";"FEMININO";"SUPERIOR COMPLETO";"DIVORCIADO(A)";"BRANCA";"SERVIDOR PÚBLICO FEDERAL";"APTO";"N";"MARIA ROSÁLIA PINFILDI GOMES";242262,41;417;"SUPLENTE";"MARIA ROSÁLIA PINFILDI GOMES";16613,2;"Outros Recursos";"Recursos próprios, Recursos de pessoas físicas"
250000010879;"APARECIDO DE LIMA";"#NULO#";"PHS";"MASCULINO";"SUPERIOR COMPLETO";"CASADO(A)";"PARDA";"OUTROS";"APTO";"N";"APARECIDO DE LIMA";NA;1172;"SUPLENTE";NA;NA;NA;NA
250000027262;"JACIARA MARIA PEREIRA DA SILVA DE JESUS";"#NULO#";"PRP";"FEMININO";"ENSINO FUNDAMENTAL COMPLETO";"CASADO(A)";"PARDA";"DONA DE CASA";"APTO";"N";"JACIARA MARIA PEREIRA DA SILVA DE JESUS";NA;636;"NÃO ELEITO";NA;NA;NA;NA
250000038389;"FRANCISCO DE ASSIS COSTA LIMA";"#NULO#";"PSDC";"MASCULINO";"SUPERIOR COMPLETO";"CASADO(A)";"PRETA";"POLICIAL MILITAR";"APTO";"N";"FRANCISCO DE ASSIS COSTA LIMA";450000;263;"NÃO ELEITO";NA;NA;NA;NA
250000038390;"FRANCISCO PEREIRA FERREIRA";"#NULO#";"PSDC";"MASCULINO";"ENSINO FUNDAMENTAL INCOMPLETO";"CASADO(A)";"BRANCA";"VENDEDOR PRACISTA, REPRESENTANTE, CAIXEIRO-VIAJANTE E ASSEMELHADOS";"APTO";"N";"FRANCISCO PEREIRA FERREIRA";51000;190;"NÃO ELEITO";"FRANCISCO PEREIRA FERREIRA";4091,12;"Outros Recursos, Fundo Partidario";"Recursos próprios, Recursos de partido político, Recursos de outros candidatos, Recursos de pessoas físicas"
250000019162;"FABIO MOURÃO ANTONIO";"#NULO#";"PTB";"MASCULINO";"SUPERIOR COMPLETO";"CASADO(A)";"BRANCA";"ADVOGADO";"APTO";"N";"FABIO MOURÃO ANTONIO";199501,86;1391;"SUPLENTE";"FABIO MOURÃO ANTONIO";6253;"Outros Recursos, Fundo Partidario";"Recursos de partido político, Recursos próprios, Recursos de pessoas físicas, Recursos de outros candidatos"
250000005019;"RONALDO LIGIERI SONS";"#NULO#";"PSDB";"MASCULINO";"SUPERIOR COMPLETO";"CASADO(A)";"BRANCA";"EMPRESÁRIO";"APTO";"N";"RONALDO LIGIERI SONS";3724876,32;9239;"SUPLENTE";"RONALDO LIGIERI SONS";285940,95;"Outros Recursos";"Recursos próprios, Recursos de pessoas físicas, Recursos de outros candidatos"
250000022119;"HELIO LUIZ DE OLIVEIRA";"#NULO#";"PR";"MASCULINO";"SUPERIOR COMPLETO";"CASADO(A)";"PARDA";"JORNALISTA E REDATOR";"APTO";"N";"HELIO LUIZ DE OLIVEIRA";NA;156;"SUPLENTE";NA;NA;NA;NA
250000058350;"LUCIANO GALESCO";"#NULO#";"PTN";"MASCULINO";"ENSINO MÉDIO COMPLETO";"SOLTEIRO(A)";"BRANCA";"POLICIAL MILITAR";"APTO";"N";"LUCIANO GALESCO";350000;10548;"SUPLENTE";"LUCIANO GALESCO";24616,6;"Outros Recursos, Fundo Partidario";"Recursos próprios, Recursos de partido político, Recursos de outros candidatos"
250000013938;"EMÍDIO PICCORONI";"#NULO#";"PRTB";"MASCULINO";"SUPERIOR COMPLETO";"SOLTEIRO(A)";"BRANCA";"ADVOGADO";"APTO";"N";"EMÍDIO PICCORONI";340000;495;"NÃO ELEITO";"EMÍDIO PICCORONI";6269,99;"Fundo Partidario, Outros Recursos";"Recursos de partido político, Recursos de pessoas físicas, Recursos próprios"
250000013963;"OSVALDO MENESES DOS SANTOS";"#NULO#";"PRTB";"MASCULINO";"SUPERIOR COMPLETO";"SOLTEIRO(A)";"BRANCA";"POLICIAL MILITAR";"APTO";"N";"OSVALDO MENESES DOS SANTOS";3253,92;449;"NÃO ELEITO";NA;NA;NA;NA
250000019125;"ADILSON ARMANDO CARVALHO AMADEU";"#NULO#";"PTB";"MASCULINO";"SUPERIOR COMPLETO";"CASADO(A)";"BRANCA";"ADMINISTRADOR";"APTO";"S";"ADILSON ARMANDO CARVALHO AMADEU";8540937,73;67071;"ELEITO POR QP";"ADILSON ARMANDO CARVALHO AMADEU";230780;"Outros Recursos, Fundo Partidario";"Recursos próprios, Recursos de pessoas físicas, Recursos de partido político"
250000006180;"DENIVALDO DA SILVA SANTANA";"#NULO#";"PC do B";"MASCULINO";"SUPERIOR INCOMPLETO";"SOLTEIRO(A)";"PARDA";"OUTROS";"APTO";"N";"DENIVALDO DA SILVA SANTANA";NA;129;"NÃO ELEITO";"DENIVALDO DA SILVA SANTANA";4464,84;"Outros Recursos";"Recursos próprios, Recursos de partido político"
250000038340;"MARCELO GERALDO DA SILVA";"#NULO#";"PSDC";"MASCULINO";"ENSINO FUNDAMENTAL COMPLETO";"SOLTEIRO(A)";"PRETA";"MÚSICO";"APTO";"N";"MARCELO GERALDO DA SILVA";24760;575;"NÃO ELEITO";"MARCELO GERALDO DA SILVA";3558,12;"Outros Recursos, Fundo Partidario";"Recursos de pessoas físicas, Recursos de partido político, Recursos de outros candidatos"
250000013931;"ALEXANDRE GUIMARÃES DA COSTA ALECRIM";"#NULO#";"PRTB";"MASCULINO";"SUPERIOR COMPLETO";"DIVORCIADO(A)";"PARDA";"MILITAR REFORMADO";"APTO";"N";"ALEXANDRE GUIMARÃES DA COSTA ALECRIM";3000;245;"NÃO ELEITO";"ALEXANDRE GUIMARÃES DA COSTA ALECRIM";3129,99;"Outros Recursos, Fundo Partidario";"Recursos próprios, Recursos de partido político, Recursos de pessoas físicas"
250000006158;"MARTA LUCAS DOS SANTOS";"#NULO#";"PC do B";"FEMININO";"SUPERIOR INCOMPLETO";"SOLTEIRO(A)";"PRETA";"SERVIDOR PÚBLICO ESTADUAL";"APTO";"N";"MARTA LUCAS DOS SANTOS";2e+05;2634;"NÃO ELEITO";"MARTA LUCAS DOS SANTOS";33781,25;"Outros Recursos, Fundo Partidario";"Recursos próprios, Recursos de pessoas físicas, Recursos de partido político"
250000006205;"WANDERLEY LEMES TEIXEIRA";"#NULO#";"PC do B";"MASCULINO";"ENSINO MÉDIO INCOMPLETO";"CASADO(A)";"BRANCA";"OUTROS";"APTO";"N";"WANDERLEY LEMES TEIXEIRA";NA;11015;"NÃO ELEITO";"WANDERLEY LEMES TEIXEIRA";49668,8;"Outros Recursos, Fundo Partidario";"Recursos de pessoas físicas, Recursos de partido político"
250000006148;"ITAMAR SANTOS SESSENTA";"#NULO#";"PC do B";"MASCULINO";"ENSINO FUNDAMENTAL COMPLETO";"SOLTEIRO(A)";"PARDA";"SERVIDOR PÚBLICO MUNICIPAL";"APTO";"N";"ITAMAR SANTOS SESSENTA";6000;1072;"NÃO ELEITO";"ITAMAR SANTOS SESSENTA";20736,35;"Outros Recursos, Fundo Partidario";"Recursos próprios, Recursos de partido político"
250000019205;"VILZA CARLA BORGES DE AZEVEDO";"#NULO#";"PTB";"FEMININO";"ENSINO MÉDIO INCOMPLETO";"SOLTEIRO(A)";"BRANCA";"OUTROS";"APTO";"N";"VILZA CARLA BORGES DE AZEVEDO";NA;166;"SUPLENTE";NA;NA;NA;NA
250000005784;"DIOGO RIBEIRO DA LUZ";"#NULO#";"NOVO";"MASCULINO";"SUPERIOR INCOMPLETO";"CASADO(A)";"BRANCA";"EMPRESÁRIO";"APTO";"N";"DIOGO RIBEIRO DA LUZ";14707865,71;6062;"SUPLENTE";"DIOGO RIBEIRO DA LUZ";323640,34;"Outros Recursos";"Recursos próprios, Recursos de pessoas físicas"
250000011702;"AURELIO GIUSEPPE BARBATO";"#NULO#";"PV";"MASCULINO";"SUPERIOR COMPLETO";"CASADO(A)";"BRANCA";"OUTROS";"APTO";"N";"AURELIO GIUSEPPE BARBATO";446903,96;181;"SUPLENTE";"AURELIO GIUSEPPE BARBATO";800;"Outros Recursos";"Recursos próprios"
250000058394;"MARIO MAEDA JUNIOR";"#NULO#";"PTN";"MASCULINO";"SUPERIOR COMPLETO";"CASADO(A)";"BRANCA";"ENGENHEIRO";"APTO";"N";"MARIO MAEDA JUNIOR";NA;3219;"SUPLENTE";"MARIO MAEDA JUNIOR";3958,09;"Outros Recursos, Fundo Partidario";"Recursos próprios, Recursos de pessoas físicas, Recursos de outros candidatos"
250000014867;"MUNA ZEYN";"#NULO#";"PSOL";"FEMININO";"SUPERIOR COMPLETO";"SOLTEIRO(A)";"BRANCA";"ASSISTENTE SOCIAL";"APTO";"N";"MUNA ZEYN";1380000;3762;"SUPLENTE";"MUNA ZEYN";61180;"Outros Recursos, Fundo Partidario";"Recursos de origens não identificadas, Recursos de partido político, Recursos de pessoas físicas"
250000022148;"JOSÉ DE PAULA NETO";"#NULO#";"PDT";"MASCULINO";"SUPERIOR INCOMPLETO";"SOLTEIRO(A)";"PRETA";"CANTOR E COMPOSITOR";"APTO";"N";"JOSÉ DE PAULA NETO";23060,37;20328;"SUPLENTE";"JOSÉ DE PAULA NETO";141867,42;"Outros Recursos";"Recursos próprios, Recursos de outros candidatos, Recursos de partido político, Recursos de pessoas físicas"
250000050199;"DOROVALDO ANTONIO ZOCCA";"#NULO#";"PSL";"MASCULINO";"ENSINO FUNDAMENTAL COMPLETO";"DIVORCIADO(A)";"BRANCA";"APOSENTADO (EXCETO SERVIDOR PÚBLICO)";"APTO";"N";"DOROVALDO ANTONIO ZOCCA";NA;361;"NÃO ELEITO";NA;NA;NA;NA
250000058389;"CRISTIANE DE MOURA COELHO";"#NULO#";"PTN";"FEMININO";"ENSINO FUNDAMENTAL COMPLETO";"SEPARADO(A) JUDICIALMENTE";"PARDA";"AGENTE ADMINISTRATIVO";"APTO";"N";"CRISTIANE DE MOURA COELHO";NA;567;"SUPLENTE";NA;NA;NA;NA
250000058347;"FRANCISCO JOSE LANG FERNANDES DE OLIVEIRA";"#NULO#";"PTN";"MASCULINO";"SUPERIOR COMPLETO";"CASADO(A)";"BRANCA";"JORNALISTA E REDATOR";"APTO";"S";"FRANCISCO JOSE LANG FERNANDES DE OLIVEIRA";415484,16;5865;"SUPLENTE";"FRANCISCO JOSE LANG FERNANDES DE OLIVEIRA";90467,2;"Outros Recursos, Fundo Partidario";"Recursos de outros candidatos, Recursos de partido político"
250000008342;"REGINA MARILIA PRADO MANSSUR";"#NULO#";"PRB";"FEMININO";"SUPERIOR COMPLETO";"CASADO(A)";"BRANCA";"ADVOGADO";"APTO";"N";"REGINA MARILIA PRADO MANSSUR";1254865,61;760;"SUPLENTE";NA;NA;NA;NA
250000011645;"NOVALTE ALVES DE SOUSA";"#NULO#";"PV";"MASCULINO";"ENSINO FUNDAMENTAL INCOMPLETO";"CASADO(A)";"PARDA";"AUXILIAR DE ESCRITÓRIO E ASSEMELHADOS";"APTO";"N";"NOVALTE ALVES DE SOUSA";NA;443;"SUPLENTE";NA;NA;NA;NA
250000038391;"GIVANILDO ALVES FERREIRA";"#NULO#";"PSDC";"MASCULINO";"ENSINO MÉDIO COMPLETO";"CASADO(A)";"BRANCA";"OPERADOR DE APARELHOS DE PRODUÇÃO INDUSTRIAL";"APTO";"N";"GIVANILDO ALVES FERREIRA";NA;338;"NÃO ELEITO";"GIVANILDO ALVES FERREIRA";668,32;"Fundo Partidario";"Recursos de partido político"
250000019195;"VERA MARISA DE SOUZA MACHADO FREITAS";"#NULO#";"PTB";"FEMININO";"ENSINO MÉDIO COMPLETO";"DIVORCIADO(A)";"BRANCA";"REPRESENTANTE COMERCIAL";"APTO";"N";"VERA MARISA DE SOUZA MACHADO FREITAS";NA;106;"SUPLENTE";NA;NA;NA;NA
250000008322;"EDUARDO KRASILCHIK";"#NULO#";"PRB";"MASCULINO";"SUPERIOR COMPLETO";"CASADO(A)";"BRANCA";"EMPRESÁRIO";"APTO";"N";"EDUARDO KRASILCHIK";2060000;244;"SUPLENTE";NA;NA;NA;NA
250000010832;"DANILO ERRERIA CORTEZ DE SOUZA";"#NULO#";"PPS";"MASCULINO";"ENSINO MÉDIO COMPLETO";"SOLTEIRO(A)";"BRANCA";"SERVIDOR PÚBLICO MUNICIPAL";"APTO";"N";"DANILO ERRERIA CORTEZ DE SOUZA";55460,9;10918;"SUPLENTE";NA;NA;NA;NA
250000058403;"REGINALDO DA SILVA";"#NULO#";"PTN";"MASCULINO";"SUPERIOR COMPLETO";"CASADO(A)";"BRANCA";"OUTROS";"APTO";"N";"REGINALDO DA SILVA";NA;411;"SUPLENTE";NA;NA;NA;NA
250000008317;"DAVID OLIMPIO DA SILVA";"#NULO#";"PRB";"MASCULINO";"ENSINO MÉDIO COMPLETO";"CASADO(A)";"PRETA";"MÚSICO";"APTO";"N";"DAVID OLIMPIO DA SILVA";NA;1333;"SUPLENTE";NA;NA;NA;NA
250000013956;"LIVIA MARIA RODRIGUES FIDELIX DA CRUZ";"#NULO#";"PRTB";"FEMININO";"SUPERIOR COMPLETO";"SOLTEIRO(A)";"BRANCA";"ADMINISTRADOR";"APTO";"N";"LIVIA MARIA RODRIGUES FIDELIX DA CRUZ";156174,19;2224;"NÃO ELEITO";"LIVIA MARIA RODRIGUES FIDELIX DA CRUZ";43664,99;"Outros Recursos, Fundo Partidario";"Recursos de pessoas físicas, Recursos de partido político"
250000058374;"EDUARDO JOSÉ DE OLIVEIRA";"#NULO#";"PTN";"MASCULINO";"SUPERIOR INCOMPLETO";"CASADO(A)";"PARDA";"COMERCIANTE";"APTO";"N";"EDUARDO JOSÉ DE OLIVEIRA";3500;630;"SUPLENTE";NA;NA;NA;NA
250000020826;"EDUARDO QUEIROZ RODRIGUES";"#NULO#";"PSD";"MASCULINO";"ENSINO MÉDIO COMPLETO";"SOLTEIRO(A)";"BRANCA";"OUTROS";"APTO";"N";"EDUARDO QUEIROZ RODRIGUES";NA;1793;"SUPLENTE";NA;NA;NA;NA
250000058402;"RAPHAEL MARCO BLECH HAMAOUI";"#NULO#";"PTN";"MASCULINO";"SUPERIOR COMPLETO";"SOLTEIRO(A)";"BRANCA";"VETERINÁRIO";"APTO";"N";"RAPHAEL MARCO BLECH HAMAOUI";278746,63;3358;"SUPLENTE";NA;NA;NA;NA
250000013950;"LUCIO DIAS DE OLIVEIRA";"#NULO#";"PRTB";"MASCULINO";"SUPERIOR COMPLETO";"CASADO(A)";"BRANCA";"OUTROS";"APTO";"N";"LUCIO DIAS DE OLIVEIRA";21500;1391;"NÃO ELEITO";"LUCIO DIAS DE OLIVEIRA";2779,99;"Outros Recursos, Fundo Partidario";"Recursos de pessoas físicas, Recursos de partido político"
250000004994;"SUELY IZIDORO DE SOUZA";"#NULO#";"PSDB";"FEMININO";"SUPERIOR COMPLETO";"SOLTEIRO(A)";"PARDA";"PROFESSOR DE ENSINO FUNDAMENTAL";"APTO";"N";"SUELY IZIDORO DE SOUZA";395384,93;957;"SUPLENTE";"SUELY IZIDORO DE SOUZA";34703,5;"Outros Recursos";"Recursos próprios, Recursos de outros candidatos, Recursos de pessoas físicas"
250000019163;"LUIZ CLAUDIO MACHADO";"#NULO#";"PTB";"MASCULINO";"ENSINO MÉDIO COMPLETO";"SOLTEIRO(A)";"PARDA";"OUTROS";"APTO";"N";"LUIZ CLAUDIO MACHADO";4258,91;158;"SUPLENTE";NA;NA;NA;NA
250000014906;"AKIKO AKIYAMA";"#NULO#";"PSOL";"FEMININO";"SUPERIOR COMPLETO";"DIVORCIADO(A)";"BRANCA";"OUTROS";"APTO";"N";"AKIKO AKIYAMA";103441,78;466;"SUPLENTE";"AKIKO AKIYAMA";2713,57;"Outros Recursos, Fundo Partidario";"Recursos próprios, Recursos de pessoas físicas, Recursos de partido político"
250000006178;"CARMEN MIRANDA ALVES PEREIRA";"#NULO#";"PC do B";"FEMININO";"ENSINO MÉDIO COMPLETO";"SOLTEIRO(A)";"BRANCA";"DONA DE CASA";"APTO";"N";"CARMEN MIRANDA ALVES PEREIRA";NA;34;"NÃO ELEITO";"CARMEN MIRANDA ALVES PEREIRA";4130,12;"Outros Recursos";"Recursos de pessoas físicas, Recursos de partido político"
250000011669;"JONAS PEREIRA";"#NULO#";"PV";"MASCULINO";"SUPERIOR COMPLETO";"CASADO(A)";"BRANCA";"GERENTE";"APTO";"N";"JONAS PEREIRA";22590;1109;"SUPLENTE";NA;NA;NA;NA
250000050197;"ALFREDO DUQUE DE ALMEIDA FILHO";"#NULO#";"PSL";"MASCULINO";"ENSINO MÉDIO INCOMPLETO";"CASADO(A)";"PARDA";"EMPRESÁRIO";"APTO";"N";"ALFREDO DUQUE DE ALMEIDA FILHO";350000;3343;"NÃO ELEITO";NA;NA;NA;NA
250000040590;"LUIZ FERNANDO RODRIGO DE JESUZ";"#NULO#";"SD";"MASCULINO";"ENSINO MÉDIO COMPLETO";"CASADO(A)";"PARDA";"CORRETOR DE IMÓVEIS, SEGUROS, TÍTULOS E VALORES";"APTO";"N";"LUIZ FERNANDO RODRIGO DE JESUZ";NA;421;"NÃO ELEITO";"LUIZ FERNANDO RODRIGO DE JESUZ";300;"Outros Recursos";"Recursos de pessoas físicas"
250000020776;"JORGE SIDERATOS";"#NULO#";"PMDB";"MASCULINO";"SUPERIOR COMPLETO";"CASADO(A)";"BRANCA";"POLICIAL MILITAR";"APTO";"N";"JORGE SIDERATOS";NA;443;"SUPLENTE";NA;NA;NA;NA
250000058396;"MOACYR MARTINS RODRIGUES";"#NULO#";"PTN";"MASCULINO";"SUPERIOR COMPLETO";"CASADO(A)";"BRANCA";"ADMINISTRADOR";"APTO";"N";"MOACYR MARTINS RODRIGUES";306000,62;1389;"SUPLENTE";"MOACYR MARTINS RODRIGUES";5416,6;"Fundo Partidario, Outros Recursos";"Recursos de partido político, Recursos de outros candidatos"
250000020798;"VICTOR ALEXANDRE PERINA";"#NULO#";"PMDB";"MASCULINO";"SUPERIOR COMPLETO";"CASADO(A)";"BRANCA";"ADVOGADO";"APTO";"N";"VICTOR ALEXANDRE PERINA";101355,89;7149;"SUPLENTE";"VICTOR ALEXANDRE PERINA";38922,05;"Outros Recursos, Fundo Partidario";"Recursos de outros candidatos, Recursos próprios, Recursos de pessoas físicas"
250000022081;"EDUARDO MATARAZZO SUPLICY";"#NULO#";"PT";"MASCULINO";"SUPERIOR COMPLETO";"DIVORCIADO(A)";"BRANCA";"PROFESSOR DE ENSINO SUPERIOR";"APTO";"N";"EDUARDO MATARAZZO SUPLICY";3851361,78;301446;"ELEITO POR QP";"EDUARDO MATARAZZO SUPLICY";207189,53;"Outros Recursos, Fundo Partidario";"Recursos de outros candidatos, Recursos próprios, Recursos de pessoas físicas, Doações pela Internet, Recursos de partido político"
250000014909;"TALITA LUZIA ALVES TECEDOR";"#NULO#";"PCB";"FEMININO";"SUPERIOR COMPLETO";"SOLTEIRO(A)";"BRANCA";"OUTROS";"APTO";"N";"TALITA LUZIA ALVES TECEDOR";NA;189;"SUPLENTE";"TALITA LUZIA ALVES TECEDOR";500;"Outros Recursos";"Recursos de pessoas físicas"
250000013967;"JOSE LUIZ GLADCHI";"#NULO#";"PRTB";"MASCULINO";"ENSINO MÉDIO COMPLETO";"SOLTEIRO(A)";"BRANCA";"OUTROS";"APTO";"N";"JOSE LUIZ GLADCHI";NA;92;"NÃO ELEITO";NA;NA;NA;NA
250000020814;"MARIA DAS GRAÇAS DOS SANTOS";"#NULO#";"PMDB";"FEMININO";"ENSINO MÉDIO INCOMPLETO";"SOLTEIRO(A)";"BRANCA";"APOSENTADO (EXCETO SERVIDOR PÚBLICO)";"APTO";"N";"MARIA DAS GRAÇAS DOS SANTOS";280000;62;"SUPLENTE";NA;NA;NA;NA
250000038327;"ELIAS SKAF";"#NULO#";"PSDC";"MASCULINO";"ENSINO MÉDIO COMPLETO";"CASADO(A)";"BRANCA";"JORNALISTA E REDATOR";"APTO";"N";"ELIAS SKAF";74161,7;1093;"NÃO ELEITO";NA;NA;NA;NA
250000011006;"GILMARA VANZO CRISTÃO";"#NULO#";"PP";"FEMININO";"ENSINO MÉDIO COMPLETO";"CASADO(A)";"BRANCA";"TAXISTA";"APTO";"N";"GILMARA VANZO CRISTÃO";1124000;573;"SUPLENTE";NA;NA;NA;NA
250000004977;"VINÍCIUS ALVES SCHAEFER";"#NULO#";"PSDB";"MASCULINO";"SUPERIOR COMPLETO";"SOLTEIRO(A)";"BRANCA";"PROFESSOR DE ENSINO SUPERIOR";"APTO";"N";"VINÍCIUS ALVES SCHAEFER";15000;9657;"SUPLENTE";"VINÍCIUS ALVES SCHAEFER";6034,4;"Outros Recursos";"Recursos próprios, Recursos de partido político, Recursos de pessoas físicas"
250000020824;"CICERO FIRMINO DA SILVA";"#NULO#";"PSD";"MASCULINO";"ENSINO MÉDIO COMPLETO";"CASADO(A)";"BRANCA";"MOTORISTA DE VEÍCULOS DE TRANSPORTE COLETIVO DE PASSAGEIROS";"APTO";"N";"CICERO FIRMINO DA SILVA";NA;2746;"SUPLENTE";NA;NA;NA;NA
250000014884;"SILVINEIDE SANTANA SANTOS";"#NULO#";"PSOL";"FEMININO";"ENSINO MÉDIO INCOMPLETO";"SOLTEIRO(A)";"BRANCA";"OUTROS";"APTO";"N";"SILVINEIDE SANTANA SANTOS";23000;102;"SUPLENTE";NA;NA;NA;NA
250000038412;"MOACYR FIRMINO DOS SANTOS";"#NULO#";"PSDC";"MASCULINO";"ENSINO MÉDIO INCOMPLETO";"DIVORCIADO(A)";"PRETA";"MOTORISTA DE VEÍCULOS DE TRANSPORTE COLETIVO DE PASSAGEIROS";"APTO";"N";"MOACYR FIRMINO DOS SANTOS";4e+05;2307;"NÃO ELEITO";NA;NA;NA;NA
250000011688;"EDSON VIEIRA NOVA JUNIOR";"#NULO#";"PV";"MASCULINO";"SUPERIOR COMPLETO";"CASADO(A)";"BRANCA";"SERVIDOR PÚBLICO ESTADUAL";"APTO";"N";"EDSON VIEIRA NOVA JUNIOR";63051,01;431;"SUPLENTE";NA;NA;NA;NA
250000011687;"MARIA CRISTINA DE PAULA LEITE GOUVEA";"#NULO#";"PV";"FEMININO";"SUPERIOR COMPLETO";"SOLTEIRO(A)";"BRANCA";"EMPRESÁRIO";"APTO";"N";"MARIA CRISTINA DE PAULA LEITE GOUVEA";24927,39;355;"SUPLENTE";"MARIA CRISTINA DE PAULA LEITE GOUVEA";500;"Outros Recursos";"Doações pela Internet"
250000008366;"RINALDI CÉSAR DIGILIO";"#NULO#";"PRB";"MASCULINO";"SUPERIOR COMPLETO";"CASADO(A)";"BRANCA";"EMPRESÁRIO";"APTO";"N";"RINALDI CÉSAR DIGILIO";2023339,48;20916;"ELEITO POR MÉDIA";"RINALDI CÉSAR DIGILIO";191630;"Outros Recursos, Fundo Partidario";"Recursos de pessoas físicas, Recursos de partido político, Recursos próprios"
250000010871;"GILMAR CURTOLO";"#NULO#";"PHS";"MASCULINO";"ENSINO FUNDAMENTAL COMPLETO";"CASADO(A)";"BRANCA";"EMPRESÁRIO";"APTO";"N";"GILMAR CURTOLO";1971701,88;4577;"SUPLENTE";"GILMAR CURTOLO";119000;"Outros Recursos";"Recursos próprios, Recursos de pessoas físicas"
250000005814;"WAGNER DE LEO PAEZ";"#NULO#";"NOVO";"MASCULINO";"SUPERIOR COMPLETO";"CASADO(A)";"BRANCA";"EMPRESÁRIO";"APTO";"N";"WAGNER DE LEO PAEZ";581281,44;1100;"SUPLENTE";"WAGNER DE LEO PAEZ";10000;"Outros Recursos";"Recursos próprios"
250000062813;"TALES NÓBREGA LOMBARDI";"#NULO#";"PATRIOTA";"MASCULINO";"ENSINO MÉDIO COMPLETO";"SOLTEIRO(A)";"BRANCA";"PILOTO DE AVIAÇÃO COMERCIAL, NAVEGADOR, MECÂNICO DE VÔO E ASSEMELHADOS";"APTO";"N";"TALES NÓBREGA LOMBARDI";329637;936;"NÃO ELEITO";"TALES NÓBREGA LOMBARDI";500;"Outros Recursos";"Recursos próprios"
250000010909;"EDILENE MARIA MAZER DOS SANTOS";"#NULO#";"PHS";"FEMININO";"SUPERIOR COMPLETO";"DIVORCIADO(A)";"BRANCA";"AUXILIAR DE ESCRITÓRIO E ASSEMELHADOS";"APTO";"N";"EDILENE MARIA MAZER DOS SANTOS";NA;516;"SUPLENTE";NA;NA;NA;NA
250000050146;"ANDRÉ LUIZ ZEFERINO";"#NULO#";"PSL";"MASCULINO";"ENSINO MÉDIO COMPLETO";"SOLTEIRO(A)";"BRANCA";"VIGILANTE";"APTO";"N";"ANDRÉ LUIZ ZEFERINO";NA;407;"NÃO ELEITO";NA;NA;NA;NA
250000020806;"HAROLDO LOPES DA SILVA";"#NULO#";"PMDB";"MASCULINO";"SUPERIOR COMPLETO";"DIVORCIADO(A)";"BRANCA";"PSICÓLOGO";"APTO";"N";"HAROLDO LOPES DA SILVA";132500;1010;"SUPLENTE";"HAROLDO LOPES DA SILVA";1000;"Outros Recursos";"Recursos de pessoas físicas"
250000020781;"ANTONIO MOREIRA DE SOUZA";"#NULO#";"PMDB";"MASCULINO";"SUPERIOR COMPLETO";"VIÚVO(A)";"PARDA";"SERVIDOR PÚBLICO CIVIL APOSENTADO";"APTO";"N";"ANTONIO MOREIRA DE SOUZA";136916,2;856;"SUPLENTE";"ANTONIO MOREIRA DE SOUZA";4800;"Outros Recursos";"Recursos próprios, Recursos de pessoas físicas"
250000010904;"SHEILA MONTEIRO VERVLOET";"#NULO#";"PHS";"FEMININO";"SUPERIOR COMPLETO";"SOLTEIRO(A)";"BRANCA";"BIOMÉDICO";"APTO";"N";"SHEILA MONTEIRO VERVLOET";96274,58;270;"SUPLENTE";"SHEILA MONTEIRO VERVLOET";4181,05;"Outros Recursos";"Recursos próprios, Recursos de pessoas físicas, Recursos de outros candidatos"
250000008309;"FRANCISCO SCARPA FILHO";"#NULO#";"PRB";"MASCULINO";"SUPERIOR COMPLETO";"SOLTEIRO(A)";"BRANCA";"EMPRESÁRIO";"APTO";"N";"FRANCISCO SCARPA FILHO";2023696,25;5140;"SUPLENTE";NA;NA;NA;NA
250000015101;"SERGIO PINTO BOMFIM";"#NULO#";"REDE";"MASCULINO";"SUPERIOR COMPLETO";"CASADO(A)";"PRETA";"OUTROS";"APTO";"N";"SERGIO PINTO BOMFIM";9049,19;718;"NÃO ELEITO";NA;NA;NA;NA
250000010990;"CAIO MIRANDA CARNEIRO";"#NULO#";"PSB";"MASCULINO";"SUPERIOR COMPLETO";"SOLTEIRO(A)";"BRANCA";"ADVOGADO";"APTO";"N";"CAIO MIRANDA CARNEIRO";NA;23459;"SUPLENTE";"CAIO MIRANDA CARNEIRO";60681,87;"Outros Recursos";"Recursos próprios, Recursos de pessoas físicas, Recursos de outros candidatos"
250000058345;"FERNANDA KARINA RAMOS SOMAGGIO";"#NULO#";"PTN";"FEMININO";"ENSINO MÉDIO COMPLETO";"DIVORCIADO(A)";"BRANCA";"SECRETÁRIO E DATILÓGRAFO";"APTO";"N";"FERNANDA KARINA RAMOS SOMAGGIO";NA;692;"SUPLENTE";"FERNANDA KARINA RAMOS SOMAGGIO";2642,2;"Outros Recursos";"Recursos de pessoas físicas, Recursos de outros candidatos"
250000005808;"FABIO JOSE PANDO";"#NULO#";"NOVO";"MASCULINO";"SUPERIOR COMPLETO";"CASADO(A)";"BRANCA";"EMPRESÁRIO";"APTO";"N";"FABIO JOSE PANDO";850320,52;3618;"SUPLENTE";"FABIO JOSE PANDO";8550;"Outros Recursos";"Recursos de pessoas físicas"
250000011701;"RODRIGO SCARDELATO GONZALES";"#NULO#";"PV";"MASCULINO";"SUPERIOR INCOMPLETO";"SOLTEIRO(A)";"BRANCA";"PUBLICITÁRIO";"APTO";"N";"RODRIGO SCARDELATO GONZALES";NA;824;"SUPLENTE";"RODRIGO SCARDELATO GONZALES";2000;"Outros Recursos";"Recursos de pessoas físicas"
250000008329;"MARIA AMÉLIA LOFRANO";"#NULO#";"PRB";"FEMININO";"ENSINO MÉDIO COMPLETO";"CASADO(A)";"BRANCA";"OUTROS";"APTO";"N";"MARIA AMÉLIA LOFRANO";NA;247;"SUPLENTE";"MARIA AMÉLIA LOFRANO";15465,17;"Fundo Partidario, Outros Recursos";"Recursos de partido político, Recursos de pessoas físicas, Recursos de outros candidatos"
250000005012;"PAULO CAHIM";"#NULO#";"PSDB";"MASCULINO";"SUPERIOR COMPLETO";"CASADO(A)";"BRANCA";"ADVOGADO";"APTO";"N";"PAULO CAHIM";326500;3464;"SUPLENTE";"PAULO CAHIM";21500;"Fundo Partidario, Outros Recursos";"Recursos de partido político, Recursos de pessoas físicas"
250000027277;"GENESIO VIVANCO SOLANO SOBRINHO";"#NULO#";"PRP";"MASCULINO";"SUPERIOR COMPLETO";"CASADO(A)";"BRANCA";"ADVOGADO";"APTO";"N";"GENESIO VIVANCO SOLANO SOBRINHO";NA;1059;"NÃO ELEITO";"GENESIO VIVANCO SOLANO SOBRINHO";7718,57;"Outros Recursos, Fundo Partidario";"Recursos de outros candidatos, Recursos próprios, Recursos de pessoas físicas, Recursos de partido político"
250000058363;"ALEXANDRE DE FELICE";"#NULO#";"PTN";"MASCULINO";"SUPERIOR COMPLETO";"CASADO(A)";"BRANCA";"POLICIAL MILITAR";"APTO";"N";"ALEXANDRE DE FELICE";83469;3170;"SUPLENTE";"ALEXANDRE DE FELICE";32318,62;"Outros Recursos, Fundo Partidario";"Recursos próprios, Recursos de partido político, Recursos de outros candidatos, Recursos de pessoas físicas"
250000005805;"AGNES HELENA CHIURATTO";"#NULO#";"NOVO";"FEMININO";"SUPERIOR COMPLETO";"SOLTEIRO(A)";"BRANCA";"EMPRESÁRIO";"APTO";"N";"AGNES HELENA CHIURATTO";20504,53;1902;"SUPLENTE";"AGNES HELENA CHIURATTO";8255;"Outros Recursos";"Recursos de pessoas físicas"
250000005014;"ROSELI GHESSO BRENTZEL";"#NULO#";"PSDB";"FEMININO";"SUPERIOR COMPLETO";"CASADO(A)";"BRANCA";"ADMINISTRADOR";"APTO";"N";"ROSELI GHESSO BRENTZEL";833288,08;576;"SUPLENTE";"ROSELI GHESSO BRENTZEL";11142,35;"Outros Recursos";"Recursos de outros candidatos, Recursos próprios, Recursos de pessoas físicas"
250000011015;"DANIEL MOREIRA DO NASCIMENTO";"#NULO#";"DEM";"MASCULINO";"SUPERIOR INCOMPLETO";"CASADO(A)";"PARDA";"TÉCNICO DE ELETRICIDADE, ELETRÔNICA E TELECOMUNICAÇÕES";"APTO";"N";"DANIEL MOREIRA DO NASCIMENTO";835000;1510;"SUPLENTE";"DANIEL MOREIRA DO NASCIMENTO";4294,8;"Outros Recursos, Fundo Partidario";"Recursos de outros candidatos, Recursos de pessoas físicas, Recursos de partido político"
250000020810;"ARIADINE FERREIRA ESPINDOLA";"#NULO#";"PMDB";"FEMININO";"ENSINO FUNDAMENTAL COMPLETO";"VIÚVO(A)";"BRANCA";"OUTROS";"APTO";"N";"ARIADINE FERREIRA ESPINDOLA";NA;182;"SUPLENTE";NA;NA;NA;NA
250000027305;"RENATO BORGIANI";"#NULO#";"PRP";"MASCULINO";"ENSINO FUNDAMENTAL COMPLETO";"CASADO(A)";"BRANCA";"EMPRESÁRIO";"APTO";"N";"RENATO BORGIANI";NA;261;"NÃO ELEITO";NA;NA;NA;NA
250000062798;"MARLENE RODRIGUES DO AMARAL SCARAMELLA";"#NULO#";"PATRIOTA";"FEMININO";"SUPERIOR COMPLETO";"DIVORCIADO(A)";"PARDA";"PROFESSOR DE ENSINO MÉDIO";"APTO";"N";"MARLENE RODRIGUES DO AMARAL SCARAMELLA";NA;563;"NÃO ELEITO";NA;NA;NA;NA
250000027335;"GILMÁRIO RAMOS PIRES";"#NULO#";"PT do B";"MASCULINO";"ENSINO MÉDIO COMPLETO";"CASADO(A)";"BRANCA";"ADMINISTRADOR";"APTO";"N";"GILMÁRIO RAMOS PIRES";5500;401;"NÃO ELEITO";NA;NA;NA;NA
250000014873;"MARIA DE FÁTIMA VASCONCELOS DA SILVA RIBEIRO";"#NULO#";"PSOL";"FEMININO";"ENSINO MÉDIO INCOMPLETO";"CASADO(A)";"PARDA";"DONA DE CASA";"APTO";"N";"MARIA DE FÁTIMA VASCONCELOS DA SILVA RIBEIRO";NA;564;"SUPLENTE";"MARIA DE FÁTIMA VASCONCELOS DA SILVA RIBEIRO";720;"Outros Recursos";"Recursos próprios"
250000008296;"EUSTAQUIO BRASILINSE";"#NULO#";"PRB";"MASCULINO";"ENSINO FUNDAMENTAL COMPLETO";"CASADO(A)";"PARDA";"POLICIAL MILITAR";"APTO";"N";"EUSTAQUIO BRASILINSE";NA;4626;"SUPLENTE";"EUSTAQUIO BRASILINSE";8075;"Fundo Partidario, Outros Recursos";"Recursos de partido político, Recursos de pessoas físicas"
250000027311;"FABIO GONCALVES PEREIRA";"#NULO#";"PTC";"MASCULINO";"ENSINO MÉDIO COMPLETO";"CASADO(A)";"PRETA";"OUTROS";"APTO";"N";"FABIO GONCALVES PEREIRA";NA;452;"NÃO ELEITO";"FABIO GONCALVES PEREIRA";150;"Outros Recursos";"Recursos próprios"
250000093120;"CESAR PADOVAN DO MOINHO";"#NULO#";"PTN";"MASCULINO";"SUPERIOR COMPLETO";"CASADO(A)";"BRANCA";"ADMINISTRADOR";"APTO";"N";"CESAR PADOVAN DO MOINHO";174405,13;621;"SUPLENTE";NA;NA;NA;NA
250000040593;"FABIO DORIVAL CANO";"#NULO#";"SD";"MASCULINO";"ENSINO FUNDAMENTAL COMPLETO";"SOLTEIRO(A)";"BRANCA";"EMPRESÁRIO";"APTO";"N";"FABIO DORIVAL CANO";15000;1600;"NÃO ELEITO";NA;NA;NA;NA
250000019155;"PAULO ROGERIO PEREIRA NEME";"#NULO#";"PTB";"MASCULINO";"SUPERIOR COMPLETO";"SOLTEIRO(A)";"BRANCA";"POLICIAL CIVIL";"APTO";"N";"PAULO ROGERIO PEREIRA NEME";264969,6;1657;"SUPLENTE";NA;NA;NA;NA
250000022103;"VALDEMAR SILVA";"#NULO#";"PT";"MASCULINO";"SUPERIOR COMPLETO";"SOLTEIRO(A)";"BRANCA";"VEREADOR";"APTO";"S";"VALDEMAR SILVA";881429,58;16872;"SUPLENTE";"VALDEMAR SILVA";121339,17;"Outros Recursos";"Recursos próprios, Recursos de pessoas físicas, Recursos de partido político"
250000058380;"JOAO HONORIO";"#NULO#";"PTN";"MASCULINO";"ENSINO MÉDIO COMPLETO";"CASADO(A)";"BRANCA";"ADMINISTRADOR";"APTO";"N";"JOAO HONORIO";NA;1907;"SUPLENTE";NA;NA;NA;NA
250000011004;"CARMINO PEPE";"#NULO#";"PP";"MASCULINO";"SUPERIOR COMPLETO";"CASADO(A)";"BRANCA";"ADVOGADO";"APTO";"N";"CARMINO PEPE";1554335,47;6050;"SUPLENTE";"CARMINO PEPE";33200;"Outros Recursos";"Recursos de pessoas físicas"
250000020778;"FABIO CERIDONO FORTES";"#NULO#";"PMDB";"MASCULINO";"SUPERIOR COMPLETO";"CASADO(A)";"BRANCA";"ECONOMISTA";"APTO";"N";"FABIO CERIDONO FORTES";357836,11;3763;"SUPLENTE";"FABIO CERIDONO FORTES";26036;"Outros Recursos";"Recursos próprios, Recursos de pessoas físicas, Recursos de outros candidatos"
250000050173;"JOSÉ DONIZETE DA SILVA";"#NULO#";"PSL";"MASCULINO";"ENSINO MÉDIO COMPLETO";"DIVORCIADO(A)";"PARDA";"CABELEIREIRO E BARBEIRO";"APTO";"N";"JOSÉ DONIZETE DA SILVA";NA;295;"NÃO ELEITO";NA;NA;NA;NA
250000058357;"ANTONIO ALVES PEDROZA";"#NULO#";"PTN";"MASCULINO";"LÊ E ESCREVE";"CASADO(A)";"BRANCA";"GARÇOM";"APTO";"N";"ANTONIO ALVES PEDROZA";14900;604;"SUPLENTE";"ANTONIO ALVES PEDROZA";142,2;"Outros Recursos";"Recursos de outros candidatos"
250000019173;"MARCO AURÉLIO KÜHL";"#NULO#";"PTB";"MASCULINO";"ENSINO MÉDIO INCOMPLETO";"CASADO(A)";"BRANCA";"TAXISTA";"APTO";"N";"MARCO AURÉLIO KÜHL";NA;547;"SUPLENTE";NA;NA;NA;NA
250000013974;"VERUSKA RODRIGUES DA SILVA";"#NULO#";"PRTB";"FEMININO";"ENSINO MÉDIO COMPLETO";"DIVORCIADO(A)";"BRANCA";"JORNALISTA E REDATOR";"APTO";"N";"VERUSKA RODRIGUES DA SILVA";NA;82;"NÃO ELEITO";NA;NA;NA;NA
250000014890;"ADRIANO PELOSO";"#NULO#";"PSOL";"MASCULINO";"SUPERIOR COMPLETO";"CASADO(A)";"BRANCA";"ODONTÓLOGO";"APTO";"N";"ADRIANO PELOSO";NA;415;"SUPLENTE";"ADRIANO PELOSO";1600;"Outros Recursos";"Recursos próprios"
250000010844;"ROBERTA GIMENEZ DAMASCENO";"#NULO#";"PPS";"FEMININO";"SUPERIOR COMPLETO";"DIVORCIADO(A)";"BRANCA";"OUTROS";"APTO";"N";"ROBERTA GIMENEZ DAMASCENO";NA;88;"SUPLENTE";NA;NA;NA;NA
250000019188;"GLEISON JOÃO GOMES PEGO";"#NULO#";"PTB";"MASCULINO";"ENSINO MÉDIO COMPLETO";"SOLTEIRO(A)";"BRANCA";"LOCUTOR E COMENTARISTA DE RÁDIO E TELEVISÃO E RADIALISTA";"APTO";"N";"GLEISON JOÃO GOMES PEGO";NA;833;"SUPLENTE";NA;NA;NA;NA
250000058365;"ANDREA CAMBRAIA DA SILVA";"#NULO#";"PTN";"FEMININO";"SUPERIOR INCOMPLETO";"CASADO(A)";"BRANCA";"EMPRESÁRIO";"APTO";"N";"ANDREA CAMBRAIA DA SILVA";27838,61;1031;"SUPLENTE";"ANDREA CAMBRAIA DA SILVA";2843,3;"Outros Recursos";"Recursos de pessoas físicas, Recursos de outros candidatos"
250000058390;"DAVID SANTOS SOUSA";"#NULO#";"PTN";"MASCULINO";"ENSINO MÉDIO COMPLETO";"SOLTEIRO(A)";"PARDA";"OUTROS";"APTO";"N";"DAVID SANTOS SOUSA";NA;1880;"SUPLENTE";NA;NA;NA;NA
250000010995;"FRANCISCO CANINDE DO NASCIMENTO";"#NULO#";"PSB";"MASCULINO";"ENSINO MÉDIO COMPLETO";"CASADO(A)";"BRANCA";"OUTROS";"APTO";"N";"FRANCISCO CANINDE DO NASCIMENTO";192750;1249;"SUPLENTE";NA;NA;NA;NA
250000005015;"ROSIMEIRE MARIA DIAS";"#NULO#";"PSDB";"FEMININO";"ENSINO MÉDIO COMPLETO";"CASADO(A)";"BRANCA";"OUTROS";"APTO";"N";"ROSIMEIRE MARIA DIAS";203;293;"SUPLENTE";NA;NA;NA;NA
250000040575;"LUCAS SOUZA DOS SANTOS";"#NULO#";"SD";"MASCULINO";"ENSINO MÉDIO COMPLETO";"CASADO(A)";"PARDA";"EMPRESÁRIO";"APTO";"N";"LUCAS SOUZA DOS SANTOS";NA;2064;"NÃO ELEITO";NA;NA;NA;NA
250000058379;"JEFFERSON RODRIGUES DOS SANTOS";"#NULO#";"PTN";"MASCULINO";"SUPERIOR COMPLETO";"CASADO(A)";"BRANCA";"AGENTE ADMINISTRATIVO";"APTO";"N";"JEFFERSON RODRIGUES DOS SANTOS";11338,98;585;"SUPLENTE";"JEFFERSON RODRIGUES DOS SANTOS";284,4;"Outros Recursos";"Recursos de outros candidatos"
250000019142;"ENOC GOMES DA SILVA";"#NULO#";"PTB";"MASCULINO";"ENSINO FUNDAMENTAL COMPLETO";"CASADO(A)";"PRETA";"OUTROS";"APTO";"N";"ENOC GOMES DA SILVA";NA;339;"SUPLENTE";NA;NA;NA;NA
250000040570;"KARIUM DE ALMEIDA BRIZOLLA";"#NULO#";"SD";"MASCULINO";"SUPERIOR COMPLETO";"DIVORCIADO(A)";"BRANCA";"ECONOMISTA";"APTO";"N";"KARIUM DE ALMEIDA BRIZOLLA";6900;71;"NÃO ELEITO";NA;NA;NA;NA
250000058358;"VLADIMIR FERNANDES DE ALMEIDA";"#NULO#";"PTN";"MASCULINO";"SUPERIOR COMPLETO";"CASADO(A)";"PRETA";"PROFESSOR DE ENSINO MÉDIO";"APTO";"N";"VLADIMIR FERNANDES DE ALMEIDA";501;1837;"SUPLENTE";"VLADIMIR FERNANDES DE ALMEIDA";1608,44;"Outros Recursos";"Recursos de pessoas físicas, Recursos de outros candidatos"
250000005789;"NILTON ROSSANO";"#NULO#";"NOVO";"MASCULINO";"SUPERIOR COMPLETO";"SEPARADO(A) JUDICIALMENTE";"BRANCA";"SERVIDOR PÚBLICO MUNICIPAL";"APTO";"N";"NILTON ROSSANO";27251,36;400;"SUPLENTE";"NILTON ROSSANO";5611,7;"Outros Recursos";"Recursos de origens não identificadas, Recursos próprios, Recursos de partido político, Recursos de pessoas físicas"
250000019182;"MARCIO JOSÉ DA SILVA BARBOZA";"#NULO#";"PTB";"MASCULINO";"SUPERIOR INCOMPLETO";"SOLTEIRO(A)";"PRETA";"TÉCNICO DE ENFERMAGEM E ASSEMELHADOS (EXCETO ENFERMEIRO)";"APTO";"N";"MARCIO JOSÉ DA SILVA BARBOZA";350000;980;"SUPLENTE";NA;NA;NA;NA
250000006197;"MAÍSA LOPES DOS SANTOS";"#NULO#";"PC do B";"FEMININO";"SUPERIOR COMPLETO";"SOLTEIRO(A)";"PRETA";"NUTRICIONISTA E ASSEMELHADOS";"APTO";"N";"MAÍSA LOPES DOS SANTOS";NA;587;"NÃO ELEITO";"MAÍSA LOPES DOS SANTOS";8683,15;"Outros Recursos, Fundo Partidario";"Recursos próprios, Recursos de partido político"
250000008352;"DANIA LIMA DE OLIVEIRA";"#NULO#";"PRB";"FEMININO";"ENSINO MÉDIO COMPLETO";"SOLTEIRO(A)";"BRANCA";"OUTROS";"APTO";"N";"DANIA LIMA DE OLIVEIRA";NA;1092;"SUPLENTE";NA;NA;NA;NA
250000008323;"JEAN MADEIRA DA SILVA";"#NULO#";"PRB";"MASCULINO";"ENSINO MÉDIO COMPLETO";"CASADO(A)";"BRANCA";"VEREADOR";"APTO";"S";"JEAN MADEIRA DA SILVA";98203;5833;"SUPLENTE";"JEAN MADEIRA DA SILVA";23850;"Fundo Partidario, Outros Recursos";"Recursos de partido político, Recursos de pessoas físicas"
250000008365;"JOSE SOUZA DOS SANTOS";"#NULO#";"PRB";"MASCULINO";"SUPERIOR INCOMPLETO";"CASADO(A)";"PARDA";"VEREADOR";"APTO";"S";"JOSE SOUZA DOS SANTOS";134883,56;55924;"ELEITO POR QP";"JOSE SOUZA DOS SANTOS";211612,5;"Outros Recursos, Fundo Partidario";"Recursos próprios, Recursos de pessoas físicas, Recursos de partido político"
250000093409;"FRANKLIN THIAGO NEVES KAWABATA";"#NULO#";"PPL";"MASCULINO";"SUPERIOR COMPLETO";"DIVORCIADO(A)";"BRANCA";"VENDEDOR PRACISTA, REPRESENTANTE, CAIXEIRO-VIAJANTE E ASSEMELHADOS";"APTO";"N";"FRANKLIN THIAGO NEVES KAWABATA";15000;210;"NÃO ELEITO";NA;NA;NA;NA
250000019179;"AUDEIDE CARDOSO";"#NULO#";"PTB";"FEMININO";"SUPERIOR COMPLETO";"DIVORCIADO(A)";"PRETA";"EMPRESÁRIO";"APTO";"N";"AUDEIDE CARDOSO";975000;136;"SUPLENTE";NA;NA;NA;NA
250000013966;"MAURICIO GABAI TANURCOV";"#NULO#";"PRTB";"MASCULINO";"ENSINO MÉDIO COMPLETO";"CASADO(A)";"PARDA";"OUTROS";"APTO";"N";"MAURICIO GABAI TANURCOV";198696,52;58;"NÃO ELEITO";NA;NA;NA;NA
250000044423;"JOSÉ MARIA DE OLIVEIRA";"#NULO#";"PPL";"MASCULINO";"ENSINO FUNDAMENTAL COMPLETO";"DIVORCIADO(A)";"PARDA";"LOCUTOR E COMENTARISTA DE RÁDIO E TELEVISÃO E RADIALISTA";"APTO";"N";"JOSÉ MARIA DE OLIVEIRA";NA;65;"NÃO ELEITO";"JOSÉ MARIA DE OLIVEIRA";2750;"Outros Recursos";"Recursos de partido político, Recursos de pessoas físicas"
250000050148;"ANTONIO CARLOS SOARES FERREIRA";"#NULO#";"PSL";"MASCULINO";"LÊ E ESCREVE";"SOLTEIRO(A)";"BRANCA";"ATOR E DIRETOR DE ESPETÁCULOS PÚBLICOS";"APTO";"N";"ANTONIO CARLOS SOARES FERREIRA";NA;176;"NÃO ELEITO";NA;NA;NA;NA
250000019131;"ELIANE OLIVEIRA DA SILVA";"#NULO#";"PTB";"FEMININO";"ENSINO MÉDIO COMPLETO";"SOLTEIRO(A)";"BRANCA";"OUTROS";"APTO";"N";"ELIANE OLIVEIRA DA SILVA";20000;264;"SUPLENTE";NA;NA;NA;NA
250000008353;"JOSE GARRIS DEL VALLE";"#NULO#";"PRB";"MASCULINO";"SUPERIOR COMPLETO";"CASADO(A)";"BRANCA";"ODONTÓLOGO";"APTO";"N";"JOSE GARRIS DEL VALLE";1162519,68;888;"SUPLENTE";"JOSE GARRIS DEL VALLE";6100;"Outros Recursos, Fundo Partidario";"Recursos próprios, Recursos de partido político"
250000027293;"DORACI MARIANO";"#NULO#";"PRP";"MASCULINO";"ENSINO MÉDIO COMPLETO";"SOLTEIRO(A)";"BRANCA";"PROFESSOR E INSTRUTOR DE FORMAÇÃO PROFISSIONAL";"APTO";"N";"DORACI MARIANO";NA;2452;"NÃO ELEITO";NA;NA;NA;NA
250000004981;"ALINE PEREIRA CARDOSO DE SÁ BARABINOT";"#NULO#";"PSDB";"FEMININO";"SUPERIOR COMPLETO";"CASADO(A)";"BRANCA";"EMPRESÁRIO";"APTO";"N";"ALINE PEREIRA CARDOSO DE SÁ BARABINOT";1053871,49;25769;"ELEITO POR MÉDIA";"ALINE PEREIRA CARDOSO DE SÁ BARABINOT";649095,72;"Outros Recursos, Fundo Partidario";"Recursos de outros candidatos, Recursos próprios, Recursos de pessoas físicas, Recursos de partido político"
250000062797;"MARIA JOSÉ DOS SANTOS";"#NULO#";"PATRIOTA";"FEMININO";"SUPERIOR COMPLETO";"SOLTEIRO(A)";"BRANCA";"PROFESSOR DE ENSINO MÉDIO";"APTO";"N";"MARIA JOSÉ DOS SANTOS";NA;551;"NÃO ELEITO";NA;NA;NA;NA
250000011628;"FRANCISCO TADEU GARDESANI LUZ";"#NULO#";"PV";"MASCULINO";"SUPERIOR COMPLETO";"SOLTEIRO(A)";"BRANCA";"SERVIDOR PÚBLICO FEDERAL";"APTO";"N";"FRANCISCO TADEU GARDESANI LUZ";537667;241;"SUPLENTE";"FRANCISCO TADEU GARDESANI LUZ";5621,7;"Outros Recursos, Fundo Partidario";"Recursos próprios, Recursos de pessoas físicas, Recursos de outros candidatos"
250000006199;"ROBERTO SILVA DOS SANTOS";"#NULO#";"PC do B";"MASCULINO";"ENSINO FUNDAMENTAL INCOMPLETO";"SOLTEIRO(A)";"PARDA";"OUTROS";"APTO";"N";"ROBERTO SILVA DOS SANTOS";40000;351;"NÃO ELEITO";"ROBERTO SILVA DOS SANTOS";4647,48;"Outros Recursos";"Recursos de pessoas físicas, Recursos de partido político"
250000038335;"LUIS CARLOS DA SILVA";"#NULO#";"PSDC";"MASCULINO";"SUPERIOR COMPLETO";"SOLTEIRO(A)";"PRETA";"EMPRESÁRIO";"APTO";"N";"LUIS CARLOS DA SILVA";37000;637;"NÃO ELEITO";NA;NA;NA;NA
250000010847;"CLAUDIO GOMES FONSECA";"#NULO#";"PPS";"MASCULINO";"SUPERIOR COMPLETO";"CASADO(A)";"PARDA";"PROFESSOR DE ENSINO MÉDIO";"APTO";"N";"CLAUDIO GOMES FONSECA";809053,51;18444;"ELEITO POR QP";"CLAUDIO GOMES FONSECA";66520;"Outros Recursos";"Recursos próprios, Recursos de pessoas físicas"
250000006152;"LOURIVALDO PRATES";"#NULO#";"PC do B";"MASCULINO";"ENSINO MÉDIO COMPLETO";"SOLTEIRO(A)";"PARDA";"FUNILEIRO";"APTO";"N";"LOURIVALDO PRATES";NA;716;"NÃO ELEITO";"LOURIVALDO PRATES";3687,45;"Outros Recursos";"Recursos próprios, Recursos de pessoas físicas, Recursos de partido político"
250000050170;"GILSON PEREIRA MENDES";"#NULO#";"PSL";"MASCULINO";"SUPERIOR COMPLETO";"SOLTEIRO(A)";"PRETA";"PEDAGOGO";"APTO";"N";"GILSON PEREIRA MENDES";NA;324;"NÃO ELEITO";NA;NA;NA;NA
250000058413;"JOAO AUGUSTO BARBOSA DE LIMA";"#NULO#";"PTN";"MASCULINO";"ENSINO MÉDIO COMPLETO";"CASADO(A)";"BRANCA";"ADMINISTRADOR";"APTO";"N";"JOAO AUGUSTO BARBOSA DE LIMA";NA;394;"SUPLENTE";NA;NA;NA;NA
250000006151;"VALMIR FERREIRA VERAS";"#NULO#";"PC do B";"MASCULINO";"ENSINO MÉDIO COMPLETO";"CASADO(A)";"PRETA";"COMERCIANTE";"APTO";"N";"VALMIR FERREIRA VERAS";220000;767;"NÃO ELEITO";"VALMIR FERREIRA VERAS";3317,45;"Outros Recursos";"Recursos de partido político, Recursos de pessoas físicas"
250000010882;"VINICIUS PETRONIO FERRAZ VIEIRA";"#NULO#";"PHS";"MASCULINO";"SUPERIOR COMPLETO";"DIVORCIADO(A)";"PARDA";"ADMINISTRADOR";"APTO";"N";"VINICIUS PETRONIO FERRAZ VIEIRA";5587189,83;295;"SUPLENTE";"VINICIUS PETRONIO FERRAZ VIEIRA";5301,38;"Outros Recursos";"Recursos próprios, Recursos de pessoas físicas, Recursos de outros candidatos"
250000010891;"MARCELO MOISES MOURA LIMA";"#NULO#";"PHS";"MASCULINO";"ENSINO FUNDAMENTAL INCOMPLETO";"SOLTEIRO(A)";"PARDA";"TAXISTA";"APTO";"N";"MARCELO MOISES MOURA LIMA";NA;740;"SUPLENTE";NA;NA;NA;NA
250000020825;"EDIR SALES";"#NULO#";"PSD";"FEMININO";"SUPERIOR COMPLETO";"CASADO(A)";"BRANCA";"VEREADOR";"APTO";"S";"EDIR SALES";1318092,04;39062;"ELEITO POR QP";"EDIR SALES";685166,71;"Outros Recursos, Fundo Partidario";"Recursos próprios, Recursos de pessoas físicas, Recursos de partido político"
250000005782;"ANDRÉ PEREZ BOLINI";"#NULO#";"NOVO";"MASCULINO";"SUPERIOR INCOMPLETO";"SOLTEIRO(A)";"BRANCA";"ESTUDANTE, BOLSISTA, ESTAGIÁRIO E ASSEMELHADOS";"APTO";"N";"ANDRÉ PEREZ BOLINI";8597,7;4945;"SUPLENTE";"ANDRÉ PEREZ BOLINI";4001,59;"Outros Recursos";"Recursos de origens não identificadas, Recursos próprios, Recursos de pessoas físicas"
250000038402;"JAIME DA SILVA";"#NULO#";"PSDC";"MASCULINO";"ENSINO MÉDIO COMPLETO";"CASADO(A)";"PRETA";"SERVIDOR PÚBLICO ESTADUAL";"APTO";"N";"JAIME DA SILVA";240000;207;"NÃO ELEITO";NA;NA;NA;NA
250000010848;"ANTONIO ARGEMIRO ALVES LEITÃO";"#NULO#";"PPS";"MASCULINO";"ENSINO MÉDIO COMPLETO";"SOLTEIRO(A)";"BRANCA";"COMERCIANTE";"APTO";"N";"ANTONIO ARGEMIRO ALVES LEITÃO";218000;9527;"SUPLENTE";NA;NA;NA;NA
250000038329;"EMERALDO LOPES DE MELO";"#NULO#";"PSDC";"MASCULINO";"ENSINO FUNDAMENTAL INCOMPLETO";"DIVORCIADO(A)";"PRETA";"VENDEDOR DE COMÉRCIO VAREJISTA E ATACADISTA";"APTO";"N";"EMERALDO LOPES DE MELO";NA;279;"NÃO ELEITO";"EMERALDO LOPES DE MELO";3091,12;"Outros Recursos, Fundo Partidario";"Recursos de outros candidatos, Recursos de partido político, Recursos de pessoas físicas"
250000010910;"VIVIANE RODRIGUES DA SILVA AUGUSTO";"#NULO#";"PHS";"FEMININO";"ENSINO MÉDIO COMPLETO";"CASADO(A)";"PARDA";"ENFERMEIRO";"APTO";"N";"VIVIANE RODRIGUES DA SILVA AUGUSTO";9000;477;"SUPLENTE";NA;NA;NA;NA
250000038419;"CARLOS ALBERTO DA CONCEIÇÃO";"#NULO#";"PSDC";"MASCULINO";"ENSINO MÉDIO COMPLETO";"CASADO(A)";"BRANCA";"OUTROS";"APTO";"N";"CARLOS ALBERTO DA CONCEIÇÃO";NA;260;"NÃO ELEITO";"CARLOS ALBERTO DA CONCEIÇÃO";3091,12;"Outros Recursos, Fundo Partidario";"Recursos de outros candidatos, Recursos de partido político, Recursos de pessoas físicas"
250000019198;"JOSÉ ANTONIO DE SOUZA";"#NULO#";"PTB";"MASCULINO";"ENSINO MÉDIO COMPLETO";"CASADO(A)";"BRANCA";"COMERCIANTE";"APTO";"N";"JOSÉ ANTONIO DE SOUZA";1090000;539;"SUPLENTE";NA;NA;NA;NA
250000014877;"MOACIR CAVALCANTI DOS SANTOS";"#NULO#";"PSOL";"MASCULINO";"ENSINO MÉDIO INCOMPLETO";"VIÚVO(A)";"PARDA";"APOSENTADO (EXCETO SERVIDOR PÚBLICO)";"APTO";"N";"MOACIR CAVALCANTI DOS SANTOS";NA;1316;"SUPLENTE";NA;NA;NA;NA
250000058417;"GERALDO AMARO DA SILVA";"#NULO#";"PTN";"MASCULINO";"LÊ E ESCREVE";"CASADO(A)";"BRANCA";"OUTROS";"APTO";"N";"GERALDO AMARO DA SILVA";NA;874;"SUPLENTE";"GERALDO AMARO DA SILVA";142,2;"Outros Recursos";"Recursos de outros candidatos"
250000010840;"ESTER DA SILVA";"#NULO#";"PPS";"FEMININO";"SUPERIOR COMPLETO";"CASADO(A)";"PRETA";"ASSISTENTE SOCIAL";"APTO";"N";"ESTER DA SILVA";NA;450;"SUPLENTE";NA;NA;NA;NA
250000010869;"RICARDO DONG GIM KIM";"#NULO#";"PHS";"MASCULINO";"ENSINO MÉDIO COMPLETO";"SOLTEIRO(A)";"AMARELA";"EMPRESÁRIO";"APTO";"N";"RICARDO DONG GIM KIM";340500;3432;"SUPLENTE";"RICARDO DONG GIM KIM";120213,3;"Outros Recursos";"Recursos próprios, Recursos de outros candidatos"
250000050156;"FERNANDO SERGIO COVRE";"#NULO#";"PSL";"MASCULINO";"ENSINO MÉDIO COMPLETO";"DIVORCIADO(A)";"BRANCA";"POLICIAL MILITAR";"APTO";"N";"FERNANDO SERGIO COVRE";NA;476;"NÃO ELEITO";NA;NA;NA;NA
250000010883;"JOSÉ MARIA TRINDADE BRANDÃO";"#NULO#";"PHS";"MASCULINO";"SUPERIOR COMPLETO";"CASADO(A)";"BRANCA";"ADMINISTRADOR";"APTO";"N";"JOSÉ MARIA TRINDADE BRANDÃO";68000;10388;"SUPLENTE";"JOSÉ MARIA TRINDADE BRANDÃO";18177,3;"Outros Recursos";"Recursos de pessoas físicas, Recursos de outros candidatos"
250000058415;"ZENILTON BEZERRA DE MELO";"#NULO#";"PTN";"MASCULINO";"ENSINO MÉDIO COMPLETO";"CASADO(A)";"PARDA";"ADMINISTRADOR";"APTO";"N";"ZENILTON BEZERRA DE MELO";197500;448;"SUPLENTE";NA;NA;NA;NA
250000019169;"JADIR DA SILVA PORTO";"#NULO#";"PTB";"MASCULINO";"ENSINO FUNDAMENTAL COMPLETO";"CASADO(A)";"BRANCA";"SERVIDOR PÚBLICO MUNICIPAL";"APTO";"N";"JADIR DA SILVA PORTO";NA;563;"SUPLENTE";NA;NA;NA;NA
250000058414;"SOCRATES DAMASCENO NOVELLI";"#NULO#";"PTN";"MASCULINO";"ENSINO MÉDIO COMPLETO";"SOLTEIRO(A)";"BRANCA";"EMPRESÁRIO";"APTO";"N";"SOCRATES DAMASCENO NOVELLI";NA;918;"SUPLENTE";NA;NA;NA;NA
250000038393;"IRENE DE FÁTIMA DE MEDEIROS TARABORELLI";"#NULO#";"PSDC";"FEMININO";"ENSINO MÉDIO COMPLETO";"DIVORCIADO(A)";"BRANCA";"COMERCIANTE";"APTO";"N";"IRENE DE FÁTIMA DE MEDEIROS TARABORELLI";350000;23;"NÃO ELEITO";NA;NA;NA;NA
250000014862;"JOSÉ NILO DE ARAÚJO PEREIRA";"#NULO#";"PSOL";"MASCULINO";"ENSINO MÉDIO COMPLETO";"CASADO(A)";"BRANCA";"GARÇOM";"APTO";"N";"JOSÉ NILO DE ARAÚJO PEREIRA";12000;504;"SUPLENTE";NA;NA;NA;NA
250000006162;"ALEX OLIVEIRA GARCIA";"#NULO#";"PC do B";"MASCULINO";"SUPERIOR COMPLETO";"SOLTEIRO(A)";"BRANCA";"SERVIDOR PÚBLICO ESTADUAL";"APTO";"N";"ALEX OLIVEIRA GARCIA";20000;233;"NÃO ELEITO";"ALEX OLIVEIRA GARCIA";3217,45;"Outros Recursos";"Recursos de pessoas físicas, Recursos de partido político"
250000020793;"ADEMILTON ARAÚJO AGRA";"#NULO#";"PMDB";"MASCULINO";"ENSINO MÉDIO COMPLETO";"CASADO(A)";"BRANCA";"COMERCIANTE";"APTO";"N";"ADEMILTON ARAÚJO AGRA";180200;975;"SUPLENTE";NA;NA;NA;NA
250000040610;"ZILDA LOPES DO CARMO";"#NULO#";"SD";"FEMININO";"ENSINO MÉDIO COMPLETO";"SOLTEIRO(A)";"BRANCA";"APOSENTADO (EXCETO SERVIDOR PÚBLICO)";"APTO";"N";"ZILDA LOPES DO CARMO";NA;6;"NÃO ELEITO";NA;NA;NA;NA
250000093257;"ARMINDO ALBINO MUNHOZ";"#NULO#";"PRP";"MASCULINO";"ENSINO MÉDIO COMPLETO";"CASADO(A)";"BRANCA";"APOSENTADO (EXCETO SERVIDOR PÚBLICO)";"APTO";"N";"ARMINDO ALBINO MUNHOZ";6000;212;"NÃO ELEITO";NA;NA;NA;NA
250000020829;"FABIO ARCO E FLEXA VEIGA";"#NULO#";"PSD";"MASCULINO";"ENSINO MÉDIO INCOMPLETO";"SOLTEIRO(A)";"BRANCA";"OUTROS";"APTO";"N";"FABIO ARCO E FLEXA VEIGA";NA;592;"SUPLENTE";NA;NA;NA;NA
250000022109;"ANTONINHA JOSELI PEREIRA";"#NULO#";"PR";"FEMININO";"ENSINO MÉDIO COMPLETO";"CASADO(A)";"BRANCA";"COMERCIANTE";"APTO";"N";"ANTONINHA JOSELI PEREIRA";15200;29;"SUPLENTE";NA;NA;NA;NA
250000006146;"FABIO ADONIS PEREIRA";"#NULO#";"PC do B";"MASCULINO";"SUPERIOR INCOMPLETO";"CASADO(A)";"BRANCA";"SERVIDOR PÚBLICO MUNICIPAL";"APTO";"N";"FABIO ADONIS PEREIRA";70188,98;2015;"NÃO ELEITO";"FABIO ADONIS PEREIRA";17846,25;"Fundo Partidario, Outros Recursos";"Recursos de partido político"
250000038404;"JEAN PAULO DA SILVA";"#NULO#";"PSDC";"MASCULINO";"SUPERIOR COMPLETO";"SOLTEIRO(A)";"BRANCA";"SOCIÓLOGO";"APTO";"N";"JEAN PAULO DA SILVA";7000;389;"NÃO ELEITO";NA;NA;NA;NA
250000038406;"JOSÉ ANTÔNIO DE SOUZA";"#NULO#";"PSDC";"MASCULINO";"ENSINO MÉDIO INCOMPLETO";"DIVORCIADO(A)";"PRETA";"COMERCIANTE";"APTO";"N";"JOSÉ ANTÔNIO DE SOUZA";NA;42;"NÃO ELEITO";NA;NA;NA;NA
250000038403;"JASIEL PEREIRA GARCIA";"#NULO#";"PSDC";"MASCULINO";"ENSINO FUNDAMENTAL COMPLETO";"SOLTEIRO(A)";"BRANCA";"MOTORISTA DE VEÍCULOS DE TRANSPORTE COLETIVO DE PASSAGEIROS";"APTO";"N";"JASIEL PEREIRA GARCIA";NA;333;"NÃO ELEITO";NA;NA;NA;NA
250000006195;"MARIA CICERA MINEIRO DA SILVA";"#NULO#";"PC do B";"FEMININO";"SUPERIOR INCOMPLETO";"SOLTEIRO(A)";"PRETA";"OUTROS";"APTO";"N";"MARIA CICERA MINEIRO DA SILVA";NA;921;"NÃO ELEITO";"MARIA CICERA MINEIRO DA SILVA";16041,85;"Outros Recursos";"Recursos próprios, Recursos de partido político"
250000020815;"MARIA DA CONCEIÇÃO CHAVES";"#NULO#";"PMDB";"FEMININO";"ENSINO MÉDIO INCOMPLETO";"CASADO(A)";"BRANCA";"AUXILIAR DE ESCRITÓRIO E ASSEMELHADOS";"APTO";"N";"MARIA DA CONCEIÇÃO CHAVES";NA;308;"SUPLENTE";"MARIA DA CONCEIÇÃO CHAVES";900;"Outros Recursos";"Recursos próprios, Recursos de pessoas físicas"
250000022107;"ADAIL LEITE DA SILVA";"#NULO#";"PR";"MASCULINO";"ENSINO FUNDAMENTAL COMPLETO";"CASADO(A)";"BRANCA";"COMERCIANTE";"APTO";"N";"ADAIL LEITE DA SILVA";544000;551;"SUPLENTE";NA;NA;NA;NA
250000058369;"CLARICE AGUILLAR COSTA";"#NULO#";"PTN";"FEMININO";"ENSINO MÉDIO COMPLETO";"SOLTEIRO(A)";"BRANCA";"COMERCIANTE";"APTO";"N";"CLARICE AGUILLAR COSTA";NA;99;"SUPLENTE";NA;NA;NA;NA
250000038382;"ANA PERWIN FRAIMAN";"#NULO#";"PSDC";"FEMININO";"SUPERIOR COMPLETO";"CASADO(A)";"BRANCA";"PSICÓLOGO";"APTO";"N";"ANA PERWIN FRAIMAN";437000;599;"NÃO ELEITO";NA;NA;NA;NA
250000005825;"JOÃO MARCELLO ORTEGA DE ARAUJO";"#NULO#";"NOVO";"MASCULINO";"SUPERIOR COMPLETO";"DIVORCIADO(A)";"BRANCA";"PUBLICITÁRIO";"APTO";"N";"JOÃO MARCELLO ORTEGA DE ARAUJO";84331,09;1414;"SUPLENTE";"JOÃO MARCELLO ORTEGA DE ARAUJO";3250;"Outros Recursos";"Recursos próprios, Recursos de pessoas físicas"
250000050153;"CLEBSON JOSE GOMES DA SILVA";"#NULO#";"PSL";"MASCULINO";"ENSINO MÉDIO COMPLETO";"SOLTEIRO(A)";"PRETA";"CARPINTEIRO, MARCENEIRO E ASSEMELHADOS";"APTO";"N";"CLEBSON JOSE GOMES DA SILVA";NA;55;"NÃO ELEITO";NA;NA;NA;NA
250000020820;"ADOLFO QUINTAS GONÇALVES NETO";"#NULO#";"PSD";"MASCULINO";"ENSINO MÉDIO COMPLETO";"CASADO(A)";"BRANCA";"VEREADOR";"APTO";"S";"ADOLFO QUINTAS GONÇALVES NETO";392000;21416;"SUPLENTE";"ADOLFO QUINTAS GONÇALVES NETO";58200;"Outros Recursos";"Recursos de pessoas físicas"
250000011637;"LEANDRO SILVA BATISTA";"#NULO#";"PV";"MASCULINO";"SUPERIOR COMPLETO";"CASADO(A)";"PARDA";"JORNALISTA E REDATOR";"APTO";"N";"LEANDRO SILVA BATISTA";15223,55;3341;"SUPLENTE";"LEANDRO SILVA BATISTA";16500;"Outros Recursos";"Recursos de pessoas físicas"
250000015096;"ANDRÉ RICARDO DE SOUZA";"#NULO#";"REDE";"MASCULINO";"ENSINO MÉDIO INCOMPLETO";"SOLTEIRO(A)";"PRETA";"MOTORISTA DE VEÍCULOS DE TRANSPORTE COLETIVO DE PASSAGEIROS";"APTO";"N";"ANDRÉ RICARDO DE SOUZA";NA;1021;"NÃO ELEITO";NA;NA;NA;NA
250000058354;"LENIR MARIA DE OLIVEIRA";"#NULO#";"PTN";"FEMININO";"ENSINO FUNDAMENTAL COMPLETO";"CASADO(A)";"PARDA";"OUTROS";"APTO";"N";"LENIR MARIA DE OLIVEIRA";NA;675;"SUPLENTE";NA;NA;NA;NA
250000015097;"DENIS DUCK";"#NULO#";"REDE";"MASCULINO";"SUPERIOR COMPLETO";"SEPARADO(A) JUDICIALMENTE";"BRANCA";"ARQUITETO";"APTO";"N";"DENIS DUCK";245125,95;650;"NÃO ELEITO";"DENIS DUCK";14154,14;"Outros Recursos";"Recursos próprios, Recursos de partido político"
250000011667;"VLADIMIR CAMELO PINTO";"#NULO#";"PV";"MASCULINO";"SUPERIOR COMPLETO";"CASADO(A)";"PARDA";"SERVIDOR PÚBLICO MUNICIPAL";"APTO";"N";"VLADIMIR CAMELO PINTO";NA;366;"SUPLENTE";NA;NA;NA;NA
250000062816;"MAURO AKIO HASHIMOTO";"#NULO#";"PATRIOTA";"MASCULINO";"ENSINO MÉDIO COMPLETO";"CASADO(A)";"PARDA";"OUTROS";"APTO";"N";"MAURO AKIO HASHIMOTO";7137;277;"NÃO ELEITO";NA;NA;NA;NA
250000050213;"ANA PAULA DOS SANTOS";"#NULO#";"PSL";"FEMININO";"ENSINO FUNDAMENTAL COMPLETO";"SOLTEIRO(A)";"BRANCA";"EMPRESÁRIO";"APTO";"N";"ANA PAULA DOS SANTOS";2000603,2;1845;"NÃO ELEITO";"ANA PAULA DOS SANTOS";5088,41;"Outros Recursos, Fundo Partidario";"Recursos próprios, Recursos de outros candidatos, Recursos de partido político"
250000038394;"JOSE CARLOS DE JESUS OLIVEIRA";"#NULO#";"PSDC";"MASCULINO";"ENSINO MÉDIO COMPLETO";"CASADO(A)";"PRETA";"PORTEIRO DE EDIFÍCIO, ASCENSORISTA, GARAGISTA E ZELADOR";"APTO";"N";"JOSE CARLOS DE JESUS OLIVEIRA";NA;128;"NÃO ELEITO";"JOSE CARLOS DE JESUS OLIVEIRA";1104,21;"Outros Recursos, Fundo Partidario";"Recursos próprios, Recursos de outros candidatos"
250000058405;"RILDO AUGUSTO DA SILVA JUNIOR";"#NULO#";"PTN";"MASCULINO";"SUPERIOR COMPLETO";"SOLTEIRO(A)";"BRANCA";"OUTROS";"APTO";"N";"RILDO AUGUSTO DA SILVA JUNIOR";NA;885;"SUPLENTE";"RILDO AUGUSTO DA SILVA JUNIOR";310;"Outros Recursos";"Recursos próprios"
250000010845;"ALESSANDRO FABIANO DE OLIVEIRA";"#NULO#";"PPS";"MASCULINO";"ENSINO MÉDIO COMPLETO";"CASADO(A)";"BRANCA";"ATLETA PROFISSIONAL E TÉCNICO EM DESPORTOS";"APTO";"N";"ALESSANDRO FABIANO DE OLIVEIRA";NA;167;"SUPLENTE";NA;NA;NA;NA
250000008316;"ANITA DOS SANTOS TAKAIYASU";"#NULO#";"PRB";"FEMININO";"SUPERIOR COMPLETO";"CASADO(A)";"BRANCA";"ENFERMEIRO";"APTO";"N";"ANITA DOS SANTOS TAKAIYASU";NA;11534;"SUPLENTE";"ANITA DOS SANTOS TAKAIYASU";23741,97;"Outros Recursos, Fundo Partidario";"Recursos próprios, Recursos de pessoas físicas, Recursos de partido político, Recursos de outros candidatos"
250000022111;"ANTONIO DE PAIVA MONTEIRO FILHO";"#NULO#";"PR";"MASCULINO";"ENSINO FUNDAMENTAL COMPLETO";"CASADO(A)";"BRANCA";"VEREADOR";"APTO";"S";"ANTONIO DE PAIVA MONTEIRO FILHO";1997792,22;35219;"ELEITO POR QP";"ANTONIO DE PAIVA MONTEIRO FILHO";185838;"Outros Recursos, Fundo Partidario";"Recursos próprios, Recursos de pessoas físicas, Recursos de partido político"
250000062808;"BEATRIZ BATISTA VALCHI";"#NULO#";"PATRIOTA";"FEMININO";"SUPERIOR COMPLETO";"CASADO(A)";"BRANCA";"ADVOGADO";"APTO";"N";"BEATRIZ BATISTA VALCHI";NA;74;"NÃO ELEITO";NA;NA;NA;NA
250000050203;"LUCIMARA APARECIDA DA SILVA";"#NULO#";"PSL";"FEMININO";"ENSINO MÉDIO COMPLETO";"SOLTEIRO(A)";"PARDA";"VEREADOR";"APTO";"N";"LUCIMARA APARECIDA DA SILVA";NA;115;"NÃO ELEITO";NA;NA;NA;NA
250000020797;"ARMANDO FERREIRO RODRIGUES";"#NULO#";"PMDB";"MASCULINO";"SUPERIOR COMPLETO";"SOLTEIRO(A)";"BRANCA";"PROFESSOR DE ENSINO FUNDAMENTAL";"APTO";"N";"ARMANDO FERREIRO RODRIGUES";NA;14681;"SUPLENTE";"ARMANDO FERREIRO RODRIGUES";29572,47;"Outros Recursos";"Recursos próprios, Recursos de partido político, Recursos de pessoas físicas"
250000019138;"VALDECIR APARECIDO DO NASCIMENTO";"#NULO#";"PTB";"MASCULINO";"SUPERIOR COMPLETO";"CASADO(A)";"BRANCA";"SERVIDOR PÚBLICO ESTADUAL";"APTO";"N";"VALDECIR APARECIDO DO NASCIMENTO";74500;13130;"SUPLENTE";"VALDECIR APARECIDO DO NASCIMENTO";38894;"Outros Recursos, Fundo Partidario";"Recursos de pessoas físicas, Recursos de partido político, Recursos próprios, Recursos de outros candidatos"
250000011697;"ROSEMARY FALCONE MONFARDINI";"#NULO#";"PV";"FEMININO";"ENSINO MÉDIO COMPLETO";"CASADO(A)";"BRANCA";"OUTROS";"APTO";"N";"ROSEMARY FALCONE MONFARDINI";NA;6;"SUPLENTE";NA;NA;NA;NA
250000038400;"IZAMAR NUNES DA SILVA";"#NULO#";"PSDC";"MASCULINO";"ENSINO FUNDAMENTAL COMPLETO";"SOLTEIRO(A)";"PRETA";"COMERCIANTE";"APTO";"N";"IZAMAR NUNES DA SILVA";15000;288;"NÃO ELEITO";NA;NA;NA;NA
250000015099;"KLEBER VELHO NEVES";"#NULO#";"REDE";"MASCULINO";"SUPERIOR COMPLETO";"CASADO(A)";"BRANCA";"ENGENHEIRO";"APTO";"N";"KLEBER VELHO NEVES";195700;944;"NÃO ELEITO";"KLEBER VELHO NEVES";1500;"Outros Recursos";"Recursos de pessoas físicas"
250000005796;"RICARDO LUIS MELLÃO";"#NULO#";"NOVO";"MASCULINO";"SUPERIOR COMPLETO";"SOLTEIRO(A)";"BRANCA";"ADVOGADO";"APTO";"N";"RICARDO LUIS MELLÃO";144722,13;12664;"SUPLENTE";"RICARDO LUIS MELLÃO";218193,77;"Outros Recursos";"Recursos próprios, Doações pela Internet, Recursos de pessoas físicas"
250000011621;"FRANCISCO JOSE CARVALHO";"#NULO#";"PV";"MASCULINO";"SUPERIOR COMPLETO";"CASADO(A)";"BRANCA";"ADVOGADO";"APTO";"N";"FRANCISCO JOSE CARVALHO";201160,7;2348;"SUPLENTE";"FRANCISCO JOSE CARVALHO";19970,45;"Outros Recursos, Fundo Partidario";"Recursos próprios, Recursos de partido político, Recursos de outros candidatos"
250000040573;"JULIANA VALIAS PAZINATTO";"#NULO#";"SD";"FEMININO";"SUPERIOR COMPLETO";"SOLTEIRO(A)";"PARDA";"ESTUDANTE, BOLSISTA, ESTAGIÁRIO E ASSEMELHADOS";"APTO";"N";"JULIANA VALIAS PAZINATTO";NA;121;"NÃO ELEITO";"JULIANA VALIAS PAZINATTO";3980,5;"Fundo Partidario";"Recursos de partido político"
250000013943;"IVANILDO SOARES DA SILVA";"#NULO#";"PRTB";"MASCULINO";"ENSINO MÉDIO COMPLETO";"SOLTEIRO(A)";"BRANCA";"OUTROS";"APTO";"N";"IVANILDO SOARES DA SILVA";NA;501;"NÃO ELEITO";NA;NA;NA;NA
250000019192;"ELYANA BELCHIOR MARTINS CASTILHO";"#NULO#";"PTB";"FEMININO";"SUPERIOR COMPLETO";"CASADO(A)";"BRANCA";"ADVOGADO";"APTO";"N";"ELYANA BELCHIOR MARTINS CASTILHO";446303,74;1277;"SUPLENTE";"ELYANA BELCHIOR MARTINS CASTILHO";60;"Outros Recursos";"Recursos próprios"
250000093365;"SONIA DE SOUZA GARCIA";"#NULO#";"SD";"FEMININO";"SUPERIOR COMPLETO";"SEPARADO(A) JUDICIALMENTE";"PARDA";"EMPRESÁRIO";"APTO";"N";"SONIA DE SOUZA GARCIA";67500;260;"NÃO ELEITO";NA;NA;NA;NA
250000058348;"ANTONIA MARIA COSTA SILVA";"#NULO#";"PTN";"FEMININO";"ENSINO MÉDIO COMPLETO";"CASADO(A)";"BRANCA";"OUTROS";"APTO";"N";"ANTONIA MARIA COSTA SILVA";NA;361;"SUPLENTE";NA;NA;NA;NA
250000010853;"DIEGO PENUELA RODRIGUES";"#NULO#";"PPS";"MASCULINO";"SUPERIOR INCOMPLETO";"CASADO(A)";"BRANCA";"ENFERMEIRO";"APTO";"N";"DIEGO PENUELA RODRIGUES";NA;388;"SUPLENTE";"DIEGO PENUELA RODRIGUES";284,4;"Outros Recursos";"Recursos de partido político"
250000019139;"AIRTON LUIZ VANZELLI FILHO";"#NULO#";"PTB";"MASCULINO";"SUPERIOR COMPLETO";"DIVORCIADO(A)";"BRANCA";"POLICIAL MILITAR";"APTO";"N";"AIRTON LUIZ VANZELLI FILHO";NA;814;"SUPLENTE";NA;NA;NA;NA
250000019204;"ALEXANDRE GABRIEL CARNEIRO";"#NULO#";"PTB";"MASCULINO";"ENSINO MÉDIO COMPLETO";"CASADO(A)";"BRANCA";"TAXISTA";"APTO";"N";"ALEXANDRE GABRIEL CARNEIRO";NA;343;"SUPLENTE";NA;NA;NA;NA
250000020846;"MARIO AUGUSTO DE SOUZA";"#NULO#";"PSD";"MASCULINO";"ENSINO MÉDIO COMPLETO";"CASADO(A)";"BRANCA";"EMPRESÁRIO";"APTO";"N";"MARIO AUGUSTO DE SOUZA";175244;1291;"SUPLENTE";NA;NA;NA;NA
250000013968;"ROBERTO DE LIMA FERNANDES";"#NULO#";"PRTB";"MASCULINO";"SUPERIOR COMPLETO";"SOLTEIRO(A)";"BRANCA";"POLICIAL MILITAR";"APTO";"N";"ROBERTO DE LIMA FERNANDES";NA;1160;"NÃO ELEITO";"ROBERTO DE LIMA FERNANDES";4080,28;"Outros Recursos, Fundo Partidario";"Recursos próprios, Recursos de partido político, Recursos de pessoas físicas"
250000040595;"SIDNEY MATIAS DOS SANTOS";"#NULO#";"SD";"MASCULINO";"SUPERIOR COMPLETO";"CASADO(A)";"PRETA";"POLICIAL MILITAR";"APTO";"N";"SIDNEY MATIAS DOS SANTOS";120000;394;"NÃO ELEITO";NA;NA;NA;NA
250000008324;"FABIANA SANTOS FERREIRA REINHOLZ BOTELHO";"#NULO#";"PRB";"FEMININO";"SUPERIOR COMPLETO";"CASADO(A)";"BRANCA";"VETERINÁRIO";"APTO";"N";"FABIANA SANTOS FERREIRA REINHOLZ BOTELHO";662572,71;842;"SUPLENTE";"FABIANA SANTOS FERREIRA REINHOLZ BOTELHO";21934,27;"Outros Recursos";"Recursos próprios, Recursos de pessoas físicas, Recursos de partido político"
250000008337;"EDVALDO ANTONIO DOS SANTOS";"#NULO#";"PRB";"MASCULINO";"ENSINO MÉDIO COMPLETO";"CASADO(A)";"PARDA";"ELETRICISTA E ASSEMELHADOS";"APTO";"N";"EDVALDO ANTONIO DOS SANTOS";NA;313;"SUPLENTE";NA;NA;NA;NA
250000040597;"VERA LUCIA ROSA DIAS";"#NULO#";"SD";"FEMININO";"SUPERIOR COMPLETO";"CASADO(A)";"BRANCA";"ENFERMEIRO";"APTO";"N";"VERA LUCIA ROSA DIAS";258000;233;"NÃO ELEITO";"VERA LUCIA ROSA DIAS";8980,5;"Fundo Partidario";"Recursos de partido político"
250000050167;"JOSE RICARDO DE PAULA";"#NULO#";"PSL";"MASCULINO";"ENSINO MÉDIO COMPLETO";"SOLTEIRO(A)";"PARDA";"OUTROS";"APTO";"N";"JOSE RICARDO DE PAULA";NA;4;"NÃO ELEITO";NA;NA;NA;NA
250000010872;"EVANIO MARCELINO";"#NULO#";"PHS";"MASCULINO";"ENSINO MÉDIO COMPLETO";"CASADO(A)";"BRANCA";"ENFERMEIRO";"APTO";"N";"EVANIO MARCELINO";260000;600;"SUPLENTE";"EVANIO MARCELINO";1512,99;"Outros Recursos";"Recursos próprios, Recursos de outros candidatos, Recursos de pessoas físicas"
250000010999;"MASATAKA OTA";"#NULO#";"PSB";"MASCULINO";"ENSINO MÉDIO COMPLETO";"CASADO(A)";"AMARELA";"VEREADOR";"APTO";"S";"MASATAKA OTA";1289478,7;45915;"ELEITO POR QP";"MASATAKA OTA";130213,8;"Fundo Partidario, Outros Recursos";"Recursos de partido político, Recursos de outros candidatos, Recursos de pessoas físicas"
250000011699;"ANTONIO CARLOS ALVES DA SILVA";"#NULO#";"PV";"MASCULINO";"SUPERIOR INCOMPLETO";"CASADO(A)";"PARDA";"SERVIDOR PÚBLICO MUNICIPAL";"APTO";"N";"ANTONIO CARLOS ALVES DA SILVA";420000;1775;"SUPLENTE";"ANTONIO CARLOS ALVES DA SILVA";10000;"Outros Recursos";"Recursos de partido político"
250000019143;"FERNANDO NUNES DA SILVA";"#NULO#";"PTB";"MASCULINO";"SUPERIOR COMPLETO";"DIVORCIADO(A)";"PARDA";"OUTROS";"APTO";"N";"FERNANDO NUNES DA SILVA";16758,3;732;"SUPLENTE";NA;NA;NA;NA
250000019186;"ANDERSON ARAUJO DE OLIVEIRA";"#NULO#";"PTB";"MASCULINO";"SUPERIOR COMPLETO";"SOLTEIRO(A)";"PARDA";"OUTROS";"APTO";"N";"ANDERSON ARAUJO DE OLIVEIRA";30000;914;"SUPLENTE";NA;NA;NA;NA
250000093118;"ANSELMO JOSE DE ALMEIDA";"#NULO#";"PTN";"MASCULINO";"ENSINO MÉDIO COMPLETO";"CASADO(A)";"PARDA";"AGENTE ADMINISTRATIVO";"APTO";"N";"ANSELMO JOSE DE ALMEIDA";NA;113;"SUPLENTE";NA;NA;NA;NA
250000058408;"TATIANA POLI DE OLIVEIRA";"#NULO#";"PTN";"FEMININO";"LÊ E ESCREVE";"SOLTEIRO(A)";"BRANCA";"OUTROS";"APTO";"N";"TATIANA POLI DE OLIVEIRA";NA;578;"SUPLENTE";"TATIANA POLI DE OLIVEIRA";142,2;"Outros Recursos";"Recursos de outros candidatos"
250000050202;"KATIA SABINO DA SILVA BASTOS";"#NULO#";"PSL";"FEMININO";"SUPERIOR INCOMPLETO";"SOLTEIRO(A)";"PARDA";"PROFESSOR DE ENSINO FUNDAMENTAL";"APTO";"N";"KATIA SABINO DA SILVA BASTOS";47000;633;"NÃO ELEITO";NA;NA;NA;NA
250000010991;"CAMILO CRISTÓFARO MARTINS JUNIOR";"#NULO#";"PSB";"MASCULINO";"SUPERIOR COMPLETO";"CASADO(A)";"BRANCA";"ADVOGADO";"APTO";"N";"CAMILO CRISTÓFARO MARTINS JUNIOR";1223857,41;29603;"ELEITO POR QP";"CAMILO CRISTÓFARO MARTINS JUNIOR";39780;"Outros Recursos";"Recursos próprios, Recursos de pessoas físicas"
250000020840;"JULIANA REGINA GARCIA SILVA";"#NULO#";"PSD";"FEMININO";"SUPERIOR COMPLETO";"SOLTEIRO(A)";"BRANCA";"ARQUITETO";"APTO";"N";"JULIANA REGINA GARCIA SILVA";NA;297;"SUPLENTE";"JULIANA REGINA GARCIA SILVA";10000;"Fundo Partidario";"Recursos de partido político"
250000014892;"ANDERSON SEVERIANO GOMES";"#NULO#";"PSOL";"MASCULINO";"SUPERIOR COMPLETO";"CASADO(A)";"PRETA";"DIRETOR DE ESTABELECIMENTO DE ENSINO";"APTO";"N";"ANDERSON SEVERIANO GOMES";NA;2220;"SUPLENTE";"ANDERSON SEVERIANO GOMES";1238,35;"Fundo Partidario";"Recursos de partido político"
250000019127;"CLAUDIA MARQUES DAMASCENO";"#NULO#";"PTB";"FEMININO";"SUPERIOR COMPLETO";"SOLTEIRO(A)";"PARDA";"PEDAGOGO";"APTO";"N";"CLAUDIA MARQUES DAMASCENO";243406,31;784;"SUPLENTE";NA;NA;NA;NA
250000006139;"FABIO LIBERIO MARCOS SANTOS";"#NULO#";"PC do B";"MASCULINO";"ENSINO MÉDIO COMPLETO";"CASADO(A)";"PRETA";"EMPRESÁRIO";"APTO";"N";"FABIO LIBERIO MARCOS SANTOS";89000;302;"NÃO ELEITO";"FABIO LIBERIO MARCOS SANTOS";3317,45;"Outros Recursos";"Recursos de partido político, Recursos de pessoas físicas"
250000019181;"WAGNER DA SILVA";"#NULO#";"PTB";"MASCULINO";"SUPERIOR COMPLETO";"DIVORCIADO(A)";"PRETA";"POLICIAL CIVIL";"APTO";"N";"WAGNER DA SILVA";312735,04;198;"SUPLENTE";NA;NA;NA;NA
250000011016;"DAVID BEZERRA RIBEIRO SOARES";"#NULO#";"DEM";"MASCULINO";"SUPERIOR COMPLETO";"SOLTEIRO(A)";"BRANCA";"VEREADOR";"APTO";"S";"DAVID BEZERRA RIBEIRO SOARES";506483,64;24892;"ELEITO POR MÉDIA";"DAVID BEZERRA RIBEIRO SOARES";319791;"Outros Recursos, Fundo Partidario";"Recursos de outros candidatos, Recursos próprios, Recursos de partido político, Recursos de pessoas físicas"
250000006176;"ANGELA BEATRIZ MEYER";"#NULO#";"PC do B";"FEMININO";"ENSINO MÉDIO INCOMPLETO";"SOLTEIRO(A)";"BRANCA";"OUTROS";"APTO";"N";"ANGELA BEATRIZ MEYER";NA;551;"NÃO ELEITO";"ANGELA BEATRIZ MEYER";38654,15;"Outros Recursos";"Recursos de partido político, Recursos de pessoas físicas"
250000058401;"PAULO VITOR FERRARI CAMPS";"#NULO#";"PTN";"MASCULINO";"SUPERIOR COMPLETO";"CASADO(A)";"BRANCA";"ADMINISTRADOR";"APTO";"N";"PAULO VITOR FERRARI CAMPS";NA;485;"SUPLENTE";NA;NA;NA;NA
250000050159;"CARLOS UILIAN PEREIRA MARTINEZ";"#NULO#";"PSL";"MASCULINO";"SUPERIOR INCOMPLETO";"CASADO(A)";"BRANCA";"EMPRESÁRIO";"APTO";"N";"CARLOS UILIAN PEREIRA MARTINEZ";948000;785;"NÃO ELEITO";"CARLOS UILIAN PEREIRA MARTINEZ";1588,41;"Outros Recursos, Fundo Partidario";"Recursos de pessoas físicas, Recursos de outros candidatos, Recursos de partido político"
250000022085;"JOSÉ EDIMAR DE CARVALHO";"#NULO#";"PT";"MASCULINO";"ENSINO MÉDIO COMPLETO";"CASADO(A)";"PRETA";"OUTROS";"APTO";"N";"JOSÉ EDIMAR DE CARVALHO";3e+05;1995;"SUPLENTE";"JOSÉ EDIMAR DE CARVALHO";22307,27;"Outros Recursos, Fundo Partidario";"Recursos de outros candidatos, Recursos de pessoas físicas, Recursos de partido político"
250000010873;"JOSE AIRTON FERREIRA DAS NEVES";"#NULO#";"PHS";"MASCULINO";"ENSINO MÉDIO COMPLETO";"CASADO(A)";"BRANCA";"MOTORISTA DE VEÍCULOS DE TRANSPORTE COLETIVO DE PASSAGEIROS";"APTO";"N";"JOSE AIRTON FERREIRA DAS NEVES";364000;3311;"SUPLENTE";"JOSE AIRTON FERREIRA DAS NEVES";19713,3;"Outros Recursos";"Recursos próprios, Recursos de outros candidatos, Recursos de pessoas físicas"
250000020836;"JOSÉ LUIZ NODAR RIBEIRO";"#NULO#";"PSD";"MASCULINO";"ENSINO MÉDIO COMPLETO";"CASADO(A)";"BRANCA";"REPRESENTANTE COMERCIAL";"APTO";"N";"JOSÉ LUIZ NODAR RIBEIRO";NA;749;"SUPLENTE";NA;NA;NA;NA
250000038341;"MARIA MELLO DA CRUZ";"#NULO#";"PSDC";"FEMININO";"SUPERIOR INCOMPLETO";"DIVORCIADO(A)";"BRANCA";"SERVIDOR PÚBLICO ESTADUAL";"APTO";"N";"MARIA MELLO DA CRUZ";232015;727;"NÃO ELEITO";"MARIA MELLO DA CRUZ";3298,66;"Outros Recursos, Fundo Partidario";"Recursos próprios, Recursos de outros candidatos, Recursos de partido político"
250000008361;"MARIA MANOELA DOS SANTOS";"#NULO#";"PRB";"FEMININO";"ENSINO MÉDIO COMPLETO";"SEPARADO(A) JUDICIALMENTE";"PARDA";"COMERCIANTE";"APTO";"N";"MARIA MANOELA DOS SANTOS";NA;365;"SUPLENTE";NA;NA;NA;NA
250000019206;"ANDREIA CARVALHO DE SOUZA";"#NULO#";"PTB";"FEMININO";"SUPERIOR INCOMPLETO";"SOLTEIRO(A)";"PRETA";"PROFESSOR DE ENSINO FUNDAMENTAL";"APTO";"N";"ANDREIA CARVALHO DE SOUZA";NA;133;"SUPLENTE";NA;NA;NA;NA
250000011626;"ANDERSON DA SILVA CRUZ";"#NULO#";"PV";"MASCULINO";"SUPERIOR COMPLETO";"SOLTEIRO(A)";"BRANCA";"ADVOGADO";"APTO";"N";"ANDERSON DA SILVA CRUZ";NA;962;"SUPLENTE";"ANDERSON DA SILVA CRUZ";1400;"Outros Recursos";"Recursos próprios"
250000008299;"MARCO ANTONIO AZKOUL";"#NULO#";"PRB";"MASCULINO";"SUPERIOR COMPLETO";"SOLTEIRO(A)";"BRANCA";"POLICIAL CIVIL";"APTO";"N";"MARCO ANTONIO AZKOUL";57925,03;938;"SUPLENTE";NA;NA;NA;NA
250000010886;"MARCIO ALVARES DE SOUZA";"#NULO#";"PHS";"MASCULINO";"ENSINO FUNDAMENTAL INCOMPLETO";"CASADO(A)";"PARDA";"VENDEDOR DE COMÉRCIO VAREJISTA E ATACADISTA";"APTO";"N";"MARCIO ALVARES DE SOUZA";NA;2843;"SUPLENTE";NA;NA;NA;NA
250000027328;"RICARDO ZAPPAROLI";"#NULO#";"PTC";"MASCULINO";"ENSINO MÉDIO COMPLETO";"CASADO(A)";"BRANCA";"CORRETOR DE IMÓVEIS, SEGUROS, TÍTULOS E VALORES";"APTO";"N";"RICARDO ZAPPAROLI";14490;937;"NÃO ELEITO";"RICARDO ZAPPAROLI";1540;"Outros Recursos";"Recursos próprios"
250000008332;"UILSON CAJUY DE OLIVEIRA";"#NULO#";"PRB";"MASCULINO";"ENSINO FUNDAMENTAL COMPLETO";"CASADO(A)";"BRANCA";"APOSENTADO (EXCETO SERVIDOR PÚBLICO)";"APTO";"N";"UILSON CAJUY DE OLIVEIRA";150000;288;"SUPLENTE";NA;NA;NA;NA
250000027266;"EDITH FERREIRA DE SOUZA OLIVEIRA";"#NULO#";"PRP";"FEMININO";"SUPERIOR COMPLETO";"CASADO(A)";"BRANCA";"ENFERMEIRO";"APTO";"N";"EDITH FERREIRA DE SOUZA OLIVEIRA";11563,24;612;"NÃO ELEITO";NA;NA;NA;NA
250000014905;"RODRIGO RODRIGUES DE LIMA";"#NULO#";"PSOL";"MASCULINO";"ENSINO MÉDIO COMPLETO";"SOLTEIRO(A)";"PARDA";"TAXISTA";"APTO";"N";"RODRIGO RODRIGUES DE LIMA";3500;225;"SUPLENTE";NA;NA;NA;NA
250000020783;"AIRTON LOPES DE SOUZA";"#NULO#";"PMDB";"MASCULINO";"ENSINO MÉDIO COMPLETO";"CASADO(A)";"BRANCA";"AUXILIAR DE ESCRITÓRIO E ASSEMELHADOS";"APTO";"N";"AIRTON LOPES DE SOUZA";22800;4821;"SUPLENTE";"AIRTON LOPES DE SOUZA";8683,57;"Outros Recursos";"Rendimentos de aplicações financeiras, Recursos próprios, Recursos de pessoas físicas"
250000005813;"THABATA BARBOSA ARELLANO";"#NULO#";"NOVO";"FEMININO";"SUPERIOR COMPLETO";"DIVORCIADO(A)";"BRANCA";"PEDAGOGO";"APTO";"N";"THABATA BARBOSA ARELLANO";11867;921;"SUPLENTE";"THABATA BARBOSA ARELLANO";2985,3;"Outros Recursos";"Recursos próprios, Recursos de pessoas físicas"
250000022122;"MARIA EMILIA DANTAS OLIVEIRA";"#NULO#";"PR";"FEMININO";"SUPERIOR INCOMPLETO";"DIVORCIADO(A)";"PARDA";"APOSENTADO (EXCETO SERVIDOR PÚBLICO)";"APTO";"N";"MARIA EMILIA DANTAS OLIVEIRA";2000;71;"SUPLENTE";"MARIA EMILIA DANTAS OLIVEIRA";1850;"Outros Recursos, Fundo Partidario";"Recursos próprios, Recursos de partido político"
250000015106;"MADALENA BUZZO";"#NULO#";"REDE";"FEMININO";"SUPERIOR COMPLETO";"SOLTEIRO(A)";"BRANCA";"OUTROS";"APTO";"N";"MADALENA BUZZO";229278,52;700;"NÃO ELEITO";"MADALENA BUZZO";1100;"Outros Recursos";"Recursos próprios"
250000005001;"ANESIA MACHADO DZULE";"#NULO#";"PSDB";"FEMININO";"SUPERIOR COMPLETO";"SOLTEIRO(A)";"BRANCA";"PSICÓLOGO";"APTO";"N";"ANESIA MACHADO DZULE";3e+05;587;"SUPLENTE";NA;NA;NA;NA
250000010865;"RICARDO HOLZ VIDAL DOS SANTOS";"#NULO#";"PHS";"MASCULINO";"SUPERIOR COMPLETO";"SOLTEIRO(A)";"BRANCA";"EMPRESÁRIO";"APTO";"N";"RICARDO HOLZ VIDAL DOS SANTOS";1174000;3599;"SUPLENTE";"RICARDO HOLZ VIDAL DOS SANTOS";29386,42;"Outros Recursos";"Recursos próprios, Recursos de pessoas físicas"
250000014885;"SÂMIA DE SOUZA BOMFIM";"#NULO#";"PSOL";"FEMININO";"SUPERIOR INCOMPLETO";"SOLTEIRO(A)";"BRANCA";"SERVIDOR PÚBLICO ESTADUAL";"APTO";"N";"SÂMIA DE SOUZA BOMFIM";NA;12464;"ELEITO POR MÉDIA";"SÂMIA DE SOUZA BOMFIM";45004,78;"Outros Recursos, Fundo Partidario";"Recursos próprios, Recursos de pessoas físicas, Doações pela Internet, Recursos de partido político"
250000044419;"RONALDO DOS SANTOS MALACHIAS";"#NULO#";"PPL";"MASCULINO";"SUPERIOR INCOMPLETO";"SOLTEIRO(A)";"BRANCA";"LOCUTOR E COMENTARISTA DE RÁDIO E TELEVISÃO E RADIALISTA";"APTO";"N";"RONALDO DOS SANTOS MALACHIAS";162206,83;324;"NÃO ELEITO";NA;NA;NA;NA
250000020821;"ALAN BEZERRA GOMES";"#NULO#";"PSD";"MASCULINO";"SUPERIOR COMPLETO";"CASADO(A)";"PARDA";"EMPRESÁRIO";"APTO";"N";"ALAN BEZERRA GOMES";43166,19;4281;"SUPLENTE";"ALAN BEZERRA GOMES";3991;"Outros Recursos";"Recursos de pessoas físicas"
250000020851;"PEDRO PEREIRA PESSOA";"#NULO#";"PSD";"MASCULINO";"SUPERIOR COMPLETO";"CASADO(A)";"PARDA";"PROFESSOR DE ENSINO SUPERIOR";"APTO";"N";"PEDRO PEREIRA PESSOA";275000;266;"SUPLENTE";NA;NA;NA;NA
250000038409;"JOSÉ SEVERINO VIEIRA GOMES";"#NULO#";"PSDC";"MASCULINO";"ENSINO MÉDIO COMPLETO";"CASADO(A)";"PRETA";"OUTROS";"APTO";"N";"JOSÉ SEVERINO VIEIRA GOMES";180000;474;"NÃO ELEITO";NA;NA;NA;NA
250000013934;"CESÁRIO LANGE DA SILVA PIRES JUNIOR";"#NULO#";"PRTB";"MASCULINO";"SUPERIOR COMPLETO";"SOLTEIRO(A)";"BRANCA";"MILITAR REFORMADO";"APTO";"N";"CESÁRIO LANGE DA SILVA PIRES JUNIOR";259000;377;"NÃO ELEITO";NA;NA;NA;NA
250000020832;"FRANCISCO NOGUEIRA DA SILVA";"#NULO#";"PSD";"MASCULINO";"SUPERIOR COMPLETO";"DIVORCIADO(A)";"PRETA";"ADVOGADO";"APTO";"N";"FRANCISCO NOGUEIRA DA SILVA";37000;1261;"SUPLENTE";NA;NA;NA;NA
250000058383;"RENATO LIBONATI";"#NULO#";"PTN";"MASCULINO";"SUPERIOR COMPLETO";"CASADO(A)";"BRANCA";"ADMINISTRADOR";"APTO";"N";"RENATO LIBONATI";1350024,86;4528;"SUPLENTE";"RENATO LIBONATI";15482,85;"Outros Recursos";"Recursos próprios, Recursos de pessoas físicas, Recursos de outros candidatos"
250000006137;"PATRICIA ALMEIDA TAVARES DA SILVA";"#NULO#";"PC do B";"FEMININO";"SUPERIOR INCOMPLETO";"CASADO(A)";"PRETA";"SERVIDOR PÚBLICO ESTADUAL";"APTO";"N";"PATRICIA ALMEIDA TAVARES DA SILVA";NA;119;"NÃO ELEITO";"PATRICIA ALMEIDA TAVARES DA SILVA";500,03;"Outros Recursos";"Recursos de partido político"
250000022146;"CLAUDIO BEZERRA DA COSTA";"#NULO#";"PDT";"MASCULINO";"ENSINO FUNDAMENTAL INCOMPLETO";"CASADO(A)";"BRANCA";"PORTEIRO DE EDIFÍCIO, ASCENSORISTA, GARAGISTA E ZELADOR";"APTO";"N";"CLAUDIO BEZERRA DA COSTA";NA;473;"SUPLENTE";NA;NA;NA;NA
250000005002;"CLAIRE BARBAGALLO";"#NULO#";"PSDB";"FEMININO";"SUPERIOR COMPLETO";"SEPARADO(A) JUDICIALMENTE";"BRANCA";"GERENTE";"APTO";"N";"CLAIRE BARBAGALLO";32200;517;"SUPLENTE";"CLAIRE BARBAGALLO";5209,1;"Outros Recursos";"Recursos de pessoas físicas, Recursos de outros candidatos, Recursos próprios"
250000022137;"RICARDO TEIXEIRA";"#NULO#";"PROS";"MASCULINO";"SUPERIOR COMPLETO";"CASADO(A)";"BRANCA";"ENGENHEIRO";"APTO";"S";"RICARDO TEIXEIRA";153537,65;28515;"ELEITO POR QP";"RICARDO TEIXEIRA";406268,85;"Outros Recursos, Fundo Partidario";"Recursos de partido político, Recursos próprios, Recursos de pessoas físicas"
250000022080;"EDIVALDO DE OLIVEIRA LIMA";"#NULO#";"PT";"MASCULINO";"ENSINO MÉDIO COMPLETO";"CASADO(A)";"PRETA";"CANTOR E COMPOSITOR";"APTO";"N";"EDIVALDO DE OLIVEIRA LIMA";NA;291;"SUPLENTE";"EDIVALDO DE OLIVEIRA LIMA";21727,27;"Outros Recursos, Fundo Partidario";"Recursos de outros candidatos, Recursos de partido político"
250000044416;"FABIANO DA SILVA AVELINO";"#NULO#";"PPL";"MASCULINO";"SUPERIOR INCOMPLETO";"CASADO(A)";"PARDA";"PROFESSOR E INSTRUTOR DE FORMAÇÃO PROFISSIONAL";"APTO";"N";"FABIANO DA SILVA AVELINO";799739,48;791;"NÃO ELEITO";"FABIANO DA SILVA AVELINO";82782;"Outros Recursos";"Recursos próprios, Recursos de pessoas físicas"
250000004988;"ELIZEU RAFAEL COSTA NASCIMENTO";"#NULO#";"PSDB";"MASCULINO";"SUPERIOR COMPLETO";"SOLTEIRO(A)";"BRANCA";"EMPRESÁRIO";"APTO";"N";"ELIZEU RAFAEL COSTA NASCIMENTO";959000;1069;"SUPLENTE";"ELIZEU RAFAEL COSTA NASCIMENTO";12992,35;"Outros Recursos";"Recursos de outros candidatos, Recursos próprios, Recursos de pessoas físicas"
250000020777;"LETIVAN RODRIGUES DE CARVALHO";"#NULO#";"PMDB";"MASCULINO";"SUPERIOR COMPLETO";"DIVORCIADO(A)";"BRANCA";"POLICIAL MILITAR";"APTO";"N";"LETIVAN RODRIGUES DE CARVALHO";289454,86;2789;"SUPLENTE";NA;NA;NA;NA
250000058366;"ANTONIO CARDOSO ANDRADE";"#NULO#";"PTN";"MASCULINO";"ENSINO MÉDIO COMPLETO";"CASADO(A)";"PARDA";"APOSENTADO (EXCETO SERVIDOR PÚBLICO)";"APTO";"N";"ANTONIO CARDOSO ANDRADE";39166,74;1595;"SUPLENTE";"ANTONIO CARDOSO ANDRADE";20728,49;"Outros Recursos";"Recursos próprios, Recursos de pessoas físicas, Recursos de outros candidatos"
250000011682;"GABRIELA MUNIZ FERREIRA GIRALDI";"#NULO#";"PV";"FEMININO";"SUPERIOR COMPLETO";"DIVORCIADO(A)";"BRANCA";"VETERINÁRIO";"APTO";"N";"GABRIELA MUNIZ FERREIRA GIRALDI";93467;938;"SUPLENTE";"GABRIELA MUNIZ FERREIRA GIRALDI";695;"Outros Recursos";"Recursos próprios"
250000022108;"ALEXANDRA REGINA PUJOL";"#NULO#";"PR";"FEMININO";"SUPERIOR COMPLETO";"DIVORCIADO(A)";"BRANCA";"ODONTÓLOGO";"APTO";"N";"ALEXANDRA REGINA PUJOL";51000;540;"SUPLENTE";"ALEXANDRA REGINA PUJOL";4500;"Outros Recursos, Fundo Partidario";"Recursos próprios, Recursos de pessoas físicas, Recursos de partido político"
250000050161;"RODRIGO INACIO DE LIMA OLIVEIRA";"#NULO#";"PSL";"MASCULINO";"ENSINO MÉDIO COMPLETO";"CASADO(A)";"PARDA";"EMPRESÁRIO";"APTO";"N";"RODRIGO INACIO DE LIMA OLIVEIRA";2068789,99;8693;"NÃO ELEITO";"RODRIGO INACIO DE LIMA OLIVEIRA";25000;"Outros Recursos";"Recursos próprios, Recursos de pessoas físicas"
250000019177;"MAURICIO LUDOVICO DOS SANTOS";"#NULO#";"PTB";"MASCULINO";"SUPERIOR COMPLETO";"CASADO(A)";"PRETA";"POLICIAL CIVIL";"APTO";"N";"MAURICIO LUDOVICO DOS SANTOS";170344,13;511;"SUPLENTE";NA;NA;NA;NA
250000038405;"JOSÉ AFONSO NARCISO";"#NULO#";"PSDC";"MASCULINO";"SUPERIOR COMPLETO";"CASADO(A)";"PRETA";"COMERCIANTE";"APTO";"N";"JOSÉ AFONSO NARCISO";NA;92;"NÃO ELEITO";NA;NA;NA;NA
250000044420;"CELINA CORREIA SOBRINHO DE SOUZA";"#NULO#";"PPL";"FEMININO";"SUPERIOR COMPLETO";"CASADO(A)";"PARDA";"PROFESSOR DE ENSINO MÉDIO";"APTO";"N";"CELINA CORREIA SOBRINHO DE SOUZA";22500;393;"NÃO ELEITO";"CELINA CORREIA SOBRINHO DE SOUZA";230;"Outros Recursos";"Recursos próprios"
250000058387;"CLEBER ARAUJO BARBOSA";"#NULO#";"PTN";"MASCULINO";"LÊ E ESCREVE";"SOLTEIRO(A)";"BRANCA";"OUTROS";"APTO";"N";"CLEBER ARAUJO BARBOSA";NA;2498;"SUPLENTE";NA;NA;NA;NA
250000005004;"DIVA APARECIDA LEITE ALVES DE ALMEIDA";"#NULO#";"PSDB";"FEMININO";"SUPERIOR COMPLETO";"VIÚVO(A)";"BRANCA";"ADVOGADO";"APTO";"N";"DIVA APARECIDA LEITE ALVES DE ALMEIDA";587847;267;"SUPLENTE";"DIVA APARECIDA LEITE ALVES DE ALMEIDA";2084,4;"Outros Recursos";"Recursos próprios, Recursos de outros candidatos, Recursos de pessoas físicas"
250000050193;"CAROLINE FERNANDES VALIM";"#NULO#";"PSL";"FEMININO";"ENSINO MÉDIO COMPLETO";"SOLTEIRO(A)";"BRANCA";"ADMINISTRADOR";"APTO";"N";"CAROLINE FERNANDES VALIM";NA;6;"NÃO ELEITO";NA;NA;NA;NA
250000024510;"ELLEN RUIZ";"#NULO#";"PSTU";"FEMININO";"SUPERIOR COMPLETO";"SOLTEIRO(A)";"BRANCA";"BANCÁRIO E ECONOMIÁRIO";"APTO";"N";"ELLEN RUIZ";16000;61;"NÃO ELEITO";NA;NA;NA;NA
250000038364;"PAULO PEREIRA PIMENTEL";"#NULO#";"PSDC";"MASCULINO";"ENSINO FUNDAMENTAL COMPLETO";"SOLTEIRO(A)";"BRANCA";"MÚSICO";"APTO";"N";"PAULO PEREIRA PIMENTEL";70000;33;"NÃO ELEITO";NA;NA;NA;NA
250000020790;"MANOEL SIMIÃO SABINO NETO";"#NULO#";"PMDB";"MASCULINO";"ENSINO MÉDIO COMPLETO";"SOLTEIRO(A)";"BRANCA";"COMERCIANTE";"APTO";"N";"MANOEL SIMIÃO SABINO NETO";152000;1225;"SUPLENTE";NA;NA;NA;NA
250000011660;"DIOGENES BARBOSA PAIVA JUNIOR";"#NULO#";"PV";"MASCULINO";"SUPERIOR COMPLETO";"SOLTEIRO(A)";"BRANCA";"OUTROS";"APTO";"N";"DIOGENES BARBOSA PAIVA JUNIOR";8860,42;1111;"SUPLENTE";NA;NA;NA;NA
250000011676;"ROGERIO EDUARDO NAGAI";"#NULO#";"PV";"MASCULINO";"SUPERIOR COMPLETO";"SOLTEIRO(A)";"BRANCA";"ANALISTA DE SISTEMAS";"APTO";"N";"ROGERIO EDUARDO NAGAI";NA;592;"SUPLENTE";"ROGERIO EDUARDO NAGAI";1500;"Outros Recursos";"Recursos próprios, Recursos de pessoas físicas"
250000022144;"ARMANDO FERREIRA INGLÊS JUNIOR";"#NULO#";"PDT";"MASCULINO";"SUPERIOR COMPLETO";"DIVORCIADO(A)";"BRANCA";"EMPRESÁRIO";"APTO";"N";"ARMANDO FERREIRA INGLÊS JUNIOR";438589,56;976;"SUPLENTE";"ARMANDO FERREIRA INGLÊS JUNIOR";2050;"Outros Recursos";"Recursos próprios, Recursos de pessoas físicas"
250000010994;"PAULO MOURA DA SILVA";"#NULO#";"PSB";"MASCULINO";"SUPERIOR COMPLETO";"DIVORCIADO(A)";"BRANCA";"OUTROS";"APTO";"N";"PAULO MOURA DA SILVA";NA;1949;"SUPLENTE";"PAULO MOURA DA SILVA";11284,4;"Outros Recursos";"Recursos de outros candidatos, Recursos de pessoas físicas"
250000050174;"LUIZ FERNANDO BRASILIENSE";"#NULO#";"PSL";"MASCULINO";"SUPERIOR INCOMPLETO";"SOLTEIRO(A)";"BRANCA";"APOSENTADO (EXCETO SERVIDOR PÚBLICO)";"APTO";"N";"LUIZ FERNANDO BRASILIENSE";45000;3617;"NÃO ELEITO";NA;NA;NA;NA
250000011003;"ANTONIO SALIM CURIATI JUNIOR";"#NULO#";"PP";"MASCULINO";"SUPERIOR COMPLETO";"CASADO(A)";"BRANCA";"ADVOGADO";"APTO";"N";"ANTONIO SALIM CURIATI JUNIOR";718907,16;10860;"SUPLENTE";"ANTONIO SALIM CURIATI JUNIOR";134963,39;"Outros Recursos";"Recursos próprios, Recursos de pessoas físicas, Recursos de outros candidatos"
250000050201;"GERSON DA CUNHA";"#NULO#";"PSL";"MASCULINO";"ENSINO MÉDIO COMPLETO";"CASADO(A)";"BRANCA";"CONTADOR";"APTO";"N";"GERSON DA CUNHA";27950;1096;"NÃO ELEITO";"GERSON DA CUNHA";5588,41;"Outros Recursos, Fundo Partidario";"Recursos próprios, Recursos de outros candidatos, Recursos de partido político"
250000008314;"SUELI APARECIDA DA PAZ DE REZENDE";"#NULO#";"PRB";"FEMININO";"ENSINO FUNDAMENTAL INCOMPLETO";"CASADO(A)";"PARDA";"OUTROS";"APTO";"N";"SUELI APARECIDA DA PAZ DE REZENDE";NA;613;"SUPLENTE";NA;NA;NA;NA
250000005794;"MARIA ISABEL RODRIGUES TEIXEIRA";"#NULO#";"NOVO";"FEMININO";"SUPERIOR COMPLETO";"CASADO(A)";"BRANCA";"ENGENHEIRO";"APTO";"N";"MARIA ISABEL RODRIGUES TEIXEIRA";302289,26;2106;"SUPLENTE";"MARIA ISABEL RODRIGUES TEIXEIRA";100168,18;"Outros Recursos";"Recursos de pessoas físicas, Recursos próprios, Doações pela Internet"
250000010860;"JOÃO MARIA LOPES AZEVEDO";"#NULO#";"PHS";"MASCULINO";"ENSINO FUNDAMENTAL INCOMPLETO";"CASADO(A)";"BRANCA";"COMERCIANTE";"APTO";"N";"JOÃO MARIA LOPES AZEVEDO";NA;749;"SUPLENTE";"JOÃO MARIA LOPES AZEVEDO";2998,9;"Outros Recursos";"Recursos de pessoas físicas, Recursos de outros candidatos"
250000013955;"VERA LUCIA DA SILVA RANU";"#NULO#";"PRTB";"FEMININO";"ENSINO FUNDAMENTAL COMPLETO";"DIVORCIADO(A)";"PARDA";"OUTROS";"APTO";"N";"VERA LUCIA DA SILVA RANU";1980;426;"NÃO ELEITO";NA;NA;NA;NA
250000011643;"SAMANTHA FREIRE DIAS";"#NULO#";"PV";"FEMININO";"SUPERIOR INCOMPLETO";"SOLTEIRO(A)";"BRANCA";"ESTETICISTA";"APTO";"N";"SAMANTHA FREIRE DIAS";NA;104;"SUPLENTE";NA;NA;NA;NA
250000038383;"CELI PAULINO CARLOTA";"#NULO#";"PSDC";"FEMININO";"SUPERIOR COMPLETO";"CASADO(A)";"PRETA";"POLICIAL CIVIL";"APTO";"N";"CELI PAULINO CARLOTA";536620,67;1129;"NÃO ELEITO";"CELI PAULINO CARLOTA";5258,66;"Outros Recursos, Fundo Partidario";"Recursos próprios, Recursos de partido político, Recursos de outros candidatos, Recursos de pessoas físicas"
250000038384;"CLAUDETE GOMES BEZERRA";"#NULO#";"PSDC";"FEMININO";"SUPERIOR COMPLETO";"CASADO(A)";"BRANCA";"SERVIDOR PÚBLICO CIVIL APOSENTADO";"APTO";"N";"CLAUDETE GOMES BEZERRA";267925,22;81;"NÃO ELEITO";NA;NA;NA;NA
250000013961;"TIAGO RUSSO PANARIELLO";"#NULO#";"PRTB";"MASCULINO";"SUPERIOR INCOMPLETO";"CASADO(A)";"BRANCA";"PROFESSOR E INSTRUTOR DE FORMAÇÃO PROFISSIONAL";"APTO";"N";"TIAGO RUSSO PANARIELLO";NA;135;"NÃO ELEITO";NA;NA;NA;NA
250000027342;"SUÉLEM ALINE MENDES NAMI CURY";"#NULO#";"PT do B";"FEMININO";"ENSINO FUNDAMENTAL COMPLETO";"CASADO(A)";"BRANCA";"CANTOR E COMPOSITOR";"APTO";"N";"SUÉLEM ALINE MENDES NAMI CURY";50000;294;"NÃO ELEITO";NA;NA;NA;NA
250000019154;"PAULO HENRIQUE EVARISTO";"#NULO#";"PTB";"MASCULINO";"ENSINO MÉDIO INCOMPLETO";"SOLTEIRO(A)";"PRETA";"OUTROS";"APTO";"N";"PAULO HENRIQUE EVARISTO";NA;1285;"SUPLENTE";"PAULO HENRIQUE EVARISTO";1700;"Outros Recursos";"Recursos de pessoas físicas"
250000008311;"VERA LUCIA GRACIANO BARBOSA";"#NULO#";"PRB";"FEMININO";"SUPERIOR COMPLETO";"CASADO(A)";"PRETA";"ADVOGADO";"APTO";"N";"VERA LUCIA GRACIANO BARBOSA";NA;456;"SUPLENTE";NA;NA;NA;NA
250000014857;"LUIZ OTÁVIO PEREIRA COPPIETERS";"#NULO#";"PSOL";"MASCULINO";"SUPERIOR COMPLETO";"SOLTEIRO(A)";"BRANCA";"PROFESSOR DE ENSINO MÉDIO";"APTO";"N";"LUIZ OTÁVIO PEREIRA COPPIETERS";NA;9744;"SUPLENTE";"LUIZ OTÁVIO PEREIRA COPPIETERS";14573,35;"Outros Recursos, Fundo Partidario";"Recursos próprios, Recursos de pessoas físicas, Recursos de partido político"
250000091164;"GILSON DA CRUZ RODRIGUES";"#NULO#";"PPL";"MASCULINO";"ENSINO MÉDIO COMPLETO";"DIVORCIADO(A)";"PRETA";"OUTROS";"APTO";"N";"GILSON DA CRUZ RODRIGUES";NA;3873;"NÃO ELEITO";"GILSON DA CRUZ RODRIGUES";18050;"Outros Recursos";"Recursos próprios, Recursos de pessoas físicas"
250000020838;"JOÃO CARVALHO DE AMORIM";"#NULO#";"PSD";"MASCULINO";"ENSINO FUNDAMENTAL COMPLETO";"CASADO(A)";"BRANCA";"OUTROS";"APTO";"N";"JOÃO CARVALHO DE AMORIM";NA;517;"SUPLENTE";"JOÃO CARVALHO DE AMORIM";5507,09;"Fundo Partidario";"Recursos de outros candidatos"
250000011662;"JOEL CARLOS CALANDRA DOS SANTOS";"#NULO#";"PV";"MASCULINO";"SUPERIOR COMPLETO";"SOLTEIRO(A)";"BRANCA";"ADMINISTRADOR";"APTO";"N";"JOEL CARLOS CALANDRA DOS SANTOS";1088986,29;684;"SUPLENTE";NA;NA;NA;NA
250000011700;"MARCO ANTONIO CAETANO";"#NULO#";"PV";"MASCULINO";"SUPERIOR COMPLETO";"SOLTEIRO(A)";"PARDA";"SERVIDOR PÚBLICO MUNICIPAL";"APTO";"N";"MARCO ANTONIO CAETANO";NA;34;"SUPLENTE";NA;NA;NA;NA
250000019141;"CLAUDIO MARTINS NEVES DE FRANÇA";"#NULO#";"PTB";"MASCULINO";"SUPERIOR COMPLETO";"CASADO(A)";"BRANCA";"ADVOGADO";"APTO";"N";"CLAUDIO MARTINS NEVES DE FRANÇA";NA;2026;"SUPLENTE";NA;NA;NA;NA
250000008374;"MARLON FABIANO DA SILVA";"#NULO#";"PRB";"MASCULINO";"ENSINO MÉDIO COMPLETO";"CASADO(A)";"BRANCA";"EMPRESÁRIO";"APTO";"N";"MARLON FABIANO DA SILVA";76000;14190;"SUPLENTE";"MARLON FABIANO DA SILVA";65566,65;"Outros Recursos";"Recursos próprios, Recursos de pessoas físicas, Recursos de partido político"
250000008362;"CLARICE SILVA BARBOSA";"#NULO#";"PRB";"FEMININO";"ENSINO MÉDIO COMPLETO";"CASADO(A)";"BRANCA";"ARTISTA PLÁSTICO E ASSEMELHADOS";"APTO";"N";"CLARICE SILVA BARBOSA";225000;498;"SUPLENTE";NA;NA;NA;NA
250000010914;"OZEIAS BATISTA DOS SANTOS";"#NULO#";"PMB";"MASCULINO";"SUPERIOR COMPLETO";"SOLTEIRO(A)";"PARDA";"OUTROS";"APTO";"N";"OZEIAS BATISTA DOS SANTOS";NA;3859;"SUPLENTE";NA;NA;NA;NA
250000091139;"EDMILSON NAZARENO MONTEIRO DA COSTA";"#NULO#";"PPL";"MASCULINO";"SUPERIOR INCOMPLETO";"DIVORCIADO(A)";"BRANCA";"OUTROS";"APTO";"N";"EDMILSON NAZARENO MONTEIRO DA COSTA";150000;293;"NÃO ELEITO";"EDMILSON NAZARENO MONTEIRO DA COSTA";100;"Outros Recursos";"Recursos de pessoas físicas"
250000020834;"GISLAINE LAMBERT DE BRITO DOS SANTOS";"#NULO#";"PSD";"FEMININO";"SUPERIOR COMPLETO";"CASADO(A)";"BRANCA";"PROFESSOR DE ENSINO FUNDAMENTAL";"APTO";"N";"GISLAINE LAMBERT DE BRITO DOS SANTOS";32939,66;577;"SUPLENTE";"GISLAINE LAMBERT DE BRITO DOS SANTOS";10000;"Fundo Partidario";"Recursos de partido político"
250000038410;"JOÃO FERREIRA DE MORAES NETO";"#NULO#";"PSDC";"MASCULINO";"SUPERIOR COMPLETO";"SEPARADO(A) JUDICIALMENTE";"BRANCA";"JORNALISTA E REDATOR";"APTO";"N";"JOÃO FERREIRA DE MORAES NETO";552279,42;469;"NÃO ELEITO";"JOÃO FERREIRA DE MORAES NETO";4436,98;"Outros Recursos, Fundo Partidario";"Recursos próprios, Recursos de partido político, Recursos de outros candidatos, Recursos de pessoas físicas"
250000050195;"GERALDO DOS REIS BORGES";"#NULO#";"PSL";"MASCULINO";"LÊ E ESCREVE";"DIVORCIADO(A)";"BRANCA";"MONTADOR DE ESTRUTURA METÁLICA";"APTO";"N";"GERALDO DOS REIS BORGES";NA;1450;"NÃO ELEITO";"GERALDO DOS REIS BORGES";1214,21;"Outros Recursos, Fundo Partidario";"Recursos próprios, Recursos de outros candidatos, Recursos de partido político"
250000004998;"JOSÉ ROLIM DA SILVA";"#NULO#";"PSDB";"MASCULINO";"ENSINO FUNDAMENTAL INCOMPLETO";"CASADO(A)";"BRANCA";"COMERCIANTE";"APTO";"N";"JOSÉ ROLIM DA SILVA";291400;8652;"SUPLENTE";NA;NA;NA;NA
250000093984;"LEANDRA MOREIRA CARDOSO";"#NULO#";"PSL";"FEMININO";"LÊ E ESCREVE";"SOLTEIRO(A)";"PARDA";"EMPRESÁRIO";"APTO";"N";"LEANDRA MOREIRA CARDOSO";NA;143;"NÃO ELEITO";NA;NA;NA;NA
250000027338;"JORGE NOGUEIRA DA SILVA";"#NULO#";"PT do B";"MASCULINO";"ENSINO MÉDIO INCOMPLETO";"VIÚVO(A)";"BRANCA";"CANTOR E COMPOSITOR";"APTO";"N";"JORGE NOGUEIRA DA SILVA";8000;646;"NÃO ELEITO";"JORGE NOGUEIRA DA SILVA";120;"Outros Recursos";"Recursos próprios"
250000014899;"DOUGLAS ELIAS BELCHIOR";"#NULO#";"PSOL";"MASCULINO";"SUPERIOR COMPLETO";"SOLTEIRO(A)";"PRETA";"PROFESSOR DE ENSINO MÉDIO";"APTO";"N";"DOUGLAS ELIAS BELCHIOR";NA;10557;"SUPLENTE";"DOUGLAS ELIAS BELCHIOR";19659,35;"Outros Recursos, Fundo Partidario";"Doações pela Internet, Recursos de pessoas físicas, Recursos de partido político"
250000006155;"LUIS ARAUJO FRANÇA";"#NULO#";"PC do B";"MASCULINO";"ENSINO MÉDIO COMPLETO";"CASADO(A)";"BRANCA";"SERVIDOR PÚBLICO FEDERAL";"APTO";"N";"LUIS ARAUJO FRANÇA";25000;4195;"NÃO ELEITO";"LUIS ARAUJO FRANÇA";44723,25;"Outros Recursos, Fundo Partidario";"Recursos de pessoas físicas, Recursos de partido político"
250000011698;"MARLENE BERNARDINO";"#NULO#";"PV";"FEMININO";"SUPERIOR INCOMPLETO";"SOLTEIRO(A)";"PRETA";"OUTROS";"APTO";"N";"MARLENE BERNARDINO";NA;60;"SUPLENTE";NA;NA;NA;NA
250000091663;"DELVAIR RODRIGUES DO PRADO";"#NULO#";"SD";"MASCULINO";"SUPERIOR COMPLETO";"SOLTEIRO(A)";"BRANCA";"EMPRESÁRIO";"APTO";"N";"DELVAIR RODRIGUES DO PRADO";3478559,59;1411;"NÃO ELEITO";"DELVAIR RODRIGUES DO PRADO";82699,52;"Outros Recursos, Fundo Partidario";"Recursos próprios, Recursos de pessoas físicas, Recursos de partido político"
250000008301;"MARILDA FELIPE";"#NULO#";"PRB";"FEMININO";"ENSINO MÉDIO INCOMPLETO";"SOLTEIRO(A)";"BRANCA";"COMERCIANTE";"APTO";"N";"MARILDA FELIPE";3951;6550;"SUPLENTE";NA;NA;NA;NA
250000014853;"FERNANDO JOSÉ DE SOUZA";"#NULO#";"PSOL";"MASCULINO";"ENSINO MÉDIO COMPLETO";"CASADO(A)";"PARDA";"COMERCIANTE";"APTO";"N";"FERNANDO JOSÉ DE SOUZA";10000;2892;"SUPLENTE";"FERNANDO JOSÉ DE SOUZA";5158,35;"Outros Recursos, Fundo Partidario";"Recursos próprios, Recursos de pessoas físicas, Recursos de partido político"
250000044415;"HENRIQUE NOSTORIO SILVA";"#NULO#";"PPL";"MASCULINO";"SUPERIOR COMPLETO";"CASADO(A)";"BRANCA";"ADVOGADO";"APTO";"N";"HENRIQUE NOSTORIO SILVA";55266,8;963;"NÃO ELEITO";NA;NA;NA;NA
250000050200;"FABIANO ALAOR";"#NULO#";"PSL";"MASCULINO";"ENSINO MÉDIO COMPLETO";"SOLTEIRO(A)";"PRETA";"BOMBEIRO CIVIL";"APTO";"N";"FABIANO ALAOR";NA;96;"NÃO ELEITO";"FABIANO ALAOR";241,51;"Fundo Partidario";"Recursos de partido político"
250000019129;"DARLAN DE LIMA E SILVA";"#NULO#";"PTB";"MASCULINO";"ENSINO MÉDIO COMPLETO";"CASADO(A)";"BRANCA";"EMPRESÁRIO";"APTO";"N";"DARLAN DE LIMA E SILVA";10000;2017;"SUPLENTE";"DARLAN DE LIMA E SILVA";920;"Fundo Partidario, Outros Recursos";"Recursos de partido político, Recursos de pessoas físicas"
250000011673;"ALEXANDRE PIMENTA ARAUJO";"#NULO#";"PV";"MASCULINO";"SUPERIOR COMPLETO";"SOLTEIRO(A)";"BRANCA";"CORRETOR DE IMÓVEIS, SEGUROS, TÍTULOS E VALORES";"APTO";"N";"ALEXANDRE PIMENTA ARAUJO";37662;1775;"SUPLENTE";"ALEXANDRE PIMENTA ARAUJO";1000;"Outros Recursos";"Recursos próprios"
250000014851;"EDUARDO FRANCISCO";"#NULO#";"PSOL";"MASCULINO";"SUPERIOR COMPLETO";"SOLTEIRO(A)";"BRANCA";"SERVIDOR PÚBLICO MUNICIPAL";"APTO";"N";"EDUARDO FRANCISCO";215000;1661;"SUPLENTE";"EDUARDO FRANCISCO";2041,6;"Outros Recursos";"Recursos de pessoas físicas"
250000005781;"CAUE DE CARVALHO BOCCHI";"#NULO#";"NOVO";"MASCULINO";"SUPERIOR COMPLETO";"SOLTEIRO(A)";"BRANCA";"ADVOGADO";"APTO";"N";"CAUE DE CARVALHO BOCCHI";79000;1991;"SUPLENTE";"CAUE DE CARVALHO BOCCHI";11850;"Outros Recursos";"Recursos próprios, Recursos de pessoas físicas"
250000038346;"ROSA MARIA DE OLIVEIRA ISIDORO";"#NULO#";"PSDC";"FEMININO";"ENSINO FUNDAMENTAL COMPLETO";"CASADO(A)";"BRANCA";"VENDEDOR DE COMÉRCIO VAREJISTA E ATACADISTA";"APTO";"N";"ROSA MARIA DE OLIVEIRA ISIDORO";NA;41;"NÃO ELEITO";NA;NA;NA;NA
250000038381;"AMILCAR ELOY DE CASTRO JUNIOR";"#NULO#";"PSDC";"MASCULINO";"SUPERIOR COMPLETO";"DIVORCIADO(A)";"BRANCA";"POLICIAL CIVIL";"APTO";"N";"AMILCAR ELOY DE CASTRO JUNIOR";250000;190;"NÃO ELEITO";"AMILCAR ELOY DE CASTRO JUNIOR";3091,12;"Fundo Partidario, Outros Recursos";"Recursos de partido político, Recursos de outros candidatos, Recursos de pessoas físicas"
250000011672;"SERGIO NAVARRA";"#NULO#";"PV";"MASCULINO";"ENSINO MÉDIO INCOMPLETO";"CASADO(A)";"PARDA";"EMPRESÁRIO";"APTO";"N";"SERGIO NAVARRA";45000;368;"SUPLENTE";NA;NA;NA;NA
250000038343;"PATRICIA KIYOMI TANI";"#NULO#";"PSDC";"FEMININO";"SUPERIOR COMPLETO";"SOLTEIRO(A)";"AMARELA";"OUTROS";"APTO";"N";"PATRICIA KIYOMI TANI";30000;111;"NÃO ELEITO";NA;NA;NA;NA
250000038373;"SERGIO ANTONIO SÁ DE ALBUQUERQUE";"#NULO#";"PSDC";"MASCULINO";"SUPERIOR COMPLETO";"CASADO(A)";"PRETA";"MÚSICO";"APTO";"N";"SERGIO ANTONIO SÁ DE ALBUQUERQUE";NA;354;"NÃO ELEITO";"SERGIO ANTONIO SÁ DE ALBUQUERQUE";6691,12;"Outros Recursos, Fundo Partidario";"Recursos de pessoas físicas, Recursos de outros candidatos, Recursos de partido político"
250000008315;"MARCELO PEREIRA SURCIN";"#NULO#";"PRB";"MASCULINO";"SUPERIOR COMPLETO";"DIVORCIADO(A)";"PRETA";"JORNALISTA E REDATOR";"APTO";"N";"MARCELO PEREIRA SURCIN";2718650;12602;"SUPLENTE";NA;NA;NA;NA
250000013948;"KENNEDY RENE RODRIGUES DA SILVA";"#NULO#";"PRTB";"MASCULINO";"SUPERIOR COMPLETO";"SOLTEIRO(A)";"BRANCA";"JORNALISTA E REDATOR";"APTO";"N";"KENNEDY RENE RODRIGUES DA SILVA";1e+05;567;"NÃO ELEITO";NA;NA;NA;NA
250000013969;"RUI FERNANDES CORREA JUNIOR";"#NULO#";"PRTB";"MASCULINO";"SUPERIOR COMPLETO";"CASADO(A)";"BRANCA";"ADVOGADO";"APTO";"N";"RUI FERNANDES CORREA JUNIOR";232925,01;334;"NÃO ELEITO";NA;NA;NA;NA
250000020792;"MARCO ANTONIO NOTARI";"#NULO#";"PMDB";"MASCULINO";"SUPERIOR COMPLETO";"SOLTEIRO(A)";"BRANCA";"ADVOGADO";"APTO";"N";"MARCO ANTONIO NOTARI";NA;408;"SUPLENTE";"MARCO ANTONIO NOTARI";2600;"Outros Recursos";"Recursos de pessoas físicas"
250000008328;"IZILDINHA SOUZA DOS SANTOS";"#NULO#";"PRB";"FEMININO";"ENSINO MÉDIO COMPLETO";"SOLTEIRO(A)";"BRANCA";"GERENTE";"APTO";"N";"IZILDINHA SOUZA DOS SANTOS";NA;316;"SUPLENTE";NA;NA;NA;NA
250000024542;"SÉRGIO KOEI IKEHARA";"#NULO#";"PSTU";"MASCULINO";"SUPERIOR COMPLETO";"SEPARADO(A) JUDICIALMENTE";"AMARELA";"BANCÁRIO E ECONOMIÁRIO";"APTO";"N";"SÉRGIO KOEI IKEHARA";NA;101;"NÃO ELEITO";NA;NA;NA;NA
250000014902;"GILBERTO JACINTO FEITOSA";"#NULO#";"PSOL";"MASCULINO";"ENSINO MÉDIO COMPLETO";"CASADO(A)";"PARDA";"OUTROS";"APTO";"N";"GILBERTO JACINTO FEITOSA";24800;517;"SUPLENTE";"GILBERTO JACINTO FEITOSA";1150;"Outros Recursos";"Recursos próprios"
250000011020;"JOÃO CARLOS CAMISA NOVA";"#NULO#";"DEM";"MASCULINO";"SUPERIOR COMPLETO";"CASADO(A)";"BRANCA";"EMPRESÁRIO";"APTO";"S";"JOÃO CARLOS CAMISA NOVA";213025,14;18278;"SUPLENTE";"JOÃO CARLOS CAMISA NOVA";240754,97;"Outros Recursos, Fundo Partidario";"Recursos de outros candidatos, Recursos próprios, Recursos de partido político"
250000004978;"ADMIR GERVASIO MOREIRA";"#NULO#";"PSDB";"MASCULINO";"SUPERIOR COMPLETO";"DIVORCIADO(A)";"PRETA";"MILITAR REFORMADO";"APTO";"N";"ADMIR GERVASIO MOREIRA";772000;4005;"SUPLENTE";NA;NA;NA;NA
250000006142;"JAMIL MURAD";"#NULO#";"PC do B";"MASCULINO";"SUPERIOR COMPLETO";"CASADO(A)";"BRANCA";"VEREADOR";"APTO";"S";"JAMIL MURAD";587608,37;6615;"NÃO ELEITO";"JAMIL MURAD";283734,32;"Outros Recursos, Fundo Partidario";"Recursos próprios, Recursos de pessoas físicas, Recursos de partido político"
250000027326;"RAIMUNDO NONATO DOS SANTOS SOUZA";"#NULO#";"PTC";"MASCULINO";"ENSINO FUNDAMENTAL COMPLETO";"SOLTEIRO(A)";"BRANCA";"MOTORISTA PARTICULAR";"APTO";"N";"RAIMUNDO NONATO DOS SANTOS SOUZA";NA;621;"NÃO ELEITO";NA;NA;NA;NA
250000022099;"PAULO ROBERTO FIORILO";"#NULO#";"PT";"MASCULINO";"SUPERIOR COMPLETO";"CASADO(A)";"BRANCA";"VEREADOR";"APTO";"S";"PAULO ROBERTO FIORILO";598732,31;24767;"SUPLENTE";"PAULO ROBERTO FIORILO";393008,57;"Outros Recursos, Fundo Partidario";"Recursos de pessoas físicas, Recursos de partido político, Recursos próprios"
250000011694;"VERA LUCIA SOARES SIMOES";"#NULO#";"PV";"FEMININO";"ENSINO MÉDIO COMPLETO";"SOLTEIRO(A)";"BRANCA";"CORRETOR DE IMÓVEIS, SEGUROS, TÍTULOS E VALORES";"APTO";"N";"VERA LUCIA SOARES SIMOES";NA;299;"SUPLENTE";NA;NA;NA;NA
250000014894;"CARLA CRISTINA SOARES DE CARVALHO";"#NULO#";"PSOL";"FEMININO";"SUPERIOR COMPLETO";"SOLTEIRO(A)";"BRANCA";"PROFESSOR DE ENSINO FUNDAMENTAL";"APTO";"N";"CARLA CRISTINA SOARES DE CARVALHO";39826,76;2042;"SUPLENTE";"CARLA CRISTINA SOARES DE CARVALHO";3523,35;"Fundo Partidario, Outros Recursos";"Recursos de partido político, Recursos de pessoas físicas"
250000004993;"VIVIANE MODESTO DE SOUZA";"#NULO#";"PSDB";"FEMININO";"ENSINO FUNDAMENTAL COMPLETO";"CASADO(A)";"PRETA";"COZINHEIRO";"APTO";"N";"VIVIANE MODESTO DE SOUZA";NA;789;"SUPLENTE";"VIVIANE MODESTO DE SOUZA";4700;"Outros Recursos";"Recursos próprios, Recursos de pessoas físicas"
250000020852;"RODRIGO HAYASHI GOULART";"#NULO#";"PSD";"MASCULINO";"SUPERIOR COMPLETO";"SOLTEIRO(A)";"BRANCA";"VETERINÁRIO";"APTO";"N";"RODRIGO HAYASHI GOULART";2236931,54;49364;"ELEITO POR QP";"RODRIGO HAYASHI GOULART";1070368,14;"Outros Recursos, Fundo Partidario";"Recursos próprios, Recursos de pessoas físicas, Recursos de partido político"
250000050198;"ANDERSON COSTA FERRARO";"#NULO#";"PSL";"MASCULINO";"ENSINO MÉDIO COMPLETO";"SOLTEIRO(A)";"BRANCA";"EMPRESÁRIO";"APTO";"N";"ANDERSON COSTA FERRARO";NA;114;"NÃO ELEITO";NA;NA;NA;NA
250000008318;"EDUARDO DOS REIS";"#NULO#";"PRB";"MASCULINO";"ENSINO MÉDIO INCOMPLETO";"CASADO(A)";"BRANCA";"OUTROS";"APTO";"N";"EDUARDO DOS REIS";2205000;1123;"SUPLENTE";NA;NA;NA;NA
250000008368;"AGOSTINHO DE ASSUNÇÃO NETO";"#NULO#";"PSC";"MASCULINO";"SUPERIOR COMPLETO";"CASADO(A)";"BRANCA";"ADVOGADO";"APTO";"N";"AGOSTINHO DE ASSUNÇÃO NETO";985000;3077;"SUPLENTE";"AGOSTINHO DE ASSUNÇÃO NETO";7563,33;"Outros Recursos, Fundo Partidario";"Recursos de pessoas físicas, Recursos de partido político, Recursos próprios"
250000040608;"HERVANDO LUIZ VELOZO";"#NULO#";"SD";"MASCULINO";"SUPERIOR COMPLETO";"CASADO(A)";"PRETA";"APOSENTADO (EXCETO SERVIDOR PÚBLICO)";"APTO";"N";"HERVANDO LUIZ VELOZO";NA;4578;"NÃO ELEITO";"HERVANDO LUIZ VELOZO";17121,69;"Outros Recursos, Fundo Partidario";"Recursos próprios, Recursos de pessoas físicas, Recursos de partido político"
250000027331;"WELLINGTON DE JESUS PINTO";"#NULO#";"PTC";"MASCULINO";"SUPERIOR COMPLETO";"SOLTEIRO(A)";"PRETA";"CORRETOR DE IMÓVEIS, SEGUROS, TÍTULOS E VALORES";"APTO";"N";"WELLINGTON DE JESUS PINTO";NA;189;"NÃO ELEITO";NA;NA;NA;NA
250000005821;"FLÁVIO RODRIGO GOMES PEDRO";"#NULO#";"NOVO";"MASCULINO";"SUPERIOR COMPLETO";"CASADO(A)";"BRANCA";"EMPRESÁRIO";"APTO";"N";"FLÁVIO RODRIGO GOMES PEDRO";634207,73;510;"SUPLENTE";"FLÁVIO RODRIGO GOMES PEDRO";13450;"Outros Recursos";"Recursos próprios, Recursos de pessoas físicas"
250000019132;"FRANCELANE DA SILVA MARÇAL";"#NULO#";"PTB";"FEMININO";"SUPERIOR COMPLETO";"SOLTEIRO(A)";"BRANCA";"OUTROS";"APTO";"N";"FRANCELANE DA SILVA MARÇAL";177871,01;460;"SUPLENTE";NA;NA;NA;NA
250000011671;"MAURICIO BARROS GONZAGA DO NASCIMENTO";"#NULO#";"PV";"MASCULINO";"ENSINO MÉDIO COMPLETO";"CASADO(A)";"BRANCA";"EMPRESÁRIO";"APTO";"N";"MAURICIO BARROS GONZAGA DO NASCIMENTO";64723;246;"SUPLENTE";NA;NA;NA;NA
250000019140;"CELIA REGINA CORRÊA";"#NULO#";"PTB";"FEMININO";"SUPERIOR COMPLETO";"VIÚVO(A)";"BRANCA";"JORNALISTA E REDATOR";"APTO";"N";"CELIA REGINA CORRÊA";125654,11;429;"SUPLENTE";NA;NA;NA;NA
250000094290;"JOSELITO MIRANDA DOS SANTOS";"#NULO#";"PTN";"MASCULINO";"SUPERIOR COMPLETO";"CASADO(A)";"BRANCA";"PROFESSOR DE ENSINO MÉDIO";"APTO";"N";"JOSELITO MIRANDA DOS SANTOS";NA;543;"SUPLENTE";NA;NA;NA;NA
250000093114;"CLAUDIA RODRIGUES DE SOUSA";"#NULO#";"PTN";"FEMININO";"ENSINO MÉDIO COMPLETO";"SOLTEIRO(A)";"BRANCA";"OUTROS";"APTO";"N";"CLAUDIA RODRIGUES DE SOUSA";NA;214;"SUPLENTE";"CLAUDIA RODRIGUES DE SOUSA";142,2;"Outros Recursos";"Recursos de outros candidatos"
250000027269;"ROSANGELA HENRIQUE DE LIMA";"#NULO#";"PRP";"FEMININO";"SUPERIOR INCOMPLETO";"SOLTEIRO(A)";"BRANCA";"PSICÓLOGO";"APTO";"N";"ROSANGELA HENRIQUE DE LIMA";NA;202;"NÃO ELEITO";NA;NA;NA;NA
250000008313;"EDSON MARQUES DA SILVA";"#NULO#";"PRB";"MASCULINO";"ENSINO FUNDAMENTAL COMPLETO";"SOLTEIRO(A)";"PRETA";"EMPRESÁRIO";"APTO";"N";"EDSON MARQUES DA SILVA";NA;835;"SUPLENTE";NA;NA;NA;NA
250000010842;"SONIA FRANCINE GASPAR MARMO";"#NULO#";"PPS";"FEMININO";"SUPERIOR COMPLETO";"DIVORCIADO(A)";"BRANCA";"JORNALISTA E REDATOR";"APTO";"N";"SONIA FRANCINE GASPAR MARMO";350000;40113;"ELEITO POR QP";"SONIA FRANCINE GASPAR MARMO";36197;"Outros Recursos, Fundo Partidario";"Recursos de pessoas físicas, Recursos de partido político, Recursos de outros candidatos"
250000005018;"BEATRIZ HELENA FALCÃO BOTELHO";"#NULO#";"PSDB";"FEMININO";"SUPERIOR COMPLETO";"SEPARADO(A) JUDICIALMENTE";"BRANCA";"PSICÓLOGO";"APTO";"N";"BEATRIZ HELENA FALCÃO BOTELHO";574264,76;2877;"SUPLENTE";"BEATRIZ HELENA FALCÃO BOTELHO";16673,77;"Outros Recursos";"Recursos de outros candidatos, Recursos de pessoas físicas"
250000008346;"ALBERTO SABINO DE OLIVEIRA";"#NULO#";"PRB";"MASCULINO";"SUPERIOR COMPLETO";"SOLTEIRO(A)";"PARDA";"APOSENTADO (EXCETO SERVIDOR PÚBLICO)";"APTO";"N";"ALBERTO SABINO DE OLIVEIRA";250423,68;1164;"SUPLENTE";NA;NA;NA;NA
250000006136;"ISRAEL NERI";"#NULO#";"PC do B";"MASCULINO";"ENSINO MÉDIO INCOMPLETO";"CASADO(A)";"PARDA";"APOSENTADO (EXCETO SERVIDOR PÚBLICO)";"APTO";"N";"ISRAEL NERI";375000;244;"NÃO ELEITO";"ISRAEL NERI";4707,8;"Outros Recursos";"Recursos de pessoas físicas, Recursos de partido político"
250000020822;"ALEXANDRE MARQUES TIRELLI";"#NULO#";"PSD";"MASCULINO";"SUPERIOR COMPLETO";"CASADO(A)";"BRANCA";"EMPRESÁRIO";"APTO";"N";"ALEXANDRE MARQUES TIRELLI";850521,88;2186;"SUPLENTE";"ALEXANDRE MARQUES TIRELLI";100;"Outros Recursos";"Recursos próprios"
250000014863;"GIVANILDO MANOEL DA SILVA";"#NULO#";"PSOL";"MASCULINO";"SUPERIOR INCOMPLETO";"SOLTEIRO(A)";"INDÍGENA";"OUTROS";"APTO";"N";"GIVANILDO MANOEL DA SILVA";NA;2486;"SUPLENTE";"GIVANILDO MANOEL DA SILVA";22238,35;"Outros Recursos, Fundo Partidario";"Recursos de pessoas físicas, Recursos de partido político"
250000010837;"QUITÉRIO NASCIMENTO BARROS";"#NULO#";"PPS";"MASCULINO";"ENSINO FUNDAMENTAL COMPLETO";"CASADO(A)";"PARDA";"APOSENTADO (EXCETO SERVIDOR PÚBLICO)";"APTO";"N";"QUITÉRIO NASCIMENTO BARROS";266711,5;363;"SUPLENTE";NA;NA;NA;NA
250000011678;"GILBERTO PUJOL BISCARO";"#NULO#";"PV";"MASCULINO";"ENSINO FUNDAMENTAL INCOMPLETO";"CASADO(A)";"PARDA";"EMPRESÁRIO";"APTO";"N";"GILBERTO PUJOL BISCARO";6000;442;"SUPLENTE";NA;NA;NA;NA
250000058346;"FLAVIA RAINHA MARTINS ANDRADE PINTO";"#NULO#";"PTN";"FEMININO";"ENSINO MÉDIO COMPLETO";"SOLTEIRO(A)";"BRANCA";"OUTROS";"APTO";"N";"FLAVIA RAINHA MARTINS ANDRADE PINTO";NA;154;"SUPLENTE";"FLAVIA RAINHA MARTINS ANDRADE PINTO";3030;"Outros Recursos";"Recursos próprios, Recursos de pessoas físicas"
250000010913;"MIRIAN ROSA ZAMPERO";"#NULO#";"PMB";"FEMININO";"SUPERIOR COMPLETO";"CASADO(A)";"BRANCA";"ADVOGADO";"APTO";"N";"MIRIAN ROSA ZAMPERO";6000;91;"SUPLENTE";NA;NA;NA;NA
250000027330;"TEREZINHA APARECIDA MARQUES TOSINI ESTEVES";"#NULO#";"PTC";"FEMININO";"SUPERIOR INCOMPLETO";"CASADO(A)";"BRANCA";"APOSENTADO (EXCETO SERVIDOR PÚBLICO)";"APTO";"N";"TEREZINHA APARECIDA MARQUES TOSINI ESTEVES";390000;276;"NÃO ELEITO";NA;NA;NA;NA
250000010897;"ADRIANA SANCHES GALDEANO BORGO";"#NULO#";"PHS";"FEMININO";"SUPERIOR INCOMPLETO";"CASADO(A)";"BRANCA";"PROFESSOR DE ENSINO FUNDAMENTAL";"APTO";"N";"ADRIANA SANCHES GALDEANO BORGO";NA;3802;"SUPLENTE";"ADRIANA SANCHES GALDEANO BORGO";3190;"Outros Recursos";"Recursos de pessoas físicas"
250000022150;"RAIMUNDO SOUZA SOARES";"#NULO#";"PDT";"MASCULINO";"ENSINO FUNDAMENTAL INCOMPLETO";"CASADO(A)";"PARDA";"EMPRESÁRIO";"APTO";"N";"RAIMUNDO SOUZA SOARES";NA;492;"SUPLENTE";NA;NA;NA;NA
250000027261;"ANDRÉA JOFRE OLIVEIRA";"#NULO#";"PRP";"FEMININO";"ENSINO MÉDIO INCOMPLETO";"CASADO(A)";"BRANCA";"DONA DE CASA";"APTO";"N";"ANDRÉA JOFRE OLIVEIRA";118695;538;"NÃO ELEITO";NA;NA;NA;NA
250000027322;"MARCELO LUCIANO DA SILVA";"#NULO#";"PTC";"MASCULINO";"ENSINO FUNDAMENTAL COMPLETO";"SOLTEIRO(A)";"PARDA";"MOTORISTA PARTICULAR";"APTO";"N";"MARCELO LUCIANO DA SILVA";7000;369;"NÃO ELEITO";NA;NA;NA;NA
250000022091;"MANOEL DEL RIO BLAS FILHO";"#NULO#";"PT";"MASCULINO";"SUPERIOR COMPLETO";"DIVORCIADO(A)";"BRANCA";"ADVOGADO";"APTO";"N";"MANOEL DEL RIO BLAS FILHO";637857;22770;"SUPLENTE";"MANOEL DEL RIO BLAS FILHO";246465,26;"Outros Recursos, Fundo Partidario";"Recursos de pessoas físicas, Recursos de partido político, Recursos de origens não identificadas, Recursos próprios"
250000038345;"ROBERTA CRISTINA RONCADA GASPAR";"#NULO#";"PSDC";"FEMININO";"SUPERIOR COMPLETO";"SOLTEIRO(A)";"BRANCA";"PEDAGOGO";"APTO";"N";"ROBERTA CRISTINA RONCADA GASPAR";225000;173;"NÃO ELEITO";"ROBERTA CRISTINA RONCADA GASPAR";200,57;"Outros Recursos";"Recursos de origens não identificadas, Recursos próprios"
250000010857;"RODRIGO GOMES DE SOUZA";"#NULO#";"PHS";"MASCULINO";"SUPERIOR COMPLETO";"CASADO(A)";"BRANCA";"ENGENHEIRO";"APTO";"N";"RODRIGO GOMES DE SOUZA";447827,25;14199;"SUPLENTE";"RODRIGO GOMES DE SOUZA";95722;"Outros Recursos";"Recursos próprios, Recursos de outros candidatos"
250000027321;"LUCIO PEREIRA DO NASCIMENTO";"#NULO#";"PTC";"MASCULINO";"ENSINO MÉDIO INCOMPLETO";"CASADO(A)";"BRANCA";"SERVIDOR PÚBLICO MUNICIPAL";"APTO";"N";"LUCIO PEREIRA DO NASCIMENTO";NA;252;"NÃO ELEITO";NA;NA;NA;NA
250000050163;"SERGIO FRANCISCO TERRA";"#NULO#";"PSL";"MASCULINO";"SUPERIOR COMPLETO";"CASADO(A)";"BRANCA";"ADVOGADO";"APTO";"N";"SERGIO FRANCISCO TERRA";NA;2361;"NÃO ELEITO";"SERGIO FRANCISCO TERRA";12490;"Outros Recursos";"Recursos próprios, Recursos de pessoas físicas"
250000010900;"MONICA BERBEL ROCHA";"#NULO#";"PHS";"FEMININO";"ENSINO MÉDIO COMPLETO";"CASADO(A)";"BRANCA";"OUTROS";"APTO";"N";"MONICA BERBEL ROCHA";NA;1149;"SUPLENTE";NA;NA;NA;NA
250000006138;"MARCIO EVANGELISTA DOS SANTOS";"#NULO#";"PC do B";"MASCULINO";"ENSINO MÉDIO COMPLETO";"SOLTEIRO(A)";"PARDA";"ELETRICISTA E ASSEMELHADOS";"APTO";"N";"MARCIO EVANGELISTA DOS SANTOS";1e+05;241;"NÃO ELEITO";NA;NA;NA;NA
250000015108;"SERGIO BORGES ARRUDA";"#NULO#";"REDE";"MASCULINO";"SUPERIOR COMPLETO";"DIVORCIADO(A)";"PRETA";"EMPRESÁRIO";"APTO";"N";"SERGIO BORGES ARRUDA";352282,55;6308;"NÃO ELEITO";"SERGIO BORGES ARRUDA";202450;"Outros Recursos";"Recursos próprios, Recursos de pessoas físicas"
250000014900;"EDSON SENA NETO";"#NULO#";"PSOL";"MASCULINO";"ENSINO MÉDIO COMPLETO";"SOLTEIRO(A)";"BRANCA";"MOTORISTA DE VEÍCULOS DE TRANSPORTE COLETIVO DE PASSAGEIROS";"APTO";"N";"EDSON SENA NETO";511000;1254;"SUPLENTE";NA;NA;NA;NA
250000019152;"MARIA ERIVANDA CAVALCANTE ARAÚJO";"#NULO#";"PTB";"FEMININO";"ENSINO MÉDIO COMPLETO";"SOLTEIRO(A)";"BRANCA";"EMPRESÁRIO";"APTO";"N";"MARIA ERIVANDA CAVALCANTE ARAÚJO";350000;253;"SUPLENTE";"MARIA ERIVANDA CAVALCANTE ARAÚJO";763;"Outros Recursos, Fundo Partidario";"Recursos de partido político, Recursos próprios, Recursos de outros candidatos"
250000011640;"LAURECI LUCIO DO PRADO";"#NULO#";"PV";"MASCULINO";"SUPERIOR COMPLETO";"CASADO(A)";"BRANCA";"SERVIDOR PÚBLICO MUNICIPAL";"APTO";"N";"LAURECI LUCIO DO PRADO";37224;327;"SUPLENTE";NA;NA;NA;NA
250000020779;"GEORGE VATUTIN HATO";"#NULO#";"PMDB";"MASCULINO";"SUPERIOR COMPLETO";"SOLTEIRO(A)";"BRANCA";"VEREADOR";"APTO";"S";"GEORGE VATUTIN HATO";827175,44;26104;"ELEITO POR MÉDIA";"GEORGE VATUTIN HATO";424670;"Outros Recursos, Fundo Partidario";"Recursos de pessoas físicas, Recursos de partido político, Recursos próprios"
250000006175;"ALESSANDRO BUZO DE SOUZA";"#NULO#";"PC do B";"MASCULINO";"ENSINO FUNDAMENTAL INCOMPLETO";"CASADO(A)";"BRANCA";"EMPRESÁRIO";"APTO";"N";"ALESSANDRO BUZO DE SOUZA";105000;1023;"NÃO ELEITO";"ALESSANDRO BUZO DE SOUZA";5843,67;"Outros Recursos, Fundo Partidario";"Recursos de partido político"
250000006165;"NILSON JOSÉ GARRIDO";"#NULO#";"PC do B";"MASCULINO";"ENSINO FUNDAMENTAL COMPLETO";"SOLTEIRO(A)";"PRETA";"OUTROS";"APTO";"N";"NILSON JOSÉ GARRIDO";NA;380;"NÃO ELEITO";NA;NA;NA;NA
250000020823;"BENEDITO VILLELA ALVES COSTA JUNIOR";"#NULO#";"PSD";"MASCULINO";"SUPERIOR COMPLETO";"CASADO(A)";"BRANCA";"ADVOGADO";"APTO";"N";"BENEDITO VILLELA ALVES COSTA JUNIOR";441688,77;306;"SUPLENTE";"BENEDITO VILLELA ALVES COSTA JUNIOR";3300;"Outros Recursos";"Recursos próprios"
250000013930;"ADRIANO SAVIANO";"#NULO#";"PRTB";"MASCULINO";"ENSINO MÉDIO COMPLETO";"DIVORCIADO(A)";"BRANCA";"MOTORISTA DE VEÍCULOS DE TRANSPORTE DE CARGA";"APTO";"N";"ADRIANO SAVIANO";NA;123;"NÃO ELEITO";NA;NA;NA;NA
250000062811;"VINICIUS RECIO LEITE";"#NULO#";"PATRIOTA";"MASCULINO";"ENSINO MÉDIO COMPLETO";"SOLTEIRO(A)";"BRANCA";"OUTROS";"APTO";"N";"VINICIUS RECIO LEITE";31700;310;"NÃO ELEITO";NA;NA;NA;NA
250000006190;"JEFFERSON ERECY SANTOS";"#NULO#";"PC do B";"MASCULINO";"SUPERIOR COMPLETO";"SOLTEIRO(A)";"BRANCA";"ENFERMEIRO";"APTO";"N";"JEFFERSON ERECY SANTOS";NA;3063;"NÃO ELEITO";"JEFFERSON ERECY SANTOS";25026,25;"Outros Recursos, Fundo Partidario";"Recursos de pessoas físicas, Recursos de partido político"
250000010858;"MARCOS DE SOUZA";"#NULO#";"PHS";"MASCULINO";"SUPERIOR COMPLETO";"CASADO(A)";"BRANCA";"ADVOGADO";"APTO";"N";"MARCOS DE SOUZA";361949,69;884;"SUPLENTE";"MARCOS DE SOUZA";37243,3;"Fundo Partidario, Outros Recursos";"Recursos de partido político, Recursos de pessoas físicas, Recursos de outros candidatos"
250000011658;"PAOLA ELIDE CHIARELLO";"#NULO#";"PV";"FEMININO";"ENSINO MÉDIO COMPLETO";"SOLTEIRO(A)";"BRANCA";"OUTROS";"APTO";"N";"PAOLA ELIDE CHIARELLO";120005,69;115;"SUPLENTE";NA;NA;NA;NA
250000022074;"ALFREDO ALVES CAVALCANTE";"#NULO#";"PT";"MASCULINO";"SUPERIOR INCOMPLETO";"CASADO(A)";"PARDA";"VEREADOR";"APTO";"S";"ALFREDO ALVES CAVALCANTE";764996,34;36324;"ELEITO POR QP";"ALFREDO ALVES CAVALCANTE";232825;"Outros Recursos";"Recursos próprios, Recursos de pessoas físicas"
250000014887;"WARLEY ALVES BARBOSA";"#NULO#";"PSOL";"MASCULINO";"SUPERIOR INCOMPLETO";"SOLTEIRO(A)";"BRANCA";"OUTROS";"APTO";"N";"WARLEY ALVES BARBOSA";NA;24;"SUPLENTE";NA;NA;NA;NA
250000006160;"ANTONIO CARLOS DOS SANTOS";"#NULO#";"PC do B";"MASCULINO";"SUPERIOR COMPLETO";"DIVORCIADO(A)";"PRETA";"ADMINISTRADOR";"APTO";"N";"ANTONIO CARLOS DOS SANTOS";NA;210;"NÃO ELEITO";"ANTONIO CARLOS DOS SANTOS";5446,45;"Outros Recursos";"Recursos próprios, Recursos de partido político"
250000011651;"CARLITO RICARDO";"#NULO#";"PV";"MASCULINO";"SUPERIOR COMPLETO";"CASADO(A)";"PARDA";"SERVIDOR PÚBLICO MUNICIPAL";"APTO";"N";"CARLITO RICARDO";14000;515;"SUPLENTE";NA;NA;NA;NA
250000062807;"FABIO APARECIDO FARIA";"#NULO#";"PATRIOTA";"MASCULINO";"SUPERIOR COMPLETO";"CASADO(A)";"BRANCA";"CORRETOR DE IMÓVEIS, SEGUROS, TÍTULOS E VALORES";"APTO";"N";"FABIO APARECIDO FARIA";NA;157;"NÃO ELEITO";NA;NA;NA;NA
250000006191;"JOSÉ MARCELO DA SILVA";"#NULO#";"PC do B";"MASCULINO";"ENSINO MÉDIO COMPLETO";"CASADO(A)";"PRETA";"OUTROS";"APTO";"N";"JOSÉ MARCELO DA SILVA";NA;1414;"NÃO ELEITO";"JOSÉ MARCELO DA SILVA";16970,77;"Fundo Partidario, Outros Recursos";"Recursos de partido político, Recursos de pessoas físicas"
250000013960;"RISLAINE FEITOZA ALVES";"#NULO#";"PRTB";"FEMININO";"ENSINO MÉDIO COMPLETO";"CASADO(A)";"BRANCA";"AUXILIAR DE ESCRITÓRIO E ASSEMELHADOS";"APTO";"N";"RISLAINE FEITOZA ALVES";NA;24;"NÃO ELEITO";NA;NA;NA;NA
250000020794;"NELLO RODOLPHO GIONGO FILHO";"#NULO#";"PMDB";"MASCULINO";"SUPERIOR COMPLETO";"CASADO(A)";"BRANCA";"VEREADOR";"APTO";"S";"NELLO RODOLPHO GIONGO FILHO";2148792,38;18321;"SUPLENTE";"NELLO RODOLPHO GIONGO FILHO";262213,93;"Outros Recursos, Fundo Partidario";"Recursos próprios, Recursos de pessoas físicas, Recursos de outros candidatos, Recursos de partido político"
250000011675;"VALTER LIMA";"#NULO#";"PV";"MASCULINO";"ENSINO MÉDIO COMPLETO";"DIVORCIADO(A)";"BRANCA";"EMPRESÁRIO";"APTO";"N";"VALTER LIMA";1500;470;"SUPLENTE";NA;NA;NA;NA
250000011632;"ANIBAL DE FREITAS FILHO";"#NULO#";"PV";"MASCULINO";"SUPERIOR COMPLETO";"CASADO(A)";"BRANCA";"ENGENHEIRO";"APTO";"S";"ANIBAL DE FREITAS FILHO";1056492,56;16503;"SUPLENTE";"ANIBAL DE FREITAS FILHO";148600;"Outros Recursos";"Recursos de pessoas físicas, Recursos próprios"
250000006200;"ROMILDO LIMA DE ANDRADE ROCHA";"#NULO#";"PC do B";"MASCULINO";"ENSINO MÉDIO COMPLETO";"CASADO(A)";"PARDA";"OUTROS";"APTO";"N";"ROMILDO LIMA DE ANDRADE ROCHA";NA;75;"NÃO ELEITO";"ROMILDO LIMA DE ANDRADE ROCHA";4684,84;"Outros Recursos";"Recursos de partido político"
250000014869;"BRUNO VIEIRA MAIA";"#NULO#";"PSOL";"MASCULINO";"SUPERIOR COMPLETO";"SOLTEIRO(A)";"BRANCA";"OUTROS";"APTO";"N";"BRUNO VIEIRA MAIA";NA;8640;"SUPLENTE";"BRUNO VIEIRA MAIA";5500;"Outros Recursos";"Recursos de pessoas físicas"
250000020845;"MARIA ANGELICA LEITE DE SOUZA";"#NULO#";"PSD";"FEMININO";"SUPERIOR COMPLETO";"DIVORCIADO(A)";"BRANCA";"OUTROS";"APTO";"N";"MARIA ANGELICA LEITE DE SOUZA";552563;403;"SUPLENTE";"MARIA ANGELICA LEITE DE SOUZA";11000;"Outros Recursos, Fundo Partidario";"Recursos de pessoas físicas, Recursos de partido político"
250000020788;"ROBERTO PIRES";"#NULO#";"PMDB";"MASCULINO";"SUPERIOR COMPLETO";"CASADO(A)";"BRANCA";"COMERCIÁRIO";"APTO";"N";"ROBERTO PIRES";926334,8;3989;"SUPLENTE";"ROBERTO PIRES";21704,37;"Outros Recursos";"Recursos próprios"
250000091142;"JOSE HENRIQUE PEIXINHO CARDOSO";"#NULO#";"PPL";"MASCULINO";"SUPERIOR COMPLETO";"SOLTEIRO(A)";"PARDA";"OUTROS";"APTO";"N";"JOSE HENRIQUE PEIXINHO CARDOSO";70000;490;"NÃO ELEITO";NA;NA;NA;NA
250000008305;"ALEXANDRE SAMPAIO MAURICIO";"#NULO#";"PRB";"MASCULINO";"SUPERIOR COMPLETO";"SOLTEIRO(A)";"BRANCA";"ADVOGADO";"APTO";"N";"ALEXANDRE SAMPAIO MAURICIO";95000;291;"SUPLENTE";NA;NA;NA;NA
250000004984;"FABIO RIVA DOS SANTOS";"#NULO#";"PSDB";"MASCULINO";"SUPERIOR COMPLETO";"CASADO(A)";"BRANCA";"ADVOGADO";"APTO";"N";"FABIO RIVA DOS SANTOS";1109384,94;28041;"ELEITO POR QP";"FABIO RIVA DOS SANTOS";78000;"Outros Recursos";"Recursos próprios, Recursos de pessoas físicas"
250000020795;"ROGERIO COELHO GRAFT";"#NULO#";"PMDB";"MASCULINO";"ENSINO MÉDIO COMPLETO";"CASADO(A)";"BRANCA";"VENDEDOR PRACISTA, REPRESENTANTE, CAIXEIRO-VIAJANTE E ASSEMELHADOS";"APTO";"N";"ROGERIO COELHO GRAFT";27000;7435;"SUPLENTE";"ROGERIO COELHO GRAFT";2800;"Outros Recursos";"Recursos próprios, Recursos de pessoas físicas"
250000011622;"JOSE REGINALDO NAZELO DE ALVARENGA TRIPOLI";"#NULO#";"PV";"MASCULINO";"ENSINO MÉDIO COMPLETO";"SOLTEIRO(A)";"BRANCA";"EMPRESÁRIO";"APTO";"N";"JOSE REGINALDO NAZELO DE ALVARENGA TRIPOLI";412678,21;88843;"ELEITO POR QP";"JOSE REGINALDO NAZELO DE ALVARENGA TRIPOLI";517744,57;"Outros Recursos, Fundo Partidario";"Recursos de outros candidatos, Recursos próprios, Recursos de pessoas físicas, Recursos de partido político"
250000024351;"ANA LUIZA DE FIGUEIREDO GOMES";"#NULO#";"PSTU";"FEMININO";"SUPERIOR INCOMPLETO";"DIVORCIADO(A)";"BRANCA";"SERVIDOR PÚBLICO FEDERAL";"APTO";"N";"ANA LUIZA DE FIGUEIREDO GOMES";NA;958;"NÃO ELEITO";NA;NA;NA;NA
250000062819;"FRANCISCO CLEDIONY DA SILVA";"#NULO#";"PATRIOTA";"MASCULINO";"ENSINO MÉDIO COMPLETO";"CASADO(A)";"PARDA";"OUTROS";"APTO";"N";"FRANCISCO CLEDIONY DA SILVA";NA;1918;"NÃO ELEITO";NA;NA;NA;NA
250000050194;"SUHELLEN MAYARA RODRIGUES DA SILVA";"#NULO#";"PSL";"FEMININO";"SUPERIOR INCOMPLETO";"SOLTEIRO(A)";"BRANCA";"EMPRESÁRIO";"APTO";"N";"SUHELLEN MAYARA RODRIGUES DA SILVA";NA;6;"NÃO ELEITO";"SUHELLEN MAYARA RODRIGUES DA SILVA";179,01;"Fundo Partidario";"Recursos de partido político"
250000040594;"ADRIANO LIMA DE OLIVEIRA";"#NULO#";"SD";"MASCULINO";"SUPERIOR COMPLETO";"CASADO(A)";"PRETA";"PEDAGOGO";"APTO";"N";"ADRIANO LIMA DE OLIVEIRA";NA;502;"NÃO ELEITO";NA;NA;NA;NA
250000010849;"EDMAR LUZ DE ALMEIDA";"#NULO#";"PPS";"MASCULINO";"SUPERIOR COMPLETO";"CASADO(A)";"BRANCA";"JORNALISTA E REDATOR";"APTO";"N";"EDMAR LUZ DE ALMEIDA";415188,37;709;"SUPLENTE";NA;NA;NA;NA
250000019167;"BRUNO ALVES MIRANDA";"#NULO#";"PTB";"MASCULINO";"SUPERIOR COMPLETO";"CASADO(A)";"BRANCA";"ADVOGADO";"APTO";"N";"BRUNO ALVES MIRANDA";205000;294;"SUPLENTE";NA;NA;NA;NA
250000006184;"EFIGENIA JANUARIA DE FREITAS";"#NULO#";"PC do B";"FEMININO";"ENSINO MÉDIO INCOMPLETO";"CASADO(A)";"PRETA";"DONA DE CASA";"APTO";"N";"EFIGENIA JANUARIA DE FREITAS";12000;267;"NÃO ELEITO";"EFIGENIA JANUARIA DE FREITAS";4653,2;"Outros Recursos";"Recursos de pessoas físicas, Recursos de partido político"
250000050166;"JOSÉ IVO DE ARAUJO SILVA";"#NULO#";"PSL";"MASCULINO";"ENSINO MÉDIO COMPLETO";"CASADO(A)";"PARDA";"EMPRESÁRIO";"APTO";"N";"JOSÉ IVO DE ARAUJO SILVA";369500;1819;"NÃO ELEITO";NA;NA;NA;NA
250000022145;"CLAUDIA CASTANHEIRA ALVES";"#NULO#";"PDT";"FEMININO";"ENSINO MÉDIO INCOMPLETO";"CASADO(A)";"BRANCA";"EMPRESÁRIO";"APTO";"N";"CLAUDIA CASTANHEIRA ALVES";NA;10782;"SUPLENTE";"CLAUDIA CASTANHEIRA ALVES";46006,86;"Outros Recursos";"Recursos de pessoas físicas, Recursos de outros candidatos, Recursos de partido político"
250000062801;"NISVALDO TASSO JUNIOR";"#NULO#";"PATRIOTA";"MASCULINO";"ENSINO MÉDIO COMPLETO";"SOLTEIRO(A)";"BRANCA";"OUTROS";"APTO";"N";"NISVALDO TASSO JUNIOR";43604;534;"NÃO ELEITO";NA;NA;NA;NA
250000011014;"DANIEL DA SILVA";"#NULO#";"DEM";"MASCULINO";"SUPERIOR INCOMPLETO";"CASADO(A)";"BRANCA";"FOTÓGRAFO E ASSEMELHADOS";"APTO";"N";"DANIEL DA SILVA";NA;251;"SUPLENTE";"DANIEL DA SILVA";2426,6;"Outros Recursos, Fundo Partidario";"Recursos de outros candidatos, Recursos de partido político"
250000027271;"ZENAIDE GONÇALVES VIANA";"#NULO#";"PRP";"FEMININO";"ENSINO MÉDIO COMPLETO";"SOLTEIRO(A)";"BRANCA";"ENFERMEIRO";"APTO";"N";"ZENAIDE GONÇALVES VIANA";NA;132;"NÃO ELEITO";NA;NA;NA;NA
250000038342;"MONICA MATHIAS DE FARIA";"#NULO#";"PSDC";"FEMININO";"SUPERIOR COMPLETO";"CASADO(A)";"BRANCA";"PSICÓLOGO";"APTO";"N";"MONICA MATHIAS DE FARIA";62551,44;178;"NÃO ELEITO";"MONICA MATHIAS DE FARIA";2898,66;"Fundo Partidario, Outros Recursos";"Recursos de partido político, Recursos de outros candidatos, Recursos de pessoas físicas"
250000040567;"EDILSON FERREIRA";"#NULO#";"SD";"MASCULINO";"ENSINO FUNDAMENTAL INCOMPLETO";"SOLTEIRO(A)";"BRANCA";"OUTROS";"APTO";"N";"EDILSON FERREIRA";NA;161;"NÃO ELEITO";NA;NA;NA;NA
250000019199;"JOSÉ FERREIRA FERRO DA SILVA";"#NULO#";"PTB";"MASCULINO";"SUPERIOR INCOMPLETO";"CASADO(A)";"PARDA";"SERVIDOR PÚBLICO MUNICIPAL";"APTO";"N";"JOSÉ FERREIRA FERRO DA SILVA";NA;678;"SUPLENTE";NA;NA;NA;NA
250000027296;"ALLISON MAGALHÃES PAULESCHI";"#NULO#";"PRP";"MASCULINO";"SUPERIOR COMPLETO";"CASADO(A)";"BRANCA";"EMPRESÁRIO";"APTO";"N";"ALLISON MAGALHÃES PAULESCHI";NA;128;"NÃO ELEITO";NA;NA;NA;NA
250000011650;"JOSE TRINDADE CELIS";"#NULO#";"PV";"MASCULINO";"SUPERIOR COMPLETO";"DIVORCIADO(A)";"PARDA";"JORNALISTA E REDATOR";"APTO";"N";"JOSE TRINDADE CELIS";101000;487;"SUPLENTE";NA;NA;NA;NA
250000011012;"THAMMY CHRISTINA BRITO DE MIRANDA E SILVA";"#NULO#";"PP";"MASCULINO";"ENSINO MÉDIO COMPLETO";"SEPARADO(A) JUDICIALMENTE";"BRANCA";"ATOR E DIRETOR DE ESPETÁCULOS PÚBLICOS";"APTO";"N";"THAMMY CHRISTINA BRITO DE MIRANDA E SILVA";488000;12408;"SUPLENTE";"THAMMY CHRISTINA BRITO DE MIRANDA E SILVA";84378,2;"Outros Recursos, Fundo Partidario";"Recursos próprios, Recursos de pessoas físicas, Recursos de outros candidatos, Recursos de partido político"
250000038325;"EDEZIO DINIZ ROCHA";"#NULO#";"PSDC";"MASCULINO";"SUPERIOR COMPLETO";"CASADO(A)";"BRANCA";"CARPINTEIRO, MARCENEIRO E ASSEMELHADOS";"APTO";"N";"EDEZIO DINIZ ROCHA";NA;27;"NÃO ELEITO";NA;NA;NA;NA
250000019201;"HUGO TADEU GHIRALDINI";"#NULO#";"PTB";"MASCULINO";"SUPERIOR COMPLETO";"CASADO(A)";"BRANCA";"EMPRESÁRIO";"APTO";"N";"HUGO TADEU GHIRALDINI";747093,7;787;"SUPLENTE";"HUGO TADEU GHIRALDINI";3070;"Outros Recursos, Fundo Partidario";"Recursos próprios, Recursos de partido político"
250000044422;"AILTON TEODORO GOMES";"#NULO#";"PPL";"MASCULINO";"SUPERIOR INCOMPLETO";"SOLTEIRO(A)";"PARDA";"PROFESSOR DE ENSINO MÉDIO";"APTO";"N";"AILTON TEODORO GOMES";NA;172;"NÃO ELEITO";NA;NA;NA;NA
250000008297;"GERALDO FLORENCIO DOS SANTOS";"#NULO#";"PRB";"MASCULINO";"ENSINO FUNDAMENTAL COMPLETO";"CASADO(A)";"PARDA";"APOSENTADO (EXCETO SERVIDOR PÚBLICO)";"APTO";"N";"GERALDO FLORENCIO DOS SANTOS";NA;2049;"SUPLENTE";"GERALDO FLORENCIO DOS SANTOS";20431,75;"Outros Recursos, Fundo Partidario";"Recursos próprios, Recursos de partido político"
250000050187;"ENIO TADEU ZENEZI";"#NULO#";"PSL";"MASCULINO";"ENSINO FUNDAMENTAL COMPLETO";"CASADO(A)";"BRANCA";"JORNALISTA E REDATOR";"APTO";"N";"ENIO TADEU ZENEZI";32500;454;"NÃO ELEITO";NA;NA;NA;NA
250000044417;"DENISE APARECIDA SOUZA FREITAS";"#NULO#";"PPL";"FEMININO";"SUPERIOR COMPLETO";"SOLTEIRO(A)";"BRANCA";"PROFESSOR DE ENSINO MÉDIO";"APTO";"N";"DENISE APARECIDA SOUZA FREITAS";35690;108;"NÃO ELEITO";NA;NA;NA;NA
250000013962;"WALTER LUIZ KAAPE";"#NULO#";"PRTB";"MASCULINO";"ENSINO MÉDIO COMPLETO";"SOLTEIRO(A)";"BRANCA";"OUTROS";"APTO";"N";"WALTER LUIZ KAAPE";NA;141;"NÃO ELEITO";NA;NA;NA;NA
250000013959;"MERVET FARAH";"#NULO#";"PRTB";"FEMININO";"ENSINO MÉDIO COMPLETO";"SOLTEIRO(A)";"BRANCA";"PROTÉTICO";"APTO";"N";"MERVET FARAH";NA;233;"NÃO ELEITO";NA;NA;NA;NA
250000014880;"ROBERTO BEZERRA DOS SANTOS";"#NULO#";"PSOL";"MASCULINO";"SUPERIOR COMPLETO";"CASADO(A)";"PRETA";"PROFESSOR DE ENSINO FUNDAMENTAL";"APTO";"N";"ROBERTO BEZERRA DOS SANTOS";411781,5;2222;"SUPLENTE";"ROBERTO BEZERRA DOS SANTOS";6770;"Outros Recursos";"Recursos próprios, Recursos de pessoas físicas"
250000050168;"ALEXANDRE MARIANO GENTIL";"#NULO#";"PSL";"MASCULINO";"SUPERIOR COMPLETO";"CASADO(A)";"BRANCA";"EMPRESÁRIO";"APTO";"N";"ALEXANDRE MARIANO GENTIL";1487580,83;4802;"NÃO ELEITO";"ALEXANDRE MARIANO GENTIL";68667,71;"Outros Recursos, Fundo Partidario";"Recursos de outros candidatos, Recursos próprios, Recursos de pessoas físicas, Recursos de partido político"
250000013970;"WILSON GONDOLFO FILHO";"#NULO#";"PRTB";"MASCULINO";"ENSINO MÉDIO COMPLETO";"SOLTEIRO(A)";"BRANCA";"OUTROS";"APTO";"N";"WILSON GONDOLFO FILHO";NA;63;"NÃO ELEITO";NA;NA;NA;NA
250000011631;"BRUNO FRANCHI THEOPHILO";"#NULO#";"PV";"MASCULINO";"SUPERIOR COMPLETO";"SOLTEIRO(A)";"BRANCA";"BIOMÉDICO";"APTO";"N";"BRUNO FRANCHI THEOPHILO";NA;683;"SUPLENTE";"BRUNO FRANCHI THEOPHILO";500;"Outros Recursos";"Recursos próprios"
250000014878;"RAFAEL MARMO";"#NULO#";"PSOL";"MASCULINO";"SUPERIOR COMPLETO";"DIVORCIADO(A)";"BRANCA";"PSICÓLOGO";"APTO";"N";"RAFAEL MARMO";52000;273;"SUPLENTE";NA;NA;NA;NA
250000008300;"MARCOS PAULO RAMOS";"#NULO#";"PRB";"MASCULINO";"ENSINO MÉDIO COMPLETO";"CASADO(A)";"BRANCA";"EMPRESÁRIO";"APTO";"N";"MARCOS PAULO RAMOS";NA;2645;"SUPLENTE";NA;NA;NA;NA
250000027276;"WALDIR PERES ARRUDA";"#NULO#";"PRP";"MASCULINO";"LÊ E ESCREVE";"DIVORCIADO(A)";"BRANCA";"OUTROS";"APTO";"N";"WALDIR PERES ARRUDA";NA;1341;"NÃO ELEITO";NA;NA;NA;NA
250000058381;"MILTON FERREIRA DA SILVA";"#NULO#";"PTN";"MASCULINO";"SUPERIOR COMPLETO";"SOLTEIRO(A)";"BRANCA";"MÉDICO";"APTO";"N";"MILTON FERREIRA DA SILVA";716100;21849;"ELEITO POR QP";"MILTON FERREIRA DA SILVA";91300,4;"Fundo Partidario";"Recursos de partido político, Recursos de outros candidatos"
250000008347;"ATILIO FRANCISCO DA SILVA";"#NULO#";"PRB";"MASCULINO";"SUPERIOR COMPLETO";"CASADO(A)";"BRANCA";"VEREADOR";"APTO";"S";"ATILIO FRANCISCO DA SILVA";609919,92;46961;"ELEITO POR QP";"ATILIO FRANCISCO DA SILVA";69362,5;"Outros Recursos, Fundo Partidario";"Recursos próprios, Recursos de partido político"
250000005803;"PEDRO IVO FRANCISCO TURATI";"#NULO#";"NOVO";"MASCULINO";"SUPERIOR COMPLETO";"CASADO(A)";"BRANCA";"ENGENHEIRO";"APTO";"N";"PEDRO IVO FRANCISCO TURATI";459979,66;1104;"SUPLENTE";"PEDRO IVO FRANCISCO TURATI";500;"Outros Recursos";"Recursos próprios"
250000058343;"CYBELE DA SILVA";"#NULO#";"PTN";"FEMININO";"SUPERIOR COMPLETO";"SOLTEIRO(A)";"BRANCA";"ECONOMISTA";"APTO";"N";"CYBELE DA SILVA";NA;718;"SUPLENTE";NA;NA;NA;NA
250000005788;"MARIA LUCIA SIVELLI ROZA";"#NULO#";"NOVO";"FEMININO";"SUPERIOR COMPLETO";"DIVORCIADO(A)";"BRANCA";"ADVOGADO";"APTO";"N";"MARIA LUCIA SIVELLI ROZA";1042801,95;491;"SUPLENTE";"MARIA LUCIA SIVELLI ROZA";915;"Outros Recursos";"Recursos próprios"
250000027282;"ANDREA NUNES DE SOUZA";"#NULO#";"PRP";"FEMININO";"SUPERIOR COMPLETO";"SOLTEIRO(A)";"BRANCA";"CONTADOR";"APTO";"N";"ANDREA NUNES DE SOUZA";NA;79;"NÃO ELEITO";NA;NA;NA;NA
250000014850;"SEBASTIÃO ADILSON COIMBRA";"#NULO#";"PSOL";"MASCULINO";"SUPERIOR COMPLETO";"CASADO(A)";"BRANCA";"ADVOGADO";"APTO";"N";"SEBASTIÃO ADILSON COIMBRA";740000;574;"SUPLENTE";NA;NA;NA;NA
250000010997;"GERALDO ANTONIO DA NOBREGA";"#NULO#";"PSB";"MASCULINO";"ENSINO MÉDIO COMPLETO";"SOLTEIRO(A)";"BRANCA";"MOTORISTA DE VEÍCULOS DE TRANSPORTE COLETIVO DE PASSAGEIROS";"APTO";"N";"GERALDO ANTONIO DA NOBREGA";149788,38;1692;"SUPLENTE";"GERALDO ANTONIO DA NOBREGA";11390,17;"Outros Recursos";"Recursos próprios, Recursos de outros candidatos, Recursos de pessoas físicas"
250000011683;"SHIRLEI SIOLARI";"#NULO#";"PV";"FEMININO";"SUPERIOR INCOMPLETO";"SOLTEIRO(A)";"BRANCA";"EMPRESÁRIO";"APTO";"N";"SHIRLEI SIOLARI";NA;598;"SUPLENTE";NA;NA;NA;NA
250000044425;"ANTONIO VALDO DE SOUZA";"#NULO#";"PPL";"MASCULINO";"ENSINO MÉDIO COMPLETO";"SOLTEIRO(A)";"PARDA";"CORRETOR DE IMÓVEIS, SEGUROS, TÍTULOS E VALORES";"APTO";"N";"ANTONIO VALDO DE SOUZA";75600;145;"NÃO ELEITO";"ANTONIO VALDO DE SOUZA";5827;"Outros Recursos";"Recursos próprios, Recursos de pessoas físicas"
250000010890;"LUCILIO FERREIRA DA SILVA";"#NULO#";"PHS";"MASCULINO";"SUPERIOR COMPLETO";"CASADO(A)";"BRANCA";"FARMACÊUTICO";"APTO";"N";"LUCILIO FERREIRA DA SILVA";855001;1782;"SUPLENTE";NA;NA;NA;NA
250000027313;"GUILHERME BOAVENTURA";"#NULO#";"PTC";"MASCULINO";"ENSINO MÉDIO COMPLETO";"CASADO(A)";"PRETA";"CORRETOR DE IMÓVEIS, SEGUROS, TÍTULOS E VALORES";"APTO";"N";"GUILHERME BOAVENTURA";NA;400;"NÃO ELEITO";NA;NA;NA;NA
250000020791;"JAMES VIUDES DICK";"#NULO#";"PMDB";"MASCULINO";"SUPERIOR COMPLETO";"SOLTEIRO(A)";"BRANCA";"BANCÁRIO E ECONOMIÁRIO";"APTO";"N";"JAMES VIUDES DICK";23262;497;"SUPLENTE";"JAMES VIUDES DICK";8979,58;"Outros Recursos";"Recursos próprios, Recursos de pessoas físicas"
250000027287;"ORIDES MARTINS NEVES";"#NULO#";"PRP";"MASCULINO";"ENSINO MÉDIO COMPLETO";"SOLTEIRO(A)";"PARDA";"ELETRICISTA E ASSEMELHADOS";"APTO";"N";"ORIDES MARTINS NEVES";NA;276;"NÃO ELEITO";NA;NA;NA;NA
250000020856;"VALDEMIR CORREIA MENDES";"#NULO#";"PSD";"MASCULINO";"ENSINO MÉDIO INCOMPLETO";"CASADO(A)";"BRANCA";"EMPRESÁRIO";"APTO";"N";"VALDEMIR CORREIA MENDES";NA;801;"SUPLENTE";NA;NA;NA;NA
250000011695;"GILBERTO HOLOVATINO";"#NULO#";"PV";"MASCULINO";"SUPERIOR COMPLETO";"DIVORCIADO(A)";"BRANCA";"CONTADOR";"APTO";"N";"GILBERTO HOLOVATINO";128490;711;"SUPLENTE";"GILBERTO HOLOVATINO";2410,9;"Outros Recursos";"Recursos próprios, Recursos de pessoas físicas"
250000020837;"JOSÉ POLICE NETO";"#NULO#";"PSD";"MASCULINO";"SUPERIOR INCOMPLETO";"SOLTEIRO(A)";"BRANCA";"VEREADOR";"APTO";"S";"JOSÉ POLICE NETO";119436,96;33537;"ELEITO POR QP";"JOSÉ POLICE NETO";359597,83;"Outros Recursos";"Recursos de pessoas físicas, Recursos próprios"
250000094186;"MARCIA CARNEIRO ABRANTES";"#NULO#";"PTN";"FEMININO";"ENSINO MÉDIO COMPLETO";"SOLTEIRO(A)";"BRANCA";"OUTROS";"APTO";"N";"MARCIA CARNEIRO ABRANTES";NA;23;"SUPLENTE";NA;NA;NA;NA
250000022114;"CELSO DO CARMO JATENE";"#NULO#";"PR";"MASCULINO";"SUPERIOR COMPLETO";"CASADO(A)";"BRANCA";"VEREADOR";"APTO";"S";"CELSO DO CARMO JATENE";1606743,87;53715;"ELEITO POR QP";"CELSO DO CARMO JATENE";482783,54;"Outros Recursos, Fundo Partidario";"Recursos próprios, Recursos de pessoas físicas, Recursos de partido político"
250000093877;"JOSÉ DIAS DA SILVA FILHO";"#NULO#";"PSDC";"MASCULINO";"ENSINO MÉDIO COMPLETO";"DIVORCIADO(A)";"BRANCA";"POLICIAL MILITAR";"APTO";"N";"JOSÉ DIAS DA SILVA FILHO";NA;187;"NÃO ELEITO";NA;NA;NA;NA
250000093979;"JACQUELINE MENEZES DOS SANTOS BRAGA";"#NULO#";"PSL";"FEMININO";"SUPERIOR COMPLETO";"SOLTEIRO(A)";"BRANCA";"PROFESSOR E INSTRUTOR DE FORMAÇÃO PROFISSIONAL";"APTO";"N";"JACQUELINE MENEZES DOS SANTOS BRAGA";NA;204;"NÃO ELEITO";NA;NA;NA;NA
250000014861;"MARIA RITA PEREIRA DOS SANTOS CASAGRANDE";"#NULO#";"PSOL";"FEMININO";"SUPERIOR COMPLETO";"DIVORCIADO(A)";"PRETA";"OUTROS";"APTO";"N";"MARIA RITA PEREIRA DOS SANTOS CASAGRANDE";NA;2169;"SUPLENTE";NA;NA;NA;NA
250000010863;"JOSÉ ARIVALDO RODRIGUES";"#NULO#";"PHS";"MASCULINO";"ENSINO MÉDIO COMPLETO";"CASADO(A)";"PARDA";"COMERCIANTE";"APTO";"N";"JOSÉ ARIVALDO RODRIGUES";480917,09;14957;"ELEITO POR MÉDIA";"JOSÉ ARIVALDO RODRIGUES";91928,35;"Outros Recursos";"Recursos próprios, Recursos de pessoas físicas, Recursos de outros candidatos"
250000010906;"DAMARIS DIAS MOURA KUO";"#NULO#";"PHS";"FEMININO";"SUPERIOR COMPLETO";"CASADO(A)";"BRANCA";"ADVOGADO";"APTO";"N";"DAMARIS DIAS MOURA KUO";NA;11863;"SUPLENTE";NA;NA;NA;NA
250000005005;"EDSON APARECIDO DOS SANTOS";"#NULO#";"PSDB";"MASCULINO";"SUPERIOR COMPLETO";"CASADO(A)";"BRANCA";"SERVIDOR PÚBLICO MUNICIPAL";"APTO";"N";"EDSON APARECIDO DOS SANTOS";1445848,15;21291;"SUPLENTE";"EDSON APARECIDO DOS SANTOS";295640,89;"Outros Recursos";"Recursos de outros candidatos, Recursos de origens não identificadas, Recursos próprios, Recursos de pessoas físicas"
250000022121;"JOSIAS ANTONIO JANUARIO FILHO";"#NULO#";"PR";"MASCULINO";"SUPERIOR COMPLETO";"DIVORCIADO(A)";"BRANCA";"CONTADOR";"APTO";"N";"JOSIAS ANTONIO JANUARIO FILHO";360050;108;"SUPLENTE";NA;NA;NA;NA
250000040554;"JOSÉ EDMILSON SILVESTRE DA SILVA";"#NULO#";"SD";"MASCULINO";"SUPERIOR COMPLETO";"SEPARADO(A) JUDICIALMENTE";"PARDA";"EMPRESÁRIO";"APTO";"N";"JOSÉ EDMILSON SILVESTRE DA SILVA";70000;847;"NÃO ELEITO";"JOSÉ EDMILSON SILVESTRE DA SILVA";10105,96;"Outros Recursos, Fundo Partidario";"Recursos próprios, Recursos de pessoas físicas, Recursos de partido político"
250000040563;"AYRAM RIBEIRO SANTOS";"#NULO#";"SD";"FEMININO";"SUPERIOR COMPLETO";"SOLTEIRO(A)";"PRETA";"PEDAGOGO";"APTO";"N";"AYRAM RIBEIRO SANTOS";101500;47;"NÃO ELEITO";"AYRAM RIBEIRO SANTOS";6580,5;"Fundo Partidario";"Recursos de partido político"
250000022131;"GABRIEL DE OLIVEIRA";"#NULO#";"PROS";"MASCULINO";"SUPERIOR COMPLETO";"SOLTEIRO(A)";"PARDA";"ADMINISTRADOR";"APTO";"N";"GABRIEL DE OLIVEIRA";147905,53;2480;"SUPLENTE";"GABRIEL DE OLIVEIRA";5352,34;"Fundo Partidario, Outros Recursos";"Recursos de partido político, Recursos de pessoas físicas"
250000050172;"JOANIRO AMANCIO PEREIRA";"#NULO#";"PSL";"MASCULINO";"ENSINO MÉDIO COMPLETO";"SOLTEIRO(A)";"PARDA";"FISCAL";"APTO";"N";"JOANIRO AMANCIO PEREIRA";NA;344;"NÃO ELEITO";NA;NA;NA;NA
250000011625;"PAULO SERGIO ABOU ANNI";"#NULO#";"PV";"MASCULINO";"SUPERIOR COMPLETO";"SOLTEIRO(A)";"BRANCA";"VEREADOR";"APTO";"S";"PAULO SERGIO ABOU ANNI";848578,25;27334;"SUPLENTE";"PAULO SERGIO ABOU ANNI";306781,2;"Outros Recursos, Fundo Partidario";"Recursos de outros candidatos, Recursos próprios, Recursos de pessoas físicas"
250000005786;"JOSE CARLOS TOLEDO DE PAULA";"#NULO#";"NOVO";"MASCULINO";"SUPERIOR COMPLETO";"CASADO(A)";"BRANCA";"ENGENHEIRO";"APTO";"N";"JOSE CARLOS TOLEDO DE PAULA";1732810,39;630;"SUPLENTE";"JOSE CARLOS TOLEDO DE PAULA";11800;"Outros Recursos";"Recursos próprios, Recursos de pessoas físicas"
250000038396;"LUCIANA LASPRO";"#NULO#";"PSDC";"FEMININO";"SUPERIOR COMPLETO";"DIVORCIADO(A)";"BRANCA";"ADVOGADO";"APTO";"N";"LUCIANA LASPRO";1352192,98;950;"NÃO ELEITO";NA;NA;NA;NA
250000027323;"MARIA DAS GRACAS SILVA";"#NULO#";"PTC";"FEMININO";"SUPERIOR COMPLETO";"SOLTEIRO(A)";"BRANCA";"ASSISTENTE SOCIAL";"APTO";"N";"MARIA DAS GRACAS SILVA";1e+05;448;"NÃO ELEITO";NA;NA;NA;NA
250000058368;"CARLOS ROBERTO GOMES DE LAIA";"#NULO#";"PTN";"MASCULINO";"ENSINO MÉDIO COMPLETO";"CASADO(A)";"BRANCA";"TAXISTA";"APTO";"N";"CARLOS ROBERTO GOMES DE LAIA";1e+05;335;"SUPLENTE";"CARLOS ROBERTO GOMES DE LAIA";1276,6;"Outros Recursos";"Recursos de pessoas físicas, Recursos de outros candidatos"
250000038424;"DOMINGOS SALVIO SANTOS DA ANUNCIAÇÃO";"#NULO#";"PSDC";"MASCULINO";"ENSINO FUNDAMENTAL COMPLETO";"CASADO(A)";"PRETA";"TAXISTA";"APTO";"N";"DOMINGOS SALVIO SANTOS DA ANUNCIAÇÃO";50359;146;"NÃO ELEITO";NA;NA;NA;NA
250000011668;"ANTONIO VLASITON VIDAL";"#NULO#";"PV";"MASCULINO";"ENSINO MÉDIO COMPLETO";"CASADO(A)";"BRANCA";"DESPACHANTE";"APTO";"N";"ANTONIO VLASITON VIDAL";72182,54;755;"SUPLENTE";NA;NA;NA;NA
250000014891;"AILTON AMARAL DOS SANTOS";"#NULO#";"PSOL";"MASCULINO";"SUPERIOR COMPLETO";"CASADO(A)";"PRETA";"PROFESSOR DE ENSINO SUPERIOR";"APTO";"N";"AILTON AMARAL DOS SANTOS";25000;724;"SUPLENTE";NA;NA;NA;NA
250000050157;"ED CARLOS COSTA";"#NULO#";"PSL";"MASCULINO";"SUPERIOR COMPLETO";"SOLTEIRO(A)";"BRANCA";"EMPRESÁRIO";"APTO";"N";"ED CARLOS COSTA";633624,05;1096;"NÃO ELEITO";"ED CARLOS COSTA";383,72;"Outros Recursos, Fundo Partidario";"Recursos de outros candidatos, Recursos de partido político"
250000019126;"PAULO JESUS FRANGE";"#NULO#";"PTB";"MASCULINO";"SUPERIOR COMPLETO";"CASADO(A)";"BRANCA";"MÉDICO";"APTO";"S";"PAULO JESUS FRANGE";1274155,57;29242;"ELEITO POR QP";"PAULO JESUS FRANGE";560901;"Outros Recursos";"Recursos próprios, Recursos de pessoas físicas"
250000022101;"SIMÃO PEDRO CHIOVETTI";"#NULO#";"PT";"MASCULINO";"SUPERIOR COMPLETO";"CASADO(A)";"BRANCA";"PROFESSOR DE ENSINO SUPERIOR";"APTO";"N";"SIMÃO PEDRO CHIOVETTI";484812,22;18357;"SUPLENTE";"SIMÃO PEDRO CHIOVETTI";565761,4;"Outros Recursos, Fundo Partidario";"Recursos de pessoas físicas, Recursos próprios, Recursos de partido político"
250000050155;"SERGIO APARECIDO ALVES CAMPOS MACEDO";"#NULO#";"PSL";"MASCULINO";"ENSINO MÉDIO INCOMPLETO";"CASADO(A)";"PARDA";"EMPRESÁRIO";"APTO";"N";"SERGIO APARECIDO ALVES CAMPOS MACEDO";NA;1476;"NÃO ELEITO";NA;NA;NA;NA
250000020785;"AMÉLIA ROSA DO NASCIMENTO";"#NULO#";"PMDB";"FEMININO";"ENSINO MÉDIO INCOMPLETO";"DIVORCIADO(A)";"BRANCA";"DONA DE CASA";"APTO";"N";"AMÉLIA ROSA DO NASCIMENTO";60000;245;"SUPLENTE";NA;NA;NA;NA
250000019175;"RUBENS CLAUDIO SIQUEIRA NERI";"#NULO#";"PTB";"MASCULINO";"SUPERIOR COMPLETO";"CASADO(A)";"PARDA";"POLICIAL MILITAR";"APTO";"N";"RUBENS CLAUDIO SIQUEIRA NERI";225200;4353;"SUPLENTE";"RUBENS CLAUDIO SIQUEIRA NERI";37290;"Outros Recursos, Fundo Partidario";"Recursos próprios, Recursos de pessoas físicas, Recursos de partido político"
250000027297;"RENEÉ TOMAS DO NASCIMENTO";"#NULO#";"PRP";"MASCULINO";"SUPERIOR INCOMPLETO";"CASADO(A)";"PARDA";"ENFERMEIRO";"APTO";"N";"RENEÉ TOMAS DO NASCIMENTO";NA;636;"NÃO ELEITO";NA;NA;NA;NA
250000093110;"KARINE MESQUITA PEREIRA DA SILVA";"#NULO#";"PTN";"FEMININO";"ENSINO MÉDIO COMPLETO";"CASADO(A)";"PRETA";"ADMINISTRADOR";"APTO";"N";"KARINE MESQUITA PEREIRA DA SILVA";NA;486;"SUPLENTE";NA;NA;NA;NA
250000006135;"ED WILSON CARVALHO RIBEIRO";"#NULO#";"PC do B";"MASCULINO";"SUPERIOR COMPLETO";"DIVORCIADO(A)";"BRANCA";"SERVIDOR PÚBLICO MUNICIPAL";"APTO";"N";"ED WILSON CARVALHO RIBEIRO";80000;1839;"NÃO ELEITO";"ED WILSON CARVALHO RIBEIRO";18269,25;"Fundo Partidario, Outros Recursos";"Recursos de partido político"
250000015103;"PAULO DE ABREU LEME FILHO";"#NULO#";"REDE";"MASCULINO";"SUPERIOR COMPLETO";"CASADO(A)";"BRANCA";"ADVOGADO";"APTO";"N";"PAULO DE ABREU LEME FILHO";1773463,07;2255;"NÃO ELEITO";"PAULO DE ABREU LEME FILHO";357990;"Outros Recursos";"Recursos próprios, Recursos de pessoas físicas"
250000022112;"ANTONIO JOSE DE ALMEIDA";"#NULO#";"PR";"MASCULINO";"SUPERIOR COMPLETO";"CASADO(A)";"BRANCA";"SERVIDOR PÚBLICO MUNICIPAL";"APTO";"N";"ANTONIO JOSE DE ALMEIDA";38067,66;664;"SUPLENTE";"ANTONIO JOSE DE ALMEIDA";5520;"Outros Recursos, Fundo Partidario";"Recursos próprios, Recursos de partido político"
250000062796;"JOSÉ EDUARDO JACOB";"#NULO#";"PATRIOTA";"MASCULINO";"SUPERIOR COMPLETO";"SOLTEIRO(A)";"BRANCA";"PROFESSOR DE ENSINO MÉDIO";"APTO";"N";"JOSÉ EDUARDO JACOB";NA;218;"NÃO ELEITO";NA;NA;NA;NA
250000019202;"ULISSES TAYLOR MARTINS";"#NULO#";"PTB";"MASCULINO";"SUPERIOR COMPLETO";"CASADO(A)";"BRANCA";"OUTROS";"APTO";"N";"ULISSES TAYLOR MARTINS";NA;724;"SUPLENTE";NA;NA;NA;NA
250000027309;"DANIELA CRISTINA MIGUEL BRUZARROSCO";"#NULO#";"PTC";"FEMININO";"SUPERIOR COMPLETO";"CASADO(A)";"BRANCA";"ADVOGADO";"APTO";"N";"DANIELA CRISTINA MIGUEL BRUZARROSCO";NA;5981;"NÃO ELEITO";NA;NA;NA;NA
250000011684;"SERGIO ALVES DA SILVA";"#NULO#";"PV";"MASCULINO";"SUPERIOR COMPLETO";"SOLTEIRO(A)";"PARDA";"ADVOGADO";"APTO";"N";"SERGIO ALVES DA SILVA";52000;700;"SUPLENTE";"SERGIO ALVES DA SILVA";12699,15;"Outros Recursos";"Recursos próprios, Recursos de pessoas físicas"
250000006188;"GLORIA MARIA SILVA";"#NULO#";"PC do B";"FEMININO";"ENSINO FUNDAMENTAL COMPLETO";"SOLTEIRO(A)";"PRETA";"ATOR E DIRETOR DE ESPETÁCULOS PÚBLICOS";"APTO";"N";"GLORIA MARIA SILVA";NA;219;"NÃO ELEITO";"GLORIA MARIA SILVA";5101,45;"Outros Recursos";"Recursos próprios, Recursos de partido político"
250000006164;"GENIVALDO BARBOSA DOS SANTOS";"#NULO#";"PC do B";"MASCULINO";"ENSINO FUNDAMENTAL COMPLETO";"SOLTEIRO(A)";"PRETA";"MECÂNICO DE MANUTENÇÃO";"APTO";"N";"GENIVALDO BARBOSA DOS SANTOS";265000;1609;"NÃO ELEITO";"GENIVALDO BARBOSA DOS SANTOS";6562,05;"Outros Recursos";"Recursos próprios, Recursos de pessoas físicas, Recursos de partido político"
250000027329;"RONIVALDO REIS DA COSTA";"#NULO#";"PTC";"MASCULINO";"ENSINO FUNDAMENTAL COMPLETO";"CASADO(A)";"PRETA";"COMERCIANTE";"APTO";"N";"RONIVALDO REIS DA COSTA";108000;1446;"NÃO ELEITO";NA;NA;NA;NA
250000019176;"VERA LÚCIA PEREIRA ALVES";"#NULO#";"PTB";"FEMININO";"ENSINO MÉDIO COMPLETO";"DIVORCIADO(A)";"BRANCA";"OUTROS";"APTO";"N";"VERA LÚCIA PEREIRA ALVES";150000;116;"SUPLENTE";NA;NA;NA;NA
250000040574;"JOÃO CARLOS DE SOUZA";"#NULO#";"SD";"MASCULINO";"ENSINO MÉDIO COMPLETO";"CASADO(A)";"PARDA";"SERVIDOR PÚBLICO MUNICIPAL";"APTO";"N";"JOÃO CARLOS DE SOUZA";NA;728;"NÃO ELEITO";NA;NA;NA;NA
250000019189;"ANDERSON FRANCISCO DOS SANTOS";"#NULO#";"PTB";"MASCULINO";"SUPERIOR COMPLETO";"CASADO(A)";"PRETA";"ADMINISTRADOR";"APTO";"N";"ANDERSON FRANCISCO DOS SANTOS";539500;523;"SUPLENTE";NA;NA;NA;NA
250000013941;"GERSON NUNES DA SILVA";"#NULO#";"PRTB";"MASCULINO";"ENSINO MÉDIO COMPLETO";"DIVORCIADO(A)";"BRANCA";"OUTROS";"APTO";"N";"GERSON NUNES DA SILVA";18000;313;"NÃO ELEITO";NA;NA;NA;NA
250000038375;"SÉRGIO ROSA JUNIOR";"#NULO#";"PSDC";"MASCULINO";"SUPERIOR COMPLETO";"CASADO(A)";"BRANCA";"ADVOGADO";"APTO";"N";"SÉRGIO ROSA JUNIOR";1330000;604;"NÃO ELEITO";NA;NA;NA;NA
250000006196;"MARIA RIBEIRO GRIGORIO";"#NULO#";"PC do B";"FEMININO";"ENSINO FUNDAMENTAL COMPLETO";"CASADO(A)";"PRETA";"OUTROS";"APTO";"N";"MARIA RIBEIRO GRIGORIO";6e+05;110;"NÃO ELEITO";NA;NA;NA;NA
250000022118;"GRAÇA ERNESTINA ANAY SILVA DIAS";"#NULO#";"PR";"FEMININO";"SUPERIOR INCOMPLETO";"VIÚVO(A)";"BRANCA";"DONA DE CASA";"APTO";"N";"GRAÇA ERNESTINA ANAY SILVA DIAS";310;33;"SUPLENTE";NA;NA;NA;NA
250000011685;"ANDREA MARIA HABINOSKI";"#NULO#";"PV";"FEMININO";"SUPERIOR COMPLETO";"SOLTEIRO(A)";"BRANCA";"VENDEDOR PRACISTA, REPRESENTANTE, CAIXEIRO-VIAJANTE E ASSEMELHADOS";"APTO";"N";"ANDREA MARIA HABINOSKI";NA;299;"SUPLENTE";NA;NA;NA;NA
250000011009;"LILIAN ROQUE ROJAS";"#NULO#";"PP";"FEMININO";"SUPERIOR INCOMPLETO";"SOLTEIRO(A)";"BRANCA";"EMPRESÁRIO";"APTO";"N";"LILIAN ROQUE ROJAS";65905,71;197;"SUPLENTE";NA;NA;NA;NA
250000005016;"SILVIA DOS REIS MOREIRA";"#NULO#";"PSDB";"FEMININO";"ENSINO MÉDIO COMPLETO";"SOLTEIRO(A)";"PARDA";"OUTROS";"APTO";"N";"SILVIA DOS REIS MOREIRA";560;561;"SUPLENTE";NA;NA;NA;NA
250000062794;"ELAINE APARECIDA BARBOZA";"#NULO#";"PATRIOTA";"FEMININO";"ENSINO MÉDIO COMPLETO";"CASADO(A)";"PARDA";"SERVIDOR PÚBLICO ESTADUAL";"APTO";"N";"ELAINE APARECIDA BARBOZA";NA;380;"NÃO ELEITO";NA;NA;NA;NA
250000008319;"BENEDITO CUSTODIO NETO";"#NULO#";"PRB";"MASCULINO";"SUPERIOR COMPLETO";"SEPARADO(A) JUDICIALMENTE";"BRANCA";"POLICIAL MILITAR";"APTO";"N";"BENEDITO CUSTODIO NETO";92000;1884;"SUPLENTE";NA;NA;NA;NA
250000050152;"SIDNEY SELES";"#NULO#";"PSL";"MASCULINO";"ENSINO FUNDAMENTAL COMPLETO";"SOLTEIRO(A)";"PARDA";"EMPRESÁRIO";"APTO";"N";"SIDNEY SELES";69310;2858;"NÃO ELEITO";"SIDNEY SELES";7000;"Outros Recursos";"Recursos de pessoas físicas"
250000008355;"LUCIANA GISELE DE OLIVEIRA";"#NULO#";"PRB";"FEMININO";"SUPERIOR COMPLETO";"CASADO(A)";"PARDA";"OUTROS";"APTO";"N";"LUCIANA GISELE DE OLIVEIRA";23100;2777;"SUPLENTE";NA;NA;NA;NA
250000011692;"PATRICIA DA SILVA FEITOSA";"#NULO#";"PV";"FEMININO";"SUPERIOR COMPLETO";"CASADO(A)";"BRANCA";"ADVOGADO";"APTO";"N";"PATRICIA DA SILVA FEITOSA";80000;1902;"SUPLENTE";"PATRICIA DA SILVA FEITOSA";5074,1;"Outros Recursos, Fundo Partidario";"Recursos próprios, Recursos de outros candidatos, Recursos de pessoas físicas"
250000040592;"RUBENS DE SOUZA FERNANDES";"#NULO#";"SD";"MASCULINO";"SUPERIOR COMPLETO";"CASADO(A)";"PRETA";"OUTROS";"APTO";"N";"RUBENS DE SOUZA FERNANDES";NA;177;"NÃO ELEITO";NA;NA;NA;NA
250000062792;"NISABETE SOUSA DE OLIVEIRA";"#NULO#";"PATRIOTA";"FEMININO";"ENSINO MÉDIO COMPLETO";"CASADO(A)";"PARDA";"ADMINISTRADOR";"APTO";"N";"NISABETE SOUSA DE OLIVEIRA";NA;673;"NÃO ELEITO";NA;NA;NA;NA
250000027320;"LUCIANO FREIRE DA SILVA";"#NULO#";"PTC";"MASCULINO";"SUPERIOR COMPLETO";"CASADO(A)";"PARDA";"BOMBEIRO MILITAR";"APTO";"N";"LUCIANO FREIRE DA SILVA";155000;605;"NÃO ELEITO";NA;NA;NA;NA
250000058370;"CLODOALDO MACIEL FILHO";"#NULO#";"PTN";"MASCULINO";"ENSINO MÉDIO COMPLETO";"CASADO(A)";"BRANCA";"COMERCIANTE";"APTO";"N";"CLODOALDO MACIEL FILHO";1793000;1554;"SUPLENTE";NA;NA;NA;NA
250000058386;"CARLOS ROBERTO TELES";"#NULO#";"PTN";"MASCULINO";"LÊ E ESCREVE";"CASADO(A)";"PARDA";"OUTROS";"APTO";"N";"CARLOS ROBERTO TELES";7000;930;"SUPLENTE";"CARLOS ROBERTO TELES";55;"Outros Recursos";"Recursos próprios"
250000004999;"ALBERTO LUIZ DA SILVA";"#NULO#";"PSDB";"MASCULINO";"ENSINO MÉDIO COMPLETO";"SOLTEIRO(A)";"PARDA";"EMPRESÁRIO";"APTO";"N";"ALBERTO LUIZ DA SILVA";632733,7;21423;"SUPLENTE";"ALBERTO LUIZ DA SILVA";65227;"Outros Recursos";"Recursos de outros candidatos, Recursos próprios, Recursos de pessoas físicas"
250000020841;"LUIZ EDUARDO PESCE DE ARRUDA";"#NULO#";"PSD";"MASCULINO";"SUPERIOR COMPLETO";"CASADO(A)";"BRANCA";"MILITAR REFORMADO";"APTO";"N";"LUIZ EDUARDO PESCE DE ARRUDA";563389,94;7708;"SUPLENTE";"LUIZ EDUARDO PESCE DE ARRUDA";61921,5;"Outros Recursos";"Recursos de pessoas físicas"
250000050144;"ALEX SANTOS DE OLIVEIRA";"#NULO#";"PSL";"MASCULINO";"ENSINO MÉDIO COMPLETO";"SOLTEIRO(A)";"BRANCA";"EMPRESÁRIO";"APTO";"N";"ALEX SANTOS DE OLIVEIRA";NA;960;"NÃO ELEITO";NA;NA;NA;NA
250000058395;"MAURICIO DE MELLO";"#NULO#";"PTN";"MASCULINO";"ENSINO MÉDIO COMPLETO";"SOLTEIRO(A)";"BRANCA";"OUTROS";"APTO";"N";"MAURICIO DE MELLO";174073,3;1260;"SUPLENTE";"MAURICIO DE MELLO";142,2;"Fundo Partidario";"Recursos de outros candidatos"
250000011659;"JUSSARA MARIA ROSIN DELPHINO";"#NULO#";"PV";"FEMININO";"SUPERIOR COMPLETO";"SOLTEIRO(A)";"BRANCA";"SERVIDOR PÚBLICO ESTADUAL";"APTO";"N";"JUSSARA MARIA ROSIN DELPHINO";149121,3;5066;"SUPLENTE";"JUSSARA MARIA ROSIN DELPHINO";4000;"Outros Recursos";"Recursos próprios"
250000013940;"FLAVIA AMORIM MAIA";"#NULO#";"PRTB";"FEMININO";"ENSINO MÉDIO COMPLETO";"DIVORCIADO(A)";"BRANCA";"ARTESÃO";"APTO";"N";"FLAVIA AMORIM MAIA";375500;166;"NÃO ELEITO";NA;NA;NA;NA
250000027280;"NIVALDO MOURA DA SILVA";"#NULO#";"PRP";"MASCULINO";"SUPERIOR COMPLETO";"SOLTEIRO(A)";"BRANCA";"SERVIDOR PÚBLICO ESTADUAL";"APTO";"N";"NIVALDO MOURA DA SILVA";NA;391;"NÃO ELEITO";NA;NA;NA;NA
250000062788;"BENJAMIM DOS SANTOS CARVALHO";"#NULO#";"PATRIOTA";"MASCULINO";"ENSINO MÉDIO COMPLETO";"SOLTEIRO(A)";"PARDA";"OUTROS";"APTO";"N";"BENJAMIM DOS SANTOS CARVALHO";NA;89;"NÃO ELEITO";NA;NA;NA;NA
250000013932;"ANTONIO GOMES FILHO";"#NULO#";"PRTB";"MASCULINO";"ENSINO FUNDAMENTAL INCOMPLETO";"CASADO(A)";"BRANCA";"MOTORISTA PARTICULAR";"APTO";"N";"ANTONIO GOMES FILHO";NA;215;"NÃO ELEITO";NA;NA;NA;NA
250000040599;"VALDIR PEREIRA DA SILVA";"#NULO#";"SD";"MASCULINO";"ENSINO FUNDAMENTAL INCOMPLETO";"CASADO(A)";"BRANCA";"TRABALHADOR METALÚRGICO E SIDERÚRGICO";"APTO";"N";"VALDIR PEREIRA DA SILVA";497629,05;12665;"NÃO ELEITO";"VALDIR PEREIRA DA SILVA";516415,94;"Outros Recursos, Fundo Partidario";"Recursos de partido político, Recursos de origens não identificadas, Recursos de pessoas físicas"
250000038414;"ALESSANDRO AUGUSTO CORTEZI";"#NULO#";"PSDC";"MASCULINO";"SUPERIOR COMPLETO";"VIÚVO(A)";"BRANCA";"EMPRESÁRIO";"APTO";"N";"ALESSANDRO AUGUSTO CORTEZI";NA;323;"NÃO ELEITO";"ALESSANDRO AUGUSTO CORTEZI";2491,14;"Fundo Partidario, Outros Recursos";"Recursos de partido político, Recursos de outros candidatos"
250000022124;"NOEMI PEREIRA NONATO";"#NULO#";"PR";"FEMININO";"ENSINO FUNDAMENTAL INCOMPLETO";"DIVORCIADO(A)";"BRANCA";"CANTOR E COMPOSITOR";"APTO";"S";"NOEMI PEREIRA NONATO";698267,05;32116;"ELEITO POR QP";"NOEMI PEREIRA NONATO";227868,78;"Outros Recursos, Fundo Partidario";"Recursos próprios, Recursos de pessoas físicas, Recursos de partido político"
250000006157;"RICARDO EDUARDO DE OLIVEIRA BEZERRA";"#NULO#";"PC do B";"MASCULINO";"ENSINO MÉDIO COMPLETO";"SOLTEIRO(A)";"BRANCA";"CORRETOR DE IMÓVEIS, SEGUROS, TÍTULOS E VALORES";"APTO";"N";"RICARDO EDUARDO DE OLIVEIRA BEZERRA";NA;126;"NÃO ELEITO";"RICARDO EDUARDO DE OLIVEIRA BEZERRA";1823,38;"Outros Recursos";"Recursos de partido político, Recursos de pessoas físicas"
250000022149;"MARCELO DA SILVA TERRA";"#NULO#";"PDT";"MASCULINO";"SUPERIOR COMPLETO";"SOLTEIRO(A)";"BRANCA";"MÉDICO";"APTO";"N";"MARCELO DA SILVA TERRA";1543171,01;721;"SUPLENTE";"MARCELO DA SILVA TERRA";4310;"Outros Recursos";"Recursos próprios"
250000015104;"RONALDO DA SILVA SANTOS";"#NULO#";"REDE";"MASCULINO";"SUPERIOR COMPLETO";"CASADO(A)";"PRETA";"EMPRESÁRIO";"APTO";"N";"RONALDO DA SILVA SANTOS";820000;379;"NÃO ELEITO";NA;NA;NA;NA
250000011664;"ELCIO APARECIDO MUNIN";"#NULO#";"PV";"MASCULINO";"ENSINO MÉDIO INCOMPLETO";"CASADO(A)";"PARDA";"OUTROS";"APTO";"N";"ELCIO APARECIDO MUNIN";NA;264;"SUPLENTE";"ELCIO APARECIDO MUNIN";396,1;"Outros Recursos";"Recursos de outros candidatos"
250000020848;"MIRIAM DE SOUZA";"#NULO#";"PSD";"FEMININO";"SUPERIOR COMPLETO";"SOLTEIRO(A)";"BRANCA";"SECURITÁRIO";"APTO";"N";"MIRIAM DE SOUZA";NA;298;"SUPLENTE";"MIRIAM DE SOUZA";10000;"Fundo Partidario";"Recursos de partido político"
250000011636;"JOSE GERALDO DE CASTRO NETO";"#NULO#";"PV";"MASCULINO";"SUPERIOR COMPLETO";"SOLTEIRO(A)";"BRANCA";"SERVIDOR PÚBLICO MUNICIPAL";"APTO";"N";"JOSE GERALDO DE CASTRO NETO";NA;179;"SUPLENTE";NA;NA;NA;NA
250000022135;"JOSÉ BRITO CAVALCANTE FILHO";"#NULO#";"PROS";"MASCULINO";"ENSINO FUNDAMENTAL COMPLETO";"SOLTEIRO(A)";"PARDA";"REPRESENTANTE COMERCIAL";"APTO";"N";"JOSÉ BRITO CAVALCANTE FILHO";165000;333;"SUPLENTE";NA;NA;NA;NA
250000006154;"WANDERLEY FREITAS NABONO";"#NULO#";"PC do B";"MASCULINO";"SUPERIOR INCOMPLETO";"CASADO(A)";"PRETA";"CORRETOR DE IMÓVEIS, SEGUROS, TÍTULOS E VALORES";"APTO";"N";"WANDERLEY FREITAS NABONO";NA;145;"NÃO ELEITO";"WANDERLEY FREITAS NABONO";1166,67;"Outros Recursos";"Recursos de partido político, Recursos próprios"
250000014868;"ANTONIO BIAGIO VESPOLI";"#NULO#";"PSOL";"MASCULINO";"SUPERIOR COMPLETO";"CASADO(A)";"BRANCA";"VEREADOR";"APTO";"S";"ANTONIO BIAGIO VESPOLI";517058,15;16012;"ELEITO POR QP";"ANTONIO BIAGIO VESPOLI";207875,12;"Outros Recursos";"Recursos próprios, Recursos de pessoas físicas, Recursos de origens não identificadas"
250000010901;"MARIA DA CONCEICAO RODRIGUES DOS SANTOS";"#NULO#";"PHS";"FEMININO";"ENSINO MÉDIO COMPLETO";"VIÚVO(A)";"PARDA";"COMERCIANTE";"APTO";"N";"MARIA DA CONCEICAO RODRIGUES DOS SANTOS";2e+05;495;"SUPLENTE";"MARIA DA CONCEICAO RODRIGUES DOS SANTOS";500;"Outros Recursos";"Recursos próprios"
250000040591;"IVANETE ANTONIA DA COSTA";"#NULO#";"SD";"FEMININO";"ENSINO MÉDIO COMPLETO";"DIVORCIADO(A)";"PRETA";"OUTROS";"APTO";"N";"IVANETE ANTONIA DA COSTA";NA;2095;"NÃO ELEITO";NA;NA;NA;NA
250000038416;"ANTONIO ALEXANDRE GALDI DELGADO";"#NULO#";"PSDC";"MASCULINO";"SUPERIOR COMPLETO";"CASADO(A)";"BRANCA";"ADVOGADO";"APTO";"N";"ANTONIO ALEXANDRE GALDI DELGADO";NA;105;"NÃO ELEITO";NA;NA;NA;NA
250000040551;"ROQUE JORGE";"#NULO#";"SD";"MASCULINO";"ENSINO FUNDAMENTAL COMPLETO";"CASADO(A)";"PARDA";"APOSENTADO (EXCETO SERVIDOR PÚBLICO)";"APTO";"N";"ROQUE JORGE";NA;572;"NÃO ELEITO";NA;NA;NA;NA
250000008344;"SIMONE APARECIDA DOS SANTOS";"#NULO#";"PRB";"FEMININO";"SUPERIOR INCOMPLETO";"CASADO(A)";"PRETA";"PROFESSOR DE ENSINO FUNDAMENTAL";"APTO";"N";"SIMONE APARECIDA DOS SANTOS";NA;491;"SUPLENTE";NA;NA;NA;NA
250000010896;"DORCAS HENRIQUE DE FREITAS";"#NULO#";"PHS";"FEMININO";"SUPERIOR COMPLETO";"DIVORCIADO(A)";"PARDA";"ASSISTENTE SOCIAL";"APTO";"N";"DORCAS HENRIQUE DE FREITAS";NA;398;"SUPLENTE";"DORCAS HENRIQUE DE FREITAS";213,3;"Outros Recursos";"Recursos de outros candidatos"
250000058353;"KARINA MARIA DA SILVA";"#NULO#";"PTN";"FEMININO";"SUPERIOR INCOMPLETO";"CASADO(A)";"BRANCA";"OUTROS";"APTO";"N";"KARINA MARIA DA SILVA";NA;32;"SUPLENTE";NA;NA;NA;NA
250000008308;"ERIVALDO ARAUJO DOS SANTOS";"#NULO#";"PRB";"MASCULINO";"ENSINO FUNDAMENTAL COMPLETO";"CASADO(A)";"PARDA";"EMPRESÁRIO";"APTO";"N";"ERIVALDO ARAUJO DOS SANTOS";315732;919;"SUPLENTE";"ERIVALDO ARAUJO DOS SANTOS";760;"Outros Recursos";"Recursos próprios"
250000058378;"JADSON MENDES DE LIMA";"#NULO#";"PTN";"MASCULINO";"SUPERIOR COMPLETO";"CASADO(A)";"BRANCA";"JORNALISTA E REDATOR";"APTO";"N";"JADSON MENDES DE LIMA";347295,13;5146;"SUPLENTE";"JADSON MENDES DE LIMA";70132,2;"Fundo Partidario";"Recursos de outros candidatos, Recursos de partido político"
250000013953;"MARIA CORDELIZA DOS SANTOS";"#NULO#";"PRTB";"FEMININO";"SUPERIOR COMPLETO";"SOLTEIRO(A)";"PRETA";"OUTROS";"APTO";"N";"MARIA CORDELIZA DOS SANTOS";410000;174;"NÃO ELEITO";"MARIA CORDELIZA DOS SANTOS";500;"Outros Recursos";"Recursos próprios"
250000027302;"MANOEL MESSIAS VALADÃO DOS SANTOS";"#NULO#";"PRP";"MASCULINO";"LÊ E ESCREVE";"CASADO(A)";"BRANCA";"TRABALHADOR DE CONSTRUÇÃO CIVIL";"APTO";"N";"MANOEL MESSIAS VALADÃO DOS SANTOS";NA;334;"NÃO ELEITO";NA;NA;NA;NA
250000013947;"JULIO CESAR DO NASCIMENTO";"#NULO#";"PRTB";"MASCULINO";"ENSINO FUNDAMENTAL COMPLETO";"SOLTEIRO(A)";"PARDA";"OUTROS";"APTO";"N";"JULIO CESAR DO NASCIMENTO";NA;1031;"NÃO ELEITO";NA;NA;NA;NA
250000038421;"CLAUDIO SABINO";"#NULO#";"PSDC";"MASCULINO";"ENSINO FUNDAMENTAL COMPLETO";"CASADO(A)";"BRANCA";"COMERCIANTE";"APTO";"N";"CLAUDIO SABINO";680000;449;"NÃO ELEITO";"CLAUDIO SABINO";6991,12;"Outros Recursos, Fundo Partidario";"Recursos de pessoas físicas, Recursos de outros candidatos, Recursos de partido político"
250000011656;"MILENA BEATRICE LYKOUROPOULOS";"#NULO#";"PV";"FEMININO";"SUPERIOR COMPLETO";"CASADO(A)";"BRANCA";"PROFESSOR DE ENSINO SUPERIOR";"APTO";"N";"MILENA BEATRICE LYKOUROPOULOS";124008,51;1748;"SUPLENTE";"MILENA BEATRICE LYKOUROPOULOS";6200;"Outros Recursos";"Recursos de pessoas físicas"
250000008320;"CARLOS CAVALCANTE DE SOUZA";"#NULO#";"PRB";"MASCULINO";"SUPERIOR COMPLETO";"CASADO(A)";"BRANCA";"JORNALISTA E REDATOR";"APTO";"N";"CARLOS CAVALCANTE DE SOUZA";662945,62;10013;"SUPLENTE";NA;NA;NA;NA
250000040550;"ANDRE COLOSIMO";"#NULO#";"SD";"MASCULINO";"ENSINO MÉDIO COMPLETO";"SOLTEIRO(A)";"BRANCA";"PILOTO DE AVIAÇÃO COMERCIAL, NAVEGADOR, MECÂNICO DE VÔO E ASSEMELHADOS";"APTO";"N";"ANDRE COLOSIMO";NA;126;"NÃO ELEITO";NA;NA;NA;NA
250000040559;"AYRTON LIMA BATISTA";"#NULO#";"SD";"MASCULINO";"ENSINO FUNDAMENTAL INCOMPLETO";"SOLTEIRO(A)";"BRANCA";"COMUNICÓLOGO";"APTO";"N";"AYRTON LIMA BATISTA";NA;193;"NÃO ELEITO";NA;NA;NA;NA
250000027294;"JOSÉ OTACÍLIO PEREIRA DE MATOS";"#NULO#";"PRP";"MASCULINO";"SUPERIOR COMPLETO";"SOLTEIRO(A)";"PARDA";"SERVIDOR PÚBLICO MUNICIPAL";"APTO";"N";"JOSÉ OTACÍLIO PEREIRA DE MATOS";NA;438;"NÃO ELEITO";NA;NA;NA;NA
250000022086;"JULIANA CARDOSO";"#NULO#";"PT";"FEMININO";"SUPERIOR COMPLETO";"CASADO(A)";"BRANCA";"VEREADOR";"APTO";"S";"JULIANA CARDOSO";266496,81;34949;"ELEITO POR QP";"JULIANA CARDOSO";245410,61;"Outros Recursos, Fundo Partidario";"Recursos próprios, Doações pela Internet, Comercialização de bens ou realização de eventos, Recursos de pessoas físicas, Recursos de partido político"
250000058392;"MARCOS JESUS TACHIBANA";"#NULO#";"PTN";"MASCULINO";"SUPERIOR COMPLETO";"CASADO(A)";"AMARELA";"ADVOGADO";"APTO";"N";"MARCOS JESUS TACHIBANA";96784,89;706;"SUPLENTE";"MARCOS JESUS TACHIBANA";4264,77;"Outros Recursos";"Recursos próprios, Recursos de pessoas físicas, Recursos de outros candidatos"
250000008295;"EDSON FRANCISCO DE SANTANA";"#NULO#";"PRB";"MASCULINO";"SUPERIOR COMPLETO";"SEPARADO(A) JUDICIALMENTE";"PARDA";"EMPRESÁRIO";"APTO";"N";"EDSON FRANCISCO DE SANTANA";615498,17;6063;"SUPLENTE";"EDSON FRANCISCO DE SANTANA";277530;"Outros Recursos, Fundo Partidario";"Recursos próprios, Recursos de pessoas físicas, Recursos de partido político"
250000005011;"MARTHA RAQUEL ALVES LEITÃO";"#NULO#";"PSDB";"FEMININO";"SUPERIOR COMPLETO";"SOLTEIRO(A)";"BRANCA";"ADVOGADO";"APTO";"N";"MARTHA RAQUEL ALVES LEITÃO";25000;565;"SUPLENTE";NA;NA;NA;NA
250000011633;"ADRIANA APARECIDA DOS SANTOS";"#NULO#";"PV";"FEMININO";"SUPERIOR INCOMPLETO";"SOLTEIRO(A)";"PARDA";"POLICIAL MILITAR";"APTO";"N";"ADRIANA APARECIDA DOS SANTOS";4159,03;803;"SUPLENTE";NA;NA;NA;NA
250000011654;"JOSE LUIZ ZANZINI";"#NULO#";"PV";"MASCULINO";"SUPERIOR COMPLETO";"CASADO(A)";"BRANCA";"PEDAGOGO";"APTO";"N";"JOSE LUIZ ZANZINI";201202,8;1047;"SUPLENTE";NA;NA;NA;NA
250000011635;"FATIMA DE OLIVEIRA AFFONSO";"#NULO#";"PV";"FEMININO";"SUPERIOR COMPLETO";"DIVORCIADO(A)";"BRANCA";"PROFESSOR DE ENSINO SUPERIOR";"APTO";"N";"FATIMA DE OLIVEIRA AFFONSO";NA;1586;"SUPLENTE";"FATIMA DE OLIVEIRA AFFONSO";240;"Outros Recursos";"Recursos de pessoas físicas"
250000008339;"JOÃO PAULO DE ARAÚJO SERRA";"#NULO#";"PRB";"MASCULINO";"SUPERIOR COMPLETO";"SOLTEIRO(A)";"BRANCA";"OUTROS";"APTO";"N";"JOÃO PAULO DE ARAÚJO SERRA";85000;950;"SUPLENTE";NA;NA;NA;NA
250000040566;"DINÁ MARIA FERREIRA";"#NULO#";"SD";"FEMININO";"SUPERIOR COMPLETO";"SEPARADO(A) JUDICIALMENTE";"PARDA";"SECRETÁRIO E DATILÓGRAFO";"APTO";"N";"DINÁ MARIA FERREIRA";1521,05;183;"NÃO ELEITO";NA;NA;NA;NA
250000019170;"SERGIO HENRIQUE RODRIGUES VIEIRA";"#NULO#";"PTB";"MASCULINO";"SUPERIOR COMPLETO";"SOLTEIRO(A)";"BRANCA";"ENFERMEIRO";"APTO";"N";"SERGIO HENRIQUE RODRIGUES VIEIRA";NA;605;"SUPLENTE";NA;NA;NA;NA
250000010912;"RAIMUNDO NONATO ALVES BATISTA";"#NULO#";"PMB";"MASCULINO";"ENSINO FUNDAMENTAL COMPLETO";"CASADO(A)";"BRANCA";"EMPRESÁRIO";"APTO";"N";"RAIMUNDO NONATO ALVES BATISTA";NA;883;"SUPLENTE";NA;NA;NA;NA
250000050185;"CARINA SOARES PORTELA";"#NULO#";"PSL";"FEMININO";"ENSINO MÉDIO COMPLETO";"SOLTEIRO(A)";"PARDA";"VENDEDOR DE COMÉRCIO VAREJISTA E ATACADISTA";"APTO";"N";"CARINA SOARES PORTELA";NA;10;"NÃO ELEITO";NA;NA;NA;NA
250000010875;"ALUIZIO PEREIRA SIMOES";"#NULO#";"PHS";"MASCULINO";"ENSINO FUNDAMENTAL INCOMPLETO";"CASADO(A)";"PARDA";"GERENTE";"APTO";"N";"ALUIZIO PEREIRA SIMOES";NA;888;"SUPLENTE";NA;NA;NA;NA
250000027278;"DOJEVAL ALVES LOPES";"#NULO#";"PRP";"MASCULINO";"SUPERIOR COMPLETO";"CASADO(A)";"BRANCA";"SERVIDOR PÚBLICO ESTADUAL";"APTO";"N";"DOJEVAL ALVES LOPES";50000;448;"NÃO ELEITO";NA;NA;NA;NA
250000027286;"CLOVIS CASSIANO DA SILVA";"#NULO#";"PRP";"MASCULINO";"ENSINO FUNDAMENTAL COMPLETO";"DIVORCIADO(A)";"PRETA";"AGENTE DE SAÚDE E SANITARISTA";"APTO";"N";"CLOVIS CASSIANO DA SILVA";NA;458;"NÃO ELEITO";NA;NA;NA;NA
250000015098;"JACQUELINE MOREIRA DOS SANTOS ALMEIDA";"#NULO#";"REDE";"FEMININO";"SUPERIOR COMPLETO";"CASADO(A)";"PRETA";"PROFESSOR DE ENSINO MÉDIO";"APTO";"N";"JACQUELINE MOREIRA DOS SANTOS ALMEIDA";10000;1826;"NÃO ELEITO";"JACQUELINE MOREIRA DOS SANTOS ALMEIDA";1000;"Outros Recursos";"Recursos próprios"
250000092254;"BEATRIZ HUMMEL QUERIDO";"#NULO#";"PP";"FEMININO";"SUPERIOR COMPLETO";"SOLTEIRO(A)";"BRANCA";"TAXISTA";"APTO";"N";"BEATRIZ HUMMEL QUERIDO";0,01;168;"SUPLENTE";NA;NA;NA;NA
250000006167;"NELSON FERREIRA FILHO";"#NULO#";"PC do B";"MASCULINO";"SUPERIOR COMPLETO";"DIVORCIADO(A)";"BRANCA";"EMPRESÁRIO";"APTO";"N";"NELSON FERREIRA FILHO";580431,18;1443;"NÃO ELEITO";"NELSON FERREIRA FILHO";4267,25;"Outros Recursos, Fundo Partidario";"Recursos de partido político"
250000093149;"MARCIO VICENTE DE MIRANDA";"#NULO#";"PC do B";"MASCULINO";"ENSINO MÉDIO COMPLETO";"SOLTEIRO(A)";"BRANCA";"TAXISTA";"APTO";"N";"MARCIO VICENTE DE MIRANDA";NA;378;"NÃO ELEITO";"MARCIO VICENTE DE MIRANDA";766,67;"Outros Recursos";"Recursos de pessoas físicas, Recursos de partido político"
250000019150;"LUCI ADÃO";"#NULO#";"PTB";"FEMININO";"SUPERIOR COMPLETO";"DIVORCIADO(A)";"PRETA";"PROFESSOR DE ENSINO FUNDAMENTAL";"APTO";"N";"LUCI ADÃO";390845;817;"SUPLENTE";NA;NA;NA;NA
250000008357;"MAURO HENRIQUE MANDEL";"#NULO#";"PRB";"MASCULINO";"SUPERIOR COMPLETO";"DIVORCIADO(A)";"BRANCA";"OUTROS";"APTO";"N";"MAURO HENRIQUE MANDEL";269658,29;474;"SUPLENTE";"MAURO HENRIQUE MANDEL";5280;"Fundo Partidario";"Recursos de partido político"
250000040564;"CASSIA PATRICIA GARCIA DE TOLEDO RODRIGUES";"#NULO#";"SD";"FEMININO";"SUPERIOR COMPLETO";"CASADO(A)";"BRANCA";"ADVOGADO";"APTO";"N";"CASSIA PATRICIA GARCIA DE TOLEDO RODRIGUES";225106,2;205;"NÃO ELEITO";NA;NA;NA;NA
250000022110;"ANTONIO DAMASCENO BORGES FILHO";"#NULO#";"PR";"MASCULINO";"ENSINO FUNDAMENTAL COMPLETO";"CASADO(A)";"PARDA";"ADMINISTRADOR";"APTO";"N";"ANTONIO DAMASCENO BORGES FILHO";20071,69;734;"SUPLENTE";"ANTONIO DAMASCENO BORGES FILHO";15060;"Outros Recursos, Fundo Partidario";"Recursos próprios, Recursos de pessoas físicas, Recursos de partido político"
250000024353;"JOÃO BATISTA MAGALHÃES PAES DE BARROS FILHO";"#NULO#";"PSTU";"MASCULINO";"SUPERIOR COMPLETO";"SOLTEIRO(A)";"BRANCA";"PROFESSOR DE ENSINO FUNDAMENTAL";"APTO";"N";"JOÃO BATISTA MAGALHÃES PAES DE BARROS FILHO";24900;511;"NÃO ELEITO";"JOÃO BATISTA MAGALHÃES PAES DE BARROS FILHO";6571,16;"Outros Recursos";"Recursos próprios, Recursos de pessoas físicas, Recursos de partido político"
250000008351;"ANA CLEIDE BRITO BORGES DE OLIVEIRA";"#NULO#";"PRB";"FEMININO";"SUPERIOR COMPLETO";"CASADO(A)";"BRANCA";"ADMINISTRADOR";"APTO";"N";"ANA CLEIDE BRITO BORGES DE OLIVEIRA";NA;1734;"SUPLENTE";NA;NA;NA;NA
250000022104;"VERA EUNICE RODRIGUES DA SILVA";"#NULO#";"PT";"FEMININO";"ENSINO MÉDIO COMPLETO";"DIVORCIADO(A)";"PRETA";"VENDEDOR DE COMÉRCIO VAREJISTA E ATACADISTA";"APTO";"N";"VERA EUNICE RODRIGUES DA SILVA";NA;10464;"SUPLENTE";"VERA EUNICE RODRIGUES DA SILVA";51760,97;"Fundo Partidario, Outros Recursos";"Recursos de outros candidatos, Recursos de pessoas físicas, Recursos de partido político"
250000050192;"SILVIA FERNANDES DA SILVA";"#NULO#";"PSL";"FEMININO";"ENSINO FUNDAMENTAL COMPLETO";"CASADO(A)";"PARDA";"DONA DE CASA";"APTO";"N";"SILVIA FERNANDES DA SILVA";NA;114;"NÃO ELEITO";NA;NA;NA;NA
250000040552;"JOSÉ SEBASTIÃO DE OLIVEIRA";"#NULO#";"SD";"MASCULINO";"ENSINO MÉDIO COMPLETO";"SOLTEIRO(A)";"BRANCA";"APOSENTADO (EXCETO SERVIDOR PÚBLICO)";"APTO";"N";"JOSÉ SEBASTIÃO DE OLIVEIRA";45000;134;"NÃO ELEITO";NA;NA;NA;NA
250000058398;"NIVALDO SOARES DA SILVA FILHO";"#NULO#";"PTN";"MASCULINO";"SUPERIOR COMPLETO";"CASADO(A)";"PARDA";"ADMINISTRADOR";"APTO";"N";"NIVALDO SOARES DA SILVA FILHO";180000;1031;"SUPLENTE";NA;NA;NA;NA
250000022132;"GILBERTO DE ALMEIDA RIBEIRO";"#NULO#";"PROS";"MASCULINO";"SUPERIOR COMPLETO";"CASADO(A)";"BRANCA";"FARMACÊUTICO";"APTO";"N";"GILBERTO DE ALMEIDA RIBEIRO";NA;281;"SUPLENTE";"GILBERTO DE ALMEIDA RIBEIRO";14482,73;"Outros Recursos, Fundo Partidario";"Recursos de origens não identificadas, Recursos próprios, Recursos de partido político"
250000022143;"ANDREA BAZARIAN";"#NULO#";"PDT";"FEMININO";"SUPERIOR COMPLETO";"CASADO(A)";"BRANCA";"COMERCIANTE";"APTO";"N";"ANDREA BAZARIAN";750000;368;"SUPLENTE";"ANDREA BAZARIAN";2000;"Outros Recursos";"Recursos de pessoas físicas"
250000011665;"MAURO CESAR CARDOSO MENDRADO";"#NULO#";"PV";"MASCULINO";"SUPERIOR COMPLETO";"SOLTEIRO(A)";"PARDA";"CORRETOR DE IMÓVEIS, SEGUROS, TÍTULOS E VALORES";"APTO";"N";"MAURO CESAR CARDOSO MENDRADO";NA;849;"SUPLENTE";NA;NA;NA;NA
250000022096;"NAZARENO ANTÔNIO DA SILVA";"#NULO#";"PT";"MASCULINO";"ENSINO FUNDAMENTAL COMPLETO";"SOLTEIRO(A)";"PRETA";"OUTROS";"APTO";"N";"NAZARENO ANTÔNIO DA SILVA";38973;8252;"SUPLENTE";"NAZARENO ANTÔNIO DA SILVA";55692,27;"Outros Recursos";"Recursos próprios, Recursos de pessoas físicas, Recursos de outros candidatos, Recursos de partido político"
250000093882;"NELSON SANTANA DE OLIVEIRA";"#NULO#";"PSDC";"MASCULINO";"ENSINO MÉDIO INCOMPLETO";"CASADO(A)";"PARDA";"COMERCIANTE";"APTO";"N";"NELSON SANTANA DE OLIVEIRA";NA;126;"NÃO ELEITO";NA;NA;NA;NA
250000011652;"ADRIANA SIMOES DE ARAUJO";"#NULO#";"PV";"FEMININO";"ENSINO MÉDIO COMPLETO";"SOLTEIRO(A)";"BRANCA";"SECRETÁRIO E DATILÓGRAFO";"APTO";"N";"ADRIANA SIMOES DE ARAUJO";NA;189;"SUPLENTE";NA;NA;NA;NA
250000027301;"LUIZ ROBERTO COPATI";"#NULO#";"PRP";"MASCULINO";"SUPERIOR COMPLETO";"CASADO(A)";"BRANCA";"OUTROS";"APTO";"N";"LUIZ ROBERTO COPATI";650000;1450;"NÃO ELEITO";"LUIZ ROBERTO COPATI";1286,97;"Outros Recursos, Fundo Partidario";"Recursos próprios, Recursos de partido político"
250000020812;"STEFANIA RODRIGUES SALVIATI";"#NULO#";"PMDB";"FEMININO";"SUPERIOR INCOMPLETO";"SOLTEIRO(A)";"BRANCA";"OUTROS";"APTO";"N";"STEFANIA RODRIGUES SALVIATI";41000;180;"SUPLENTE";NA;NA;NA;NA
250000019200;"BRUNO LISBOA DOS SANTOS";"#NULO#";"PTB";"MASCULINO";"ENSINO MÉDIO COMPLETO";"SOLTEIRO(A)";"PARDA";"EMPRESÁRIO";"APTO";"N";"BRUNO LISBOA DOS SANTOS";29500;366;"SUPLENTE";NA;NA;NA;NA
250000050209;"SILVIA DOS SANTOS NAKANO";"#NULO#";"PSL";"FEMININO";"SUPERIOR COMPLETO";"SOLTEIRO(A)";"BRANCA";"ADVOGADO";"APTO";"N";"SILVIA DOS SANTOS NAKANO";NA;432;"NÃO ELEITO";NA;NA;NA;NA
250000010851;"HAMILTON DA SILVA FARIA";"#NULO#";"PPS";"MASCULINO";"SUPERIOR COMPLETO";"CASADO(A)";"BRANCA";"ASSISTENTE SOCIAL";"APTO";"N";"HAMILTON DA SILVA FARIA";189003,95;42;"SUPLENTE";NA;NA;NA;NA
250000006172;"FRANCISLEI RIBEIRO BISPO";"#NULO#";"PC do B";"MASCULINO";"ENSINO FUNDAMENTAL INCOMPLETO";"CASADO(A)";"BRANCA";"CABELEIREIRO E BARBEIRO";"APTO";"N";"FRANCISLEI RIBEIRO BISPO";NA;1004;"NÃO ELEITO";"FRANCISLEI RIBEIRO BISPO";8826,59;"Outros Recursos";"Recursos próprios, Recursos de partido político"
250000014871;"FERNANDO TAVARES ARAUJO DA SILVA";"#NULO#";"PSOL";"MASCULINO";"SUPERIOR COMPLETO";"SOLTEIRO(A)";"BRANCA";"ADVOGADO";"APTO";"N";"FERNANDO TAVARES ARAUJO DA SILVA";NA;1776;"SUPLENTE";"FERNANDO TAVARES ARAUJO DA SILVA";3522,95;"Outros Recursos, Fundo Partidario";"Recursos de origens não identificadas, Recursos próprios, Recursos de pessoas físicas, Recursos de partido político"
250000005811;"PAULO TOGNOLA PIMENTEL";"#NULO#";"NOVO";"MASCULINO";"SUPERIOR COMPLETO";"SOLTEIRO(A)";"BRANCA";"MÉDICO";"APTO";"N";"PAULO TOGNOLA PIMENTEL";139360,47;398;"SUPLENTE";"PAULO TOGNOLA PIMENTEL";9214,58;"Outros Recursos";"Recursos próprios, Recursos de pessoas físicas"
250000010843;"IZILDINHA MARCONDES DE MATTOS ESQUIRRA";"#NULO#";"PPS";"FEMININO";"SUPERIOR COMPLETO";"DIVORCIADO(A)";"BRANCA";"DIRETOR DE EMPRESAS";"APTO";"N";"IZILDINHA MARCONDES DE MATTOS ESQUIRRA";180000;92;"SUPLENTE";NA;NA;NA;NA
250000024350;"FLAVIA BISCHAIN ROSA";"#NULO#";"PSTU";"FEMININO";"SUPERIOR COMPLETO";"SOLTEIRO(A)";"BRANCA";"PROFESSOR DE ENSINO MÉDIO";"APTO";"N";"FLAVIA BISCHAIN ROSA";NA;1470;"NÃO ELEITO";NA;NA;NA;NA
250000005820;"SAMANTHA DANGOT";"#NULO#";"NOVO";"FEMININO";"SUPERIOR COMPLETO";"SOLTEIRO(A)";"BRANCA";"ADVOGADO";"APTO";"N";"SAMANTHA DANGOT";277905,19;2815;"SUPLENTE";"SAMANTHA DANGOT";137184;"Outros Recursos";"Recursos de pessoas físicas, Recursos próprios, Recursos de partido político"
250000014881;"ROBSON GOMES";"#NULO#";"PSOL";"MASCULINO";"ENSINO MÉDIO COMPLETO";"DIVORCIADO(A)";"BRANCA";"TÉCNICO DE BIOLOGIA";"APTO";"N";"ROBSON GOMES";120000;90;"SUPLENTE";NA;NA;NA;NA
250000022113;"CARLOS AUGUSTO DA CUNHA SILVA";"#NULO#";"PR";"MASCULINO";"ENSINO MÉDIO COMPLETO";"DIVORCIADO(A)";"PARDA";"EMPRESÁRIO";"APTO";"N";"CARLOS AUGUSTO DA CUNHA SILVA";50150;443;"SUPLENTE";NA;NA;NA;NA
250000027295;"ANTONIO CLAUDINO CORDEIRO";"#NULO#";"PRP";"MASCULINO";"SUPERIOR COMPLETO";"CASADO(A)";"BRANCA";"APOSENTADO (EXCETO SERVIDOR PÚBLICO)";"APTO";"N";"ANTONIO CLAUDINO CORDEIRO";NA;236;"NÃO ELEITO";NA;NA;NA;NA
250000010868;"JANIO CARVALHO SANTOS";"#NULO#";"PHS";"MASCULINO";"SUPERIOR COMPLETO";"CASADO(A)";"PARDA";"PROFESSOR DE ENSINO FUNDAMENTAL";"APTO";"N";"JANIO CARVALHO SANTOS";14500;4017;"SUPLENTE";NA;NA;NA;NA
250000020853;"RODRIGO ZARAGUETA MARTINS SCALISE";"#NULO#";"PSD";"MASCULINO";"ENSINO MÉDIO COMPLETO";"DIVORCIADO(A)";"BRANCA";"EMPRESÁRIO";"APTO";"N";"RODRIGO ZARAGUETA MARTINS SCALISE";693940,77;688;"SUPLENTE";NA;NA;NA;NA
250000019137;"SIDERVAL MARQUES DE BRITO";"#NULO#";"PTB";"MASCULINO";"ENSINO MÉDIO INCOMPLETO";"CASADO(A)";"BRANCA";"EMPRESÁRIO";"APTO";"N";"SIDERVAL MARQUES DE BRITO";669458,69;1779;"SUPLENTE";"SIDERVAL MARQUES DE BRITO";18300;"Outros Recursos";"Recursos de pessoas físicas"
250000014888;"CELSO LUIS GIANNASI";"#NULO#";"PSOL";"MASCULINO";"SUPERIOR COMPLETO";"CASADO(A)";"BRANCA";"SERVIDOR PÚBLICO MUNICIPAL";"APTO";"N";"CELSO LUIS GIANNASI";995619,22;12139;"SUPLENTE";"CELSO LUIS GIANNASI";153402,89;"Outros Recursos";"Recursos próprios, Recursos de pessoas físicas"
250000014875;"MARIANA LUZIA ARON";"#NULO#";"PSOL";"FEMININO";"SUPERIOR COMPLETO";"SOLTEIRO(A)";"BRANCA";"PROFESSOR DE ENSINO SUPERIOR";"APTO";"N";"MARIANA LUZIA ARON";529000;1831;"SUPLENTE";"MARIANA LUZIA ARON";3077,01;"Outros Recursos";"Recursos próprios, Recursos de pessoas físicas"
250000005791;"FERNANDO BERTO DE BARROS FEITOSA";"#NULO#";"NOVO";"MASCULINO";"SUPERIOR COMPLETO";"SOLTEIRO(A)";"BRANCA";"EMPRESÁRIO";"APTO";"N";"FERNANDO BERTO DE BARROS FEITOSA";2526,62;192;"SUPLENTE";NA;NA;NA;NA
250000058393;"MARIO COGUE FILHO";"#NULO#";"PTN";"MASCULINO";"ENSINO FUNDAMENTAL COMPLETO";"CASADO(A)";"BRANCA";"OUTROS";"APTO";"N";"MARIO COGUE FILHO";637500;473;"SUPLENTE";"MARIO COGUE FILHO";100,01;"Outros Recursos, Fundo Partidario";"Recursos próprios, Recursos de partido político"
250000022142;"ANDRE LUIZ DE OLIVEIRA";"#NULO#";"PDT";"MASCULINO";"ENSINO MÉDIO COMPLETO";"CASADO(A)";"PRETA";"COMERCIANTE";"APTO";"N";"ANDRE LUIZ DE OLIVEIRA";3195326,72;20481;"SUPLENTE";"ANDRE LUIZ DE OLIVEIRA";195550;"Outros Recursos";"Recursos próprios, Recursos de pessoas físicas"
250000006134;"SILVANA REGINA AZEREDO DOS SANTOS";"#NULO#";"PC do B";"FEMININO";"ENSINO FUNDAMENTAL COMPLETO";"CASADO(A)";"PRETA";"SERVIDOR PÚBLICO FEDERAL";"APTO";"N";"SILVANA REGINA AZEREDO DOS SANTOS";NA;342;"NÃO ELEITO";"SILVANA REGINA AZEREDO DOS SANTOS";10745,07;"Outros Recursos";"Recursos de pessoas físicas, Recursos de partido político"
250000006183;"EDNA APARECIDA DA SILVA";"#NULO#";"PC do B";"FEMININO";"SUPERIOR COMPLETO";"SOLTEIRO(A)";"PRETA";"TÉCNICO DE LABORATÓRIO E RAIOS X";"APTO";"N";"EDNA APARECIDA DA SILVA";NA;293;"NÃO ELEITO";"EDNA APARECIDA DA SILVA";4601,45;"Outros Recursos";"Recursos de partido político"
250000062804;"JOAO ROBERTO DE SIQUEIRA";"#NULO#";"PATRIOTA";"MASCULINO";"SUPERIOR COMPLETO";"SOLTEIRO(A)";"PARDA";"OUTROS";"APTO";"N";"JOAO ROBERTO DE SIQUEIRA";250000;396;"NÃO ELEITO";NA;NA;NA;NA
250000010833;"RAIMUNDO SCAFF JUNIOR";"#NULO#";"PPS";"MASCULINO";"SUPERIOR COMPLETO";"CASADO(A)";"BRANCA";"EMPRESÁRIO";"APTO";"N";"RAIMUNDO SCAFF JUNIOR";455956,27;1527;"SUPLENTE";NA;NA;NA;NA
250000093254;"JOÃO VIANELLE PINTO";"#NULO#";"PTB";"MASCULINO";"ENSINO FUNDAMENTAL COMPLETO";"CASADO(A)";"BRANCA";"OUTROS";"APTO";"N";"JOÃO VIANELLE PINTO";NA;474;"SUPLENTE";NA;NA;NA;NA
250000011022;"MILTON LEITE DA SILVA";"#NULO#";"DEM";"MASCULINO";"SUPERIOR COMPLETO";"CASADO(A)";"PARDA";"VEREADOR";"APTO";"S";"MILTON LEITE DA SILVA";2852041,38;107957;"ELEITO POR QP";"MILTON LEITE DA SILVA";2396056;"Outros Recursos, Fundo Partidario";"Recursos próprios, Recursos de partido político"
250000014882;"RODRIGO OLEGARIO CARMELITA";"#NULO#";"PSOL";"MASCULINO";"ENSINO MÉDIO COMPLETO";"SOLTEIRO(A)";"PRETA";"AGENTE DE SAÚDE E SANITARISTA";"APTO";"N";"RODRIGO OLEGARIO CARMELITA";NA;1177;"SUPLENTE";NA;NA;NA;NA
250000058362;"ALESSANDRO LOPES RODRIGUES";"#NULO#";"PTN";"MASCULINO";"ENSINO MÉDIO COMPLETO";"SOLTEIRO(A)";"PARDA";"TAXISTA";"APTO";"N";"ALESSANDRO LOPES RODRIGUES";31900;1050;"SUPLENTE";NA;NA;NA;NA
250000006147;"EMERSON RODRIGUES DA SILVA ROCHA";"#NULO#";"PC do B";"MASCULINO";"ENSINO MÉDIO COMPLETO";"CASADO(A)";"PRETA";"SACERDOTE OU MEMBRO DE ORDEM OU SEITA RELIGIOSA";"APTO";"N";"EMERSON RODRIGUES DA SILVA ROCHA";NA;78;"NÃO ELEITO";"EMERSON RODRIGUES DA SILVA ROCHA";5821,45;"Outros Recursos";"Recursos de pessoas físicas, Recursos de partido político"
250000008335;"ADEMAR ALVES DE CARVALHO";"#NULO#";"PRB";"MASCULINO";"ENSINO FUNDAMENTAL COMPLETO";"CASADO(A)";"PARDA";"AUXILIAR DE ESCRITÓRIO E ASSEMELHADOS";"APTO";"N";"ADEMAR ALVES DE CARVALHO";20000;5329;"SUPLENTE";NA;NA;NA;NA
250000027312;"GERSON FELIP CURPIEVSKY";"#NULO#";"PTC";"MASCULINO";"SUPERIOR COMPLETO";"CASADO(A)";"BRANCA";"EMPRESÁRIO";"APTO";"N";"GERSON FELIP CURPIEVSKY";NA;489;"NÃO ELEITO";"GERSON FELIP CURPIEVSKY";3209,4;"Fundo Partidario, Outros Recursos";"Recursos de partido político, Recursos de outros candidatos, Recursos de pessoas físicas"
250000027317;"JOSE AILTON DE SOUZA";"#NULO#";"PTC";"MASCULINO";"ENSINO MÉDIO COMPLETO";"SOLTEIRO(A)";"BRANCA";"OUTROS";"APTO";"N";"JOSE AILTON DE SOUZA";NA;105;"NÃO ELEITO";NA;NA;NA;NA
250000022094;"MARIA IZABEL BEZERRA DE SÁ";"#NULO#";"PT";"FEMININO";"ENSINO MÉDIO COMPLETO";"SOLTEIRO(A)";"PRETA";"OUTROS";"APTO";"N";"MARIA IZABEL BEZERRA DE SÁ";70000;438;"SUPLENTE";"MARIA IZABEL BEZERRA DE SÁ";43414,23;"Fundo Partidario, Outros Recursos";"Recursos de partido político, Recursos de pessoas físicas, Recursos de outros candidatos, Recursos próprios"
250000011686;"BRUNO BUM CHIN KIM";"#NULO#";"PV";"MASCULINO";"SUPERIOR COMPLETO";"CASADO(A)";"AMARELA";"PEDAGOGO";"APTO";"N";"BRUNO BUM CHIN KIM";NA;1095;"SUPLENTE";NA;NA;NA;NA
250000010838;"VALDENIR SIVIRINO VIRGINO";"#NULO#";"PPS";"MASCULINO";"ENSINO MÉDIO COMPLETO";"SOLTEIRO(A)";"PARDA";"COMERCIANTE";"APTO";"N";"VALDENIR SIVIRINO VIRGINO";NA;999;"SUPLENTE";"VALDENIR SIVIRINO VIRGINO";7265,4;"Outros Recursos, Fundo Partidario";"Recursos próprios, Recursos de partido político, Recursos de outros candidatos"
250000038420;"CICERO DE HOLANDA CAVALCANTE";"#NULO#";"PSDC";"MASCULINO";"ENSINO FUNDAMENTAL COMPLETO";"SOLTEIRO(A)";"BRANCA";"COMERCIANTE";"APTO";"N";"CICERO DE HOLANDA CAVALCANTE";72000;274;"NÃO ELEITO";"CICERO DE HOLANDA CAVALCANTE";2491,12;"Outros Recursos, Fundo Partidario";"Recursos de outros candidatos, Recursos de partido político"
250000010859;"JUAREZ DOMINGOS COSTA";"#NULO#";"PHS";"MASCULINO";"ENSINO FUNDAMENTAL COMPLETO";"CASADO(A)";"PARDA";"SUPERVISOR, INSPETOR E AGENTE DE COMPRAS E VENDAS";"APTO";"N";"JUAREZ DOMINGOS COSTA";NA;812;"SUPLENTE";NA;NA;NA;NA
250000013964;"UMBERTO DE CAMPOS SARTI FILHO";"#NULO#";"PRTB";"MASCULINO";"ENSINO MÉDIO COMPLETO";"CASADO(A)";"BRANCA";"PRODUTOR AGROPECUÁRIO";"APTO";"N";"UMBERTO DE CAMPOS SARTI FILHO";102000;1243;"NÃO ELEITO";NA;NA;NA;NA
250000019148;"JUAREZ PEREIRA DA SILVA";"#NULO#";"PTB";"MASCULINO";"SUPERIOR COMPLETO";"SOLTEIRO(A)";"BRANCA";"COMERCIANTE";"APTO";"N";"JUAREZ PEREIRA DA SILVA";6000;6539;"SUPLENTE";NA;NA;NA;NA
250000093112;"CARLOS ROBERTO CERQUEIRA DA SILVA";"#NULO#";"PTN";"MASCULINO";"ENSINO MÉDIO COMPLETO";"CASADO(A)";"BRANCA";"COMERCIÁRIO";"APTO";"N";"CARLOS ROBERTO CERQUEIRA DA SILVA";61700;711;"SUPLENTE";NA;NA;NA;NA
250000020780;"GISLAINE SAVIA";"#NULO#";"PMDB";"FEMININO";"ENSINO MÉDIO INCOMPLETO";"SOLTEIRO(A)";"BRANCA";"RELAÇÕES-PÚBLICAS";"APTO";"N";"GISLAINE SAVIA";NA;1256;"SUPLENTE";NA;NA;NA;NA
250000011693;"TATIANA DE OLIVEIRA";"#NULO#";"PV";"FEMININO";"ENSINO MÉDIO COMPLETO";"SOLTEIRO(A)";"BRANCA";"OUTROS";"APTO";"N";"TATIANA DE OLIVEIRA";NA;1427;"SUPLENTE";NA;NA;NA;NA
250000093436;"SAMIRA JORGOV LIMA";"#NULO#";"PSD";"FEMININO";"SUPERIOR INCOMPLETO";"CASADO(A)";"BRANCA";"EMPRESÁRIO";"APTO";"N";"SAMIRA JORGOV LIMA";NA;113;"SUPLENTE";"SAMIRA JORGOV LIMA";10000;"Fundo Partidario";"Recursos de partido político"
250000019146;"HERALDO LOPES GUIMARÃES";"#NULO#";"PTB";"MASCULINO";"ENSINO FUNDAMENTAL COMPLETO";"DIVORCIADO(A)";"BRANCA";"SACERDOTE OU MEMBRO DE ORDEM OU SEITA RELIGIOSA";"APTO";"N";"HERALDO LOPES GUIMARÃES";NA;3749;"SUPLENTE";"HERALDO LOPES GUIMARÃES";7460,01;"Outros Recursos";"Recursos próprios, Recursos de pessoas físicas"
250000058344;"EVERSON MARCOS DE OLIVEIRA";"#NULO#";"PTN";"MASCULINO";"ENSINO MÉDIO COMPLETO";"CASADO(A)";"BRANCA";"OUTROS";"APTO";"S";"EVERSON MARCOS DE OLIVEIRA";24000;7334;"SUPLENTE";"EVERSON MARCOS DE OLIVEIRA";92383,17;"Outros Recursos, Fundo Partidario";"Recursos de outros candidatos, Recursos próprios, Recursos de pessoas físicas, Recursos de partido político"
250000022153;"USHITARO KAMIA";"#NULO#";"PDT";"MASCULINO";"SUPERIOR COMPLETO";"CASADO(A)";"AMARELA";"ADVOGADO";"APTO";"S";"USHITARO KAMIA";257000;18608;"SUPLENTE";"USHITARO KAMIA";135281,17;"Outros Recursos";"Recursos próprios, Recursos de pessoas físicas"
250000011639;"AUGUSTO JOSE ANDRADE";"#NULO#";"PV";"MASCULINO";"SUPERIOR COMPLETO";"DIVORCIADO(A)";"BRANCA";"PROFESSOR E INSTRUTOR DE FORMAÇÃO PROFISSIONAL";"APTO";"N";"AUGUSTO JOSE ANDRADE";92006,11;1218;"SUPLENTE";"AUGUSTO JOSE ANDRADE";10870,57;"Outros Recursos, Fundo Partidario";"Recursos de outros candidatos, Recursos de partido político, Recursos de pessoas físicas"
250000062815;"MARCOS EDUARDO RODRIGUES";"#NULO#";"PATRIOTA";"MASCULINO";"SUPERIOR INCOMPLETO";"SOLTEIRO(A)";"BRANCA";"OUTROS";"APTO";"N";"MARCOS EDUARDO RODRIGUES";NA;117;"NÃO ELEITO";NA;NA;NA;NA
250000006171;"ALCIDES AMAZONAS ARAUJO DOS SANTOS";"#NULO#";"PC do B";"MASCULINO";"ENSINO FUNDAMENTAL COMPLETO";"CASADO(A)";"BRANCA";"SERVIDOR PÚBLICO MUNICIPAL";"APTO";"N";"ALCIDES AMAZONAS ARAUJO DOS SANTOS";423211,21;8471;"NÃO ELEITO";"ALCIDES AMAZONAS ARAUJO DOS SANTOS";327218,6;"Outros Recursos";"Recursos de pessoas físicas, Recursos de partido político, Recursos de origens não identificadas, Recursos próprios"
250000015109;"FRANCISCO VINICIUS ESTEVES DE OLIVEIRA";"#NULO#";"REDE";"MASCULINO";"SUPERIOR COMPLETO";"SOLTEIRO(A)";"BRANCA";"OUTROS";"APTO";"N";"FRANCISCO VINICIUS ESTEVES DE OLIVEIRA";4976,03;719;"NÃO ELEITO";"FRANCISCO VINICIUS ESTEVES DE OLIVEIRA";1000;"Outros Recursos";"Recursos próprios"
250000027264;"PATRICIA ARRUDA APOLINÁRIO";"#NULO#";"PRP";"FEMININO";"LÊ E ESCREVE";"CASADO(A)";"BRANCA";"DONA DE CASA";"APTO";"N";"PATRICIA ARRUDA APOLINÁRIO";NA;95;"NÃO ELEITO";NA;NA;NA;NA
250000004995;"MARCUS VINICIUS DE ALMEIDA FERREIRA";"#NULO#";"PSDB";"MASCULINO";"SUPERIOR INCOMPLETO";"VIÚVO(A)";"BRANCA";"ADMINISTRADOR";"APTO";"S";"MARCUS VINICIUS DE ALMEIDA FERREIRA";524297,23;21673;"SUPLENTE";"MARCUS VINICIUS DE ALMEIDA FERREIRA";202656,4;"Outros Recursos, Fundo Partidario";"Recursos de partido político, Recursos de pessoas físicas"
250000006177;"CARLOS EDUARDO CAIRO GUIMARÃES";"#NULO#";"PC do B";"MASCULINO";"ENSINO MÉDIO COMPLETO";"DIVORCIADO(A)";"BRANCA";"COMERCIANTE";"APTO";"N";"CARLOS EDUARDO CAIRO GUIMARÃES";NA;1304;"NÃO ELEITO";"CARLOS EDUARDO CAIRO GUIMARÃES";20569,52;"Outros Recursos";"Recursos de origens não identificadas, Recursos de pessoas físicas, Doações pela Internet, Recursos de partido político"
250000006173;"CINTIA MARA GONÇALVES MUNIZ";"#NULO#";"PC do B";"FEMININO";"SUPERIOR INCOMPLETO";"CASADO(A)";"PARDA";"MANICURE E MAQUILADOR";"APTO";"N";"CINTIA MARA GONÇALVES MUNIZ";NA;139;"NÃO ELEITO";NA;NA;NA;NA
250000005793;"JULIO CESAR MARTINS CASARIN";"#NULO#";"NOVO";"MASCULINO";"SUPERIOR COMPLETO";"DIVORCIADO(A)";"BRANCA";"ADVOGADO";"APTO";"N";"JULIO CESAR MARTINS CASARIN";113287,45;1544;"SUPLENTE";"JULIO CESAR MARTINS CASARIN";27474,9;"Outros Recursos";"Recursos próprios, Recursos de pessoas físicas, Recursos de partido político"
250000014860;"MARIA DE FÁTIMA ALVES BATISTA";"#NULO#";"PSOL";"FEMININO";"SUPERIOR INCOMPLETO";"SOLTEIRO(A)";"PARDA";"GERENTE";"APTO";"N";"MARIA DE FÁTIMA ALVES BATISTA";NA;186;"SUPLENTE";NA;NA;NA;NA
250000008304;"VERA NILZA DIAS";"#NULO#";"PRB";"FEMININO";"ENSINO FUNDAMENTAL COMPLETO";"SOLTEIRO(A)";"PARDA";"COMERCIANTE";"APTO";"N";"VERA NILZA DIAS";NA;130;"SUPLENTE";NA;NA;NA;NA
250000038334;"LINDBERG CLEMENTE DE MORAIS";"#NULO#";"PSDC";"MASCULINO";"SUPERIOR COMPLETO";"CASADO(A)";"BRANCA";"PROFESSOR DE ENSINO SUPERIOR";"APTO";"N";"LINDBERG CLEMENTE DE MORAIS";50100;1602;"NÃO ELEITO";NA;NA;NA;NA
250000050178;"RONALDO ERNI KLASSMANN";"#NULO#";"PSL";"MASCULINO";"ENSINO MÉDIO INCOMPLETO";"CASADO(A)";"BRANCA";"ADMINISTRADOR";"APTO";"N";"RONALDO ERNI KLASSMANN";NA;1275;"NÃO ELEITO";"RONALDO ERNI KLASSMANN";1000;"Outros Recursos";"Recursos próprios"
250000010898;"HAIFA KALIL";"#NULO#";"PHS";"FEMININO";"SUPERIOR COMPLETO";"DIVORCIADO(A)";"BRANCA";"MÉDICO";"APTO";"N";"HAIFA KALIL";182084,11;1487;"SUPLENTE";NA;NA;NA;NA
250000022106;"NABIL GEORGES BONDUKI";"#NULO#";"PT";"MASCULINO";"SUPERIOR COMPLETO";"CASADO(A)";"BRANCA";"ARQUITETO";"APTO";"S";"NABIL GEORGES BONDUKI";1394803,91;23269;"SUPLENTE";"NABIL GEORGES BONDUKI";313698,56;"Outros Recursos";"Recursos próprios, Doações pela Internet, Recursos de pessoas físicas, Recursos de partido político"
250000011008;"LEVI GONÇALO CAVALINI";"#NULO#";"PP";"MASCULINO";"ENSINO MÉDIO COMPLETO";"DIVORCIADO(A)";"BRANCA";"ATOR E DIRETOR DE ESPETÁCULOS PÚBLICOS";"APTO";"N";"LEVI GONÇALO CAVALINI";40000;965;"SUPLENTE";NA;NA;NA;NA
250000014854;"ISADORA MARTINATTI PENNA";"#NULO#";"PSOL";"FEMININO";"SUPERIOR COMPLETO";"SOLTEIRO(A)";"BRANCA";"ADVOGADO";"APTO";"N";"ISADORA MARTINATTI PENNA";NA;12439;"SUPLENTE";"ISADORA MARTINATTI PENNA";12427,67;"Outros Recursos";"Recursos de pessoas físicas"
250000008321;"EDSON COQUEIRO FILHO";"#NULO#";"PRB";"MASCULINO";"SUPERIOR INCOMPLETO";"CASADO(A)";"BRANCA";"EMPRESÁRIO";"APTO";"N";"EDSON COQUEIRO FILHO";121040;5732;"SUPLENTE";"EDSON COQUEIRO FILHO";14542;"Outros Recursos, Fundo Partidario";"Recursos próprios, Recursos de pessoas físicas, Recursos de partido político"
250000008326;"IDÊ DE FARIA SANTOS MANSUR";"#NULO#";"PRB";"FEMININO";"ENSINO MÉDIO COMPLETO";"DIVORCIADO(A)";"BRANCA";"COMERCIANTE";"APTO";"N";"IDÊ DE FARIA SANTOS MANSUR";355000;278;"SUPLENTE";NA;NA;NA;NA
250000038359;"VERA LUCIA MARIA GOMES";"#NULO#";"PSDC";"FEMININO";"ENSINO MÉDIO COMPLETO";"VIÚVO(A)";"BRANCA";"CORRETOR DE IMÓVEIS, SEGUROS, TÍTULOS E VALORES";"APTO";"N";"VERA LUCIA MARIA GOMES";NA;80;"NÃO ELEITO";NA;NA;NA;NA
250000011027;"SANDRA REGINA CARBONE TADEU MUDALEN";"#NULO#";"DEM";"FEMININO";"SUPERIOR COMPLETO";"CASADO(A)";"BRANCA";"VEREADOR";"APTO";"S";"SANDRA REGINA CARBONE TADEU MUDALEN";2839012,68;34182;"ELEITO POR QP";"SANDRA REGINA CARBONE TADEU MUDALEN";660325;"Outros Recursos, Fundo Partidario";"Recursos de outros candidatos, Recursos de partido político"
250000027306;"MOISES FERREIRA DA SILVA";"#NULO#";"PRP";"MASCULINO";"ENSINO FUNDAMENTAL INCOMPLETO";"DIVORCIADO(A)";"BRANCA";"COMERCIANTE";"APTO";"N";"MOISES FERREIRA DA SILVA";50000;485;"NÃO ELEITO";NA;NA;NA;NA
250000005817;"LEO VINICIUS PIRES DE LIMA";"#NULO#";"NOVO";"MASCULINO";"SUPERIOR COMPLETO";"CASADO(A)";"BRANCA";"SERVIDOR PÚBLICO MUNICIPAL";"APTO";"N";"LEO VINICIUS PIRES DE LIMA";1229326,47;2738;"SUPLENTE";"LEO VINICIUS PIRES DE LIMA";20675;"Outros Recursos";"Recursos próprios, Recursos de pessoas físicas"
250000058412;"FRANCISCO NELIM LUCAS";"#NULO#";"PTN";"MASCULINO";"ENSINO MÉDIO COMPLETO";"CASADO(A)";"BRANCA";"ADMINISTRADOR";"APTO";"N";"FRANCISCO NELIM LUCAS";NA;277;"SUPLENTE";NA;NA;NA;NA
250000044421;"RENATO DOS SANTOS NASCIMENTO";"#NULO#";"PPL";"MASCULINO";"SUPERIOR COMPLETO";"SOLTEIRO(A)";"PRETA";"PROFESSOR DE ENSINO MÉDIO";"APTO";"N";"RENATO DOS SANTOS NASCIMENTO";8000;1137;"NÃO ELEITO";"RENATO DOS SANTOS NASCIMENTO";230;"Outros Recursos";"Recursos próprios"
250000027333;"ARMANDO HUSSEIN SALEH";"#NULO#";"PT do B";"MASCULINO";"ENSINO MÉDIO COMPLETO";"CASADO(A)";"BRANCA";"ADMINISTRADOR";"APTO";"N";"ARMANDO HUSSEIN SALEH";184365,04;1103;"NÃO ELEITO";NA;NA;NA;NA
250000027290;"JOABE ALMEIDA DOS SANTOS";"#NULO#";"PRP";"MASCULINO";"ENSINO MÉDIO COMPLETO";"CASADO(A)";"PRETA";"MOTORISTA DE VEÍCULOS DE TRANSPORTE COLETIVO DE PASSAGEIROS";"APTO";"N";"JOABE ALMEIDA DOS SANTOS";NA;536;"NÃO ELEITO";NA;NA;NA;NA
250000040555;"GILBERTO PEREIRA DA COSTA";"#NULO#";"SD";"MASCULINO";"ENSINO MÉDIO COMPLETO";"CASADO(A)";"BRANCA";"POLICIAL CIVIL";"APTO";"N";"GILBERTO PEREIRA DA COSTA";1080000;2523;"NÃO ELEITO";"GILBERTO PEREIRA DA COSTA";19192,08;"Outros Recursos, Fundo Partidario";"Recursos de partido político, Recursos próprios, Recursos de pessoas físicas"
250000006203;"THIAGO DE ALMEIDA VILASBOA";"#NULO#";"PC do B";"MASCULINO";"ENSINO FUNDAMENTAL COMPLETO";"CASADO(A)";"BRANCA";"COMERCIANTE";"APTO";"N";"THIAGO DE ALMEIDA VILASBOA";NA;244;"NÃO ELEITO";"THIAGO DE ALMEIDA VILASBOA";5454,84;"Outros Recursos";"Recursos próprios, Recursos de pessoas físicas, Recursos de partido político"
250000008338;"GETULIO FERNANDES DOS SANTOS";"#NULO#";"PRB";"MASCULINO";"ENSINO MÉDIO COMPLETO";"VIÚVO(A)";"PRETA";"OUTROS";"APTO";"N";"GETULIO FERNANDES DOS SANTOS";688000;1328;"SUPLENTE";NA;NA;NA;NA
250000058372;"DINACI FERREIRA OLEAN";"#NULO#";"PTN";"FEMININO";"SUPERIOR COMPLETO";"CASADO(A)";"BRANCA";"OUTROS";"APTO";"N";"DINACI FERREIRA OLEAN";NA;290;"SUPLENTE";NA;NA;NA;NA
250000020784;"ADRIANA VALERIA SILVA LOSSANI";"#NULO#";"PMDB";"FEMININO";"ENSINO MÉDIO COMPLETO";"CASADO(A)";"BRANCA";"EMPRESÁRIO";"APTO";"N";"ADRIANA VALERIA SILVA LOSSANI";80000;143;"SUPLENTE";NA;NA;NA;NA
250000022075;"ANTONIO DONATO MADORMO";"#NULO#";"PT";"MASCULINO";"SUPERIOR COMPLETO";"CASADO(A)";"BRANCA";"VEREADOR";"APTO";"S";"ANTONIO DONATO MADORMO";1111897,16;32592;"ELEITO POR QP";"ANTONIO DONATO MADORMO";821004,14;"Outros Recursos, Fundo Partidario";"Recursos de pessoas físicas, Recursos de partido político"
250000011629;"ULISSES MACIEL PEIXOTO MENDONÇA";"#NULO#";"PV";"MASCULINO";"SUPERIOR COMPLETO";"SOLTEIRO(A)";"BRANCA";"ADVOGADO";"APTO";"N";"ULISSES MACIEL PEIXOTO MENDONÇA";NA;974;"SUPLENTE";NA;NA;NA;NA
250000093311;"ANISIO VICENTE MARCONDES";"#NULO#";"PRP";"MASCULINO";"LÊ E ESCREVE";"CASADO(A)";"BRANCA";"OUTROS";"APTO";"N";"ANISIO VICENTE MARCONDES";NA;246;"NÃO ELEITO";NA;NA;NA;NA
250000062814;"RUBENS PEREIRA DE BRITO";"#NULO#";"PATRIOTA";"MASCULINO";"SUPERIOR COMPLETO";"CASADO(A)";"BRANCA";"POLICIAL MILITAR";"APTO";"N";"RUBENS PEREIRA DE BRITO";357000;1390;"NÃO ELEITO";"RUBENS PEREIRA DE BRITO";4398;"Outros Recursos";"Recursos próprios, Recursos de partido político"
250000027324;"MARILIA DO NASCIMENTO MARTINS PEREIRA";"#NULO#";"PTC";"FEMININO";"SUPERIOR COMPLETO";"CASADO(A)";"BRANCA";"ENFERMEIRO";"APTO";"N";"MARILIA DO NASCIMENTO MARTINS PEREIRA";NA;935;"NÃO ELEITO";NA;NA;NA;NA
250000020813;"RICARDO LUIS REIS NUNES";"#NULO#";"PMDB";"MASCULINO";"SUPERIOR INCOMPLETO";"CASADO(A)";"BRANCA";"VEREADOR";"APTO";"S";"RICARDO LUIS REIS NUNES";4505337,23;54692;"ELEITO POR QP";"RICARDO LUIS REIS NUNES";738606,86;"Outros Recursos, Fundo Partidario";"Recursos de pessoas físicas, Recursos de partido político, Recursos de outros candidatos, Recursos próprios"
250000027275;"ANDREA LETICIA DE SOUZA BARROS";"#NULO#";"PRP";"FEMININO";"SUPERIOR COMPLETO";"CASADO(A)";"BRANCA";"CORRETOR DE IMÓVEIS, SEGUROS, TÍTULOS E VALORES";"APTO";"N";"ANDREA LETICIA DE SOUZA BARROS";NA;80;"NÃO ELEITO";NA;NA;NA;NA
250000013933;"CARLOS ALBERTO CLARO DE ALMEIDA";"#NULO#";"PRTB";"MASCULINO";"ENSINO FUNDAMENTAL INCOMPLETO";"SOLTEIRO(A)";"BRANCA";"OUTROS";"APTO";"N";"CARLOS ALBERTO CLARO DE ALMEIDA";NA;59;"NÃO ELEITO";NA;NA;NA;NA
250000050175;"MARINALVA DE SOUZA";"#NULO#";"PSL";"FEMININO";"ENSINO MÉDIO INCOMPLETO";"SOLTEIRO(A)";"PARDA";"GERENTE";"APTO";"N";"MARINALVA DE SOUZA";NA;95;"NÃO ELEITO";NA;NA;NA;NA
250000050151;"FERNANDA LOPES ANDRADE";"#NULO#";"PSL";"FEMININO";"SUPERIOR COMPLETO";"SOLTEIRO(A)";"PRETA";"PROFESSOR DE ENSINO FUNDAMENTAL";"APTO";"N";"FERNANDA LOPES ANDRADE";NA;518;"NÃO ELEITO";NA;NA;NA;NA
250000062825;"MOZART ABAETE PERUIBE RUSSOMANNO";"#NULO#";"PATRIOTA";"MASCULINO";"SUPERIOR INCOMPLETO";"DIVORCIADO(A)";"PARDA";"OUTROS";"APTO";"N";"MOZART ABAETE PERUIBE RUSSOMANNO";NA;4349;"NÃO ELEITO";"MOZART ABAETE PERUIBE RUSSOMANNO";10000;"Outros Recursos";"Recursos de pessoas físicas"
250000024580;"LEANDRO JOSÉ DE SOUZA DUQUE";"#NULO#";"PSTU";"MASCULINO";"SUPERIOR COMPLETO";"SOLTEIRO(A)";"PRETA";"PROFESSOR DE ENSINO MÉDIO";"APTO";"N";"LEANDRO JOSÉ DE SOUZA DUQUE";14000;88;"NÃO ELEITO";NA;NA;NA;NA
250000050160;"FABIO DE VASCONCELLOS MENNA";"#NULO#";"PSL";"MASCULINO";"SUPERIOR COMPLETO";"CASADO(A)";"BRANCA";"ADVOGADO";"APTO";"N";"FABIO DE VASCONCELLOS MENNA";215245;1015;"NÃO ELEITO";"FABIO DE VASCONCELLOS MENNA";10540,66;"Outros Recursos, Fundo Partidario";"Recursos de outros candidatos, Recursos próprios, Recursos de partido político"
250000050176;"RODRIGO REY RODRIGUEZ";"#NULO#";"PSL";"MASCULINO";"ENSINO MÉDIO COMPLETO";"CASADO(A)";"PARDA";"PROGRAMADOR DE COMPUTADOR";"APTO";"N";"RODRIGO REY RODRIGUEZ";1000;153;"NÃO ELEITO";"RODRIGO REY RODRIGUEZ";5779,01;"Fundo Partidario";"Recursos de partido político"
250000006149;"ILDSLAINE MONICA DA SILVA";"#NULO#";"PC do B";"FEMININO";"SUPERIOR COMPLETO";"SOLTEIRO(A)";"PRETA";"PRODUTOR DE ESPETÁCULOS PÚBLICOS";"APTO";"N";"ILDSLAINE MONICA DA SILVA";NA;1366;"NÃO ELEITO";"ILDSLAINE MONICA DA SILVA";13793,77;"Outros Recursos, Fundo Partidario";"Recursos próprios, Recursos de pessoas físicas, Recursos de partido político"
250000027316;"JOAO ONOFRE DE SOUZA NETO";"#NULO#";"PTC";"MASCULINO";"ENSINO MÉDIO COMPLETO";"CASADO(A)";"PARDA";"OUTROS";"APTO";"N";"JOAO ONOFRE DE SOUZA NETO";261000;415;"NÃO ELEITO";NA;NA;NA;NA
250000019147;"JOACIR SAVAZI DA SILVA";"#NULO#";"PTB";"MASCULINO";"SUPERIOR COMPLETO";"CASADO(A)";"BRANCA";"AGRICULTOR";"APTO";"N";"JOACIR SAVAZI DA SILVA";879198,09;1687;"SUPLENTE";"JOACIR SAVAZI DA SILVA";18300;"Outros Recursos";"Recursos próprios"
250000019184;"CLAUDIO ROGERIO FIRMINO";"#NULO#";"PTB";"MASCULINO";"ENSINO MÉDIO COMPLETO";"CASADO(A)";"PRETA";"COMERCIANTE";"APTO";"N";"CLAUDIO ROGERIO FIRMINO";1e+05;898;"SUPLENTE";NA;NA;NA;NA
250000093900;"IVONEIDE COELHO GOMES MOREIRA";"#NULO#";"PPL";"FEMININO";"ENSINO MÉDIO COMPLETO";"CASADO(A)";"BRANCA";"OUTROS";"APTO";"N";"IVONEIDE COELHO GOMES MOREIRA";NA;136;"NÃO ELEITO";NA;NA;NA;NA
250000005818;"LUIZ VICENTE VICENTIN AGUILAR";"#NULO#";"NOVO";"MASCULINO";"SUPERIOR COMPLETO";"CASADO(A)";"BRANCA";"ENGENHEIRO";"APTO";"N";"LUIZ VICENTE VICENTIN AGUILAR";1753348,38;1365;"SUPLENTE";"LUIZ VICENTE VICENTIN AGUILAR";15700;"Outros Recursos";"Recursos próprios, Recursos de pessoas físicas"
250000027288;"UZIEL FERREIRA DO NASCIMENTO";"#NULO#";"PRP";"MASCULINO";"ENSINO MÉDIO COMPLETO";"SOLTEIRO(A)";"BRANCA";"TRABALHADOR DE CONSTRUÇÃO CIVIL";"APTO";"N";"UZIEL FERREIRA DO NASCIMENTO";31000;602;"NÃO ELEITO";"UZIEL FERREIRA DO NASCIMENTO";294;"Outros Recursos";"Recursos próprios"
250000004980;"ALBERTO ALVES COUTINHO";"#NULO#";"PSDB";"MASCULINO";"SUPERIOR COMPLETO";"SEPARADO(A) JUDICIALMENTE";"BRANCA";"SERVIDOR PÚBLICO FEDERAL";"APTO";"N";"ALBERTO ALVES COUTINHO";25001,13;1984;"SUPLENTE";"ALBERTO ALVES COUTINHO";5284,4;"Outros Recursos";"Recursos de pessoas físicas, Recursos de outros candidatos, Recursos próprios"
250000058364;"ANA LUCIA GERALDO DE SANTANA";"#NULO#";"PTN";"FEMININO";"ENSINO MÉDIO COMPLETO";"CASADO(A)";"BRANCA";"ADMINISTRADOR";"APTO";"N";"ANA LUCIA GERALDO DE SANTANA";NA;454;"SUPLENTE";"ANA LUCIA GERALDO DE SANTANA";142,2;"Outros Recursos";"Recursos de outros candidatos"
250000006169;"ODENILDO SOARES BRAGA";"#NULO#";"PC do B";"MASCULINO";"ENSINO FUNDAMENTAL COMPLETO";"VIÚVO(A)";"PARDA";"VIGILANTE";"APTO";"N";"ODENILDO SOARES BRAGA";NA;156;"NÃO ELEITO";"ODENILDO SOARES BRAGA";5436,45;"Outros Recursos";"Recursos próprios, Recursos de partido político"
250000011019;"HUMBERTO YUDI WATANABE";"#NULO#";"DEM";"MASCULINO";"SUPERIOR COMPLETO";"CASADO(A)";"AMARELA";"EMPRESÁRIO";"APTO";"N";"HUMBERTO YUDI WATANABE";123052,61;9336;"SUPLENTE";"HUMBERTO YUDI WATANABE";52791,8;"Outros Recursos, Fundo Partidario";"Recursos de outros candidatos, Recursos próprios, Recursos de partido político"
250000005008;"JOSÉ LEONARDO DE MOURA COUTINHO FILHO";"#NULO#";"PSDB";"MASCULINO";"ENSINO MÉDIO INCOMPLETO";"CASADO(A)";"BRANCA";"JORNALISTA E REDATOR";"APTO";"N";"JOSÉ LEONARDO DE MOURA COUTINHO FILHO";NA;6044;"SUPLENTE";"JOSÉ LEONARDO DE MOURA COUTINHO FILHO";163718,42;"Outros Recursos, Fundo Partidario";"Recursos de outros candidatos, Doações pela Internet, Recursos de pessoas físicas, Recursos de partido político"
250000010888;"MARCELO MORENO";"#NULO#";"PHS";"MASCULINO";"SUPERIOR COMPLETO";"DIVORCIADO(A)";"PARDA";"EMPRESÁRIO";"APTO";"N";"MARCELO MORENO";20,59;1217;"SUPLENTE";"MARCELO MORENO";8700;"Outros Recursos";"Recursos de pessoas físicas"
250000044426;"MARIA APARECIDA DE SOUSA";"#NULO#";"PPL";"FEMININO";"SUPERIOR INCOMPLETO";"DIVORCIADO(A)";"BRANCA";"OUTROS";"APTO";"N";"MARIA APARECIDA DE SOUSA";NA;91;"NÃO ELEITO";"MARIA APARECIDA DE SOUSA";200;"Outros Recursos";"Recursos próprios"
250000038353;"SONIA CRISTINA DOS SANTOS CIPRIANO";"#NULO#";"PSDC";"FEMININO";"ENSINO MÉDIO COMPLETO";"VIÚVO(A)";"PRETA";"OUTROS";"APTO";"N";"SONIA CRISTINA DOS SANTOS CIPRIANO";NA;105;"NÃO ELEITO";NA;NA;NA;NA
250000005785;"ELANIR SILVA DOS SANTOS";"#NULO#";"NOVO";"MASCULINO";"SUPERIOR COMPLETO";"CASADO(A)";"BRANCA";"ECONOMISTA";"APTO";"N";"ELANIR SILVA DOS SANTOS";55061,4;995;"SUPLENTE";"ELANIR SILVA DOS SANTOS";2320,73;"Outros Recursos";"Recursos de origens não identificadas, Recursos próprios, Recursos de pessoas físicas"
250000008302;"ROBERTO VITOR DA SILVA";"#NULO#";"PRB";"MASCULINO";"ENSINO MÉDIO COMPLETO";"CASADO(A)";"PARDA";"OPERADOR DE EQUIPAMENTO DE RÁDIO, TELEVISÃO, SOM E CINEMA";"APTO";"N";"ROBERTO VITOR DA SILVA";NA;1305;"SUPLENTE";NA;NA;NA;NA
250000006201;"RONALDO CRUZ DA SILVA";"#NULO#";"PC do B";"MASCULINO";"SUPERIOR COMPLETO";"DIVORCIADO(A)";"PARDA";"JORNALISTA E REDATOR";"APTO";"N";"RONALDO CRUZ DA SILVA";NA;125;"NÃO ELEITO";"RONALDO CRUZ DA SILVA";4647,48;"Outros Recursos";"Recursos próprios, Recursos de partido político"
250000005010;"LUCAS HIDEO NAMASU";"#NULO#";"PSDB";"MASCULINO";"SUPERIOR INCOMPLETO";"SOLTEIRO(A)";"BRANCA";"PROFESSOR E INSTRUTOR DE FORMAÇÃO PROFISSIONAL";"APTO";"N";"LUCAS HIDEO NAMASU";26896,23;1265;"SUPLENTE";NA;NA;NA;NA
250000038401;"IZAUL PEREIRA DE AGUIAR";"#NULO#";"PSDC";"MASCULINO";"ENSINO MÉDIO COMPLETO";"CASADO(A)";"PRETA";"REPRESENTANTE COMERCIAL";"APTO";"N";"IZAUL PEREIRA DE AGUIAR";27000;324;"NÃO ELEITO";"IZAUL PEREIRA DE AGUIAR";4625,12;"Outros Recursos, Fundo Partidario";"Recursos próprios, Recursos de outros candidatos, Recursos de partido político"
250000011657;"RONALDO GONÇALVES DA SILVA";"#NULO#";"PV";"MASCULINO";"ENSINO MÉDIO COMPLETO";"SOLTEIRO(A)";"PARDA";"EMPRESÁRIO";"APTO";"N";"RONALDO GONÇALVES DA SILVA";NA;297;"SUPLENTE";NA;NA;NA;NA
250000011000;"PATRICIA ELISUA DE OLIVEIRA FERREIRA FERNANDES";"#NULO#";"PSB";"FEMININO";"SUPERIOR COMPLETO";"CASADO(A)";"BRANCA";"ADVOGADO";"APTO";"N";"PATRICIA ELISUA DE OLIVEIRA FERREIRA FERNANDES";NA;1245;"SUPLENTE";NA;NA;NA;NA
250000011026;"SALVADOR SERRATO";"#NULO#";"DEM";"MASCULINO";"SUPERIOR COMPLETO";"CASADO(A)";"BRANCA";"EMPRESÁRIO";"APTO";"N";"SALVADOR SERRATO";430000;584;"SUPLENTE";"SALVADOR SERRATO";3594,8;"Outros Recursos, Fundo Partidario";"Recursos de outros candidatos, Recursos de partido político"
250000058384;"RICARDO MARTINS PEREIRA";"#NULO#";"PTN";"MASCULINO";"SUPERIOR COMPLETO";"CASADO(A)";"BRANCA";"ADVOGADO";"APTO";"N";"RICARDO MARTINS PEREIRA";29000;1915;"SUPLENTE";"RICARDO MARTINS PEREIRA";1351,17;"Outros Recursos";"Recursos próprios, Recursos de partido político"
250000040553;"INALDO JOSÉ RAIMUNDO";"#NULO#";"SD";"MASCULINO";"SUPERIOR COMPLETO";"CASADO(A)";"PRETA";"APOSENTADO (EXCETO SERVIDOR PÚBLICO)";"APTO";"N";"INALDO JOSÉ RAIMUNDO";10000;178;"NÃO ELEITO";NA;NA;NA;NA
250000006185;"FENELON GONÇALVES DA COSTA";"#NULO#";"PC do B";"MASCULINO";"SUPERIOR COMPLETO";"SOLTEIRO(A)";"BRANCA";"OUTROS";"APTO";"N";"FENELON GONÇALVES DA COSTA";NA;238;"NÃO ELEITO";"FENELON GONÇALVES DA COSTA";5436,45;"Outros Recursos";"Recursos de pessoas físicas, Recursos de partido político"
250000010864;"CARLOS ALBERTO DE JESUS ANTUNES RAMOS";"#NULO#";"PHS";"MASCULINO";"SUPERIOR COMPLETO";"CASADO(A)";"BRANCA";"SERVIDOR PÚBLICO ESTADUAL";"APTO";"N";"CARLOS ALBERTO DE JESUS ANTUNES RAMOS";1770000;865;"SUPLENTE";NA;NA;NA;NA
250000006179;"DENIS VEIGA JUNIOR";"#NULO#";"PC do B";"MASCULINO";"SUPERIOR COMPLETO";"SEPARADO(A) JUDICIALMENTE";"BRANCA";"ADVOGADO";"APTO";"N";"DENIS VEIGA JUNIOR";48557,68;1053;"NÃO ELEITO";"DENIS VEIGA JUNIOR";4843,67;"Outros Recursos, Fundo Partidario";"Recursos de partido político, Recursos de pessoas físicas"
250000038379;"WALTER DOMARASCKI";"#NULO#";"PSDC";"MASCULINO";"ENSINO MÉDIO COMPLETO";"CASADO(A)";"BRANCA";"TAXISTA";"APTO";"N";"WALTER DOMARASCKI";245286,18;250;"NÃO ELEITO";"WALTER DOMARASCKI";10878,8;"Outros Recursos, Fundo Partidario";"Recursos próprios, Recursos de pessoas físicas, Recursos de partido político, Recursos de outros candidatos"
250000027279;"LUIZ CARLOS MODUGNO";"#NULO#";"PRP";"MASCULINO";"ENSINO FUNDAMENTAL COMPLETO";"SOLTEIRO(A)";"BRANCA";"COMERCIANTE";"APTO";"N";"LUIZ CARLOS MODUGNO";NA;1623;"NÃO ELEITO";NA;NA;NA;NA
250000008331;"SONIA MARIA ALVES PEREIRA LIMA";"#NULO#";"PRB";"FEMININO";"SUPERIOR COMPLETO";"SEPARADO(A) JUDICIALMENTE";"BRANCA";"APOSENTADO (EXCETO SERVIDOR PÚBLICO)";"APTO";"N";"SONIA MARIA ALVES PEREIRA LIMA";1047280,13;80;"SUPLENTE";"SONIA MARIA ALVES PEREIRA LIMA";8587,5;"Outros Recursos, Fundo Partidario";"Recursos próprios, Recursos de partido político"
250000058407;"SHINSHO TAKARA";"#NULO#";"PTN";"MASCULINO";"SUPERIOR COMPLETO";"CASADO(A)";"AMARELA";"ENGENHEIRO";"APTO";"N";"SHINSHO TAKARA";69801,22;605;"SUPLENTE";"SHINSHO TAKARA";3013,3;"Outros Recursos, Fundo Partidario";"Recursos próprios, Recursos de outros candidatos"
250000027310;"EDSON TEIXEIRA";"#NULO#";"PTC";"MASCULINO";"SUPERIOR COMPLETO";"CASADO(A)";"BRANCA";"PROFESSOR DE ENSINO MÉDIO";"APTO";"N";"EDSON TEIXEIRA";48000;216;"NÃO ELEITO";NA;NA;NA;NA
250000027341;"ROSA GOMES DA FONSECA RIBEIRO";"#NULO#";"PT do B";"FEMININO";"ENSINO MÉDIO COMPLETO";"CASADO(A)";"PARDA";"DONA DE CASA";"APTO";"N";"ROSA GOMES DA FONSECA RIBEIRO";NA;66;"NÃO ELEITO";NA;NA;NA;NA
250000006166;"FERNANDO ANTONIO ALVES DE SOUZA";"#NULO#";"PC do B";"MASCULINO";"SUPERIOR COMPLETO";"DIVORCIADO(A)";"PRETA";"SERVIDOR PÚBLICO ESTADUAL";"APTO";"N";"FERNANDO ANTONIO ALVES DE SOUZA";93065,96;665;"NÃO ELEITO";"FERNANDO ANTONIO ALVES DE SOUZA";6331,45;"Outros Recursos";"Recursos próprios, Recursos de pessoas físicas, Recursos de partido político"
250000077186;"NATALIA BRAGA COSTA PIMENTA";"#NULO#";"PCO";"FEMININO";"SUPERIOR COMPLETO";"SOLTEIRO(A)";"BRANCA";"TRADUTOR, INTÉRPRETE E FILÓLOGO";"APTO";"N";"NATALIA BRAGA COSTA PIMENTA";NA;77;"NÃO ELEITO";NA;NA;NA;NA
250000040612;"OSVALDO NUNES PEREIRA";"#NULO#";"SD";"MASCULINO";"ENSINO FUNDAMENTAL COMPLETO";"CASADO(A)";"PARDA";"OUTROS";"APTO";"N";"OSVALDO NUNES PEREIRA";290000;346;"NÃO ELEITO";"OSVALDO NUNES PEREIRA";280;"Outros Recursos";"Recursos próprios"
250000008333;"VALDINEIA MEIRA MOTA";"#NULO#";"PRB";"FEMININO";"SUPERIOR COMPLETO";"CASADO(A)";"BRANCA";"PROFESSOR DE ENSINO FUNDAMENTAL";"APTO";"N";"VALDINEIA MEIRA MOTA";17000;3271;"SUPLENTE";"VALDINEIA MEIRA MOTA";18744,47;"Outros Recursos, Fundo Partidario";"Recursos próprios, Recursos de partido político, Recursos de outros candidatos, Recursos de pessoas físicas"
250000008330;"RICARDO ELIAS IRALLA";"#NULO#";"PRB";"MASCULINO";"ENSINO MÉDIO COMPLETO";"DIVORCIADO(A)";"PARDA";"OUTROS";"APTO";"N";"RICARDO ELIAS IRALLA";90000;949;"SUPLENTE";"RICARDO ELIAS IRALLA";5195,01;"Fundo Partidario";"Recursos de partido político"
250000050158;"EDINORA MARIA DO NASCIMENTO JESUS";"#NULO#";"PSL";"FEMININO";"ENSINO MÉDIO COMPLETO";"CASADO(A)";"PARDA";"ENFERMEIRO";"APTO";"N";"EDINORA MARIA DO NASCIMENTO JESUS";294000;1354;"NÃO ELEITO";NA;NA;NA;NA
250000058376;"ITAMAR VENANCIO DAS NEVES";"#NULO#";"PTN";"FEMININO";"SUPERIOR INCOMPLETO";"DIVORCIADO(A)";"INDÍGENA";"AGENTE DE SAÚDE E SANITARISTA";"APTO";"N";"ITAMAR VENANCIO DAS NEVES";NA;321;"SUPLENTE";NA;NA;NA;NA
250000058406;"ROSIMERY SANTANA ROSA";"#NULO#";"PTN";"FEMININO";"ENSINO MÉDIO COMPLETO";"SOLTEIRO(A)";"BRANCA";"OUTROS";"APTO";"N";"ROSIMERY SANTANA ROSA";NA;293;"SUPLENTE";NA;NA;NA;NA
250000027336;"GILVAN RIBEIRO XAVIER";"#NULO#";"PT do B";"MASCULINO";"SUPERIOR INCOMPLETO";"SOLTEIRO(A)";"BRANCA";"VENDEDOR PRACISTA, REPRESENTANTE, CAIXEIRO-VIAJANTE E ASSEMELHADOS";"APTO";"N";"GILVAN RIBEIRO XAVIER";NA;163;"NÃO ELEITO";NA;NA;NA;NA
250000019172;"HÉLIO TERUO TAKATA";"#NULO#";"PTB";"MASCULINO";"SUPERIOR COMPLETO";"CASADO(A)";"AMARELA";"EMPRESÁRIO";"APTO";"N";"HÉLIO TERUO TAKATA";1568276,62;2358;"SUPLENTE";"HÉLIO TERUO TAKATA";5000;"Outros Recursos";"Recursos próprios"
250000038367;"RAFAEL ANGELO ABUD";"#NULO#";"PSDC";"MASCULINO";"SUPERIOR COMPLETO";"DIVORCIADO(A)";"BRANCA";"PROFESSOR DE ENSINO SUPERIOR";"APTO";"N";"RAFAEL ANGELO ABUD";42000;181;"NÃO ELEITO";"RAFAEL ANGELO ABUD";2366,98;"Fundo Partidario, Outros Recursos";"Recursos de partido político, Recursos de outros candidatos, Recursos de pessoas físicas"
250000015102;"RENATA VIEIRA SILVA E SOUSA";"#NULO#";"REDE";"FEMININO";"SUPERIOR COMPLETO";"CASADO(A)";"BRANCA";"ADVOGADO";"APTO";"N";"RENATA VIEIRA SILVA E SOUSA";480837,05;315;"NÃO ELEITO";"RENATA VIEIRA SILVA E SOUSA";200;"Outros Recursos";"Recursos próprios"
250000015105;"MARCIO FERREIRA DE ARAUJO JUNIOR";"#NULO#";"REDE";"MASCULINO";"SUPERIOR COMPLETO";"SOLTEIRO(A)";"PRETA";"CIENTISTA POLÍTICO";"APTO";"N";"MARCIO FERREIRA DE ARAUJO JUNIOR";NA;2140;"NÃO ELEITO";"MARCIO FERREIRA DE ARAUJO JUNIOR";18299,98;"Outros Recursos";"Recursos de pessoas físicas"
250000038326;"EDUARDO TSUNEO SAITO";"#NULO#";"PSDC";"MASCULINO";"SUPERIOR COMPLETO";"CASADO(A)";"AMARELA";"POLICIAL CIVIL";"APTO";"N";"EDUARDO TSUNEO SAITO";369801,18;562;"NÃO ELEITO";"EDUARDO TSUNEO SAITO";5261,12;"Outros Recursos, Fundo Partidario";"Recursos próprios, Recursos de partido político, Recursos de outros candidatos, Recursos de pessoas físicas"
250000038415;"ANDERSON DOS SANTOS";"#NULO#";"PSDC";"MASCULINO";"ENSINO MÉDIO COMPLETO";"CASADO(A)";"PRETA";"COMERCIANTE";"APTO";"N";"ANDERSON DOS SANTOS";130000;397;"NÃO ELEITO";NA;NA;NA;NA
250000005009;"LEANDRO BRAGA SOUZA";"#NULO#";"PSDB";"MASCULINO";"SUPERIOR COMPLETO";"CASADO(A)";"PARDA";"EMPRESÁRIO";"APTO";"N";"LEANDRO BRAGA SOUZA";15000;3089;"SUPLENTE";"LEANDRO BRAGA SOUZA";23821,56;"Outros Recursos, Fundo Partidario";"Recursos próprios, Recursos de pessoas físicas, Recursos de outros candidatos, Recursos de partido político"
250000040562;"ADEMIR ALONSO";"#NULO#";"SD";"MASCULINO";"ENSINO MÉDIO COMPLETO";"CASADO(A)";"BRANCA";"APOSENTADO (EXCETO SERVIDOR PÚBLICO)";"APTO";"N";"ADEMIR ALONSO";50000;545;"NÃO ELEITO";"ADEMIR ALONSO";4980,5;"Outros Recursos, Fundo Partidario";"Recursos próprios, Recursos de partido político"
250000008373;"AMAURI DA SILVA";"#NULO#";"PSC";"MASCULINO";"ENSINO MÉDIO COMPLETO";"DIVORCIADO(A)";"BRANCA";"OUTROS";"APTO";"N";"AMAURI DA SILVA";36000;17790;"SUPLENTE";"AMAURI DA SILVA";71953,33;"Outros Recursos, Fundo Partidario";"Recursos próprios, Recursos de pessoas físicas, Recursos de partido político"
250000010855;"ROGÉRIO DE PAULA MATEUS";"#NULO#";"PPS";"MASCULINO";"SUPERIOR COMPLETO";"CASADO(A)";"PRETA";"SERVENTUÁRIO DE JUSTIÇA";"APTO";"N";"ROGÉRIO DE PAULA MATEUS";NA;555;"SUPLENTE";NA;NA;NA;NA
250000010905;"ROSANA PEREIRA DA SILVA";"#NULO#";"PHS";"FEMININO";"ENSINO MÉDIO COMPLETO";"DIVORCIADO(A)";"PARDA";"TAXISTA";"APTO";"N";"ROSANA PEREIRA DA SILVA";6611369,85;336;"SUPLENTE";NA;NA;NA;NA
250000014876;"MARZENI PEREIRA DA SILVA";"#NULO#";"PSOL";"MASCULINO";"SUPERIOR COMPLETO";"CASADO(A)";"PARDA";"OUTROS";"APTO";"N";"MARZENI PEREIRA DA SILVA";3e+05;1589;"SUPLENTE";NA;NA;NA;NA
250000022154;"WADIH JORGE MUTRAN";"#NULO#";"PDT";"MASCULINO";"SUPERIOR COMPLETO";"CASADO(A)";"BRANCA";"VEREADOR";"APTO";"S";"WADIH JORGE MUTRAN";4794190,61;17646;"SUPLENTE";"WADIH JORGE MUTRAN";231522,96;"Outros Recursos";"Recursos próprios, Recursos de pessoas físicas"
250000013957;"SUELI DE MELO";"#NULO#";"PRTB";"FEMININO";"ENSINO FUNDAMENTAL COMPLETO";"DIVORCIADO(A)";"PARDA";"COMERCIANTE";"APTO";"N";"SUELI DE MELO";471500;567;"NÃO ELEITO";NA;NA;NA;NA
250000014870;"CAIO JÚLIO CESAR DEZORZI";"#NULO#";"PSOL";"MASCULINO";"SUPERIOR COMPLETO";"SOLTEIRO(A)";"BRANCA";"OUTROS";"APTO";"N";"CAIO JÚLIO CESAR DEZORZI";NA;1266;"SUPLENTE";"CAIO JÚLIO CESAR DEZORZI";1115;"Outros Recursos";"Recursos de pessoas físicas"
250000005822;"GENYS ALVES JUNIOR";"#NULO#";"NOVO";"MASCULINO";"SUPERIOR COMPLETO";"CASADO(A)";"BRANCA";"ADVOGADO";"APTO";"N";"GENYS ALVES JUNIOR";621720,85;1415;"SUPLENTE";"GENYS ALVES JUNIOR";7300;"Outros Recursos";"Recursos próprios, Recursos de pessoas físicas"
250000006170;"MONICA VIVIANE CHAVES CORREA SISMANOGLU";"#NULO#";"PC do B";"FEMININO";"SUPERIOR COMPLETO";"CASADO(A)";"BRANCA";"ADVOGADO";"APTO";"N";"MONICA VIVIANE CHAVES CORREA SISMANOGLU";47500;265;"NÃO ELEITO";"MONICA VIVIANE CHAVES CORREA SISMANOGLU";9105,89;"Outros Recursos";"Recursos de partido político, Recursos de pessoas físicas"
250000006174;"ADELSON FERREIRA DA SILVA";"#NULO#";"PC do B";"MASCULINO";"SUPERIOR INCOMPLETO";"SOLTEIRO(A)";"BRANCA";"OUTROS";"APTO";"N";"ADELSON FERREIRA DA SILVA";427000;233;"NÃO ELEITO";NA;NA;NA;NA
250000050164;"PAULO SERGIO DE ALMEIDA BRAGA";"#NULO#";"PSL";"MASCULINO";"ENSINO MÉDIO INCOMPLETO";"CASADO(A)";"BRANCA";"APOSENTADO (EXCETO SERVIDOR PÚBLICO)";"APTO";"N";"PAULO SERGIO DE ALMEIDA BRAGA";NA;2017;"NÃO ELEITO";NA;NA;NA;NA
250000019187;"MARIA APARECIDA PINTO SANCHEZ";"#NULO#";"PTB";"FEMININO";"SUPERIOR COMPLETO";"CASADO(A)";"BRANCA";"OUTROS";"APTO";"N";"MARIA APARECIDA PINTO SANCHEZ";585905,56;191;"SUPLENTE";NA;NA;NA;NA
250000011001;"PAULO ROBERTO DE ABREU";"#NULO#";"PSB";"MASCULINO";"SUPERIOR COMPLETO";"CASADO(A)";"BRANCA";"PROFESSOR DE ENSINO SUPERIOR";"APTO";"N";"PAULO ROBERTO DE ABREU";542344,14;761;"SUPLENTE";NA;NA;NA;NA
250000011021;"MAURO KOVTUN SLIACHTICAS";"#NULO#";"DEM";"MASCULINO";"SUPERIOR COMPLETO";"SOLTEIRO(A)";"BRANCA";"ADMINISTRADOR";"APTO";"N";"MAURO KOVTUN SLIACHTICAS";NA;496;"SUPLENTE";"MAURO KOVTUN SLIACHTICAS";2615,83;"Outros Recursos, Fundo Partidario";"Recursos de outros candidatos, Recursos de partido político"
250000013937;"DANIELA RODRIGUES SIQUEIRA CAMPOS";"#NULO#";"PRTB";"FEMININO";"ENSINO MÉDIO INCOMPLETO";"DIVORCIADO(A)";"BRANCA";"OUTROS";"APTO";"N";"DANIELA RODRIGUES SIQUEIRA CAMPOS";NA;186;"NÃO ELEITO";NA;NA;NA;NA
250000006182;"EDILENE SOUZA MACHADO";"#NULO#";"PC do B";"FEMININO";"SUPERIOR INCOMPLETO";"SOLTEIRO(A)";"BRANCA";"BANCÁRIO E ECONOMIÁRIO";"APTO";"N";"EDILENE SOUZA MACHADO";NA;211;"NÃO ELEITO";"EDILENE SOUZA MACHADO";11054,72;"Outros Recursos";"Recursos de pessoas físicas, Recursos de partido político"
250000019159;"ROQUE PINHEIRO GODOY";"#NULO#";"PTB";"MASCULINO";"SUPERIOR COMPLETO";"CASADO(A)";"PARDA";"COMERCIANTE";"APTO";"N";"ROQUE PINHEIRO GODOY";163389,24;1871;"SUPLENTE";"ROQUE PINHEIRO GODOY";21378;"Outros Recursos, Fundo Partidario";"Recursos próprios, Recursos de pessoas físicas, Recursos de partido político"
250000020818;"DICESAR FERREIRA DOS SANTOS";"#NULO#";"PMDB";"MASCULINO";"ENSINO FUNDAMENTAL INCOMPLETO";"SOLTEIRO(A)";"BRANCA";"MANICURE E MAQUILADOR";"APTO";"N";"DICESAR FERREIRA DOS SANTOS";728000;2932;"SUPLENTE";NA;NA;NA;NA
250000019156;"SÉTIMA MARIA VIEIRA DE ARAUJO";"#NULO#";"PTB";"FEMININO";"SUPERIOR COMPLETO";"CASADO(A)";"PARDA";"PEDAGOGO";"APTO";"N";"SÉTIMA MARIA VIEIRA DE ARAUJO";350000;1321;"SUPLENTE";"SÉTIMA MARIA VIEIRA DE ARAUJO";18030;"Outros Recursos, Fundo Partidario";"Recursos de partido político, Recursos próprios, Recursos de pessoas físicas"
250000019160;"MARCO ANTONIO COMBERTINO";"#NULO#";"PTB";"MASCULINO";"ENSINO MÉDIO COMPLETO";"CASADO(A)";"BRANCA";"COMERCIANTE";"APTO";"N";"MARCO ANTONIO COMBERTINO";29000;596;"SUPLENTE";NA;NA;NA;NA
250000022138;"RITA DE CASSIA DA SILVA VASCONCELOS";"#NULO#";"PROS";"FEMININO";"ENSINO MÉDIO COMPLETO";"SOLTEIRO(A)";"PARDA";"ADMINISTRADOR";"APTO";"N";"RITA DE CASSIA DA SILVA VASCONCELOS";NA;305;"SUPLENTE";NA;NA;NA;NA
250000040585;"EDSON SILVA SANTOS";"#NULO#";"SD";"MASCULINO";"ENSINO FUNDAMENTAL INCOMPLETO";"DIVORCIADO(A)";"PARDA";"OUTROS";"APTO";"N";"EDSON SILVA SANTOS";NA;292;"NÃO ELEITO";"EDSON SILVA SANTOS";6980,5;"Outros Recursos, Fundo Partidario";"Recursos de pessoas físicas, Recursos de partido político"
250000062791;"LUIZ HENRIQUE CASARETTI";"#NULO#";"PATRIOTA";"MASCULINO";"SUPERIOR COMPLETO";"CASADO(A)";"BRANCA";"PSICÓLOGO";"APTO";"N";"LUIZ HENRIQUE CASARETTI";693331,17;504;"NÃO ELEITO";NA;NA;NA;NA
250000004996;"ROBERTO GUASTELLI TESTASECCA";"#NULO#";"PSDB";"MASCULINO";"SUPERIOR COMPLETO";"CASADO(A)";"BRANCA";"EMPRESÁRIO";"APTO";"N";"ROBERTO GUASTELLI TESTASECCA";392173,77;2899;"SUPLENTE";NA;NA;NA;NA
250000014879;"RAPHAEL MARTINS FERRIS";"#NULO#";"PSOL";"MASCULINO";"SUPERIOR COMPLETO";"SOLTEIRO(A)";"BRANCA";"FISIOTERAPEUTA E TERAPEUTA OCUPACIONAL";"APTO";"N";"RAPHAEL MARTINS FERRIS";460000;1127;"SUPLENTE";"RAPHAEL MARTINS FERRIS";2850;"Outros Recursos";"Recursos próprios, Recursos de pessoas físicas"
250000038349;"SIMONE MICHICO GAVA HIEDA";"#NULO#";"PSDC";"FEMININO";"SUPERIOR INCOMPLETO";"DIVORCIADO(A)";"AMARELA";"OUTROS";"APTO";"N";"SIMONE MICHICO GAVA HIEDA";14000;29;"NÃO ELEITO";NA;NA;NA;NA
250000011642;"MAURO PINTO FERREIRA";"#NULO#";"PV";"MASCULINO";"ENSINO MÉDIO COMPLETO";"CASADO(A)";"BRANCA";"TAXISTA";"APTO";"N";"MAURO PINTO FERREIRA";16850;598;"SUPLENTE";"MAURO PINTO FERREIRA";1060;"Outros Recursos";"Recursos próprios"
250000010885;"JOSE AN";"#NULO#";"PHS";"MASCULINO";"SUPERIOR COMPLETO";"DIVORCIADO(A)";"BRANCA";"POLICIAL CIVIL";"APTO";"N";"JOSE AN";185000;362;"SUPLENTE";NA;NA;NA;NA
250000027292;"ANTONIO ORDEIRDO MAURICIO SILVA";"#NULO#";"PRP";"MASCULINO";"LÊ E ESCREVE";"DIVORCIADO(A)";"BRANCA";"MOTORISTA DE VEÍCULOS DE TRANSPORTE COLETIVO DE PASSAGEIROS";"APTO";"N";"ANTONIO ORDEIRDO MAURICIO SILVA";NA;368;"NÃO ELEITO";NA;NA;NA;NA
250000004983;"CELIA REGINA SILVA BICUDO";"#NULO#";"PSDB";"FEMININO";"SUPERIOR COMPLETO";"CASADO(A)";"BRANCA";"APOSENTADO (EXCETO SERVIDOR PÚBLICO)";"APTO";"N";"CELIA REGINA SILVA BICUDO";775000;1887;"SUPLENTE";NA;NA;NA;NA
250000058391;"LUIZ PASCHOAL";"#NULO#";"PTN";"MASCULINO";"ENSINO MÉDIO COMPLETO";"CASADO(A)";"BRANCA";"ADMINISTRADOR";"APTO";"N";"LUIZ PASCHOAL";1138974,69;12029;"SUPLENTE";"LUIZ PASCHOAL";93168,59;"Fundo Partidario, Outros Recursos";"Recursos de outros candidatos, Recursos de pessoas físicas, Recursos de partido político"
250000022139;"RODINEI FERREIRA SOUZA";"#NULO#";"PROS";"MASCULINO";"ENSINO FUNDAMENTAL COMPLETO";"CASADO(A)";"PARDA";"SUPERVISOR, INSPETOR E AGENTE DE COMPRAS E VENDAS";"APTO";"N";"RODINEI FERREIRA SOUZA";NA;1666;"SUPLENTE";"RODINEI FERREIRA SOUZA";69097,12;"Outros Recursos, Fundo Partidario";"Recursos de partido político, Recursos próprios, Recursos de pessoas físicas"
250000020850;"PAULO EDUARDO LEITÃO TEIXEIRA";"#NULO#";"PSD";"MASCULINO";"ENSINO MÉDIO COMPLETO";"CASADO(A)";"BRANCA";"CORRETOR DE IMÓVEIS, SEGUROS, TÍTULOS E VALORES";"APTO";"N";"PAULO EDUARDO LEITÃO TEIXEIRA";338973,06;259;"SUPLENTE";"PAULO EDUARDO LEITÃO TEIXEIRA";700;"Outros Recursos";"Recursos próprios"
250000019197;"PAULO BORGES SIQUEIRA";"#NULO#";"PTB";"MASCULINO";"SUPERIOR COMPLETO";"CASADO(A)";"PARDA";"EMPRESÁRIO";"APTO";"N";"PAULO BORGES SIQUEIRA";NA;1178;"SUPLENTE";NA;NA;NA;NA
250000010902;"PATRICIA SALINAS CICARELLI";"#NULO#";"PHS";"FEMININO";"SUPERIOR COMPLETO";"CASADO(A)";"BRANCA";"PSICÓLOGO";"APTO";"N";"PATRICIA SALINAS CICARELLI";50000;694;"SUPLENTE";NA;NA;NA;NA
250000008325;"FABIANO MESSIAS BORGES DA SILVA";"#NULO#";"PRB";"MASCULINO";"SUPERIOR COMPLETO";"CASADO(A)";"BRANCA";"SERVIDOR PÚBLICO ESTADUAL";"APTO";"N";"FABIANO MESSIAS BORGES DA SILVA";120000;2165;"SUPLENTE";"FABIANO MESSIAS BORGES DA SILVA";6417,5;"Outros Recursos";"Recursos próprios, Recursos de partido político"
250000011011;"ROBERVAL CONTE LOPES LIMA";"#NULO#";"PP";"MASCULINO";"SUPERIOR COMPLETO";"CASADO(A)";"BRANCA";"POLICIAL MILITAR";"APTO";"S";"ROBERVAL CONTE LOPES LIMA";2855523,47;80052;"ELEITO POR QP";"ROBERVAL CONTE LOPES LIMA";214125,56;"Outros Recursos, Fundo Partidario";"Recursos próprios, Recursos de pessoas físicas, Recursos de outros candidatos, Recursos de partido político"
250000020844;"MARCELO PEREIRA MACEDO";"#NULO#";"PSD";"MASCULINO";"SUPERIOR COMPLETO";"CASADO(A)";"BRANCA";"EMPRESÁRIO";"APTO";"N";"MARCELO PEREIRA MACEDO";NA;110;"SUPLENTE";NA;NA;NA;NA
250000022076;"ARSELINO ROQUE TATTO";"#NULO#";"PT";"MASCULINO";"SUPERIOR COMPLETO";"CASADO(A)";"BRANCA";"VEREADOR";"APTO";"S";"ARSELINO ROQUE TATTO";620882;26596;"ELEITO POR MÉDIA";"ARSELINO ROQUE TATTO";196455,09;"Outros Recursos, Fundo Partidario";"Recursos de pessoas físicas, Recursos de partido político"
250000005800;"RODRIGO DE FREITAS BORGES FONSECA";"#NULO#";"NOVO";"MASCULINO";"SUPERIOR COMPLETO";"CASADO(A)";"BRANCA";"ENGENHEIRO";"APTO";"N";"RODRIGO DE FREITAS BORGES FONSECA";1042000;7343;"SUPLENTE";"RODRIGO DE FREITAS BORGES FONSECA";52144,15;"Outros Recursos";"Recursos de pessoas físicas, Doações pela Internet"
250000006168;"JORGE ANTONIO DA SILVA";"#NULO#";"PC do B";"MASCULINO";"ENSINO MÉDIO COMPLETO";"CASADO(A)";"PRETA";"SERVIDOR PÚBLICO FEDERAL";"APTO";"N";"JORGE ANTONIO DA SILVA";550000;1429;"NÃO ELEITO";"JORGE ANTONIO DA SILVA";22719,25;"Outros Recursos, Fundo Partidario";"Recursos próprios, Recursos de partido político"
250000008358;"VALTER ALVES DE PAIVA";"#NULO#";"PRB";"MASCULINO";"SUPERIOR COMPLETO";"CASADO(A)";"BRANCA";"ADVOGADO";"APTO";"N";"VALTER ALVES DE PAIVA";510037,24;659;"SUPLENTE";NA;NA;NA;NA
250000040601;"ELVIS VIEIRA DAVID DE BRITO";"#NULO#";"SD";"MASCULINO";"ENSINO MÉDIO COMPLETO";"DIVORCIADO(A)";"BRANCA";"MOTORISTA PARTICULAR";"APTO";"N";"ELVIS VIEIRA DAVID DE BRITO";NA;118;"NÃO ELEITO";NA;NA;NA;NA
250000008356;"MARIA VERONICE BELARMINO DE FREITAS";"#NULO#";"PRB";"FEMININO";"ENSINO FUNDAMENTAL INCOMPLETO";"CASADO(A)";"BRANCA";"DONA DE CASA";"APTO";"N";"MARIA VERONICE BELARMINO DE FREITAS";NA;355;"SUPLENTE";NA;NA;NA;NA
250000038344;"REGINA MARIANO";"#NULO#";"PSDC";"FEMININO";"ENSINO MÉDIO COMPLETO";"SOLTEIRO(A)";"PRETA";"OUTROS";"APTO";"N";"REGINA MARIANO";NA;14;"NÃO ELEITO";NA;NA;NA;NA
250000014874;"MARIA DE LOURDES OLIVEIRA";"#NULO#";"PSOL";"FEMININO";"SUPERIOR COMPLETO";"DIVORCIADO(A)";"BRANCA";"APOSENTADO (EXCETO SERVIDOR PÚBLICO)";"APTO";"N";"MARIA DE LOURDES OLIVEIRA";450000;182;"SUPLENTE";"MARIA DE LOURDES OLIVEIRA";3535,05;"Outros Recursos";"Recursos próprios"
250000050189;"LEONOR LISBOA ALVES";"#NULO#";"PSL";"FEMININO";"ENSINO MÉDIO COMPLETO";"SEPARADO(A) JUDICIALMENTE";"PARDA";"VIGILANTE";"APTO";"N";"LEONOR LISBOA ALVES";NA;437;"NÃO ELEITO";NA;NA;NA;NA
250000040589;"CRISPINIANO BOMFIM DE SANTANA";"#NULO#";"SD";"MASCULINO";"ENSINO MÉDIO COMPLETO";"SOLTEIRO(A)";"BRANCA";"EMPRESÁRIO";"APTO";"N";"CRISPINIANO BOMFIM DE SANTANA";NA;82;"NÃO ELEITO";NA;NA;NA;NA
250000011674;"DORALICE MARIA DE JESUS SILVA";"#NULO#";"PV";"FEMININO";"SUPERIOR COMPLETO";"CASADO(A)";"PARDA";"ENFERMEIRO";"APTO";"N";"DORALICE MARIA DE JESUS SILVA";NA;659;"SUPLENTE";NA;NA;NA;NA
250000008303;"ROGER LIN";"#NULO#";"PRB";"MASCULINO";"SUPERIOR COMPLETO";"CASADO(A)";"AMARELA";"MÉDICO";"APTO";"N";"ROGER LIN";1196381,68;6186;"SUPLENTE";NA;NA;NA;NA
250000019149;"LEANDRO CABRAL DA CONCEIÇÃO";"#NULO#";"PTB";"MASCULINO";"SUPERIOR COMPLETO";"SOLTEIRO(A)";"PRETA";"OUTROS";"APTO";"N";"LEANDRO CABRAL DA CONCEIÇÃO";1e+05;1282;"SUPLENTE";NA;NA;NA;NA
250000006204;"VALÉRIA RODRIGUES";"#NULO#";"PC do B";"FEMININO";"ENSINO MÉDIO COMPLETO";"SOLTEIRO(A)";"PARDA";"OUTROS";"APTO";"N";"VALÉRIA RODRIGUES";NA;57;"NÃO ELEITO";NA;NA;NA;NA
250000020807;"JURACI SOUZA SANTANA";"#NULO#";"PMDB";"MASCULINO";"ENSINO MÉDIO COMPLETO";"SOLTEIRO(A)";"BRANCA";"MOTORISTA DE VEÍCULOS DE TRANSPORTE COLETIVO DE PASSAGEIROS";"APTO";"N";"JURACI SOUZA SANTANA";352157,6;3352;"SUPLENTE";"JURACI SOUZA SANTANA";19292,65;"Outros Recursos";"Recursos próprios, Recursos de pessoas físicas"
250000020831;"FERNANDO JOSÉ VELUCCI";"#NULO#";"PSD";"MASCULINO";"SUPERIOR COMPLETO";"CASADO(A)";"BRANCA";"EMPRESÁRIO";"APTO";"N";"FERNANDO JOSÉ VELUCCI";523591,08;2977;"SUPLENTE";"FERNANDO JOSÉ VELUCCI";1320;"Outros Recursos";"Recursos próprios"
250000058410;"EVANDRO VICENTE RIBEIRO";"#NULO#";"PTN";"MASCULINO";"ENSINO MÉDIO COMPLETO";"SOLTEIRO(A)";"BRANCA";"ENFERMEIRO";"APTO";"N";"EVANDRO VICENTE RIBEIRO";NA;676;"SUPLENTE";NA;NA;NA;NA
250000058342;"MARISA BELTRAME";"#NULO#";"PTN";"FEMININO";"SUPERIOR COMPLETO";"SOLTEIRO(A)";"BRANCA";"ADMINISTRADOR";"APTO";"N";"MARISA BELTRAME";NA;770;"SUPLENTE";NA;NA;NA;NA
250000011623;"MARCIO ALEXANDRE PEREIRA";"#NULO#";"PV";"MASCULINO";"SUPERIOR COMPLETO";"SOLTEIRO(A)";"BRANCA";"ADVOGADO";"APTO";"N";"MARCIO ALEXANDRE PEREIRA";150801,91;1584;"SUPLENTE";"MARCIO ALEXANDRE PEREIRA";1410;"Outros Recursos";"Recursos próprios"
250000010878;"FABIANO TAKESHI YAMASHITA";"#NULO#";"PHS";"MASCULINO";"ENSINO MÉDIO COMPLETO";"SOLTEIRO(A)";"BRANCA";"COMERCIANTE";"APTO";"N";"FABIANO TAKESHI YAMASHITA";62000;1349;"SUPLENTE";NA;NA;NA;NA
250000008334;"VILMA MISSIAS CERQUEIRA DA ROCHA";"#NULO#";"PRB";"FEMININO";"SUPERIOR INCOMPLETO";"CASADO(A)";"PARDA";"OUTROS";"APTO";"N";"VILMA MISSIAS CERQUEIRA DA ROCHA";NA;443;"SUPLENTE";NA;NA;NA;NA
250000008350;"OSVALDO APARECIDO DE JESUS";"#NULO#";"PRB";"MASCULINO";"SUPERIOR COMPLETO";"CASADO(A)";"PARDA";"COMERCIANTE";"APTO";"N";"OSVALDO APARECIDO DE JESUS";1470000;1737;"SUPLENTE";NA;NA;NA;NA
250000013972;"SIGMAR DUPRE GUIMARAES";"#NULO#";"PRTB";"MASCULINO";"SUPERIOR COMPLETO";"CASADO(A)";"BRANCA";"APOSENTADO (EXCETO SERVIDOR PÚBLICO)";"APTO";"N";"SIGMAR DUPRE GUIMARAES";307603,38;1158;"NÃO ELEITO";"SIGMAR DUPRE GUIMARAES";7729,99;"Outros Recursos, Fundo Partidario";"Recursos próprios, Recursos de pessoas físicas, Recursos de partido político"
250000040584;"TANIA CALHEIROS MOTTA";"#NULO#";"SD";"FEMININO";"ENSINO MÉDIO COMPLETO";"SEPARADO(A) JUDICIALMENTE";"BRANCA";"OUTROS";"APTO";"N";"TANIA CALHEIROS MOTTA";NA;95;"NÃO ELEITO";NA;NA;NA;NA
250000022078;"CAROLINE DE MORAES SOARES";"#NULO#";"PT";"FEMININO";"SUPERIOR INCOMPLETO";"SOLTEIRO(A)";"BRANCA";"ESTUDANTE, BOLSISTA, ESTAGIÁRIO E ASSEMELHADOS";"APTO";"N";"CAROLINE DE MORAES SOARES";NA;516;"SUPLENTE";"CAROLINE DE MORAES SOARES";31975,87;"Fundo Partidario, Outros Recursos";"Recursos de partido político, Recursos de outros candidatos, Recursos de pessoas físicas"
250000019135;"MARCELLIE ANUNCIAÇÃO DESSIMONI BATISTA";"#NULO#";"PTB";"FEMININO";"SUPERIOR COMPLETO";"SOLTEIRO(A)";"PARDA";"ENGENHEIRO";"APTO";"N";"MARCELLIE ANUNCIAÇÃO DESSIMONI BATISTA";NA;1830;"SUPLENTE";"MARCELLIE ANUNCIAÇÃO DESSIMONI BATISTA";30000;"Outros Recursos";"Recursos de partido político, Recursos de pessoas físicas"
250000019161;"EDUARDO MARQUES RIBEIRO";"#NULO#";"PTB";"MASCULINO";"SUPERIOR COMPLETO";"CASADO(A)";"BRANCA";"SERVIDOR PÚBLICO ESTADUAL";"APTO";"N";"EDUARDO MARQUES RIBEIRO";107695;378;"SUPLENTE";"EDUARDO MARQUES RIBEIRO";1675;"Outros Recursos, Fundo Partidario";"Recursos de partido político, Recursos de outros candidatos, Recursos de pessoas físicas"
250000019203;"MANOEL FERNANDO GOMES RODRIGUES";"#NULO#";"PTB";"MASCULINO";"ENSINO MÉDIO COMPLETO";"CASADO(A)";"BRANCA";"COMERCIANTE";"APTO";"N";"MANOEL FERNANDO GOMES RODRIGUES";362500;3372;"SUPLENTE";NA;NA;NA;NA
250000006202;"TATIANA RODRIGUES ARAUJO";"#NULO#";"PC do B";"FEMININO";"SUPERIOR COMPLETO";"SOLTEIRO(A)";"BRANCA";"MOTORISTA DE VEÍCULOS DE TRANSPORTE COLETIVO DE PASSAGEIROS";"APTO";"N";"TATIANA RODRIGUES ARAUJO";NA;506;"NÃO ELEITO";"TATIANA RODRIGUES ARAUJO";5841,45;"Outros Recursos";"Recursos de pessoas físicas, Recursos de partido político"
250000027334;"GENIVAL PEREIRA DA SILVA";"#NULO#";"PT do B";"MASCULINO";"SUPERIOR COMPLETO";"CASADO(A)";"BRANCA";"PROFESSOR DE ENSINO MÉDIO";"APTO";"N";"GENIVAL PEREIRA DA SILVA";166495,2;1415;"NÃO ELEITO";NA;NA;NA;NA
250000040561;"CLAUDIA CRISTINA LUCAS DRYGALA";"#NULO#";"SD";"FEMININO";"ENSINO MÉDIO COMPLETO";"DIVORCIADO(A)";"BRANCA";"OUTROS";"APTO";"N";"CLAUDIA CRISTINA LUCAS DRYGALA";12000;269;"NÃO ELEITO";NA;NA;NA;NA
250000010884;"GUILHERME LEVY GARISIO SARTORI";"#NULO#";"PHS";"MASCULINO";"SUPERIOR COMPLETO";"SOLTEIRO(A)";"BRANCA";"ADMINISTRADOR";"APTO";"N";"GUILHERME LEVY GARISIO SARTORI";126783,5;2546;"SUPLENTE";"GUILHERME LEVY GARISIO SARTORI";42838,3;"Outros Recursos";"Recursos de outros candidatos, Recursos próprios, Recursos de pessoas físicas"
250000006143;"ANTONIO CARLOS DA COSTA GONÇALVES";"#NULO#";"PC do B";"MASCULINO";"SUPERIOR COMPLETO";"CASADO(A)";"PRETA";"ATLETA PROFISSIONAL E TÉCNICO EM DESPORTOS";"APTO";"N";"ANTONIO CARLOS DA COSTA GONÇALVES";50400,37;590;"NÃO ELEITO";"ANTONIO CARLOS DA COSTA GONÇALVES";19007,55;"Outros Recursos, Fundo Partidario";"Recursos de partido político"
250000024355;"GABRIELA GUERRERO ARIONE";"#NULO#";"PSTU";"FEMININO";"SUPERIOR COMPLETO";"CASADO(A)";"BRANCA";"PROFESSOR DE ENSINO MÉDIO";"APTO";"N";"GABRIELA GUERRERO ARIONE";222000;266;"NÃO ELEITO";NA;NA;NA;NA
250000058360;"ALAX LEANDRO CRIPPA PORTO";"#NULO#";"PTN";"MASCULINO";"ENSINO MÉDIO COMPLETO";"SOLTEIRO(A)";"BRANCA";"ADMINISTRADOR";"APTO";"N";"ALAX LEANDRO CRIPPA PORTO";NA;410;"SUPLENTE";NA;NA;NA;NA
250000014898;"DORBERTO ROCHA CARVALHO";"#NULO#";"PSOL";"MASCULINO";"SUPERIOR COMPLETO";"DIVORCIADO(A)";"PARDA";"ESCRITOR E CRÍTICO";"APTO";"N";"DORBERTO ROCHA CARVALHO";14500;1994;"SUPLENTE";"DORBERTO ROCHA CARVALHO";13879,32;"Outros Recursos";"Recursos próprios, Recursos de pessoas físicas"
250000020830;"FABIO GOMES SOUTO";"#NULO#";"PSD";"MASCULINO";"SUPERIOR COMPLETO";"SOLTEIRO(A)";"BRANCA";"OUTROS";"APTO";"N";"FABIO GOMES SOUTO";NA;1544;"SUPLENTE";NA;NA;NA;NA
250000005824;"ISABEL CRISTINA ALVES BARCELLO";"#NULO#";"NOVO";"FEMININO";"SUPERIOR INCOMPLETO";"SOLTEIRO(A)";"PRETA";"ESTUDANTE, BOLSISTA, ESTAGIÁRIO E ASSEMELHADOS";"APTO";"N";"ISABEL CRISTINA ALVES BARCELLO";0,1;399;"SUPLENTE";NA;NA;NA;NA
250000050177;"ROMILDO FIDELIS";"#NULO#";"PSL";"MASCULINO";"ENSINO MÉDIO INCOMPLETO";"SOLTEIRO(A)";"BRANCA";"VIGILANTE";"APTO";"N";"ROMILDO FIDELIS";160000;345;"NÃO ELEITO";"ROMILDO FIDELIS";446,21;"Outros Recursos, Fundo Partidario";"Recursos de outros candidatos, Recursos de partido político"
250000062795;"JEAN PAULO MICHELETTI";"#NULO#";"PATRIOTA";"MASCULINO";"ENSINO FUNDAMENTAL INCOMPLETO";"SOLTEIRO(A)";"BRANCA";"OUTROS";"APTO";"N";"JEAN PAULO MICHELETTI";NA;97;"NÃO ELEITO";NA;NA;NA;NA
250000011638;"ANDRE LUIZ CAGNI";"#NULO#";"PV";"MASCULINO";"SUPERIOR COMPLETO";"SOLTEIRO(A)";"BRANCA";"PRODUTOR DE ESPETÁCULOS PÚBLICOS";"APTO";"N";"ANDRE LUIZ CAGNI";230579,59;2065;"SUPLENTE";"ANDRE LUIZ CAGNI";2450;"Outros Recursos";"Recursos próprios, Recursos de pessoas físicas"
250000004987;"CLAUDIO ROBERTO BARBOSA DE SOUZA";"#NULO#";"PSDB";"MASCULINO";"ENSINO FUNDAMENTAL COMPLETO";"SEPARADO(A) JUDICIALMENTE";"BRANCA";"VEREADOR";"APTO";"S";"CLAUDIO ROBERTO BARBOSA DE SOUZA";549004,68;24923;"ELEITO POR MÉDIA";"CLAUDIO ROBERTO BARBOSA DE SOUZA";325740;"Outros Recursos, Fundo Partidario";"Recursos de outros candidatos, Recursos próprios, Recursos de pessoas físicas"
250000077187;"DORALICE DOS SANTOS";"#NULO#";"PCO";"FEMININO";"SUPERIOR COMPLETO";"SOLTEIRO(A)";"BRANCA";"ASSISTENTE SOCIAL";"APTO";"N";"DORALICE DOS SANTOS";NA;65;"NÃO ELEITO";NA;NA;NA;NA
250000093983;"RENIA APARECIDA PEREIRA VAZ AMARANTE";"#NULO#";"PSL";"FEMININO";"LÊ E ESCREVE";"SOLTEIRO(A)";"BRANCA";"MOTORISTA DE VEÍCULOS DE TRANSPORTE COLETIVO DE PASSAGEIROS";"APTO";"N";"RENIA APARECIDA PEREIRA VAZ AMARANTE";NA;207;"NÃO ELEITO";NA;NA;NA;NA
250000011649;"MARCOS NERES ASSIS";"#NULO#";"PV";"MASCULINO";"SUPERIOR COMPLETO";"CASADO(A)";"PRETA";"REPRESENTANTE COMERCIAL";"APTO";"N";"MARCOS NERES ASSIS";NA;735;"SUPLENTE";NA;NA;NA;NA
250000008343;"SIDNEY SAULO DE OLIVEIRA";"#NULO#";"PRB";"MASCULINO";"SUPERIOR INCOMPLETO";"SOLTEIRO(A)";"BRANCA";"EMPRESÁRIO";"APTO";"N";"SIDNEY SAULO DE OLIVEIRA";88421,41;5833;"SUPLENTE";NA;NA;NA;NA
250000050143;"AGEU DA CRUZ ALMEIDA";"#NULO#";"PSL";"MASCULINO";"ENSINO MÉDIO COMPLETO";"CASADO(A)";"PRETA";"POLICIAL MILITAR";"APTO";"N";"AGEU DA CRUZ ALMEIDA";NA;1271;"NÃO ELEITO";"AGEU DA CRUZ ALMEIDA";4588,41;"Outros Recursos, Fundo Partidario";"Recursos próprios, Recursos de outros candidatos, Recursos de partido político"
250000077184;"MARCIO ROBERTO OLIVEIRA";"#NULO#";"PCO";"MASCULINO";"ENSINO MÉDIO COMPLETO";"SOLTEIRO(A)";"PARDA";"AGENTE DE SERVIÇOS FUNERÁRIOS E EMBALSAMADOR";"APTO";"N";"MARCIO ROBERTO OLIVEIRA";7000;56;"NÃO ELEITO";NA;NA;NA;NA
250000027318;"JOSE ROBERTO DO NASCIMENTO";"#NULO#";"PTC";"MASCULINO";"ENSINO MÉDIO COMPLETO";"CASADO(A)";"PRETA";"OUTROS";"APTO";"N";"JOSE ROBERTO DO NASCIMENTO";NA;40;"NÃO ELEITO";NA;NA;NA;NA
250000022077;"CARIN SANCHES DE MORAES";"#NULO#";"PT";"FEMININO";"SUPERIOR COMPLETO";"SOLTEIRO(A)";"PRETA";"PROFESSOR DE ENSINO FUNDAMENTAL";"APTO";"N";"CARIN SANCHES DE MORAES";16500;295;"SUPLENTE";"CARIN SANCHES DE MORAES";9727,27;"Outros Recursos, Fundo Partidario";"Recursos de outros candidatos, Recursos de partido político"
250000005003;"DANIEL ANNENBERG";"#NULO#";"PSDB";"MASCULINO";"SUPERIOR COMPLETO";"CASADO(A)";"BRANCA";"ADMINISTRADOR";"APTO";"N";"DANIEL ANNENBERG";528737,09;36983;"ELEITO POR QP";"DANIEL ANNENBERG";622449,26;"Outros Recursos";"Recursos de pessoas físicas, Doações pela Internet, Recursos de partido político, Recursos de outros candidatos, Rendimentos de aplicações financeiras, Recursos próprios"
250000050183;"LUIZ CARLOS CORREA";"#NULO#";"PSL";"MASCULINO";"SUPERIOR COMPLETO";"CASADO(A)";"BRANCA";"SERVIDOR PÚBLICO ESTADUAL";"APTO";"N";"LUIZ CARLOS CORREA";341947,3;503;"NÃO ELEITO";NA;NA;NA;NA
250000013936;"CLAUDIO RIBEIRO";"#NULO#";"PRTB";"MASCULINO";"ENSINO MÉDIO COMPLETO";"CASADO(A)";"BRANCA";"CORRETOR DE IMÓVEIS, SEGUROS, TÍTULOS E VALORES";"APTO";"N";"CLAUDIO RIBEIRO";223000;144;"NÃO ELEITO";NA;NA;NA;NA
250000062809;"ROBINSON HERRERO NOVAIS";"#NULO#";"PATRIOTA";"MASCULINO";"ENSINO MÉDIO COMPLETO";"CASADO(A)";"BRANCA";"OUTROS";"APTO";"N";"ROBINSON HERRERO NOVAIS";875000;2435;"NÃO ELEITO";"ROBINSON HERRERO NOVAIS";2720;"Outros Recursos";"Recursos de pessoas físicas, Recursos de partido político"
250000022092;"MARCIA REGINA GABRIELA CABRAL PEREIRA";"#NULO#";"PT";"FEMININO";"SUPERIOR COMPLETO";"SOLTEIRO(A)";"BRANCA";"ADVOGADO";"APTO";"N";"MARCIA REGINA GABRIELA CABRAL PEREIRA";222000;229;"SUPLENTE";"MARCIA REGINA GABRIELA CABRAL PEREIRA";22007,27;"Outros Recursos, Fundo Partidario";"Recursos de outros candidatos, Recursos de partido político, Recursos de pessoas físicas"
250000038399;"MARIA LUCIA BORGES";"#NULO#";"PSDC";"FEMININO";"ENSINO MÉDIO COMPLETO";"SOLTEIRO(A)";"BRANCA";"EMPRESÁRIO";"APTO";"N";"MARIA LUCIA BORGES";998800;771;"NÃO ELEITO";"MARIA LUCIA BORGES";2298,66;"Outros Recursos, Fundo Partidario";"Recursos de outros candidatos, Recursos de partido político"
250000006189;"HELENA ROSÂNGELA SILVA SATTIM";"#NULO#";"PC do B";"FEMININO";"ENSINO FUNDAMENTAL COMPLETO";"VIÚVO(A)";"BRANCA";"OUTROS";"APTO";"N";"HELENA ROSÂNGELA SILVA SATTIM";20000;263;"NÃO ELEITO";NA;NA;NA;NA
250000062789;"CARLOS AUGUSTO ALEXANDRE SOARES";"#NULO#";"PATRIOTA";"MASCULINO";"SUPERIOR COMPLETO";"SOLTEIRO(A)";"BRANCA";"PSICÓLOGO";"APTO";"N";"CARLOS AUGUSTO ALEXANDRE SOARES";NA;902;"NÃO ELEITO";NA;NA;NA;NA
250000027304;"JOÃO BOSCO DANTAS LOPES";"#NULO#";"PRP";"MASCULINO";"ENSINO MÉDIO COMPLETO";"SEPARADO(A) JUDICIALMENTE";"BRANCA";"COMERCIÁRIO";"APTO";"N";"JOÃO BOSCO DANTAS LOPES";NA;286;"NÃO ELEITO";NA;NA;NA;NA
250000008298;"JOSÉ ANDRÉ CEZARIO";"#NULO#";"PRB";"MASCULINO";"ENSINO FUNDAMENTAL COMPLETO";"CASADO(A)";"PRETA";"APOSENTADO (EXCETO SERVIDOR PÚBLICO)";"APTO";"N";"JOSÉ ANDRÉ CEZARIO";350000;1076;"SUPLENTE";NA;NA;NA;NA
250000010880;"GERSON FIUZA DE JESUS";"#NULO#";"PHS";"MASCULINO";"ENSINO FUNDAMENTAL COMPLETO";"CASADO(A)";"PARDA";"VENDEDOR DE COMÉRCIO VAREJISTA E ATACADISTA";"APTO";"N";"GERSON FIUZA DE JESUS";NA;2062;"SUPLENTE";NA;NA;NA;NA
250000015107;"LUIZ ROGERIO DA SILVA";"#NULO#";"REDE";"MASCULINO";"ENSINO MÉDIO COMPLETO";"SOLTEIRO(A)";"PARDA";"OUTROS";"APTO";"N";"LUIZ ROGERIO DA SILVA";500;468;"NÃO ELEITO";NA;NA;NA;NA
250000062810;"JOSE CARLOS ALVES DE AGUIAR";"#NULO#";"PATRIOTA";"MASCULINO";"SUPERIOR COMPLETO";"SOLTEIRO(A)";"BRANCA";"OUTROS";"APTO";"N";"JOSE CARLOS ALVES DE AGUIAR";97044;1905;"NÃO ELEITO";"JOSE CARLOS ALVES DE AGUIAR";7000;"Outros Recursos";"Recursos próprios"
250000020839;"JOÃO MARCOS MARTINS";"#NULO#";"PSD";"MASCULINO";"SUPERIOR COMPLETO";"DIVORCIADO(A)";"BRANCA";"EMPRESÁRIO";"APTO";"N";"JOÃO MARCOS MARTINS";252000;907;"SUPLENTE";"JOÃO MARCOS MARTINS";8800;"Outros Recursos";"Recursos próprios, Recursos de pessoas físicas"
250000058388;"CREUSA VIEIRA DANTAS ARAUJO";"#NULO#";"PTN";"FEMININO";"SUPERIOR COMPLETO";"CASADO(A)";"BRANCA";"JORNALISTA E REDATOR";"APTO";"N";"CREUSA VIEIRA DANTAS ARAUJO";30000;253;"SUPLENTE";NA;NA;NA;NA
250000044424;"CLEIDE DE ALMEIDA";"#NULO#";"PPL";"FEMININO";"SUPERIOR INCOMPLETO";"SOLTEIRO(A)";"PRETA";"OUTROS";"APTO";"N";"CLEIDE DE ALMEIDA";NA;172;"NÃO ELEITO";NA;NA;NA;NA
250000019134;"LIA MARCIA PEDROSA MARTINEZ LOPES";"#NULO#";"PTB";"FEMININO";"SUPERIOR COMPLETO";"CASADO(A)";"BRANCA";"EMPRESÁRIO";"APTO";"N";"LIA MARCIA PEDROSA MARTINEZ LOPES";193151;1332;"SUPLENTE";"LIA MARCIA PEDROSA MARTINEZ LOPES";23914,98;"Outros Recursos, Fundo Partidario";"Recursos de partido político, Recursos de outros candidatos, Recursos de pessoas físicas"
250000020816;"SILVANA SACCHIERO";"#NULO#";"PMDB";"FEMININO";"SUPERIOR INCOMPLETO";"SOLTEIRO(A)";"BRANCA";"OUTROS";"APTO";"N";"SILVANA SACCHIERO";NA;211;"SUPLENTE";NA;NA;NA;NA
250000027270;"ALAINY PRYSCILLA OLIVEIRA DA SILVA";"#NULO#";"PRP";"FEMININO";"ENSINO MÉDIO COMPLETO";"SOLTEIRO(A)";"BRANCA";"EMPRESÁRIO";"APTO";"N";"ALAINY PRYSCILLA OLIVEIRA DA SILVA";NA;127;"NÃO ELEITO";NA;NA;NA;NA
250000006140;"TIAGO BITENCOURT DE CARVALHO";"#NULO#";"PC do B";"MASCULINO";"ENSINO MÉDIO INCOMPLETO";"CASADO(A)";"BRANCA";"FUNILEIRO";"APTO";"N";"TIAGO BITENCOURT DE CARVALHO";58000;559;"NÃO ELEITO";"TIAGO BITENCOURT DE CARVALHO";5194,84;"Outros Recursos";"Recursos próprios, Recursos de partido político"
250000062802;"MARIANA TONDIM MASSON";"#NULO#";"PATRIOTA";"FEMININO";"SUPERIOR COMPLETO";"SOLTEIRO(A)";"BRANCA";"OUTROS";"APTO";"N";"MARIANA TONDIM MASSON";NA;158;"NÃO ELEITO";NA;NA;NA;NA
250000010876;"MARCELO DE SOUSA TOMAZ";"#NULO#";"PHS";"MASCULINO";"ENSINO FUNDAMENTAL COMPLETO";"DIVORCIADO(A)";"BRANCA";"EMPRESÁRIO";"APTO";"N";"MARCELO DE SOUSA TOMAZ";197383,47;2957;"SUPLENTE";"MARCELO DE SOUSA TOMAZ";6000;"Outros Recursos";"Recursos próprios, Recursos de pessoas físicas"
250000050154;"PAULO AGNALDO ROCHA";"#NULO#";"PSL";"MASCULINO";"SUPERIOR COMPLETO";"CASADO(A)";"PARDA";"PROFESSOR DE ENSINO MÉDIO";"APTO";"N";"PAULO AGNALDO ROCHA";NA;289;"NÃO ELEITO";NA;NA;NA;NA
250000044427;"GILSON DE ALMEIDA VENTURA";"#NULO#";"PPL";"MASCULINO";"SUPERIOR COMPLETO";"CASADO(A)";"PARDA";"OUTROS";"APTO";"N";"GILSON DE ALMEIDA VENTURA";NA;348;"NÃO ELEITO";NA;NA;NA;NA
250000022117;"FABIANE MARQUES DE SOUZA CAMPOS";"#NULO#";"PR";"FEMININO";"SUPERIOR COMPLETO";"CASADO(A)";"PARDA";"ADVOGADO";"APTO";"N";"FABIANE MARQUES DE SOUZA CAMPOS";1320;352;"SUPLENTE";"FABIANE MARQUES DE SOUZA CAMPOS";3940;"Outros Recursos, Fundo Partidario";"Recursos de pessoas físicas, Recursos de partido político"
250000020799;"PAULO RIBEIRO";"#NULO#";"PMDB";"MASCULINO";"SUPERIOR COMPLETO";"CASADO(A)";"PARDA";"CORRETOR DE IMÓVEIS, SEGUROS, TÍTULOS E VALORES";"APTO";"N";"PAULO RIBEIRO";29320;834;"SUPLENTE";NA;NA;NA;NA
250000022152;"RUBENS WAGNER CALVO";"#NULO#";"PDT";"MASCULINO";"SUPERIOR COMPLETO";"CASADO(A)";"BRANCA";"MÉDICO";"APTO";"S";"RUBENS WAGNER CALVO";101533,68;21804;"SUPLENTE";"RUBENS WAGNER CALVO";195150;"Outros Recursos";"Recursos próprios, Recursos de pessoas físicas"
250000005007;"HALANA LUCRÉCIA DE AMORIM";"#NULO#";"PSDB";"FEMININO";"SUPERIOR COMPLETO";"SEPARADO(A) JUDICIALMENTE";"BRANCA";"TERAPEUTA";"APTO";"N";"HALANA LUCRÉCIA DE AMORIM";47286;1072;"SUPLENTE";NA;NA;NA;NA
250000020786;"ADILSON LUIZ DA CRUZ";"#NULO#";"PMDB";"MASCULINO";"ENSINO MÉDIO COMPLETO";"CASADO(A)";"PARDA";"MOTORISTA PARTICULAR";"APTO";"N";"ADILSON LUIZ DA CRUZ";30000;855;"SUPLENTE";NA;NA;NA;NA
250000027267;"RENATA ORTIGOSA";"#NULO#";"PRP";"FEMININO";"SUPERIOR COMPLETO";"SOLTEIRO(A)";"BRANCA";"PROFESSOR DE ENSINO MÉDIO";"APTO";"N";"RENATA ORTIGOSA";124569,36;357;"NÃO ELEITO";NA;NA;NA;NA
250000058371;"CRISTIANO CAPUTTI";"#NULO#";"PTN";"MASCULINO";"SUPERIOR COMPLETO";"SOLTEIRO(A)";"BRANCA";"MOTORISTA DE VEÍCULOS DE TRANSPORTE COLETIVO DE PASSAGEIROS";"APTO";"N";"CRISTIANO CAPUTTI";831000;5483;"SUPLENTE";NA;NA;NA;NA
250000019190;"FERNANDO JOSÉ DOS SANTOS";"#NULO#";"PTB";"MASCULINO";"ENSINO FUNDAMENTAL INCOMPLETO";"CASADO(A)";"PARDA";"APOSENTADO (EXCETO SERVIDOR PÚBLICO)";"APTO";"N";"FERNANDO JOSÉ DOS SANTOS";NA;782;"SUPLENTE";"FERNANDO JOSÉ DOS SANTOS";285;"Outros Recursos";"Recursos de partido político"
250000027268;"MARCIA REGINA CASATI";"#NULO#";"PRP";"FEMININO";"SUPERIOR COMPLETO";"DIVORCIADO(A)";"BRANCA";"SERVIDOR PÚBLICO ESTADUAL";"APTO";"N";"MARCIA REGINA CASATI";NA;153;"NÃO ELEITO";NA;NA;NA;NA
250000004997;"JOÃO JORGE DE SOUZA";"#NULO#";"PSDB";"MASCULINO";"SUPERIOR COMPLETO";"CASADO(A)";"BRANCA";"SERVIDOR PÚBLICO ESTADUAL";"APTO";"N";"JOÃO JORGE DE SOUZA";971799,9;42404;"ELEITO POR QP";"JOÃO JORGE DE SOUZA";318431,99;"Outros Recursos";"Recursos próprios, Recursos de pessoas físicas"
250000022136;"MARIA JULIANA PATRICIA DA COSTA";"#NULO#";"PROS";"FEMININO";"ENSINO MÉDIO COMPLETO";"CASADO(A)";"PARDA";"ATENDENTE DE LANCHONETE E RESTAURANTE";"APTO";"N";"MARIA JULIANA PATRICIA DA COSTA";NA;113;"SUPLENTE";NA;NA;NA;NA
250000058367;"CARLOS ALVES COUTINHO";"#NULO#";"PTN";"MASCULINO";"SUPERIOR COMPLETO";"CASADO(A)";"BRANCA";"ADVOGADO";"APTO";"N";"CARLOS ALVES COUTINHO";1005000;1369;"SUPLENTE";"CARLOS ALVES COUTINHO";142,2;"Outros Recursos";"Recursos de outros candidatos"
250000062790;"JORGE DONIZETTI RIBEIRO DE MATOS";"#NULO#";"PATRIOTA";"MASCULINO";"SUPERIOR COMPLETO";"SEPARADO(A) JUDICIALMENTE";"BRANCA";"OUTROS";"APTO";"N";"JORGE DONIZETTI RIBEIRO DE MATOS";504454,49;48;"NÃO ELEITO";NA;NA;NA;NA
250000014872;"JUDIVAL DE JESUS";"#NULO#";"PSOL";"MASCULINO";"ENSINO MÉDIO COMPLETO";"SOLTEIRO(A)";"PARDA";"VIGILANTE";"APTO";"N";"JUDIVAL DE JESUS";309000;670;"SUPLENTE";"JUDIVAL DE JESUS";2500;"Outros Recursos";"Recursos próprios"
250000038418;"APARECIDO LOURENÇO";"#NULO#";"PSDC";"MASCULINO";"ENSINO MÉDIO INCOMPLETO";"CASADO(A)";"PRETA";"COMERCIANTE";"APTO";"N";"APARECIDO LOURENÇO";16000;344;"NÃO ELEITO";NA;NA;NA;NA
250000020796;"SILVIA MARIA DA COSTA PAES";"#NULO#";"PMDB";"FEMININO";"SUPERIOR COMPLETO";"DIVORCIADO(A)";"BRANCA";"SECRETÁRIO E DATILÓGRAFO";"APTO";"N";"SILVIA MARIA DA COSTA PAES";319000;97;"SUPLENTE";NA;NA;NA;NA
250000093180;"BIANCA GUEDES SOUSA DA SILVA";"#NULO#";"PC do B";"FEMININO";"SUPERIOR INCOMPLETO";"SOLTEIRO(A)";"PRETA";"ESTUDANTE, BOLSISTA, ESTAGIÁRIO E ASSEMELHADOS";"APTO";"N";"BIANCA GUEDES SOUSA DA SILVA";NA;183;"NÃO ELEITO";NA;NA;NA;NA
250000011018;"FERNANDO SILVA BISPO";"#NULO#";"DEM";"MASCULINO";"ENSINO MÉDIO COMPLETO";"SOLTEIRO(A)";"PRETA";"ESTUDANTE, BOLSISTA, ESTAGIÁRIO E ASSEMELHADOS";"APTO";"N";"FERNANDO SILVA BISPO";NA;48055;"ELEITO POR QP";"FERNANDO SILVA BISPO";36595;"Outros Recursos";"Recursos de pessoas físicas"
250000027274;"CLEIDE MARIA ARAUJO MODESTO";"#NULO#";"PRP";"FEMININO";"LÊ E ESCREVE";"CASADO(A)";"BRANCA";"COMERCIANTE";"APTO";"N";"CLEIDE MARIA ARAUJO MODESTO";NA;386;"NÃO ELEITO";NA;NA;NA;NA
250000005815;"KATIA BUENO DE OLIVEIRA";"#NULO#";"NOVO";"FEMININO";"SUPERIOR COMPLETO";"SOLTEIRO(A)";"BRANCA";"EMPRESÁRIO";"APTO";"N";"KATIA BUENO DE OLIVEIRA";481000;1082;"SUPLENTE";"KATIA BUENO DE OLIVEIRA";4150;"Outros Recursos";"Recursos próprios, Recursos de pessoas físicas"
250000011691;"MARIA CREUSA DE ALENCAR DURAES";"#NULO#";"PV";"FEMININO";"ENSINO MÉDIO COMPLETO";"SOLTEIRO(A)";"BRANCA";"APOSENTADO (EXCETO SERVIDOR PÚBLICO)";"APTO";"N";"MARIA CREUSA DE ALENCAR DURAES";NA;230;"SUPLENTE";NA;NA;NA;NA
250000062787;"ARLETE MARIA DOS SANTOS";"#NULO#";"PATRIOTA";"FEMININO";"SUPERIOR COMPLETO";"SOLTEIRO(A)";"BRANCA";"PSICÓLOGO";"APTO";"N";"ARLETE MARIA DOS SANTOS";380000;101;"NÃO ELEITO";NA;NA;NA;NA
250000022123;"NAILTON DA SILVA";"#NULO#";"PR";"MASCULINO";"ENSINO FUNDAMENTAL COMPLETO";"CASADO(A)";"PARDA";"MOTORISTA DE VEÍCULOS DE TRANSPORTE COLETIVO DE PASSAGEIROS";"APTO";"N";"NAILTON DA SILVA";10098;334;"SUPLENTE";"NAILTON DA SILVA";8429,98;"Outros Recursos, Fundo Partidario";"Recursos de partido político, Recursos de pessoas físicas, Recursos de outros candidatos, Recursos próprios"
250000008294;"CARLOS ALBERTO ADÃO";"#NULO#";"PRB";"MASCULINO";"SUPERIOR COMPLETO";"SOLTEIRO(A)";"PRETA";"ECONOMISTA";"APTO";"N";"CARLOS ALBERTO ADÃO";492000;616;"SUPLENTE";"CARLOS ALBERTO ADÃO";13387,5;"Fundo Partidario, Outros Recursos";"Recursos de partido político, Recursos próprios"
250000005795;"RAUL MONEGAGLIA";"#NULO#";"NOVO";"MASCULINO";"SUPERIOR COMPLETO";"CASADO(A)";"BRANCA";"ADVOGADO";"APTO";"N";"RAUL MONEGAGLIA";1296258,88;3354;"SUPLENTE";"RAUL MONEGAGLIA";18950;"Outros Recursos";"Recursos de pessoas físicas"
250000019166;"GILBERTO CELESTINO CAPITAN DIAS";"#NULO#";"PTB";"MASCULINO";"ENSINO MÉDIO COMPLETO";"CASADO(A)";"BRANCA";"REPRESENTANTE COMERCIAL";"APTO";"N";"GILBERTO CELESTINO CAPITAN DIAS";NA;319;"SUPLENTE";NA;NA;NA;NA
250000010861;"DOUGLAS DE JESUS DA SILVA DE SOUZA";"#NULO#";"PHS";"MASCULINO";"ENSINO MÉDIO COMPLETO";"SOLTEIRO(A)";"PARDA";"MOTORISTA DE VEÍCULOS DE TRANSPORTE COLETIVO DE PASSAGEIROS";"APTO";"N";"DOUGLAS DE JESUS DA SILVA DE SOUZA";28000;1541;"SUPLENTE";NA;NA;NA;NA
250000040578;"MARIA LUISA FRANCO DE GODOY";"#NULO#";"SD";"FEMININO";"SUPERIOR COMPLETO";"SOLTEIRO(A)";"BRANCA";"PROFESSOR DE ENSINO MÉDIO";"APTO";"N";"MARIA LUISA FRANCO DE GODOY";382857,81;308;"NÃO ELEITO";NA;NA;NA;NA
250000040605;"WAGNER DA SILVA";"#NULO#";"SD";"MASCULINO";"SUPERIOR INCOMPLETO";"CASADO(A)";"BRANCA";"POLICIAL MILITAR";"APTO";"N";"WAGNER DA SILVA";124000;566;"NÃO ELEITO";NA;NA;NA;NA
250000038376;"VALDIR LUIZ DOS SANTOS";"#NULO#";"PSDC";"MASCULINO";"SUPERIOR INCOMPLETO";"DIVORCIADO(A)";"PRETA";"GERENTE";"APTO";"N";"VALDIR LUIZ DOS SANTOS";9e+05;93;"NÃO ELEITO";"VALDIR LUIZ DOS SANTOS";1698,66;"Outros Recursos";"Recursos de outros candidatos, Recursos de pessoas físicas"
250000011010;"MARCOS TILELLI";"#NULO#";"PP";"MASCULINO";"SUPERIOR COMPLETO";"CASADO(A)";"BRANCA";"ADVOGADO";"APTO";"N";"MARCOS TILELLI";1248705;786;"SUPLENTE";"MARCOS TILELLI";284,4;"Outros Recursos";"Recursos de outros candidatos"
250000050191;"MARIA DE FATIMA ALVES BARBOSA";"#NULO#";"PSL";"FEMININO";"SUPERIOR COMPLETO";"SOLTEIRO(A)";"BRANCA";"JORNALISTA E REDATOR";"APTO";"N";"MARIA DE FATIMA ALVES BARBOSA";186811,95;2026;"NÃO ELEITO";"MARIA DE FATIMA ALVES BARBOSA";588,41;"Outros Recursos, Fundo Partidario";"Recursos de outros candidatos, Recursos de partido político"
250000010907;"OLGA MARIA DA SILVA LINO";"#NULO#";"PHS";"FEMININO";"ENSINO FUNDAMENTAL INCOMPLETO";"SOLTEIRO(A)";"PARDA";"VENDEDOR DE COMÉRCIO VAREJISTA E ATACADISTA";"APTO";"N";"OLGA MARIA DA SILVA LINO";40000;439;"SUPLENTE";NA;NA;NA;NA
250000027263;"ROSANGELA LEMES";"#NULO#";"PRP";"FEMININO";"SUPERIOR COMPLETO";"DIVORCIADO(A)";"PARDA";"PEDAGOGO";"APTO";"N";"ROSANGELA LEMES";50000;252;"NÃO ELEITO";NA;NA;NA;NA
250000022147;"FABRICIO RAVELI BOLZAM";"#NULO#";"PDT";"MASCULINO";"ENSINO MÉDIO COMPLETO";"SOLTEIRO(A)";"BRANCA";"EMPRESÁRIO";"APTO";"N";"FABRICIO RAVELI BOLZAM";NA;3305;"SUPLENTE";NA;NA;NA;NA
250000010846;"ALMIR SANTOS DE MATOS";"#NULO#";"PPS";"MASCULINO";"SUPERIOR COMPLETO";"CASADO(A)";"BRANCA";"APOSENTADO (EXCETO SERVIDOR PÚBLICO)";"APTO";"N";"ALMIR SANTOS DE MATOS";NA;676;"SUPLENTE";"ALMIR SANTOS DE MATOS";12118,5;"Outros Recursos";"Recursos próprios, Recursos de pessoas físicas, Recursos de outros candidatos"
250000020805;"ERNESTO TEIXEIRA DA CUNHA";"#NULO#";"PMDB";"MASCULINO";"SUPERIOR INCOMPLETO";"CASADO(A)";"BRANCA";"JORNALISTA E REDATOR";"APTO";"N";"ERNESTO TEIXEIRA DA CUNHA";134391,14;9753;"SUPLENTE";"ERNESTO TEIXEIRA DA CUNHA";30250,08;"Outros Recursos, Fundo Partidario";"Recursos de outros candidatos, Recursos próprios, Recursos de pessoas físicas, Recursos de partido político"
250000011627;"ALVARO BRUNO CASTRO GARCIA";"#NULO#";"PV";"MASCULINO";"SUPERIOR COMPLETO";"CASADO(A)";"BRANCA";"PROFESSOR DE ENSINO FUNDAMENTAL";"APTO";"N";"ALVARO BRUNO CASTRO GARCIA";446076,52;1148;"SUPLENTE";"ALVARO BRUNO CASTRO GARCIA";3700;"Outros Recursos";"Recursos próprios"
250000050142;"ADILSON ALVES COSTA";"#NULO#";"PSL";"MASCULINO";"LÊ E ESCREVE";"SOLTEIRO(A)";"PARDA";"ADMINISTRADOR";"APTO";"N";"ADILSON ALVES COSTA";NA;828;"NÃO ELEITO";NA;NA;NA;NA
250000058373;"DONIVAN MOACIR DE ALMEIDA";"#NULO#";"PTN";"MASCULINO";"ENSINO MÉDIO INCOMPLETO";"CASADO(A)";"BRANCA";"OUTROS";"APTO";"N";"DONIVAN MOACIR DE ALMEIDA";NA;512;"SUPLENTE";NA;NA;NA;NA
250000014908;"LÍGIA FERNANDES DE OLIVEIRA";"#NULO#";"PCB";"FEMININO";"SUPERIOR INCOMPLETO";"SOLTEIRO(A)";"BRANCA";"ESTUDANTE, BOLSISTA, ESTAGIÁRIO E ASSEMELHADOS";"APTO";"N";"LÍGIA FERNANDES DE OLIVEIRA";NA;825;"SUPLENTE";"LÍGIA FERNANDES DE OLIVEIRA";800;"Outros Recursos";"Recursos de pessoas físicas"
250000011666;"ANDREIZA DANTAS DE OLIVEIRA";"#NULO#";"PV";"FEMININO";"SUPERIOR COMPLETO";"SOLTEIRO(A)";"PARDA";"REPRESENTANTE COMERCIAL";"APTO";"N";"ANDREIZA DANTAS DE OLIVEIRA";NA;1665;"SUPLENTE";NA;NA;NA;NA
250000006187;"GERALDO ALVES FAGUNDES";"#NULO#";"PC do B";"MASCULINO";"ENSINO FUNDAMENTAL COMPLETO";"VIÚVO(A)";"BRANCA";"OUTROS";"APTO";"N";"GERALDO ALVES FAGUNDES";3e+05;66;"NÃO ELEITO";NA;NA;NA;NA
250000014859;"MARCIO ROBERTO FERREIRA LIMA";"#NULO#";"PSOL";"MASCULINO";"ENSINO MÉDIO COMPLETO";"SOLTEIRO(A)";"PRETA";"OUTROS";"APTO";"N";"MARCIO ROBERTO FERREIRA LIMA";NA;797;"SUPLENTE";NA;NA;NA;NA
250000040606;"DIRCE LOPES SILVA";"#NULO#";"SD";"FEMININO";"ENSINO FUNDAMENTAL COMPLETO";"VIÚVO(A)";"BRANCA";"OUTROS";"APTO";"N";"DIRCE LOPES SILVA";NA;5;"NÃO ELEITO";NA;NA;NA;NA
250000006198;"REGIANE ALVES FERREIRA";"#NULO#";"PC do B";"FEMININO";"ENSINO MÉDIO COMPLETO";"SOLTEIRO(A)";"PRETA";"DONA DE CASA";"APTO";"N";"REGIANE ALVES FERREIRA";12000;457;"NÃO ELEITO";"REGIANE ALVES FERREIRA";17901,07;"Outros Recursos";"Recursos próprios, Recursos de pessoas físicas, Recursos de partido político"
250000020857;"VICTOR KOBAYASHI";"#NULO#";"PSD";"MASCULINO";"SUPERIOR COMPLETO";"CASADO(A)";"AMARELA";"ADMINISTRADOR";"APTO";"N";"VICTOR KOBAYASHI";657622,87;11789;"SUPLENTE";"VICTOR KOBAYASHI";5000;"Outros Recursos";"Recursos próprios, Recursos de pessoas físicas"
250000050188;"ERALDO NUNES GALDINO";"#NULO#";"PSL";"MASCULINO";"ENSINO MÉDIO COMPLETO";"SOLTEIRO(A)";"PARDA";"CARPINTEIRO, MARCENEIRO E ASSEMELHADOS";"APTO";"N";"ERALDO NUNES GALDINO";NA;451;"NÃO ELEITO";NA;NA;NA;NA
250000005020;"RODRIGO RAMOS FIORI";"#NULO#";"PSDB";"MASCULINO";"SUPERIOR COMPLETO";"SOLTEIRO(A)";"BRANCA";"EMPRESÁRIO";"APTO";"N";"RODRIGO RAMOS FIORI";NA;1852;"SUPLENTE";NA;NA;NA;NA
