"SQ_CANDIDATO";"NM_CANDIDATO";"NM_SOCIAL_CANDIDATO";"SG_PARTIDO";"DS_GENERO";"DS_GRAU_INSTRUCAO";"DS_ESTADO_CIVIL";"DS_COR_RACA";"DS_OCUPACAO";"DS_SITUACAO_CANDIDATURA";"ST_REELEICAO";"DS_SITUACAO_JULGAMENTO_URNA";"TOTAL_VOTOS";"DS_SIT_TOT_TURNO";"RECEITA_TOTAL";"FONTE_RECEITA";"ORIGEM_RECEITA";"BENS_TOTAL"
250002357439;"VAGNER COELHO DO NASCIMENTO";"#NULO";"DC";"MASCULINO";"SUPERIOR COMPLETO";"DIVORCIADO(A)";"PARDA";"EMPRESÁRIO";"#NE";"N";"INDEFERIDO COM RECURSO";0;"NÃO ELEITO";6820,65;"FUNDO ESPECIAL";"Recursos de partido político";NA
250002181669;"APARECIDO BESERRA MONTEIRO";"#NULO";"PSDB";"MASCULINO";"ENSINO MÉDIO INCOMPLETO";"CASADO(A)";"BRANCA";"JORNALISTA E REDATOR";"#NE";"N";"INDEFERIDO COM RECURSO";0;"NÃO ELEITO";1891,99;"OUTROS RECURSOS";"Recursos próprios";3000
250002029403;"GERSON DA CUNHA";"#NULO";"SOLIDARIEDADE";"MASCULINO";"SUPERIOR COMPLETO";"CASADO(A)";"BRANCA";"OUTROS";"#NE";"N";"INDEFERIDO COM RECURSO";0;"NÃO ELEITO";12349,17;"FUNDO ESPECIAL";"Recursos de partido político";30950
250002034125;"ALMIRANDO FERREIRA DO NASCIMENTO";"#NULO";"PSB";"MASCULINO";"ENSINO MÉDIO INCOMPLETO";"DIVORCIADO(A)";"BRANCA";"OUTROS";"#NE";"N";"INDEFERIDO COM RECURSO";0;"NÃO ELEITO";1346,81;"OUTROS RECURSOS, FUNDO ESPECIAL";"Recursos de pessoas físicas, Recursos de outros candidatos";68,63
250002064663;"GUSTAVO UBATÃ ALVAREZ CORDEIRO DE MATOS";"#NULO";"UP";"MASCULINO";"ENSINO FUNDAMENTAL COMPLETO";"SOLTEIRO(A)";"PARDA";"FERROVIÁRIO";"#NE";"N";"DEFERIDO";798;"NÃO ELEITO";13375;"FUNDO ESPECIAL";"Recursos de partido político";25000
250002357429;"APARECIDA SANTIAGO DE ARAUJO";"#NULO";"DC";"FEMININO";"ENSINO MÉDIO COMPLETO";"CASADO(A)";"PARDA";"OUTROS";"#NE";"N";"DEFERIDO";1;"NÃO ELEITO";6820,65;"FUNDO ESPECIAL";"Recursos de partido político";NA
250002357443;"WILSON CAPUTO SANT ANNA";"#NULO";"DC";"MASCULINO";"SUPERIOR COMPLETO";"CASADO(A)";"BRANCA";"BOMBEIRO CIVIL";"#NE";"S";"DEFERIDO";183;"NÃO ELEITO";6820,65;"FUNDO ESPECIAL";"Recursos de partido político";NA
250002357425;"NATTAN FERREIRA DE LIMA";"#NULO";"DC";"MASCULINO";"ENSINO MÉDIO COMPLETO";"SOLTEIRO(A)";"BRANCA";"COMERCIANTE";"#NE";"N";"DEFERIDO";78;"NÃO ELEITO";7421,65;"OUTROS RECURSOS, FUNDO ESPECIAL";"Recursos de pessoas físicas, Recursos de partido político";NA
250002075151;"WELLINGTON WAGNER DA SILVA";"#NULO";"PRD";"MASCULINO";"SUPERIOR COMPLETO";"SOLTEIRO(A)";"BRANCA";"ASSISTENTE SOCIAL";"#NE";"N";"DEFERIDO";239;"NÃO ELEITO";35405,25;"FUNDO ESPECIAL, OUTROS RECURSOS";"Recursos de partido político, Recursos próprios";309321,59
250002075142;"VERUSKA GHENDOV";"#NULO";"PRD";"FEMININO";"SUPERIOR COMPLETO";"CASADO(A)";"BRANCA";"PSICÓLOGO";"#NE";"N";"DEFERIDO";1916;"NÃO ELEITO";150000;"FUNDO ESPECIAL";"Recursos de partido político";1730000
250002075174;"MARCELO FRANCISCO DE ALMEIDA";"#NULO";"PRD";"MASCULINO";"ENSINO MÉDIO COMPLETO";"CASADO(A)";"PARDA";"APOSENTADO (EXCETO SERVIDOR PÚBLICO)";"#NE";"N";"DEFERIDO";442;"NÃO ELEITO";10000;"FUNDO ESPECIAL";"Recursos de partido político";195006
250002075146;"JANDERSON MARIANO";"#NULO";"PRD";"MASCULINO";"SUPERIOR COMPLETO";"CASADO(A)";"PRETA";"POLICIAL MILITAR";"#NE";"N";"DEFERIDO";477;"NÃO ELEITO";21058;"FUNDO ESPECIAL, OUTROS RECURSOS";"Recursos de partido político, Recursos próprios";310228,16
250002075156;"LINDINALVA DO CARMO LIMA";"#NULO";"PRD";"FEMININO";"ENSINO MÉDIO COMPLETO";"SOLTEIRO(A)";"PRETA";"DONA DE CASA";"#NE";"N";"DEFERIDO";221;"NÃO ELEITO";40000;"FUNDO ESPECIAL";"Recursos de partido político";NA
250002075163;"LENIR MARIA DE OLIVEIRA";"#NULO";"PRD";"FEMININO";"ENSINO MÉDIO COMPLETO";"SOLTEIRO(A)";"PARDA";"DONA DE CASA";"#NE";"N";"DEFERIDO";100;"NÃO ELEITO";25000;"FUNDO ESPECIAL";"Recursos de partido político";2410,45
250002181654;"ELIANE FRANCESCONI";"#NULO";"PSDB";"FEMININO";"SUPERIOR COMPLETO";"DIVORCIADO(A)";"BRANCA";"EMPRESÁRIO";"#NE";"N";"DEFERIDO";353;"NÃO ELEITO";5845,42;"OUTROS RECURSOS, FUNDO PARTIDARIO";"Recursos de pessoas físicas, Recursos de outros candidatos, Recursos de partido político, Recursos próprios";885146,91
250002181653;"ADAO MARIANO APARECIDO";"#NULO";"PSDB";"MASCULINO";"SUPERIOR COMPLETO";"CASADO(A)";"BRANCA";"OUTROS";"#NE";"N";"DEFERIDO";2246;"NÃO ELEITO";0;"#NULO";"#NULO";NA
250002181648;"ARMANDO RUFINO BARBOSA NETO";"#NULO";"PSDB";"MASCULINO";"ENSINO MÉDIO COMPLETO";"SOLTEIRO(A)";"BRANCA";"VENDEDOR DE COMÉRCIO VAREJISTA E ATACADISTA";"#NE";"N";"DEFERIDO";167;"NÃO ELEITO";2499,42;"FUNDO PARTIDARIO, OUTROS RECURSOS";"Recursos de partido político, Recursos de outros candidatos, Recursos próprios";19000
250002181674;"SOLANGE DA SILVA SCAPELLE AZEVEDO";"#NULO";"PSDB";"FEMININO";"SUPERIOR COMPLETO";"CASADO(A)";"BRANCA";"SUPERVISOR, INSPETOR E AGENTE DE COMPRAS E VENDAS";"#NE";"N";"DEFERIDO";334;"NÃO ELEITO";7721,2;"FUNDO PARTIDARIO, FUNDO ESPECIAL";"Recursos de outros candidatos, Recursos de partido político";321971
250002181672;"FRANCISCO ANTONIO CAMURÇA DE CARVALHO";"#NULO";"PSDB";"MASCULINO";"SUPERIOR COMPLETO";"CASADO(A)";"BRANCA";"ENGENHEIRO";"#NE";"N";"DEFERIDO";676;"NÃO ELEITO";13000;"OUTROS RECURSOS";"Recursos próprios, Recursos de pessoas físicas";4231884,01
250001973482;"DIEGO LUIZ DE CASTRO";"#NULO";"PL";"MASCULINO";"SUPERIOR COMPLETO";"SOLTEIRO(A)";"PARDA";"OUTROS";"#NE";"N";"DEFERIDO";675;"SUPLENTE";55000;"FUNDO ESPECIAL";"Recursos de partido político";6447,81
250001973473;"DAVID ZYLBERGELD NETO";"#NULO";"PL";"MASCULINO";"SUPERIOR COMPLETO";"CASADO(A)";"BRANCA";"MÉDICO";"#NE";"N";"DEFERIDO";999;"SUPLENTE";500010;"OUTROS RECURSOS, FUNDO ESPECIAL";"Recursos próprios, Recursos de partido político";3154621,96
250001973514;"MARCIO APARECIDO DOS SANTOS";"#NULO";"PL";"MASCULINO";"SUPERIOR COMPLETO";"DIVORCIADO(A)";"PARDA";"EMPRESÁRIO";"#NE";"N";"DEFERIDO";441;"SUPLENTE";52880;"FUNDO ESPECIAL, OUTROS RECURSOS";"Recursos de partido político, Recursos de pessoas físicas";38432,16
250001973472;"FABIO LUIZ DOMINIQUINI";"#NULO";"PL";"MASCULINO";"ENSINO MÉDIO COMPLETO";"SOLTEIRO(A)";"BRANCA";"EMPRESÁRIO";"#NE";"N";"DEFERIDO";1732;"SUPLENTE";506315,24;"FUNDO ESPECIAL, OUTROS RECURSOS";"Recursos de partido político, Recursos próprios, Recursos de pessoas físicas";3422000
250001973504;"GILBERTO NASCIMENTO SILVA JUNIOR";"#NULO";"PL";"MASCULINO";"SUPERIOR COMPLETO";"CASADO(A)";"BRANCA";"EMPRESÁRIO";"#NE";"S";"DEFERIDO";22306;"ELEITO POR MÉDIA";1236331,6;"OUTROS RECURSOS, FUNDO ESPECIAL";"Recursos de pessoas físicas, Recursos de partido político";1065065,64
250001973496;"EDUARDO DE CASTRO";"#NULO";"PL";"MASCULINO";"SUPERIOR COMPLETO";"DIVORCIADO(A)";"BRANCA";"ADVOGADO";"#NE";"N";"DEFERIDO";2813;"SUPLENTE";307280;"OUTROS RECURSOS, FUNDO ESPECIAL";"Recursos próprios, Recursos de partido político";3149219,1
250002052105;"AGOSTINHO FERREIRA GOMES";"#NULO";"PSOL";"MASCULINO";"SUPERIOR COMPLETO";"VIÚVO(A)";"PARDA";"ADVOGADO";"#NE";"N";"DEFERIDO";442;"SUPLENTE";43469,92;"FUNDO ESPECIAL, OUTROS RECURSOS";"Recursos de outros candidatos, Recursos de pessoas físicas, Recursos de partido político";692529,4
250002052131;"GABRIEL DE MEDEIROS JACQUES";"#NULO";"PSOL";"MASCULINO";"SUPERIOR INCOMPLETO";"SOLTEIRO(A)";"BRANCA";"OUTROS";"#NE";"N";"DEFERIDO";1070;"SUPLENTE";36816,36;"FUNDO ESPECIAL, OUTROS RECURSOS";"Recursos de partido político, Recursos de outros candidatos, Recursos de pessoas físicas";NA
250002052106;"ANTÔNIO BIAGIO VESPOLI";"#NULO";"PSOL";"MASCULINO";"SUPERIOR COMPLETO";"DIVORCIADO(A)";"BRANCA";"PROFESSOR DE ENSINO MÉDIO";"#NE";"S";"DEFERIDO";34735;"ELEITO POR QP";528464,74;"OUTROS RECURSOS, FUNDO ESPECIAL";"Recursos de pessoas físicas, Recursos próprios, Recursos de Financiamento Coletivo, Recursos de partido político, Recursos de outros candidatos";548470,5
250002052114;"ELAINE CRISTINA MINEIRO";"#NULO";"PSOL";"FEMININO";"ENSINO MÉDIO COMPLETO";"SOLTEIRO(A)";"PRETA";"VEREADOR";"#NE";"S";"DEFERIDO";15615;"SUPLENTE";742636,24;"OUTROS RECURSOS, FUNDO ESPECIAL";"Recursos de pessoas físicas, Recursos de Financiamento Coletivo, Recursos de partido político, Recursos de outros candidatos";NA
250002052116;"LUANA DOS SANTOS ALVES SILVA";"#NULO";"PSOL";"FEMININO";"SUPERIOR COMPLETO";"SOLTEIRO(A)";"PRETA";"VEREADOR";"#NE";"S";"DEFERIDO";83262;"ELEITO POR QP";601539,49;"OUTROS RECURSOS, FUNDO ESPECIAL, FUNDO PARTIDARIO";"Recursos de pessoas físicas, Recursos de Financiamento Coletivo, Recursos próprios, Recursos de partido político, Recursos de outros candidatos";269797,68
250002052082;"EDSON ITAMAR DA SILVA";"#NULO";"PSOL";"MASCULINO";"ENSINO MÉDIO COMPLETO";"CASADO(A)";"PRETA";"ELETRICISTA E ASSEMELHADOS";"#NE";"N";"DEFERIDO";1423;"SUPLENTE";42467,92;"FUNDO ESPECIAL, OUTROS RECURSOS";"Recursos de partido político, Recursos de outros candidatos, Recursos de pessoas físicas";NA
250002018933;"MARIO TADEU GUERRERA";"#NULO";"MOBILIZA";"MASCULINO";"SUPERIOR COMPLETO";"CASADO(A)";"PARDA";"EMPRESÁRIO";"#NE";"N";"DEFERIDO";10;"NÃO ELEITO";0;"#NULO";"#NULO";NA
250002018903;"SIDNEY MELO DA SILVA";"#NULO";"MOBILIZA";"MASCULINO";"SUPERIOR INCOMPLETO";"SOLTEIRO(A)";"PARDA";"PROFESSOR E INSTRUTOR DE FORMAÇÃO PROFISSIONAL";"#NE";"N";"DEFERIDO";22;"NÃO ELEITO";0;"#NULO";"#NULO";NA
250002018915;"ROBERTO SELMER JÚNIOR";"#NULO";"MOBILIZA";"MASCULINO";"SUPERIOR COMPLETO";"SOLTEIRO(A)";"BRANCA";"ADVOGADO";"#NE";"N";"DEFERIDO";184;"NÃO ELEITO";2400;"OUTROS RECURSOS";"Recursos de pessoas físicas, Recursos próprios";252097,68
250002018937;"ROSANGELA CRISTINA DE MORAES";"#NULO";"MOBILIZA";"FEMININO";"ENSINO MÉDIO COMPLETO";"SOLTEIRO(A)";"PRETA";"OUTROS";"#NE";"N";"DEFERIDO";261;"NÃO ELEITO";15000;"FUNDO ESPECIAL";"Recursos de partido político";12000
250002363848;"MÁRCIO ROBERTO OLIVEIRA";"#NULO";"PCO";"MASCULINO";"SUPERIOR INCOMPLETO";"SOLTEIRO(A)";"PARDA";"VENDEDOR DE COMÉRCIO VAREJISTA E ATACADISTA";"#NE";"N";"DEFERIDO";37;"NÃO ELEITO";126265,73;"FUNDO ESPECIAL";"Recursos de partido político";NA
250002170977;"KAREN CRISTINA SANTOS VASCONCELOS";"#NULO";"PRTB";"FEMININO";"ENSINO MÉDIO COMPLETO";"SOLTEIRO(A)";"BRANCA";"OUTROS";"#NE";"N";"DEFERIDO";1230;"NÃO ELEITO";12874,26;"FUNDO ESPECIAL";"Recursos de partido político";NA
250002171012;"VIVIANE PALMERO FARIAS";"#NULO";"PRTB";"FEMININO";"ENSINO MÉDIO COMPLETO";"DIVORCIADO(A)";"BRANCA";"POLICIAL MILITAR";"#NE";"N";"DEFERIDO";1194;"NÃO ELEITO";21609,54;"FUNDO ESPECIAL";"Recursos de partido político";10000
250002170993;"AILTON RODRIGUES MACHADO";"#NULO";"PRTB";"MASCULINO";"SUPERIOR COMPLETO";"CASADO(A)";"PARDA";"POLICIAL MILITAR";"#NE";"N";"DEFERIDO";2103;"NÃO ELEITO";32168,99;"FUNDO ESPECIAL";"Recursos de partido político";416449,18
250002170975;"ROGERIO JACOMO MICHELETTI";"#NULO";"PRTB";"MASCULINO";"SUPERIOR COMPLETO";"CASADO(A)";"BRANCA";"APOSENTADO (EXCETO SERVIDOR PÚBLICO)";"#NE";"N";"DEFERIDO";148;"NÃO ELEITO";8597,87;"FUNDO ESPECIAL";"Recursos de partido político";1103765
250002029402;"RODRIGO CARLOS DE MORAIS";"#NULO";"SOLIDARIEDADE";"MASCULINO";"SUPERIOR COMPLETO";"CASADO(A)";"PRETA";"OUTROS";"#NE";"N";"DEFERIDO";6360;"NÃO ELEITO";301122,67;"FUNDO ESPECIAL";"Recursos de partido político";275000
250002029376;"MARIA HELOISA GOMES DA SILVA";"#NULO";"SOLIDARIEDADE";"FEMININO";"SUPERIOR COMPLETO";"SOLTEIRO(A)";"PRETA";"OUTROS";"#NE";"N";"DEFERIDO";166;"NÃO ELEITO";25395,09;"FUNDO PARTIDARIO, FUNDO ESPECIAL";"Recursos de partido político";66581,1
250002029391;"ROGÉRIO VALDECI DE LIMA";"#NULO";"SOLIDARIEDADE";"MASCULINO";"ENSINO MÉDIO COMPLETO";"CASADO(A)";"PARDA";"EMPRESÁRIO";"#NE";"N";"DEFERIDO";2091;"NÃO ELEITO";73143,67;"OUTROS RECURSOS, FUNDO ESPECIAL";"Recursos de pessoas físicas, Recursos de outros candidatos, Recursos de partido político, Recursos próprios";245000
250002029399;"JEFFERSON ELOY";"#NULO";"SOLIDARIEDADE";"MASCULINO";"SUPERIOR COMPLETO";"CASADO(A)";"PRETA";"ASSISTENTE SOCIAL";"#NE";"N";"DEFERIDO";2403;"NÃO ELEITO";31072,68;"FUNDO PARTIDARIO, FUNDO ESPECIAL";"Recursos de partido político";NA
250002029355;"CARLOS EDUARDO BATISTA FERNANDES";"#NULO";"SOLIDARIEDADE";"MASCULINO";"SUPERIOR COMPLETO";"CASADO(A)";"BRANCA";"ADMINISTRADOR";"#NE";"N";"DEFERIDO";16871;"NÃO ELEITO";574339,83;"OUTROS RECURSOS, FUNDO ESPECIAL";"Recursos próprios, Recursos de partido político, Recursos de pessoas físicas";282500
250002029359;"IERZY IGNATOWICZ";"#NULO";"SOLIDARIEDADE";"MASCULINO";"SUPERIOR COMPLETO";"SOLTEIRO(A)";"BRANCA";"MOTORISTA PARTICULAR";"#NE";"N";"DEFERIDO";530;"NÃO ELEITO";39641,84;"FUNDO PARTIDARIO, FUNDO ESPECIAL";"Recursos de partido político";NA
250002029358;"FLORISA BATISTA DE ALMEIDA";"#NULO";"SOLIDARIEDADE";"FEMININO";"SUPERIOR COMPLETO";"CASADO(A)";"PRETA";"ADVOGADO";"#NE";"N";"DEFERIDO";381;"NÃO ELEITO";27330,59;"FUNDO PARTIDARIO, FUNDO ESPECIAL";"Recursos de partido político";NA
250002029392;"MARIA MADALENA DE CARVALHO LIMA";"#NULO";"SOLIDARIEDADE";"FEMININO";"SUPERIOR COMPLETO";"SOLTEIRO(A)";"BRANCA";"ADMINISTRADOR";"#NE";"N";"DEFERIDO";227;"NÃO ELEITO";44045,57;"FUNDO PARTIDARIO, FUNDO ESPECIAL";"Recursos de partido político";NA
250001913972;"JOSÉ ROBERTO NAZELLO DE ALVARENGA TRIPOLI";"#NULO";"PV";"MASCULINO";"ENSINO MÉDIO COMPLETO";"CASADO(A)";"BRANCA";"VEREADOR";"#NE";"S";"DEFERIDO";39039;"ELEITO POR QP";1273424,2;"OUTROS RECURSOS, FUNDO ESPECIAL";"Recursos de partido político, Recursos de pessoas físicas";4996834,18
250001913941;"JOSÉ GERALDO ARAÚJO";"#NULO";"PT";"MASCULINO";"SUPERIOR COMPLETO";"CASADO(A)";"PARDA";"OUTROS";"#NE";"N";"DEFERIDO";27186;"SUPLENTE";1137279,15;"FUNDO ESPECIAL, OUTROS RECURSOS";"Recursos de partido político, Recursos de pessoas físicas";1
250001913960;"ERIK CARLOS DA SILVA";"#NULO";"PT";"MASCULINO";"SUPERIOR INCOMPLETO";"CASADO(A)";"PARDA";"EMPRESÁRIO";"#NE";"N";"DEFERIDO";4327;"SUPLENTE";72365,87;"FUNDO ESPECIAL, OUTROS RECURSOS";"Recursos de partido político, Recursos de pessoas físicas";NA
250001913946;"JAIR  JOSE TATTO";"#NULO";"PT";"MASCULINO";"SUPERIOR INCOMPLETO";"CASADO(A)";"BRANCA";"VEREADOR";"#NE";"N";"DEFERIDO";30905;"ELEITO POR QP";1105236,74;"OUTROS RECURSOS, FUNDO ESPECIAL";"Recursos próprios, Recursos de partido político, Recursos de outros candidatos, Recursos de pessoas físicas";765533,44
250001913930;"GREGORY FRANÇA NARESSI";"#NULO";"PT";"MASCULINO";"SUPERIOR INCOMPLETO";"SOLTEIRO(A)";"BRANCA";"ESTUDANTE, BOLSISTA, ESTAGIÁRIO E ASSEMELHADOS";"#NE";"N";"DEFERIDO";349;"SUPLENTE";53839,55;"FUNDO ESPECIAL";"Recursos de partido político";5000
250001913971;"FILIPE PEREIRA SILVA";"#NULO";"PT";"MASCULINO";"SUPERIOR COMPLETO";"SOLTEIRO(A)";"PRETA";"ECONOMISTA";"#NE";"N";"DEFERIDO";31;"SUPLENTE";0;"#NULO";"#NULO";NA
250001913979;"SALETE CAMPARI";"SALETE CAMPARI";"PT";"FEMININO";"SUPERIOR COMPLETO";"SOLTEIRO(A)";"BRANCA";"ARTISTA PLÁSTICO E ASSEMELHADOS";"#NE";"N";"DEFERIDO";2451;"SUPLENTE";270422,05;"FUNDO ESPECIAL, OUTROS RECURSOS";"Recursos de partido político, Recursos de pessoas físicas";178480,19
250002161325;"PAULO SUSSUMU KOBAYASHI";"#NULO";"PSD";"MASCULINO";"SUPERIOR COMPLETO";"CASADO(A)";"AMARELA";"MILITAR REFORMADO";"#NE";"N";"DEFERIDO";1074;"SUPLENTE";89875;"OUTROS RECURSOS, FUNDO ESPECIAL";"Recursos de partido político, Recursos próprios";81000
250002161338;"JOSÉ ROLIM DA SILVA";"#NULO";"PSD";"MASCULINO";"LÊ E ESCREVE";"DIVORCIADO(A)";"BRANCA";"COMERCIANTE";"#NE";"N";"DEFERIDO";1498;"SUPLENTE";319375;"FUNDO ESPECIAL, OUTROS RECURSOS";"Recursos de partido político, Recursos de pessoas físicas";241050,29
250002161334;"CYNTHIA MICHELS";"#NULO";"PSD";"FEMININO";"SUPERIOR COMPLETO";"CASADO(A)";"BRANCA";"EMPRESÁRIO";"#NE";"N";"DEFERIDO";952;"SUPLENTE";213131,8;"OUTROS RECURSOS, FUNDO ESPECIAL";"Recursos de partido político, Recursos de pessoas físicas";74006,16
250002173909;"FLAVIA APARECIDA RODRIGUES";"#NULO";"PDT";"FEMININO";"SUPERIOR COMPLETO";"SOLTEIRO(A)";"PRETA";"DIRETOR DE ESTABELECIMENTO DE ENSINO";"#NE";"N";"DEFERIDO";224;"NÃO ELEITO";50000;"FUNDO ESPECIAL";"Recursos de partido político";18500
250002173923;"RONAN ALOISIO GOULART";"#NULO";"PDT";"MASCULINO";"SUPERIOR COMPLETO";"DIVORCIADO(A)";"PARDA";"DIRETOR DE ESTABELECIMENTO DE ENSINO";"#NE";"N";"DEFERIDO";240;"NÃO ELEITO";35000;"FUNDO ESPECIAL";"Recursos de partido político";430000
250002173942;"MARIZE RIBEIRO DE SOUZA";"#NULO";"PDT";"FEMININO";"SUPERIOR COMPLETO";"SOLTEIRO(A)";"BRANCA";"PROFESSOR DE ENSINO SUPERIOR";"#NE";"N";"DEFERIDO";222;"NÃO ELEITO";50000;"FUNDO ESPECIAL";"Recursos de partido político";NA
250002173928;"MARIA DAS DORES ALVES SILVA";"#NULO";"PDT";"FEMININO";"ENSINO MÉDIO COMPLETO";"SOLTEIRO(A)";"BRANCA";"EMPRESÁRIO";"#NE";"N";"DEFERIDO";420;"NÃO ELEITO";80000;"FUNDO ESPECIAL";"Recursos de partido político";150000
250002173908;"JOANA DARQUE DA PAZ";"#NULO";"PDT";"FEMININO";"SUPERIOR COMPLETO";"CASADO(A)";"BRANCA";"ENFERMEIRO";"#NE";"N";"DEFERIDO";666;"NÃO ELEITO";130000;"FUNDO ESPECIAL";"Recursos de partido político";33000
250002173911;"IVANILSON GOMES DE MOURA";"#NULO";"PDT";"MASCULINO";"SUPERIOR COMPLETO";"CASADO(A)";"BRANCA";"ADVOGADO";"#NE";"S";"DEFERIDO";545;"NÃO ELEITO";30000;"FUNDO ESPECIAL";"Recursos de partido político";NA
250002034097;"PATRICIA CATANI DA GAMA";"#NULO";"PSB";"FEMININO";"SUPERIOR COMPLETO";"DIVORCIADO(A)";"BRANCA";"PSICÓLOGO";"#NE";"N";"DEFERIDO";3151;"SUPLENTE";255607,64;"FUNDO ESPECIAL, FUNDO PARTIDARIO, OUTROS RECURSOS";"Recursos de outros candidatos, Recursos de partido político, Recursos de pessoas físicas, Recursos próprios";307572,71
250002034115;"JOSE JAILSON DA SILVA";"#NULO";"PSB";"MASCULINO";"ENSINO MÉDIO COMPLETO";"CASADO(A)";"BRANCA";"AGENTE DE SAÚDE E SANITARISTA";"#NE";"N";"DEFERIDO";5042;"SUPLENTE";63346,8;"FUNDO ESPECIAL, OUTROS RECURSOS";"Recursos de outros candidatos, Recursos de partido político";1e+05
250002034096;"NAZARÉ BATISTA BRAGA ERNESTO";"#NULO";"PSB";"FEMININO";"SUPERIOR COMPLETO";"CASADO(A)";"BRANCA";"ARTESÃO";"#NE";"N";"DEFERIDO";547;"SUPLENTE";31790,8;"FUNDO ESPECIAL";"Recursos de outros candidatos, Recursos de partido político";9e+05
250002034110;"RENATA FALZONI";"#NULO";"PSB";"FEMININO";"SUPERIOR COMPLETO";"SOLTEIRO(A)";"BRANCA";"JORNALISTA E REDATOR";"#NE";"N";"DEFERIDO";30206;"ELEITO POR QP";432572,32;"FUNDO ESPECIAL, OUTROS RECURSOS";"Recursos de partido político, Recursos de pessoas físicas, Recursos de Financiamento Coletivo";NA
250002034119;"ELIGIO SANTANA DOS SANTOS";"#NULO";"PSB";"MASCULINO";"ENSINO MÉDIO COMPLETO";"CASADO(A)";"BRANCA";"OUTROS";"#NE";"N";"DEFERIDO";762;"SUPLENTE";16884,8;"FUNDO ESPECIAL";"Recursos de outros candidatos, Recursos de partido político";NA
250002034092;"EDSON RODRIGUES";"#NULO";"PSB";"MASCULINO";"SUPERIOR COMPLETO";"CASADO(A)";"BRANCA";"MÉDICO";"#NE";"N";"DEFERIDO";23325;"SUPLENTE";225597;"FUNDO ESPECIAL, OUTROS RECURSOS";"Recursos de partido político, Recursos próprios, Recursos de pessoas físicas";9499926
250002034109;"LISETE GOMES DAS NEVES";"#NULO";"PSB";"FEMININO";"SUPERIOR COMPLETO";"SOLTEIRO(A)";"PARDA";"PEDAGOGO";"#NE";"N";"DEFERIDO";732;"SUPLENTE";15825;"FUNDO ESPECIAL";"Recursos de partido político, Recursos de outros candidatos";284000
250001962506;"DANIEL NEVES DE FARIA";"#NULO";"MDB";"MASCULINO";"SUPERIOR COMPLETO";"CASADO(A)";"PRETA";"EMPRESÁRIO";"#NE";"N";"DEFERIDO";2012;"SUPLENTE";230500;"FUNDO ESPECIAL";"Recursos de partido político, Recursos de outros candidatos";NA
250001962478;"ADRIANA VASCONCELLOS VIEIRA DE OLIVEIRA LUIZ";"#NULO";"MDB";"FEMININO";"SUPERIOR COMPLETO";"CASADO(A)";"PRETA";"PROFESSOR DE ENSINO FUNDAMENTAL";"#NE";"N";"DEFERIDO";1003;"SUPLENTE";250500;"FUNDO ESPECIAL";"Recursos de partido político";NA
250001962474;"LUCAS SANTOS SORRILLO";"#NULO";"MDB";"MASCULINO";"SUPERIOR INCOMPLETO";"CASADO(A)";"BRANCA";"ADMINISTRADOR";"#NE";"N";"DEFERIDO";22897;"SUPLENTE";340000;"OUTROS RECURSOS, FUNDO ESPECIAL";"Recursos próprios, Recursos de outros candidatos, Recursos de pessoas físicas, Recursos de partido político";1482815,01
250001962516;"HENRIQUE GOMES DE LIMA";"#NULO";"MDB";"MASCULINO";"ENSINO MÉDIO COMPLETO";"SOLTEIRO(A)";"PRETA";"EMPRESÁRIO";"#NE";"N";"DEFERIDO";12961;"SUPLENTE";2e+05;"FUNDO ESPECIAL";"Recursos de partido político";1000
250001962508;"PRISCILA DA SILVA CAVALCANTE URQUIA";"#NULO";"MDB";"FEMININO";"SUPERIOR COMPLETO";"CASADO(A)";"PRETA";"ADMINISTRADOR";"#NE";"N";"DEFERIDO";361;"SUPLENTE";50000;"FUNDO ESPECIAL";"Recursos de partido político";10000
250001962497;"SIDNEY LUIZ DA CRUZ";"#NULO";"MDB";"MASCULINO";"SUPERIOR COMPLETO";"CASADO(A)";"PARDA";"VEREADOR";"#NE";"S";"DEFERIDO";42988;"ELEITO POR QP";1697900;"OUTROS RECURSOS, FUNDO ESPECIAL";"Recursos de pessoas físicas, Recursos de partido político, Recursos próprios, Recursos de outros candidatos";1421891,95
250001962503;"PAULO JESUS FRANGE";"#NULO";"MDB";"MASCULINO";"SUPERIOR COMPLETO";"CASADO(A)";"BRANCA";"MÉDICO";"#NE";"S";"DEFERIDO";35338;"SUPLENTE";761829,92;"OUTROS RECURSOS, FUNDO ESPECIAL";"Recursos próprios, Recursos de pessoas físicas, Recursos de partido político, Recursos de outros candidatos";1049259,38
250001962473;"LIGIA DA SILVA RAMOS";"#NULO";"MDB";"FEMININO";"SUPERIOR COMPLETO";"DIVORCIADO(A)";"BRANCA";"ADMINISTRADOR";"#NE";"N";"DEFERIDO";461;"SUPLENTE";50110;"OUTROS RECURSOS, FUNDO ESPECIAL";"Recursos de pessoas físicas, Recursos de partido político, Recursos próprios";1376855,52
250001962470;"MARLON FARIAS DA LUZ";"#NULO";"MDB";"MASCULINO";"SUPERIOR COMPLETO";"CASADO(A)";"BRANCA";"VEREADOR";"#NE";"S";"DEFERIDO";25847;"SUPLENTE";760000;"FUNDO ESPECIAL, OUTROS RECURSOS";"Recursos de partido político, Recursos de pessoas físicas, Recursos próprios, Recursos de outros candidatos";444637,16
250002351304;"ENEAS SILVA FERREIRA SALES";"#NULO";"PMB";"MASCULINO";"SUPERIOR INCOMPLETO";"DIVORCIADO(A)";"BRANCA";"EMPRESÁRIO";"#NE";"N";"DEFERIDO";1;"NÃO ELEITO";0;"#NULO";"#NULO";40000
250001947265;"EBERTON SALLES DE LIMA";"#NULO";"UNIÃO";"MASCULINO";"ENSINO MÉDIO INCOMPLETO";"CASADO(A)";"PARDA";"EMPRESÁRIO";"#NE";"N";"DEFERIDO";989;"SUPLENTE";148792,2;"FUNDO PARTIDARIO, FUNDO ESPECIAL, OUTROS RECURSOS";"Recursos de partido político, Recursos de pessoas físicas";0
250001881812;"GLAUCIA SANTANA SILVA CAVALCANTI";"#NULO";"UNIÃO";"FEMININO";"ENSINO MÉDIO COMPLETO";"DIVORCIADO(A)";"PRETA";"OUTROS";"#NE";"N";"DEFERIDO";598;"SUPLENTE";441213,48;"FUNDO PARTIDARIO, FUNDO ESPECIAL, OUTROS RECURSOS";"Recursos de partido político, Recursos de pessoas físicas";5238,86
250001881807;"PAULO HUGENNEYER KOGOS";"#NULO";"UNIÃO";"MASCULINO";"SUPERIOR COMPLETO";"SOLTEIRO(A)";"BRANCA";"EMPRESÁRIO";"#NE";"N";"DEFERIDO";11263;"SUPLENTE";602892,2;"FUNDO ESPECIAL, OUTROS RECURSOS, FUNDO PARTIDARIO";"Recursos de partido político, Recursos de pessoas físicas";67224,29
250001933052;"JOSE BISPO DE MORAIS";"#NULO";"PODE";"MASCULINO";"SUPERIOR COMPLETO";"CASADO(A)";"PARDA";"POLICIAL MILITAR";"#NE";"N";"DEFERIDO";583;"SUPLENTE";132125,59;"OUTROS RECURSOS, FUNDO ESPECIAL";"Recursos de partido político, Recursos próprios, Recursos de Financiamento Coletivo";283808
250001933080;"PAULO SERGIO OLIVEIRA";"#NULO";"PODE";"MASCULINO";"SUPERIOR COMPLETO";"CASADO(A)";"BRANCA";"PSICÓLOGO";"#NE";"N";"DEFERIDO";2461;"SUPLENTE";174000;"OUTROS RECURSOS, FUNDO ESPECIAL";"Recursos de partido político";4e+05
250001933047;"CAIO HENRIQUE DE MELLO CLEMENTI";"#NULO";"PODE";"MASCULINO";"SUPERIOR COMPLETO";"SOLTEIRO(A)";"BRANCA";"TÉCNICO DE MECÂNICA";"#NE";"N";"DEFERIDO";15036;"SUPLENTE";634758,24;"OUTROS RECURSOS, FUNDO ESPECIAL";"Recursos de pessoas físicas, Recursos próprios, Recursos de partido político";237729,31
250001933083;"MARIA MOREIRA DE FARIA";"#NULO";"PODE";"FEMININO";"SUPERIOR COMPLETO";"SOLTEIRO(A)";"BRANCA";"COMERCIANTE";"#NE";"N";"DEFERIDO";480;"SUPLENTE";152000;"FUNDO ESPECIAL, OUTROS RECURSOS";"Recursos de partido político, Recursos próprios";NA
250002146911;"FABIO DOS REIS ROCHA";"#NULO";"AVANTE";"MASCULINO";"ENSINO MÉDIO INCOMPLETO";"DIVORCIADO(A)";"BRANCA";"OUTROS";"#NE";"N";"DEFERIDO";460;"NÃO ELEITO";0;"#NULO";"#NULO";NA
250002146917;"REGINALDO DA ROCHA MÁXIMO";"#NULO";"AVANTE";"MASCULINO";"SUPERIOR COMPLETO";"CASADO(A)";"PARDA";"POLICIAL MILITAR";"#NE";"N";"DEFERIDO";705;"NÃO ELEITO";10000;"FUNDO ESPECIAL";"Recursos de partido político";290687,04
250002146919;"JOSE AMARO DA SILVA";"#NULO";"AVANTE";"MASCULINO";"SUPERIOR COMPLETO";"CASADO(A)";"PARDA";"PROFESSOR DE ENSINO SUPERIOR";"#NE";"N";"DEFERIDO";348;"NÃO ELEITO";5000;"FUNDO ESPECIAL";"Recursos de partido político";375000
250002146935;"JARDEL DA COSTA SILVA";"#NULO";"AVANTE";"MASCULINO";"SUPERIOR COMPLETO";"SOLTEIRO(A)";"PARDA";"EMPRESÁRIO";"#NE";"N";"DEFERIDO";1157;"NÃO ELEITO";0;"#NULO";"#NULO";262180
250002146900;"WALNEY ARAUJO DA SILVEIRA";"#NULO";"AVANTE";"MASCULINO";"SUPERIOR COMPLETO";"SOLTEIRO(A)";"BRANCA";"ADVOGADO";"#NE";"N";"DEFERIDO";142;"NÃO ELEITO";0;"#NULO";"#NULO";25000
250002146880;"JUSSIMARA NUNES DE JESUS";"#NULO";"AVANTE";"FEMININO";"SUPERIOR COMPLETO";"SOLTEIRO(A)";"PRETA";"JORNALISTA E REDATOR";"#NE";"N";"DEFERIDO";704;"NÃO ELEITO";30950;"FUNDO ESPECIAL, OUTROS RECURSOS";"Recursos de partido político, Recursos de pessoas físicas";240000
250002146883;"ALEXANDRE BELLO CORREA";"#NULO";"AVANTE";"MASCULINO";"ENSINO MÉDIO INCOMPLETO";"CASADO(A)";"BRANCA";"EMPRESÁRIO";"#NE";"N";"DEFERIDO";2246;"NÃO ELEITO";52350;"OUTROS RECURSOS, FUNDO ESPECIAL";"Recursos de pessoas físicas, Recursos de partido político";8618035,96
250002174679;"MICHAEL DE ALMEIDA";"#NULO";"PP";"MASCULINO";"SUPERIOR COMPLETO";"SOLTEIRO(A)";"PARDA";"SERVIDOR PÚBLICO MUNICIPAL";"#NE";"N";"DEFERIDO";3928;"SUPLENTE";921000;"FUNDO ESPECIAL, OUTROS RECURSOS";"Recursos de partido político, Recursos de pessoas físicas";52569
250002174660;"SERGIO ROBERTO DO CARMO";"#NULO";"PP";"MASCULINO";"ENSINO MÉDIO COMPLETO";"CASADO(A)";"PARDA";"OUTROS";"#NE";"N";"DEFERIDO";1220;"SUPLENTE";11606;"OUTROS RECURSOS";"Recursos próprios, Recursos de pessoas físicas";202000
250002174678;"LEANDRO DO CARMO";"#NULO";"PP";"MASCULINO";"SUPERIOR COMPLETO";"CASADO(A)";"BRANCA";"ADMINISTRADOR";"#NE";"N";"DEFERIDO";309;"SUPLENTE";4537,46;"OUTROS RECURSOS";"Recursos próprios, Recursos de origens não identificadas";461278,18
250002174682;"VINICIUS PETRONIO FERRAZ VIEIRA";"#NULO";"PP";"MASCULINO";"SUPERIOR COMPLETO";"DIVORCIADO(A)";"BRANCA";"ADMINISTRADOR";"#NE";"N";"DEFERIDO";60;"SUPLENTE";2825;"OUTROS RECURSOS";"Recursos de pessoas físicas";4063042,77
250002079304;"SONIA REGINA SIQUEIRA DE ALBUQUERQUE MARANHÃO";"#NULO";"NOVO";"FEMININO";"SUPERIOR COMPLETO";"CASADO(A)";"BRANCA";"APOSENTADO (EXCETO SERVIDOR PÚBLICO)";"#NE";"N";"DEFERIDO";179;"SUPLENTE";9324,9;"OUTROS RECURSOS, FUNDO ESPECIAL";"Recursos próprios, Recursos de partido político, Recursos de pessoas físicas";2481911,4
250002079321;"NEIZA BATISTA DOS SANTOS";"#NULO";"NOVO";"FEMININO";"SUPERIOR COMPLETO";"DIVORCIADO(A)";"BRANCA";"PSICÓLOGO";"#NE";"N";"DEFERIDO";69;"SUPLENTE";6344,9;"FUNDO ESPECIAL, OUTROS RECURSOS";"Recursos de partido político, Recursos de pessoas físicas";NA
250002079313;"RAFAEL DE CASTRO PINHEIRO";"#NULO";"NOVO";"MASCULINO";"SUPERIOR COMPLETO";"CASADO(A)";"BRANCA";"EMPRESÁRIO";"#NE";"N";"DEFERIDO";691;"SUPLENTE";6334,9;"OUTROS RECURSOS, FUNDO ESPECIAL";"Recursos de pessoas físicas, Recursos de partido político";403000
250002079329;"CRISTINA PEREIRA MONTEIRO";"#NULO";"NOVO";"FEMININO";"SUPERIOR COMPLETO";"SOLTEIRO(A)";"BRANCA";"VEREADOR";"#NE";"S";"DEFERIDO";56904;"ELEITO POR QP";1357878;"OUTROS RECURSOS, FUNDO ESPECIAL";"Recursos de pessoas físicas, Recursos de partido político, Recursos de Financiamento Coletivo";16409000
250002079324;"RAPHAEL PEREIRA LIMA";"#NULO";"NOVO";"MASCULINO";"SUPERIOR INCOMPLETO";"DIVORCIADO(A)";"BRANCA";"EMPRESÁRIO";"#NE";"N";"DEFERIDO";21707;"SUPLENTE";573446,83;"OUTROS RECURSOS, FUNDO ESPECIAL";"Recursos de pessoas físicas, Recursos de Financiamento Coletivo, Recursos de partido político";10000
250002079348;"ALEXANDRE MENDES PINHEIRO";"#NULO";"NOVO";"MASCULINO";"SUPERIOR COMPLETO";"CASADO(A)";"BRANCA";"ANALISTA DE SISTEMAS";"#NE";"N";"DEFERIDO";232;"SUPLENTE";0;"#NULO";"#NULO";1311092,02
250002079312;"JESSICA TATIANA TAPIA TAPIA";"#NULO";"NOVO";"FEMININO";"SUPERIOR COMPLETO";"SOLTEIRO(A)";"BRANCA";"ANALISTA DE SISTEMAS";"#NE";"N";"DEFERIDO";237;"SUPLENTE";6284,9;"FUNDO ESPECIAL";"Recursos de partido político";350300
250001977607;"EDILAINE DANIEL CARVALHO";"#NULO";"REPUBLICANOS";"FEMININO";"SUPERIOR COMPLETO";"CASADO(A)";"PRETA";"OUTROS";"#NE";"N";"DEFERIDO";9203;"SUPLENTE";164545;"FUNDO ESPECIAL, OUTROS RECURSOS";"Recursos de partido político";312000
250001977609;"BRAZ MARTINS DOS SANTOS";"#NULO";"REPUBLICANOS";"MASCULINO";"ENSINO MÉDIO COMPLETO";"CASADO(A)";"BRANCA";"EMPRESÁRIO";"#NE";"N";"DEFERIDO";358;"SUPLENTE";32770;"FUNDO ESPECIAL, OUTROS RECURSOS";"Recursos de partido político, Recursos de pessoas físicas, Recursos próprios";NA
250001977583;"GUILHERME TREMENTOZA GONZALEZ";"#NULO";"REPUBLICANOS";"MASCULINO";"SUPERIOR COMPLETO";"CASADO(A)";"BRANCA";"ADMINISTRADOR";"#NE";"N";"DEFERIDO";2820;"SUPLENTE";58035;"FUNDO ESPECIAL, OUTROS RECURSOS";"Recursos de partido político, Recursos de pessoas físicas";509445,65
250001977596;"BRASIL FARIA DE SÁ JUNIOR";"#NULO";"REPUBLICANOS";"MASCULINO";"SUPERIOR COMPLETO";"SOLTEIRO(A)";"BRANCA";"CONTADOR";"#NE";"N";"DEFERIDO";5274;"SUPLENTE";157034,93;"FUNDO ESPECIAL, OUTROS RECURSOS";"Recursos de partido político, Recursos próprios, Recursos de pessoas físicas";1896000
250001977570;"MARCO ANTÔNIO RICCIARDELLI";"#NULO";"REPUBLICANOS";"MASCULINO";"ENSINO FUNDAMENTAL COMPLETO";"CASADO(A)";"BRANCA";"OUTROS";"#NE";"N";"DEFERIDO";4801;"SUPLENTE";152025;"FUNDO ESPECIAL, OUTROS RECURSOS";"Recursos de partido político, Recursos de pessoas físicas";667500
250001977604;"CLAUDIA CASTANHEIRA ALVES";"#NULO";"REPUBLICANOS";"FEMININO";"ENSINO MÉDIO COMPLETO";"CASADO(A)";"BRANCA";"EMPRESÁRIO";"#NE";"N";"DEFERIDO";1759;"SUPLENTE";268627,5;"FUNDO ESPECIAL, OUTROS RECURSOS";"Recursos de partido político, Recursos de pessoas físicas";1625000
250001977591;"JOELSON UILEN SANTOS DA SILVA";"#NULO";"REPUBLICANOS";"MASCULINO";"ENSINO MÉDIO COMPLETO";"CASADO(A)";"PRETA";"COMERCIANTE";"#NE";"N";"DEFERIDO";270;"SUPLENTE";27471;"FUNDO ESPECIAL, OUTROS RECURSOS";"Recursos de partido político";1010000
250002029353;"CARLOS ANDRE FURTADO";"#NULO";"SOLIDARIEDADE";"MASCULINO";"ENSINO MÉDIO COMPLETO";"CASADO(A)";"BRANCA";"EMPRESÁRIO";"#NE";"N";"INDEFERIDO COM RECURSO";0;"NÃO ELEITO";44443,75;"FUNDO ESPECIAL";"Recursos de partido político";150000
250001977608;"DIEGO DOS REIS SILVA";"#NULO";"REPUBLICANOS";"MASCULINO";"ENSINO MÉDIO COMPLETO";"CASADO(A)";"PARDA";"SACERDOTE OU MEMBRO DE ORDEM OU SEITA RELIGIOSA";"#NE";"N";"INDEFERIDO COM RECURSO";0;"NÃO ELEITO";97721;"FUNDO ESPECIAL, OUTROS RECURSOS";"Recursos de partido político, Recursos de pessoas físicas";NA
250002064662;"DANIELLY MILENA OLIVEIRA DOS SANTOS";"#NULO";"UP";"FEMININO";"SUPERIOR INCOMPLETO";"SOLTEIRO(A)";"PRETA";"ESTUDANTE, BOLSISTA, ESTAGIÁRIO E ASSEMELHADOS";"#NE";"N";"DEFERIDO";2448;"NÃO ELEITO";17100;"FUNDO ESPECIAL, OUTROS RECURSOS";"Recursos de partido político, Recursos de pessoas físicas";NA
250002357409;"AHMAD ABOU ADILE";"#NULO";"DC";"MASCULINO";"SUPERIOR COMPLETO";"CASADO(A)";"BRANCA";"ADMINISTRADOR";"#NE";"N";"DEFERIDO";346;"NÃO ELEITO";6820,65;"FUNDO ESPECIAL";"Recursos de partido político";NA
250002357447;"MARISTELA MACHADO LEITE GOMES";"#NULO";"DC";"FEMININO";"SUPERIOR COMPLETO";"CASADO(A)";"BRANCA";"ADVOGADO";"#NE";"N";"DEFERIDO";9;"NÃO ELEITO";6820,65;"FUNDO ESPECIAL";"Recursos de partido político";NA
250002357430;"WASHINGTON SERAFIM DOS SANTOS RODRIGUES";"#NULO";"DC";"MASCULINO";"ENSINO FUNDAMENTAL COMPLETO";"CASADO(A)";"BRANCA";"OUTROS";"#NE";"N";"DEFERIDO";483;"NÃO ELEITO";7010,65;"FUNDO ESPECIAL, OUTROS RECURSOS";"Recursos de partido político, Recursos de Financiamento Coletivo, Recursos de pessoas físicas";NA
250002075131;"DANIEL DE ANDRADE VIEIRA";"#NULO";"PRD";"MASCULINO";"SUPERIOR COMPLETO";"SOLTEIRO(A)";"PARDA";"ADVOGADO";"#NE";"N";"DEFERIDO";763;"NÃO ELEITO";40000;"FUNDO ESPECIAL";"Recursos de partido político";34926,42
250002075135;"EDNA CHRISTINA SANTIAGO";"#NULO";"PRD";"FEMININO";"SUPERIOR COMPLETO";"CASADO(A)";"BRANCA";"ADVOGADO";"#NE";"N";"DEFERIDO";18;"NÃO ELEITO";0;"#NULO";"#NULO";NA
250002075125;"AMANDA SANTOS DA SILVA";"#NULO";"PRD";"FEMININO";"SUPERIOR INCOMPLETO";"SOLTEIRO(A)";"BRANCA";"PSICÓLOGO";"#NE";"N";"DEFERIDO";915;"NÃO ELEITO";40000;"FUNDO ESPECIAL";"Recursos de partido político";320000
250002075145;"ODILIA EXPEDITA DE SOUSA";"#NULO";"PRD";"FEMININO";"ENSINO MÉDIO COMPLETO";"SOLTEIRO(A)";"PARDA";"OUTROS";"#NE";"S";"DEFERIDO";246;"NÃO ELEITO";20000;"FUNDO ESPECIAL";"Recursos de partido político";250000
250002075161;"SÔNIA DAS GRAÇAS RIBEIRO SILVEIRA";"#NULO";"PRD";"FEMININO";"SUPERIOR COMPLETO";"CASADO(A)";"PRETA";"OUTROS";"#NE";"N";"DEFERIDO";16;"NÃO ELEITO";15000;"FUNDO ESPECIAL";"Recursos de partido político";NA
250002075143;"AUGUSTO HIDEATO CIMINO TAKEDA";"#NULO";"PRD";"MASCULINO";"SUPERIOR COMPLETO";"SOLTEIRO(A)";"BRANCA";"ADVOGADO";"#NE";"N";"DEFERIDO";801;"NÃO ELEITO";40000;"FUNDO ESPECIAL";"Recursos de partido político";851566,42
250002181692;"JULIO CLAUDIO GURGUEIRA";"#NULO";"PSDB";"MASCULINO";"ENSINO FUNDAMENTAL INCOMPLETO";"CASADO(A)";"BRANCA";"EMPRESÁRIO";"#NE";"N";"DEFERIDO";264;"NÃO ELEITO";0;"#NULO";"#NULO";NA
250002181649;"LOURIVAL CARDOSO MENDES";"#NULO";"PSDB";"MASCULINO";"ENSINO MÉDIO COMPLETO";"CASADO(A)";"BRANCA";"OUTROS";"#NE";"N";"DEFERIDO";191;"NÃO ELEITO";5500;"OUTROS RECURSOS";"Recursos próprios";5275,88
250002181660;"LUIZ CARLOS TARGA JUNIOR";"#NULO";"PSDB";"MASCULINO";"SUPERIOR INCOMPLETO";"DIVORCIADO(A)";"BRANCA";"GERENTE";"#NE";"N";"DEFERIDO";228;"NÃO ELEITO";4700;"OUTROS RECURSOS";"Recursos de pessoas físicas, Recursos próprios";NA
250002181647;"HILDA MARIA AZEVEDO ALVES";"#NULO";"CIDADANIA";"FEMININO";"ENSINO FUNDAMENTAL INCOMPLETO";"CASADO(A)";"PARDA";"OUTROS";"#NE";"N";"DEFERIDO";165;"NÃO ELEITO";11428;"FUNDO PARTIDARIO";"Recursos de partido político";NA
250002181693;"JOSMAR MIRANDA";"#NULO";"PSDB";"MASCULINO";"SUPERIOR COMPLETO";"CASADO(A)";"PARDA";"SERVIDOR PÚBLICO ESTADUAL";"#NE";"N";"DEFERIDO";424;"NÃO ELEITO";30000;"FUNDO PARTIDARIO";"Recursos de partido político";NA
250002181680;"MAILSON TOMAZ DA SILVA";"#NULO";"CIDADANIA";"MASCULINO";"ENSINO MÉDIO COMPLETO";"SOLTEIRO(A)";"BRANCA";"JARDINEIRO";"#NE";"N";"DEFERIDO";243;"NÃO ELEITO";15897,44;"FUNDO ESPECIAL";"Recursos de partido político, Recursos de outros candidatos";204
250002181677;"VERA LUCIA TRAJANO ROCHA";"#NULO";"PSDB";"FEMININO";"ENSINO MÉDIO COMPLETO";"SOLTEIRO(A)";"PARDA";"OUTROS";"#NE";"N";"DEFERIDO";17;"NÃO ELEITO";0;"#NULO";"#NULO";NA
250002181665;"GERALDO JOSE DA COSTA MEDAGLIA";"#NULO";"PSDB";"MASCULINO";"SUPERIOR COMPLETO";"CASADO(A)";"BRANCA";"ENGENHEIRO";"#NE";"N";"DEFERIDO";170;"NÃO ELEITO";12241,34;"OUTROS RECURSOS, FUNDO ESPECIAL";"Recursos próprios, Recursos de pessoas físicas, Recursos de partido político, Recursos de outros candidatos";1890162,36
250001973466;"ROBERTO FIGUEIRA MARINHO";"#NULO";"PL";"MASCULINO";"ENSINO MÉDIO COMPLETO";"DIVORCIADO(A)";"PARDA";"MÚSICO";"#NE";"N";"DEFERIDO";4987;"SUPLENTE";1515000;"FUNDO ESPECIAL, OUTROS RECURSOS";"Recursos de partido político, Recursos de pessoas físicas";4730,15
250001973503;"HANNA GHARIB";"#NULO";"PL";"MASCULINO";"SUPERIOR COMPLETO";"CASADO(A)";"BRANCA";"ADVOGADO";"#NE";"N";"DEFERIDO";1854;"SUPLENTE";233200;"OUTROS RECURSOS, FUNDO ESPECIAL";"Recursos de pessoas físicas, Recursos próprios, Recursos de partido político";1892216,66
250001973505;"CARLA SERRANO BILYNSKYJ";"#NULO";"PL";"FEMININO";"SUPERIOR COMPLETO";"CASADO(A)";"BRANCA";"MÉDICO";"#NE";"N";"DEFERIDO";6953;"SUPLENTE";1111400;"FUNDO ESPECIAL";"Recursos de partido político";2310000
250001973483;"SALOMÃO CONCEIÇÃO AUGUSTO DA SILVA";"#NULO";"PL";"MASCULINO";"SUPERIOR INCOMPLETO";"CASADO(A)";"BRANCA";"EMPRESÁRIO";"#NE";"N";"DEFERIDO";1246;"SUPLENTE";190000;"FUNDO ESPECIAL";"Recursos de partido político";NA
250001973475;"KESLEY PETERSON PAULINO";"#NULO";"PL";"MASCULINO";"SUPERIOR COMPLETO";"CASADO(A)";"PRETA";"OUTROS";"#NE";"N";"DEFERIDO";379;"SUPLENTE";60000;"FUNDO ESPECIAL";"Recursos de partido político";NA
250001973518;"ZOE MARIA FERNANDEZ MARTINEZ";"#NULO";"PL";"FEMININO";"SUPERIOR COMPLETO";"SOLTEIRO(A)";"BRANCA";"OUTROS";"#NE";"N";"DEFERIDO";60272;"ELEITO POR QP";959000;"OUTROS RECURSOS, FUNDO ESPECIAL";"Recursos de pessoas físicas, Recursos de partido político";646360,78
250001973506;"MARIA APARECIDA DA SILVA";"#NULO";"PL";"FEMININO";"ENSINO MÉDIO COMPLETO";"SOLTEIRO(A)";"BRANCA";"EMPRESÁRIO";"#NE";"N";"DEFERIDO";161;"SUPLENTE";50000;"FUNDO ESPECIAL";"Recursos de partido político";58000
250001973477;"ANTONIO DAMASCENO BORGES FILHO";"#NULO";"PL";"MASCULINO";"ENSINO MÉDIO COMPLETO";"CASADO(A)";"PARDA";"EMPRESÁRIO";"#NE";"N";"DEFERIDO";280;"SUPLENTE";85000;"FUNDO ESPECIAL";"Recursos de partido político";40000
250002052090;"NEON DOS AFONSO CUNHA";"#NULO";"PSOL";"FEMININO";"SUPERIOR COMPLETO";"SOLTEIRO(A)";"PRETA";"SERVIDOR PÚBLICO MUNICIPAL";"#NE";"N";"DEFERIDO";8224;"SUPLENTE";253021,11;"FUNDO ESPECIAL, OUTROS RECURSOS";"Recursos de partido político, Recursos de pessoas físicas, Recursos de outros candidatos, Recursos de Financiamento Coletivo";7500
250002052107;"SILVIA ANDREA FERRARO";"#NULO";"PSOL";"FEMININO";"SUPERIOR COMPLETO";"SOLTEIRO(A)";"BRANCA";"PROFESSOR DE ENSINO FUNDAMENTAL";"#NE";"S";"DEFERIDO";34537;"ELEITO POR QP";686787,54;"FUNDO ESPECIAL, OUTROS RECURSOS";"Recursos de partido político, Recursos de pessoas físicas, Recursos próprios, Recursos de Financiamento Coletivo";NA
250002052084;"CHIRLEY MARIA DE SOUZA ALMEIDA SANTOS";"#NULO";"PSOL";"FEMININO";"SUPERIOR COMPLETO";"CASADO(A)";"INDÍGENA";"OUTROS";"#NE";"N";"DEFERIDO";9599;"SUPLENTE";166701,19;"OUTROS RECURSOS, FUNDO ESPECIAL";"Recursos de partido político, Recursos de outros candidatos, Recursos de Financiamento Coletivo";366711,16
250002052094;"MARCOS ALMEIDA COSTA PEREIRA";"#NULO";"PSOL";"MASCULINO";"SUPERIOR COMPLETO";"DIVORCIADO(A)";"PRETA";"OUTROS";"#NE";"N";"DEFERIDO";2180;"SUPLENTE";98791,12;"FUNDO ESPECIAL, OUTROS RECURSOS";"Recursos de partido político, Recursos de outros candidatos";37033
250002018926;"JORGILENE ALVES SILVA";"#NULO";"MOBILIZA";"FEMININO";"ENSINO MÉDIO COMPLETO";"SOLTEIRO(A)";"PARDA";"OUTROS";"#NE";"N";"DEFERIDO";27;"NÃO ELEITO";10000;"FUNDO ESPECIAL";"Recursos de partido político";NA
250002018905;"CAIO LYSIAS SPINA";"#NULO";"MOBILIZA";"MASCULINO";"SUPERIOR COMPLETO";"CASADO(A)";"BRANCA";"OUTROS";"#NE";"N";"DEFERIDO";78;"NÃO ELEITO";0;"#NULO";"#NULO";NA
250002363844;"MAURO AUGUSTO DE SOUZA";"#NULO";"PCO";"MASCULINO";"SUPERIOR INCOMPLETO";"SOLTEIRO(A)";"BRANCA";"OUTROS";"#NE";"N";"DEFERIDO";10;"NÃO ELEITO";4442,13;"FUNDO ESPECIAL";"Recursos de partido político";NA
250002171002;"ALESSANDRA SANTOS FERREIRA DA SILVA";"#NULO";"PRTB";"FEMININO";"SUPERIOR COMPLETO";"CASADO(A)";"PARDA";"POLICIAL MILITAR";"#NE";"N";"DEFERIDO";1621;"NÃO ELEITO";39345,86;"FUNDO ESPECIAL";"Recursos de partido político";191000
250002171000;"DORACI DE SOUZA PINHEIRO";"#NULO";"PRTB";"MASCULINO";"ENSINO MÉDIO COMPLETO";"CASADO(A)";"BRANCA";"MECÂNICO DE MANUTENÇÃO";"#NE";"N";"DEFERIDO";356;"NÃO ELEITO";9338,96;"FUNDO ESPECIAL";"Recursos de partido político";150084
250002170985;"THAISE DIAS LIMA DE SOUZA";"#NULO";"PRTB";"FEMININO";"SUPERIOR COMPLETO";"CASADO(A)";"BRANCA";"ADVOGADO";"#NE";"N";"DEFERIDO";2949;"NÃO ELEITO";29286,54;"OUTROS RECURSOS, FUNDO ESPECIAL";"Recursos de pessoas físicas, Recursos de partido político";24158,16
250002029382;"WALDIR JOSE SCHIAVON JUNIOR";"#NULO";"SOLIDARIEDADE";"MASCULINO";"SUPERIOR COMPLETO";"CASADO(A)";"BRANCA";"EMPRESÁRIO";"#NE";"N";"DEFERIDO";11302;"NÃO ELEITO";490092,83;"FUNDO ESPECIAL, OUTROS RECURSOS";"Recursos de partido político, Recursos de pessoas físicas";597174,93
250002029366;"REGINA DE MATOS COELHO NOGUEIRA";"#NULO";"SOLIDARIEDADE";"FEMININO";"ENSINO MÉDIO COMPLETO";"CASADO(A)";"PARDA";"COMERCIÁRIO";"#NE";"N";"DEFERIDO";576;"NÃO ELEITO";46815,59;"FUNDO ESPECIAL, FUNDO PARTIDARIO";"Recursos de partido político";NA
250002029357;"CHRISTIAN NIELSEN FARIA LOMBARDI";"#NULO";"SOLIDARIEDADE";"MASCULINO";"SUPERIOR COMPLETO";"CASADO(A)";"BRANCA";"EMPRESÁRIO";"#NE";"N";"DEFERIDO";1667;"NÃO ELEITO";95879,84;"OUTROS RECURSOS, FUNDO ESPECIAL";"Recursos de pessoas físicas, Recursos de partido político";67892,38
250002029400;"FRANCISCO MIGUEL DE ANDRADE MIRANDA";"#NULO";"SOLIDARIEDADE";"MASCULINO";"ENSINO MÉDIO COMPLETO";"SOLTEIRO(A)";"PARDA";"OUTROS";"#NE";"N";"DEFERIDO";915;"NÃO ELEITO";13185,83;"FUNDO ESPECIAL";"Recursos de partido político";NA
250002029360;"LEILIANE RAFAEL DA SILVA";"#NULO";"SOLIDARIEDADE";"FEMININO";"ENSINO MÉDIO COMPLETO";"SOLTEIRO(A)";"BRANCA";"DONA DE CASA";"#NE";"N";"DEFERIDO";187;"NÃO ELEITO";59995,59;"FUNDO PARTIDARIO, FUNDO ESPECIAL";"Recursos de partido político";NA
250002029364;"VAGNER FERNANDES DA SILVA";"#NULO";"SOLIDARIEDADE";"MASCULINO";"SUPERIOR COMPLETO";"CASADO(A)";"BRANCA";"EMPRESÁRIO";"#NE";"N";"DEFERIDO";1470;"NÃO ELEITO";64522,32;"FUNDO ESPECIAL, FUNDO PARTIDARIO";"Recursos de partido político";403523
250001913961;"JOSE CARLOS DE AQUINO";"#NULO";"PT";"MASCULINO";"SUPERIOR COMPLETO";"DIVORCIADO(A)";"PRETA";"OUTROS";"#NE";"N";"DEFERIDO";1267;"SUPLENTE";57839,55;"OUTROS RECURSOS, FUNDO ESPECIAL";"Recursos próprios, Recursos de partido político";29900
250001913984;"EMERSON DE ABREU SANTANA";"#NULO";"PT";"MASCULINO";"SUPERIOR COMPLETO";"CASADO(A)";"BRANCA";"EMPRESÁRIO";"#NE";"N";"DEFERIDO";1548;"SUPLENTE";138752,55;"FUNDO ESPECIAL";"Recursos de partido político";611,32
250001913948;"HÉLIO RODRIGUES DE ANDRADE";"#NULO";"PT";"MASCULINO";"SUPERIOR COMPLETO";"CASADO(A)";"BRANCA";"VEREADOR";"#NE";"S";"DEFERIDO";40753;"ELEITO POR QP";1467867,87;"FUNDO ESPECIAL, OUTROS RECURSOS";"Recursos de partido político, Recursos de pessoas físicas";241382,26
250001913932;"VANILDA DA ANUNCIACAO PEREIRA SANTOS";"#NULO";"PT";"FEMININO";"SUPERIOR COMPLETO";"CASADO(A)";"BRANCA";"OUTROS";"#NE";"N";"DEFERIDO";26097;"SUPLENTE";1261861,75;"OUTROS RECURSOS, FUNDO ESPECIAL";"Recursos de pessoas físicas, Recursos de partido político, Recursos de Financiamento Coletivo";398887,29
250001913947;"MARCUS VINICIUS COMENALE PUJOL";"#NULO";"PT";"MASCULINO";"SUPERIOR COMPLETO";"SOLTEIRO(A)";"BRANCA";"ADVOGADO";"#NE";"N";"DEFERIDO";566;"SUPLENTE";97414,55;"OUTROS RECURSOS, FUNDO PARTIDARIO, FUNDO ESPECIAL";"Recursos próprios, Recursos de partido político, Recursos de outros candidatos";3470063,64
250001913933;"MILTON EVANGELISTA";"#NULO";"PT";"MASCULINO";"SUPERIOR COMPLETO";"CASADO(A)";"PRETA";"OUTROS";"#NE";"N";"DEFERIDO";852;"SUPLENTE";132484,87;"FUNDO ESPECIAL, OUTROS RECURSOS";"Recursos de partido político, Recursos próprios";15000
250001913956;"LUNA ZARATTINI BRANDÃO";"#NULO";"PT";"FEMININO";"SUPERIOR COMPLETO";"SOLTEIRO(A)";"BRANCA";"VEREADOR";"#NE";"S";"DEFERIDO";100921;"ELEITO POR QP";1951350,87;"OUTROS RECURSOS, FUNDO ESPECIAL";"Recursos de pessoas físicas, Recursos de partido político, Recursos de Financiamento Coletivo";55975,22
250001913943;"STEFANNO MALUF BUENO";"#NULO";"PT";"MASCULINO";"SUPERIOR COMPLETO";"SOLTEIRO(A)";"BRANCA";"OUTROS";"#NE";"N";"DEFERIDO";156;"SUPLENTE";53839,55;"FUNDO ESPECIAL";"Recursos de partido político";NA
250001913955;"ROGERIO MUNHOZ";"#NULO";"PT";"MASCULINO";"SUPERIOR COMPLETO";"SOLTEIRO(A)";"BRANCA";"OUTROS";"#NE";"N";"DEFERIDO";215;"SUPLENTE";52365,87;"FUNDO ESPECIAL";"Recursos de partido político";NA
250001913977;"GIVANILDO GONÇALVES DOS SANTOS";"#NULO";"PT";"MASCULINO";"ENSINO MÉDIO COMPLETO";"CASADO(A)";"PARDA";"OUTROS";"#NE";"N";"DEFERIDO";2100;"SUPLENTE";53839,55;"FUNDO ESPECIAL";"Recursos de partido político";3e+05
250002161344;"MARISA BIERRENBACH BLANDY";"#NULO";"PSD";"FEMININO";"SUPERIOR COMPLETO";"CASADO(A)";"BRANCA";"PROFESSOR DE ENSINO MÉDIO";"#NE";"N";"DEFERIDO";104;"SUPLENTE";89375;"FUNDO ESPECIAL, OUTROS RECURSOS";"Recursos de partido político";NA
250002161339;"RONALDO AUGUSTO BRETAS MARZAGÃO JÚNIOR";"#NULO";"PSD";"MASCULINO";"SUPERIOR COMPLETO";"CASADO(A)";"BRANCA";"EMPRESÁRIO";"#NE";"N";"DEFERIDO";2638;"SUPLENTE";215375;"FUNDO ESPECIAL, OUTROS RECURSOS";"Recursos de partido político, Recursos de pessoas físicas";1383000
250002161322;"EDIR SALES";"#NULO";"PSD";"FEMININO";"SUPERIOR COMPLETO";"CASADO(A)";"BRANCA";"VEREADOR";"#NE";"S";"DEFERIDO";58190;"ELEITO POR QP";2688055,05;"OUTROS RECURSOS, FUNDO PARTIDARIO";"Recursos de pessoas físicas, Recursos próprios, Recursos de partido político";1675239,14
250002161333;"AHMED MOHAMAD OLIVEIRA ANDRADE";"#NULO";"PSD";"MASCULINO";"SUPERIOR COMPLETO";"CASADO(A)";"BRANCA";"SERVIDOR PÚBLICO FEDERAL";"#NE";"N";"DEFERIDO";16550;"SUPLENTE";1231375;"OUTROS RECURSOS, FUNDO ESPECIAL";"Recursos de pessoas físicas, Recursos de partido político";278494,41
250002161341;"MARCIA RAICHER";"#NULO";"PSD";"FEMININO";"SUPERIOR COMPLETO";"DIVORCIADO(A)";"BRANCA";"ADVOGADO";"#NE";"N";"DEFERIDO";469;"SUPLENTE";112875;"FUNDO ESPECIAL, OUTROS RECURSOS";"Recursos de partido político, Recursos próprios";125000
250002161327;"HARTMANN GONÇALVES LEÃO JUNIOR";"#NULO";"PSD";"MASCULINO";"SUPERIOR INCOMPLETO";"CASADO(A)";"BRANCA";"CORRETOR DE IMÓVEIS, SEGUROS, TÍTULOS E VALORES";"#NE";"N";"DEFERIDO";33;"SUPLENTE";89498,45;"FUNDO ESPECIAL, OUTROS RECURSOS";"Recursos de partido político, Recursos próprios";NA
250002173939;"MOEMA ARRUDA DOS SANTOS";"#NULO";"PDT";"FEMININO";"SUPERIOR COMPLETO";"SOLTEIRO(A)";"BRANCA";"ADVOGADO";"#NE";"N";"DEFERIDO";201;"NÃO ELEITO";30000;"FUNDO ESPECIAL";"Recursos de partido político";10000
250002173921;"NEUDES RIBEIRO DE CARVALHO";"#NULO";"PDT";"FEMININO";"SUPERIOR COMPLETO";"SOLTEIRO(A)";"PRETA";"AGENTE ADMINISTRATIVO";"#NE";"N";"DEFERIDO";189;"NÃO ELEITO";80000;"FUNDO ESPECIAL";"Recursos de partido político";NA
250002173957;"EVANDO REIS";"#NULO";"PDT";"MASCULINO";"SUPERIOR COMPLETO";"CASADO(A)";"BRANCA";"ENGENHEIRO";"#NE";"N";"DEFERIDO";484;"NÃO ELEITO";11450;"OUTROS RECURSOS";"Recursos próprios, Recursos de pessoas físicas";1009678,19
250002173953;"JANETE SILVA DE OLIVEIRA";"#NULO";"PDT";"FEMININO";"SUPERIOR COMPLETO";"DIVORCIADO(A)";"BRANCA";"DIRETOR DE ESTABELECIMENTO DE ENSINO";"#NE";"N";"DEFERIDO";812;"NÃO ELEITO";86666,65;"FUNDO ESPECIAL";"Recursos de partido político";621131,8
250002173954;"LEIZ DA SILVA ROSA";"#NULO";"PDT";"MASCULINO";"SUPERIOR COMPLETO";"CASADO(A)";"PRETA";"PROFESSOR DE ENSINO MÉDIO";"#NE";"N";"DEFERIDO";415;"NÃO ELEITO";15000;"FUNDO ESPECIAL";"Recursos de partido político";36000
250002173934;"JUDICLEIDE VITAL DA SILVA";"#NULO";"PDT";"FEMININO";"ENSINO MÉDIO COMPLETO";"CASADO(A)";"PARDA";"OUTROS";"#NE";"N";"DEFERIDO";550;"NÃO ELEITO";80000;"FUNDO ESPECIAL";"Recursos de partido político";40000
250002173940;"ANTONIO BASILIO FILHO";"#NULO";"PDT";"MASCULINO";"SUPERIOR COMPLETO";"DIVORCIADO(A)";"BRANCA";"ADVOGADO";"#NE";"N";"DEFERIDO";2165;"NÃO ELEITO";34000;"FUNDO ESPECIAL, OUTROS RECURSOS";"Recursos de partido político, Recursos próprios";472218,22
250002173914;"ANDERSON DA SILVA CRUZ";"#NULO";"PDT";"MASCULINO";"SUPERIOR COMPLETO";"SOLTEIRO(A)";"PARDA";"ADVOGADO";"#NE";"N";"DEFERIDO";261;"NÃO ELEITO";20250;"OUTROS RECURSOS, FUNDO ESPECIAL";"Recursos próprios, Recursos de partido político";20000
250002034094;"GERALDO RIBEIRO GUIMARÃES NETO";"#NULO";"PSB";"MASCULINO";"SUPERIOR COMPLETO";"SOLTEIRO(A)";"BRANCA";"OUTROS";"#NE";"N";"DEFERIDO";1669;"SUPLENTE";65226,81;"FUNDO ESPECIAL, OUTROS RECURSOS";"Recursos de partido político, Recursos de outros candidatos";1334192
250002034122;"FERNANDA DE MORAES DA SILVA";"#NULO";"PSB";"FEMININO";"SUPERIOR COMPLETO";"SOLTEIRO(A)";"PARDA";"ASSISTENTE SOCIAL";"#NE";"N";"DEFERIDO";206;"SUPLENTE";37994,81;"FUNDO ESPECIAL";"Recursos de partido político, Recursos de outros candidatos";84075,06
250002034102;"ELISEU GABRIEL DE PIERI";"#NULO";"PSB";"MASCULINO";"SUPERIOR COMPLETO";"DIVORCIADO(A)";"BRANCA";"APOSENTADO (EXCETO SERVIDOR PÚBLICO)";"#NE";"S";"DEFERIDO";30706;"ELEITO POR QP";1065707,78;"OUTROS RECURSOS, FUNDO ESPECIAL";"Recursos de pessoas físicas, Recursos próprios, Recursos de partido político";2600041,45
250002034087;"RICARDO BARBOSA";"#NULO";"PSB";"MASCULINO";"SUPERIOR COMPLETO";"CASADO(A)";"PRETA";"OUTROS";"#NE";"N";"DEFERIDO";1683;"SUPLENTE";61790,81;"FUNDO ESPECIAL";"Recursos de outros candidatos, Recursos de partido político";320000
250002034128;"MARCELO SILVA DOS SANTOS";"#NULO";"PSB";"MASCULINO";"SUPERIOR COMPLETO";"CASADO(A)";"PARDA";"TÉCNICO DE ENFERMAGEM E ASSEMELHADOS (EXCETO ENFERMEIRO)";"#NE";"N";"DEFERIDO";1704;"SUPLENTE";58816,81;"FUNDO ESPECIAL";"Recursos de outros candidatos, Recursos de partido político";255000
250002034117;"MARIO LUIZ CORTES";"#NULO";"PSB";"MASCULINO";"SUPERIOR COMPLETO";"DIVORCIADO(A)";"PRETA";"OUTROS";"#NE";"N";"DEFERIDO";641;"SUPLENTE";35965,81;"FUNDO ESPECIAL";"Recursos de partido político, Recursos de outros candidatos";NA
250002034111;"WILLIAM GABRIEL CALLEGARO";"#NULO";"PSB";"MASCULINO";"SUPERIOR COMPLETO";"SOLTEIRO(A)";"BRANCA";"ADVOGADO";"#NE";"N";"DEFERIDO";3144;"SUPLENTE";185785,03;"FUNDO ESPECIAL, OUTROS RECURSOS";"Recursos de partido político, Recursos de pessoas físicas, Recursos de outros candidatos, Recursos próprios, Recursos de Financiamento Coletivo";NA
250002034113;"WAGNER LEONARDO DE CARVALHO PINTO";"#NULO";"PSB";"MASCULINO";"ENSINO MÉDIO COMPLETO";"CASADO(A)";"PRETA";"APOSENTADO (EXCETO SERVIDOR PÚBLICO)";"#NE";"S";"DEFERIDO";480;"SUPLENTE";77448,81;"FUNDO ESPECIAL";"Recursos de outros candidatos, Recursos de partido político";106980
250002034137;"LARISSA AGOSTINI DE SOUZA";"#NULO";"PSB";"FEMININO";"SUPERIOR COMPLETO";"CASADO(A)";"BRANCA";"OUTROS";"#NE";"N";"DEFERIDO";2898;"SUPLENTE";139587,61;"OUTROS RECURSOS, FUNDO ESPECIAL";"Recursos de pessoas físicas, Recursos de partido político, Recursos de outros candidatos, Recursos próprios, Recursos de Financiamento Coletivo";98699,42
250002034108;"JOSÉ VALDO SOUZA DE SANTANA";"#NULO";"PSB";"MASCULINO";"SUPERIOR COMPLETO";"CASADO(A)";"PRETA";"PROFESSOR DE ENSINO MÉDIO";"#NE";"N";"DEFERIDO";1331;"SUPLENTE";72180,8;"OUTROS RECURSOS, FUNDO ESPECIAL";"Recursos de pessoas físicas, Recursos de outros candidatos, Recursos de partido político";1e+06
250002034112;"MARIA DE FATIMA VIEIRA MARTINS";"#NULO";"PSB";"FEMININO";"SUPERIOR COMPLETO";"CASADO(A)";"BRANCA";"SERVIDOR PÚBLICO CIVIL APOSENTADO";"#NE";"S";"DEFERIDO";622;"SUPLENTE";17994,81;"FUNDO ESPECIAL";"Recursos de partido político, Recursos de outros candidatos";246927,11
250001962504;"ANA CAROLINA FRANÇA DE SOUZA";"#NULO";"MDB";"FEMININO";"ENSINO MÉDIO INCOMPLETO";"SOLTEIRO(A)";"PRETA";"DONA DE CASA";"#NE";"N";"DEFERIDO";159;"SUPLENTE";103000;"OUTROS RECURSOS";"Recursos de Financiamento Coletivo, Recursos de pessoas físicas";NA
250001962464;"FABIO RIVA DOS SANTOS";"#NULO";"MDB";"MASCULINO";"SUPERIOR COMPLETO";"CASADO(A)";"PARDA";"VEREADOR";"#NE";"S";"DEFERIDO";44627;"ELEITO POR QP";1140000;"OUTROS RECURSOS, FUNDO ESPECIAL";"Recursos de pessoas físicas, Recursos de partido político, Recursos de outros candidatos, Recursos próprios";2044900,87
250001962514;"GILSON ALMEIDA BARRETO";"#NULO";"MDB";"MASCULINO";"SUPERIOR COMPLETO";"CASADO(A)";"BRANCA";"ADVOGADO";"#NE";"S";"DEFERIDO";18626;"SUPLENTE";660000;"FUNDO ESPECIAL, OUTROS RECURSOS";"Recursos de partido político, Recursos próprios, Recursos de outros candidatos";5250111,08
250001962513;"DALCIDES BATISTA DA SILVA NETO";"#NULO";"MDB";"MASCULINO";"ENSINO MÉDIO COMPLETO";"SOLTEIRO(A)";"PARDA";"EMPRESÁRIO";"#NE";"N";"DEFERIDO";12102;"SUPLENTE";958000;"FUNDO ESPECIAL, OUTROS RECURSOS";"Recursos de partido político, Recursos de pessoas físicas, Recursos próprios, Recursos de outros candidatos";8669967,2
250001962496;"PATRICIA ALMEIDA SILVESTRI";"#NULO";"MDB";"FEMININO";"SUPERIOR COMPLETO";"CASADO(A)";"PARDA";"ADVOGADO";"#NE";"N";"DEFERIDO";319;"SUPLENTE";150750;"FUNDO ESPECIAL, OUTROS RECURSOS";"Recursos de partido político, Recursos próprios";70000
250002351310;"HELOISA ALVES DE ARAUJO ZAGATO";"#NULO";"PMB";"FEMININO";"SUPERIOR COMPLETO";"SEPARADO(A) JUDICIALMENTE";"PARDA";"ENFERMEIRO";"#NE";"N";"DEFERIDO";138;"NÃO ELEITO";0;"#NULO";"#NULO";NA
250002351312;"LUCIO JOSE ESCUDERO";"#NULO";"PMB";"MASCULINO";"SUPERIOR COMPLETO";"CASADO(A)";"BRANCA";"APOSENTADO (EXCETO SERVIDOR PÚBLICO)";"#NE";"N";"DEFERIDO";100;"NÃO ELEITO";0;"#NULO";"#NULO";350000
250001881824;"EDILENE MARTINS LURA";"#NULO";"UNIÃO";"FEMININO";"SUPERIOR COMPLETO";"SOLTEIRO(A)";"PARDA";"OUTROS";"#NE";"N";"DEFERIDO";4449;"SUPLENTE";1061191,36;"FUNDO PARTIDARIO, FUNDO ESPECIAL, OUTROS RECURSOS";"Recursos de partido político, Recursos próprios";513648,96
250001881820;"NISE HITOMI YAMAGUCHI";"#NULO";"UNIÃO";"FEMININO";"SUPERIOR COMPLETO";"DIVORCIADO(A)";"AMARELA";"MÉDICO";"#NE";"N";"DEFERIDO";16554;"SUPLENTE";625818,88;"OUTROS RECURSOS, FUNDO PARTIDARIO, FUNDO ESPECIAL";"Recursos próprios, Recursos de pessoas físicas, Recursos de partido político";3114683,9
250001881808;"RINALDI CESAR DIGILIO";"#NULO";"UNIÃO";"MASCULINO";"SUPERIOR COMPLETO";"CASADO(A)";"BRANCA";"VEREADOR";"#NE";"S";"DEFERIDO";21183;"SUPLENTE";973156,45;"OUTROS RECURSOS, FUNDO PARTIDARIO, FUNDO ESPECIAL";"Recursos de pessoas físicas, Recursos de partido político, Recursos próprios";3248285,87
250001881792;"ALISSON GUIMARAES PEREIRA DE SOUZA";"#NULO";"UNIÃO";"MASCULINO";"SUPERIOR COMPLETO";"CASADO(A)";"PARDA";"POLICIAL MILITAR";"#NE";"N";"DEFERIDO";3283;"SUPLENTE";476799,45;"FUNDO PARTIDARIO, FUNDO ESPECIAL, OUTROS RECURSOS";"Recursos de partido político, Recursos próprios, Recursos de pessoas físicas";619876,35
250001933081;"KELLY SANTOS MULLER";"#NULO";"PODE";"FEMININO";"SUPERIOR COMPLETO";"DIVORCIADO(A)";"PARDA";"ATLETA PROFISSIONAL E TÉCNICO EM DESPORTOS";"#NE";"N";"DEFERIDO";310;"SUPLENTE";208461,51;"OUTROS RECURSOS, FUNDO ESPECIAL";"Recursos próprios, Recursos de partido político";69410
250001933076;"WALTER PAIVA CIGLIONI";"#NULO";"PODE";"MASCULINO";"SUPERIOR COMPLETO";"DIVORCIADO(A)";"BRANCA";"JORNALISTA E REDATOR";"#NE";"N";"DEFERIDO";238;"SUPLENTE";50000;"FUNDO ESPECIAL";"Recursos de partido político";30000
250001933067;"MARIA PAULA RUAS SOARES";"#NULO";"PODE";"FEMININO";"ENSINO MÉDIO COMPLETO";"SOLTEIRO(A)";"BRANCA";"OUTROS";"#NE";"N";"DEFERIDO";448;"SUPLENTE";1e+05;"FUNDO ESPECIAL";"Recursos de partido político";NA
250001933085;"ANA PAULA NEVES DE ALMEIDA FERNANDES";"#NULO";"PODE";"FEMININO";"SUPERIOR INCOMPLETO";"CASADO(A)";"PARDA";"EMPRESÁRIO";"#NE";"N";"DEFERIDO";524;"SUPLENTE";138461,5;"OUTROS RECURSOS, FUNDO ESPECIAL";"Recursos de partido político";240000
250001933086;"VALDIRENE SANTOS DA SILVA";"#NULO";"PODE";"FEMININO";"ENSINO MÉDIO COMPLETO";"SOLTEIRO(A)";"BRANCA";"OUTROS";"#NE";"N";"DEFERIDO";496;"SUPLENTE";130000;"OUTROS RECURSOS, FUNDO ESPECIAL";"Recursos de partido político";43309
250002170095;"RENATO BENEDUCI ASSAD";"#NULO";"PSTU";"MASCULINO";"SUPERIOR COMPLETO";"SOLTEIRO(A)";"BRANCA";"PROFESSOR DE ENSINO MÉDIO";"#NE";"N";"DEFERIDO";166;"NÃO ELEITO";5020;"OUTROS RECURSOS";"Recursos de pessoas físicas, Recursos de Financiamento Coletivo";184657
250002170092;"GRAZIELI RODRIGUES EZEQUIEL";"#NULO";"PSTU";"FEMININO";"SUPERIOR COMPLETO";"SOLTEIRO(A)";"PARDA";"ADMINISTRADOR";"#NE";"N";"DEFERIDO";1305;"NÃO ELEITO";22402,49;"OUTROS RECURSOS";"Recursos de pessoas físicas, Recursos próprios, Recursos de Financiamento Coletivo";34833,01
250002146905;"AILTON BATISTA VIRGULINO TEIXEIRA";"#NULO";"AVANTE";"MASCULINO";"ENSINO MÉDIO COMPLETO";"SEPARADO(A) JUDICIALMENTE";"PRETA";"APOSENTADO (EXCETO SERVIDOR PÚBLICO)";"#NE";"N";"DEFERIDO";103;"NÃO ELEITO";7500;"FUNDO ESPECIAL";"Recursos de partido político";600
250002146916;"HAIDÉE ALVES DE AQUINO BAPTISTA";"#NULO";"AVANTE";"FEMININO";"SUPERIOR COMPLETO";"CASADO(A)";"PRETA";"PEDAGOGO";"#NE";"N";"DEFERIDO";555;"NÃO ELEITO";11500;"FUNDO ESPECIAL, OUTROS RECURSOS";"Recursos de partido político, Recursos de pessoas físicas";310000
250002146893;"OCIMAR DE ARAÚJO MONTEIRO";"#NULO";"AVANTE";"MASCULINO";"ENSINO FUNDAMENTAL INCOMPLETO";"CASADO(A)";"BRANCA";"COMERCIANTE";"#NE";"N";"DEFERIDO";2198;"NÃO ELEITO";0;"#NULO";"#NULO";NA
250002146896;"FABIO ARCO E FLEXA VEIGA";"#NULO";"AVANTE";"MASCULINO";"ENSINO MÉDIO COMPLETO";"SOLTEIRO(A)";"BRANCA";"EMPRESÁRIO";"#NE";"N";"DEFERIDO";133;"NÃO ELEITO";0;"#NULO";"#NULO";NA
250002146910;"CESAR ROBERTO MACEDO FERREIRA";"#NULO";"AVANTE";"MASCULINO";"SUPERIOR COMPLETO";"CASADO(A)";"BRANCA";"EMPRESÁRIO";"#NE";"N";"DEFERIDO";1179;"NÃO ELEITO";114642,77;"OUTROS RECURSOS, FUNDO ESPECIAL";"Recursos de pessoas físicas, Recursos de partido político, Recursos próprios";278676,9
250002146886;"FERNANDA VOLNEIA PAIN DE MORAES";"#NULO";"AVANTE";"FEMININO";"SUPERIOR COMPLETO";"SOLTEIRO(A)";"BRANCA";"FISIOTERAPEUTA E TERAPEUTA OCUPACIONAL";"#NE";"N";"DEFERIDO";743;"NÃO ELEITO";25300;"OUTROS RECURSOS, FUNDO ESPECIAL";"Recursos de pessoas físicas, Recursos próprios, Recursos de partido político";1104372
250002146927;"VIVIAN GONÇALVES SANTOS MANTOAN";"#NULO";"AVANTE";"FEMININO";"SUPERIOR INCOMPLETO";"CASADO(A)";"PARDA";"GERENTE";"#NE";"N";"DEFERIDO";104;"NÃO ELEITO";10000;"FUNDO ESPECIAL";"Recursos de partido político";64200
250002146913;"ROSIMAR DA SILVA";"#NULO";"AVANTE";"FEMININO";"SUPERIOR COMPLETO";"SOLTEIRO(A)";"PARDA";"EMPRESÁRIO";"#NE";"N";"DEFERIDO";67;"NÃO ELEITO";5000;"FUNDO ESPECIAL";"Recursos de partido político";347900
250002146926;"CARLOS ROBERTO DA SILVA";"#NULO";"AVANTE";"MASCULINO";"ENSINO MÉDIO COMPLETO";"DIVORCIADO(A)";"PRETA";"TERAPEUTA";"#NE";"N";"DEFERIDO";161;"NÃO ELEITO";8500;"FUNDO ESPECIAL, OUTROS RECURSOS";"Recursos de partido político, Recursos de pessoas físicas";NA
250002146890;"MARIA MARTA DE LIMA BARROS";"#NULO";"AVANTE";"FEMININO";"ENSINO MÉDIO COMPLETO";"VIÚVO(A)";"BRANCA";"CORRETOR DE IMÓVEIS, SEGUROS, TÍTULOS E VALORES";"#NE";"S";"DEFERIDO";205;"NÃO ELEITO";0;"#NULO";"#NULO";NA
250002146882;"MARINALVA FERREIRA DA SILVA";"#NULO";"AVANTE";"FEMININO";"ENSINO MÉDIO COMPLETO";"DIVORCIADO(A)";"BRANCA";"VIGILANTE";"#NE";"S";"DEFERIDO";148;"NÃO ELEITO";0;"#NULO";"#NULO";NA
250002146912;"FÁBIO SILVA MOREIRA";"#NULO";"AVANTE";"MASCULINO";"SUPERIOR COMPLETO";"CASADO(A)";"PARDA";"GERENTE";"#NE";"N";"DEFERIDO";264;"NÃO ELEITO";0;"#NULO";"#NULO";37374000
250002146925;"ANTONIO CARLOS DE SOUZA SANTANA";"#NULO";"AVANTE";"MASCULINO";"SUPERIOR COMPLETO";"DIVORCIADO(A)";"PARDA";"ADVOGADO";"#NE";"N";"DEFERIDO";1752;"NÃO ELEITO";5315;"OUTROS RECURSOS";"Recursos de pessoas físicas, Recursos próprios";3200000
250002174672;"JULIO CESAR DA COSTA CAIRES FILHO";"#NULO";"PP";"MASCULINO";"SUPERIOR COMPLETO";"SOLTEIRO(A)";"PARDA";"ADVOGADO";"#NE";"N";"DEFERIDO";178;"SUPLENTE";0;"#NULO";"#NULO";NA
250002174665;"MARCIO RIBEIRO";"#NULO";"PP";"MASCULINO";"SUPERIOR COMPLETO";"CASADO(A)";"PARDA";"SERVIDOR PÚBLICO MUNICIPAL";"#NE";"N";"DEFERIDO";307;"SUPLENTE";89025;"FUNDO ESPECIAL, OUTROS RECURSOS";"Recursos de partido político, Recursos de pessoas físicas";281167,06
250002079322;"JADSON GERSON DA SILVA";"#NULO";"NOVO";"MASCULINO";"SUPERIOR COMPLETO";"CASADO(A)";"PRETA";"MOTORISTA DE VEÍCULOS DE TRANSPORTE DE CARGA";"#NE";"N";"DEFERIDO";441;"SUPLENTE";12619,8;"FUNDO PARTIDARIO, OUTROS RECURSOS";"Recursos de partido político, Recursos de pessoas físicas";160000
250002079332;"SAMUEL FERREIRA LIMA";"#NULO";"NOVO";"MASCULINO";"SUPERIOR INCOMPLETO";"CASADO(A)";"PARDA";"AUXILIAR DE ESCRITÓRIO E ASSEMELHADOS";"#NE";"N";"DEFERIDO";240;"SUPLENTE";15569,8;"OUTROS RECURSOS, FUNDO ESPECIAL";"Recursos de pessoas físicas, Recursos de partido político";4622,34
250002079310;"RICARDO LUIS MELLÃO";"#NULO";"NOVO";"MASCULINO";"SUPERIOR COMPLETO";"CASADO(A)";"BRANCA";"ADVOGADO";"#NE";"N";"DEFERIDO";10574;"SUPLENTE";396434;"OUTROS RECURSOS";"Recursos próprios, Recursos de partido político, Recursos de pessoas físicas, Recursos de Financiamento Coletivo";226049,43
250002079316;"TATIANA SIMAIA BARBOSA MALHEIROS";"#NULO";"NOVO";"FEMININO";"SUPERIOR COMPLETO";"CASADO(A)";"PARDA";"ADVOGADO";"#NE";"N";"DEFERIDO";1766;"SUPLENTE";82916,6;"OUTROS RECURSOS, FUNDO ESPECIAL";"Recursos de pessoas físicas, Recursos de partido político, Recursos de Financiamento Coletivo";2563000
250002079323;"ALDO APARECIDO LIMA";"#NULO";"NOVO";"MASCULINO";"ENSINO MÉDIO COMPLETO";"CASADO(A)";"PARDA";"MOTORISTA PARTICULAR";"#NE";"N";"DEFERIDO";377;"SUPLENTE";12583,8;"FUNDO ESPECIAL, OUTROS RECURSOS";"Recursos de partido político, Recursos de pessoas físicas";54000
250002079331;"ROGERIO GUILHERME VASQUEZ MINO UGEDA";"#NULO";"NOVO";"MASCULINO";"SUPERIOR INCOMPLETO";"SOLTEIRO(A)";"BRANCA";"CORRETOR DE IMÓVEIS, SEGUROS, TÍTULOS E VALORES";"#NE";"N";"DEFERIDO";476;"SUPLENTE";15932,99;"OUTROS RECURSOS, FUNDO ESPECIAL";"Recursos de pessoas físicas, Recursos próprios, Recursos de Financiamento Coletivo, Recursos de partido político";189999,5
250001977579;"OSVALDO DA SILVA LOBEIRO MACHADO";"#NULO";"REPUBLICANOS";"MASCULINO";"SUPERIOR INCOMPLETO";"CASADO(A)";"BRANCA";"MILITAR REFORMADO";"#NE";"N";"DEFERIDO";1463;"SUPLENTE";128010;"FUNDO ESPECIAL, OUTROS RECURSOS";"Recursos de partido político, Recursos de pessoas físicas";547806,2
250001977569;"SANSÃO PEREIRA FILHO";"#NULO";"REPUBLICANOS";"MASCULINO";"SUPERIOR INCOMPLETO";"CASADO(A)";"BRANCA";"VEREADOR";"#NE";"S";"DEFERIDO";42229;"ELEITO POR QP";730502,5;"OUTROS RECURSOS, FUNDO ESPECIAL";"Recursos próprios, Recursos de partido político, Recursos de pessoas físicas";331355
250001977597;"DENISE LEANDRO DA CRUZ";"#NULO";"REPUBLICANOS";"FEMININO";"SUPERIOR COMPLETO";"DIVORCIADO(A)";"PRETA";"ASSISTENTE SOCIAL";"#NE";"N";"DEFERIDO";3545;"SUPLENTE";69555;"OUTROS RECURSOS, FUNDO ESPECIAL";"Recursos de pessoas físicas, Recursos de partido político, Recursos de origens não identificadas";NA
250001977566;"SILVIA DOS SANTOS NAKANO";"#NULO";"REPUBLICANOS";"FEMININO";"SUPERIOR COMPLETO";"DIVORCIADO(A)";"AMARELA";"ADVOGADO";"#NE";"N";"DEFERIDO";476;"SUPLENTE";64859;"FUNDO ESPECIAL, OUTROS RECURSOS";"Recursos de partido político";10000
250001977567;"NOEMI PEREIRA NONATO";"#NULO";"REPUBLICANOS";"FEMININO";"ENSINO FUNDAMENTAL INCOMPLETO";"CASADO(A)";"BRANCA";"CANTOR E COMPOSITOR";"#NE";"N";"DEFERIDO";12703;"SUPLENTE";302827,5;"OUTROS RECURSOS, FUNDO ESPECIAL";"Recursos de pessoas físicas, Recursos de partido político";598000
250001977598;"EDUARDO FERREIRA DE ALMEIDA CAMARGO";"#NULO";"REPUBLICANOS";"MASCULINO";"ENSINO FUNDAMENTAL COMPLETO";"SOLTEIRO(A)";"BRANCA";"JORNALISTA E REDATOR";"#NE";"N";"DEFERIDO";1324;"SUPLENTE";80770,66;"FUNDO ESPECIAL, OUTROS RECURSOS";"Recursos de partido político, Recursos de pessoas físicas";NA
250001977605;"CLAUDIO EDUARDO CARDOSO";"#NULO";"REPUBLICANOS";"MASCULINO";"ENSINO MÉDIO COMPLETO";"DIVORCIADO(A)";"PARDA";"OUTROS";"#NE";"N";"DEFERIDO";735;"SUPLENTE";93701;"FUNDO ESPECIAL, OUTROS RECURSOS";"Recursos de partido político, Recursos de pessoas físicas";39950,73
250002146892;"ROGÉRIO SILVA LOPES";"#NULO";"AVANTE";"MASCULINO";"ENSINO FUNDAMENTAL COMPLETO";"SOLTEIRO(A)";"PRETA";"EMPRESÁRIO";"#NE";"N";"INDEFERIDO COM RECURSO";0;"NÃO ELEITO";5000;"FUNDO ESPECIAL";"Recursos de partido político";NA
250002064665;"MARCELO VIOLA";"#NULO";"UP";"MASCULINO";"SUPERIOR COMPLETO";"SOLTEIRO(A)";"BRANCA";"AGENTE ADMINISTRATIVO";"#NE";"N";"DEFERIDO";598;"NÃO ELEITO";7875;"OUTROS RECURSOS, FUNDO ESPECIAL";"Recursos de pessoas físicas, Recursos de partido político";28000
250002357434;"RUBENS PEREIRA DE ARAÚJO PAVÃO";"#NULO";"DC";"MASCULINO";"SUPERIOR COMPLETO";"CASADO(A)";"PARDA";"JORNALISTA E REDATOR";"#NE";"N";"DEFERIDO";190;"NÃO ELEITO";6820,65;"FUNDO ESPECIAL";"Recursos de partido político";NA
250002357424;"ELDER GIMENEZ THOMASI";"#NULO";"DC";"MASCULINO";"ENSINO MÉDIO COMPLETO";"CASADO(A)";"BRANCA";"MILITAR REFORMADO";"#NE";"N";"DEFERIDO";140;"NÃO ELEITO";6820,65;"FUNDO ESPECIAL";"Recursos de partido político";NA
250002357435;"FATIMA APARECIDA NASCIMENTO DOS SANTOS RADUNZ";"#NULO";"DC";"FEMININO";"ENSINO MÉDIO COMPLETO";"VIÚVO(A)";"PRETA";"ADMINISTRADOR";"#NE";"N";"DEFERIDO";166;"NÃO ELEITO";6820,65;"FUNDO ESPECIAL";"Recursos de partido político";1585000
250002075136;"DENISE ALVES DE OLIVEIRA";"#NULO";"PRD";"FEMININO";"SUPERIOR COMPLETO";"DIVORCIADO(A)";"BRANCA";"ADVOGADO";"#NE";"N";"DEFERIDO";63;"NÃO ELEITO";15000;"FUNDO ESPECIAL";"Recursos de partido político";375000
250002075152;"GABRIEL SILVA PINTO";"#NULO";"PRD";"MASCULINO";"ENSINO MÉDIO INCOMPLETO";"SOLTEIRO(A)";"PRETA";"ALMOXARIFE";"#NE";"N";"DEFERIDO";155;"NÃO ELEITO";20000;"FUNDO ESPECIAL";"Recursos de partido político";NA
250002075153;"CRISTIANE AQUINO PASTOR";"#NULO";"PRD";"FEMININO";"ENSINO MÉDIO COMPLETO";"CASADO(A)";"PARDA";"TERAPEUTA";"#NE";"N";"DEFERIDO";236;"NÃO ELEITO";40000;"FUNDO ESPECIAL";"Recursos de partido político";63148
250002075165;"RICARDO ROCHA DE OLIVEIRA";"#NULO";"PRD";"MASCULINO";"SUPERIOR INCOMPLETO";"CASADO(A)";"PARDA";"EMPRESÁRIO";"#NE";"N";"DEFERIDO";1151;"NÃO ELEITO";80000;"FUNDO ESPECIAL";"Recursos de partido político";18652
250002075159;"ERIC COSTA MARQUES";"#NULO";"PRD";"MASCULINO";"ENSINO MÉDIO COMPLETO";"SOLTEIRO(A)";"BRANCA";"MOTORISTA DE VEÍCULOS DE TRANSPORTE COLETIVO DE PASSAGEIROS";"#NE";"N";"DEFERIDO";353;"NÃO ELEITO";10432,84;"FUNDO ESPECIAL, OUTROS RECURSOS";"Recursos de partido político, Recursos próprios";665,67
250002075173;"MAYRA PEIXOTO VIEIRA";"#NULO";"PRD";"FEMININO";"SUPERIOR COMPLETO";"SOLTEIRO(A)";"PARDA";"ENFERMEIRO";"#NE";"N";"DEFERIDO";117;"NÃO ELEITO";15000;"FUNDO ESPECIAL";"Recursos de partido político";115057,74
250002181678;"JOSE EDINALDO DA SILVA SOUZA";"#NULO";"PSDB";"MASCULINO";"ENSINO FUNDAMENTAL COMPLETO";"SOLTEIRO(A)";"BRANCA";"MOTOBOY";"#NE";"N";"DEFERIDO";67;"NÃO ELEITO";0;"#NULO";"#NULO";455000
250002181656;"MARIA DA CONCEICAO BELIZARIA DE SANTANA";"#NULO";"CIDADANIA";"FEMININO";"ENSINO FUNDAMENTAL COMPLETO";"SOLTEIRO(A)";"BRANCA";"OUTROS";"#NE";"N";"DEFERIDO";211;"NÃO ELEITO";15897,44;"FUNDO ESPECIAL";"Recursos de partido político, Recursos de outros candidatos";NA
250002181681;"RUDNEIA ALVES ARANTES";"#NULO";"PSDB";"FEMININO";"SUPERIOR COMPLETO";"SOLTEIRO(A)";"PARDA";"OUTROS";"#NE";"N";"DEFERIDO";1075;"NÃO ELEITO";50012,3;"FUNDO PARTIDARIO, FUNDO ESPECIAL, OUTROS RECURSOS";"Recursos de partido político, Recursos de pessoas físicas";8028,65
250002181670;"JAMES DEL TEDESCO LOSACCO";"#NULO";"PSDB";"MASCULINO";"SUPERIOR COMPLETO";"CASADO(A)";"BRANCA";"ODONTÓLOGO";"#NE";"N";"DEFERIDO";708;"NÃO ELEITO";4580,44;"OUTROS RECURSOS, FUNDO PARTIDARIO";"Recursos de outros candidatos, Recursos de partido político";NA
250002181684;"ROSELAINE SOUZA DOS SANTOS";"#NULO";"CIDADANIA";"FEMININO";"ENSINO MÉDIO COMPLETO";"CASADO(A)";"PRETA";"OUTROS";"#NE";"N";"DEFERIDO";286;"NÃO ELEITO";15897,44;"FUNDO ESPECIAL";"Recursos de partido político, Recursos de outros candidatos";NA
250002181663;"AUGUSTO RABELO GONZALES";"#NULO";"PSDB";"MASCULINO";"SUPERIOR COMPLETO";"SOLTEIRO(A)";"BRANCA";"GERENTE";"#NE";"N";"DEFERIDO";144;"NÃO ELEITO";NA;NA;NA;NA
250002181688;"RENE NUNES BALTAZAR";"#NULO";"PSDB";"MASCULINO";"ENSINO FUNDAMENTAL COMPLETO";"CASADO(A)";"BRANCA";"SUPERVISOR, INSPETOR E AGENTE DE COMPRAS E VENDAS";"#NE";"N";"DEFERIDO";140;"NÃO ELEITO";2000;"OUTROS RECURSOS";"Recursos próprios";NA
250002377226;"MARIO COVAS NETO";"#NULO";"PSDB";"MASCULINO";"SUPERIOR COMPLETO";"DIVORCIADO(A)";"BRANCA";"ADVOGADO";"#NE";"N";"DEFERIDO";5825;"NÃO ELEITO";331000;"FUNDO ESPECIAL, OUTROS RECURSOS";"Recursos de partido político, Recursos de pessoas físicas";501003,16
250001973467;"LUCAS PAVANATO DE OLIVEIRA";"#NULO";"PL";"MASCULINO";"SUPERIOR COMPLETO";"SOLTEIRO(A)";"BRANCA";"EMPRESÁRIO";"#NE";"N";"DEFERIDO";161386;"ELEITO POR QP";1077658,34;"OUTROS RECURSOS, FUNDO ESPECIAL";"Recursos de pessoas físicas, Recursos de partido político, Recursos próprios";12990
250001973489;"SANDRA REGINA SANT ANNA PETITTO";"#NULO";"PL";"FEMININO";"SUPERIOR COMPLETO";"CASADO(A)";"PRETA";"DONA DE CASA";"#NE";"N";"DEFERIDO";1764;"SUPLENTE";680000;"FUNDO ESPECIAL";"Recursos de partido político";24326
250001973511;"MARIA DE FÁTIMA LUCENA MOTA";"#NULO";"PL";"FEMININO";"SUPERIOR COMPLETO";"SOLTEIRO(A)";"BRANCA";"OUTROS";"#NE";"N";"DEFERIDO";1341;"SUPLENTE";96700;"FUNDO ESPECIAL, OUTROS RECURSOS";"Recursos de partido político, Recursos próprios, Recursos de pessoas físicas";132322,52
250001973493;"MUNIR AUGUSTO NISS";"#NULO";"PL";"MASCULINO";"SUPERIOR COMPLETO";"CASADO(A)";"BRANCA";"PUBLICITÁRIO";"#NE";"N";"DEFERIDO";1071;"SUPLENTE";79600;"OUTROS RECURSOS, FUNDO ESPECIAL";"Recursos de pessoas físicas, Recursos de partido político";NA
250001973481;"ISAC FELIX DOS SANTOS";"#NULO";"PL";"MASCULINO";"SUPERIOR COMPLETO";"CASADO(A)";"PARDA";"VEREADOR";"#NE";"S";"DEFERIDO";62275;"ELEITO POR QP";1052000;"FUNDO ESPECIAL, OUTROS RECURSOS";"Recursos de partido político, Recursos de pessoas físicas";1390956,02
250001973474;"ADRIANO COSTA DOS SANTOS";"#NULO";"PL";"MASCULINO";"ENSINO FUNDAMENTAL COMPLETO";"SOLTEIRO(A)";"PARDA";"MOTOBOY";"#NE";"N";"DEFERIDO";611;"SUPLENTE";45000;"FUNDO ESPECIAL";"Recursos de partido político";7221,61
250001973508;"FATIMA ALVES";"#NULO";"PL";"FEMININO";"ENSINO MÉDIO COMPLETO";"SOLTEIRO(A)";"PRETA";"OUTROS";"#NE";"N";"DEFERIDO";952;"SUPLENTE";85500;"OUTROS RECURSOS, FUNDO ESPECIAL";"Recursos de pessoas físicas, Recursos de partido político";1018256,2
250001973515;"ROBERTO PIRES PACIULLO";"#NULO";"PL";"MASCULINO";"SUPERIOR COMPLETO";"CASADO(A)";"BRANCA";"COMERCIANTE";"#NE";"N";"DEFERIDO";1600;"SUPLENTE";330300;"FUNDO ESPECIAL, OUTROS RECURSOS";"Recursos de partido político, Recursos próprios";2850000
250001973501;"PATRICIA MAGDA GIRO LOBO BELLI";"#NULO";"PL";"FEMININO";"SUPERIOR COMPLETO";"CASADO(A)";"BRANCA";"ADMINISTRADOR";"#NE";"N";"DEFERIDO";1614;"SUPLENTE";73600;"OUTROS RECURSOS, FUNDO ESPECIAL";"Recursos de pessoas físicas, Recursos de partido político, Recursos de outros candidatos";77000
250001973517;"CAMILA MOREIRA DE SOUSA BASTOS";"#NULO";"PL";"FEMININO";"SUPERIOR COMPLETO";"CASADO(A)";"PARDA";"BANCÁRIO E ECONOMIÁRIO";"#NE";"N";"DEFERIDO";1459;"SUPLENTE";85000;"FUNDO ESPECIAL";"Recursos de partido político";1789000
250001973487;"ANTONIO DE FREITAS JUNIOR";"#NULO";"PL";"MASCULINO";"SUPERIOR COMPLETO";"CASADO(A)";"BRANCA";"EMPRESÁRIO";"#NE";"N";"DEFERIDO";1037;"SUPLENTE";65000;"FUNDO ESPECIAL";"Recursos de partido político";1085157,83
250001973513;"DEUSDOLAR BORGATO";"#NULO";"PL";"MASCULINO";"SUPERIOR COMPLETO";"CASADO(A)";"BRANCA";"EMPRESÁRIO";"#NE";"N";"DEFERIDO";337;"SUPLENTE";70000;"FUNDO ESPECIAL";"Recursos de partido político";1532000
250001973478;"JULIANA ROSA MIRANDA";"#NULO";"PL";"FEMININO";"SUPERIOR COMPLETO";"SOLTEIRO(A)";"BRANCA";"ADVOGADO";"#NE";"N";"DEFERIDO";590;"SUPLENTE";102500;"FUNDO ESPECIAL, OUTROS RECURSOS";"Recursos de partido político, Recursos próprios, Recursos de pessoas físicas";89077,64
250001973484;"SERGIO RIBEIRO BUSTAMANTE";"#NULO";"PL";"MASCULINO";"ENSINO MÉDIO COMPLETO";"CASADO(A)";"BRANCA";"OUTROS";"#NE";"N";"DEFERIDO";926;"SUPLENTE";82536,5;"OUTROS RECURSOS, FUNDO ESPECIAL";"Recursos próprios, Recursos de partido político, Recursos de pessoas físicas";5113034,8
250002052137;"ADERITO CASSIO DE ASSIS DUTRA";"#NULO";"PSOL";"MASCULINO";"ENSINO MÉDIO COMPLETO";"DIVORCIADO(A)";"PARDA";"COMERCIANTE";"#NE";"N";"DEFERIDO";883;"SUPLENTE";13767,19;"OUTROS RECURSOS, FUNDO ESPECIAL";"Recursos de pessoas físicas, Recursos de partido político";NA
250002052100;"MARINA AMADEU BATISTA BRAGANTE";"#NULO";"REDE";"FEMININO";"SUPERIOR COMPLETO";"CASADO(A)";"BRANCA";"PSICÓLOGO";"#NE";"N";"DEFERIDO";39147;"ELEITO POR QP";1331856,4;"OUTROS RECURSOS, FUNDO ESPECIAL";"Recursos de pessoas físicas, Recursos de partido político, Recursos de Financiamento Coletivo, Recursos de outros candidatos";432617,04
250002052095;"MARTA LOPES DE OLIVEIRA";"#NULO";"PSOL";"FEMININO";"SUPERIOR COMPLETO";"DIVORCIADO(A)";"PRETA";"APOSENTADO (EXCETO SERVIDOR PÚBLICO)";"#NE";"N";"DEFERIDO";1262;"SUPLENTE";48635,42;"FUNDO ESPECIAL";"Recursos de outros candidatos, Recursos de partido político";NA
250002052101;"DEBORA PEREIRA DE LIMA";"#NULO";"PSOL";"FEMININO";"SUPERIOR COMPLETO";"SOLTEIRO(A)";"PRETA";"OUTROS";"#NE";"N";"DEFERIDO";23660;"SUPLENTE";674697,39;"FUNDO ESPECIAL, OUTROS RECURSOS, FUNDO PARTIDARIO";"Recursos de partido político, Recursos de pessoas físicas, Recursos de Financiamento Coletivo, Recursos de outros candidatos";NA
250002052115;"KEITCHELE LIMA DA SILVA";"#NULO";"PSOL";"FEMININO";"SUPERIOR COMPLETO";"SOLTEIRO(A)";"PRETA";"ESTUDANTE, BOLSISTA, ESTAGIÁRIO E ASSEMELHADOS";"#NE";"N";"DEFERIDO";27769;"ELEITO POR MÉDIA";772937,56;"FUNDO ESPECIAL, OUTROS RECURSOS";"Recursos de partido político, Recursos de outros candidatos, Recursos de pessoas físicas, Recursos de Financiamento Coletivo";NA
250002052108;"MAURÍCIO DE MELO RIBEIRO";"#NULO";"PSOL";"MASCULINO";"SUPERIOR INCOMPLETO";"CASADO(A)";"BRANCA";"REPRESENTANTE COMERCIAL";"#NE";"N";"DEFERIDO";286;"SUPLENTE";35666,36;"FUNDO ESPECIAL, OUTROS RECURSOS";"Recursos de outros candidatos, Recursos de partido político, Recursos de pessoas físicas, Recursos próprios";1531000
250002052112;"IDALICIO REIMBERG LIMA";"#NULO";"PSOL";"MASCULINO";"SUPERIOR COMPLETO";"SOLTEIRO(A)";"BRANCA";"ADMINISTRADOR";"#NE";"N";"DEFERIDO";675;"SUPLENTE";31335,11;"FUNDO ESPECIAL, OUTROS RECURSOS";"Recursos de partido político, Recursos de outros candidatos";NA
250002052083;"EDNA GENÉSIO DA SILVA YAMADA";"#NULO";"REDE";"FEMININO";"SUPERIOR COMPLETO";"DIVORCIADO(A)";"BRANCA";"DIRETOR DE ESTABELECIMENTO DE ENSINO";"#NE";"N";"DEFERIDO";505;"SUPLENTE";29742,92;"FUNDO ESPECIAL";"Recursos de partido político, Recursos de outros candidatos";309661
250002052113;"BRAULINA SIMOA DOS SANTOS";"#NULO";"PSOL";"FEMININO";"ENSINO MÉDIO COMPLETO";"SOLTEIRO(A)";"PARDA";"APOSENTADO (EXCETO SERVIDOR PÚBLICO)";"#NE";"N";"DEFERIDO";178;"SUPLENTE";44382,92;"FUNDO ESPECIAL";"Recursos de partido político, Recursos de outros candidatos";4e+05
250002052124;"INGRID SOARES SANTOS";"#NULO";"REDE";"FEMININO";"SUPERIOR COMPLETO";"SOLTEIRO(A)";"PRETA";"SERVIDOR PÚBLICO MUNICIPAL";"#NE";"N";"DEFERIDO";725;"SUPLENTE";62173,01;"FUNDO ESPECIAL, OUTROS RECURSOS";"Recursos de partido político, Recursos de Financiamento Coletivo, Recursos de outros candidatos, Recursos de pessoas físicas";NA
250002052097;"ELIAS PEREIRA FREITAS DA SILVA JÚNIOR";"#NULO";"PSOL";"MASCULINO";"SUPERIOR INCOMPLETO";"CASADO(A)";"PRETA";"OUTROS";"#NE";"N";"DEFERIDO";4093;"SUPLENTE";100763,12;"OUTROS RECURSOS, FUNDO ESPECIAL";"Recursos de pessoas físicas, Recursos de partido político, Recursos de outros candidatos";8000
250002052089;"ARI FRIEDENBACH";"#NULO";"PSOL";"MASCULINO";"SUPERIOR COMPLETO";"DIVORCIADO(A)";"BRANCA";"ADVOGADO";"#NE";"N";"DEFERIDO";1780;"SUPLENTE";139781,37;"OUTROS RECURSOS, FUNDO ESPECIAL";"Recursos de partido político, Recursos de pessoas físicas, Recursos de outros candidatos";NA
250002052092;"SANDRA RAMALHOSO";"#NULO";"PSOL";"FEMININO";"SUPERIOR INCOMPLETO";"DIVORCIADO(A)";"BRANCA";"DONA DE CASA";"#NE";"N";"DEFERIDO";1173;"SUPLENTE";100045,71;"FUNDO ESPECIAL, OUTROS RECURSOS";"Recursos de outros candidatos, Recursos de partido político";NA
250002052096;"DANILO ARAUJO VALDIVINO";"#NULO";"PSOL";"MASCULINO";"ENSINO MÉDIO INCOMPLETO";"SOLTEIRO(A)";"PARDA";"OUTROS";"#NE";"N";"DEFERIDO";5586;"SUPLENTE";230090,01;"OUTROS RECURSOS, FUNDO ESPECIAL";"Recursos de pessoas físicas, Recursos de partido político, Recursos de outros candidatos, Recursos de Financiamento Coletivo";84000
250002018925;"FRANCISCO JOSÉ DA CRUZ FILHO";"#NULO";"MOBILIZA";"MASCULINO";"SUPERIOR COMPLETO";"CASADO(A)";"BRANCA";"TÉCNICO DE LABORATÓRIO E RAIOS X";"#NE";"N";"DEFERIDO";162;"NÃO ELEITO";0;"#NULO";"#NULO";8500
250002018936;"ALINE BARBOSA RIO RIBEIRO";"#NULO";"MOBILIZA";"FEMININO";"SUPERIOR COMPLETO";"SOLTEIRO(A)";"BRANCA";"EMPRESÁRIO";"#NE";"N";"DEFERIDO";294;"NÃO ELEITO";0;"#NULO";"#NULO";290000
250002018916;"MARIA NEUMA VIANA SANTOS";"#NULO";"MOBILIZA";"FEMININO";"SUPERIOR COMPLETO";"DIVORCIADO(A)";"PARDA";"CORRETOR DE IMÓVEIS, SEGUROS, TÍTULOS E VALORES";"#NE";"N";"DEFERIDO";89;"NÃO ELEITO";15000;"FUNDO ESPECIAL";"Recursos de partido político";NA
250002018942;"ANDERSON DO NASCIMENTO DUARTE";"#NULO";"MOBILIZA";"MASCULINO";"ENSINO FUNDAMENTAL COMPLETO";"DIVORCIADO(A)";"BRANCA";"EMPRESÁRIO";"#NE";"N";"DEFERIDO";79;"NÃO ELEITO";0;"#NULO";"#NULO";1000
250002018924;"MARCOS JOSE PEREIRA";"#NULO";"MOBILIZA";"MASCULINO";"SUPERIOR COMPLETO";"SOLTEIRO(A)";"BRANCA";"JORNALISTA E REDATOR";"#NE";"N";"DEFERIDO";146;"NÃO ELEITO";0;"#NULO";"#NULO";NA
250002018931;"RONALDO GALDINO DOS SANTOS";"#NULO";"MOBILIZA";"MASCULINO";"SUPERIOR COMPLETO";"SOLTEIRO(A)";"PARDA";"POLICIAL MILITAR";"#NE";"N";"DEFERIDO";375;"NÃO ELEITO";310;"OUTROS RECURSOS";"Recursos próprios";NA
250002018939;"PAULO SERGIO BAPTISTA DE SOUZA";"#NULO";"MOBILIZA";"MASCULINO";"SUPERIOR COMPLETO";"CASADO(A)";"BRANCA";"ADVOGADO";"#NE";"N";"DEFERIDO";311;"NÃO ELEITO";0;"#NULO";"#NULO";2583730,45
250002018921;"SIGMAR DUPRE GUIMARÃES";"#NULO";"MOBILIZA";"MASCULINO";"SUPERIOR COMPLETO";"CASADO(A)";"BRANCA";"OUTROS";"#NE";"N";"DEFERIDO";723;"NÃO ELEITO";2000;"OUTROS RECURSOS";"Recursos próprios";130000
250002018917;"SORAIA IRENE MARTINS MANZANO";"#NULO";"MOBILIZA";"FEMININO";"ENSINO MÉDIO COMPLETO";"CASADO(A)";"PARDA";"OUTROS";"#NE";"N";"DEFERIDO";1567;"NÃO ELEITO";15000;"FUNDO ESPECIAL";"Recursos de partido político";39900
250002363846;"NATÁLIA BRAGA COSTA PIMENTA";"#NULO";"PCO";"FEMININO";"SUPERIOR INCOMPLETO";"SOLTEIRO(A)";"BRANCA";"JORNALISTA E REDATOR";"#NE";"N";"DEFERIDO";233;"NÃO ELEITO";105783,86;"FUNDO ESPECIAL";"Recursos de partido político";NA
250002363847;"LUCIO DE SOUZA JÚNIOR";"#NULO";"PCO";"MASCULINO";"SUPERIOR COMPLETO";"CASADO(A)";"BRANCA";"SERVIDOR PÚBLICO CIVIL APOSENTADO";"#NE";"N";"DEFERIDO";8;"NÃO ELEITO";4442,13;"FUNDO ESPECIAL";"Recursos de partido político";2100000
250002363845;"CARLOS AUGUSTO RODRIGUES";"#NULO";"PCO";"MASCULINO";"SUPERIOR COMPLETO";"DIVORCIADO(A)";"BRANCA";"APOSENTADO (EXCETO SERVIDOR PÚBLICO)";"#NE";"N";"DEFERIDO";25;"NÃO ELEITO";4442,13;"FUNDO ESPECIAL";"Recursos de partido político";128000
250002170999;"ADEMILSON RAMOS DA SILVA";"#NULO";"PRTB";"MASCULINO";"ENSINO MÉDIO COMPLETO";"SOLTEIRO(A)";"BRANCA";"FUNILEIRO";"#NE";"N";"DEFERIDO";293;"NÃO ELEITO";17673,43;"FUNDO ESPECIAL";"Recursos de partido político";875000
250002171015;"SONIA MARIA GUERREIRO PAZINI";"#NULO";"PRTB";"FEMININO";"ENSINO MÉDIO COMPLETO";"VIÚVO(A)";"PARDA";"APOSENTADO (EXCETO SERVIDOR PÚBLICO)";"#NE";"N";"DEFERIDO";242;"NÃO ELEITO";43109,99;"FUNDO ESPECIAL";"Recursos de partido político";NA
250002170981;"VALDIR HERMOGENES PEREIRA";"#NULO";"PRTB";"MASCULINO";"ENSINO FUNDAMENTAL COMPLETO";"CASADO(A)";"PRETA";"OUTROS";"#NE";"N";"DEFERIDO";787;"NÃO ELEITO";12433,07;"FUNDO ESPECIAL";"Recursos de partido político";NA
250002170971;"PATRICIA CARVALHO DE OLIVEIRA";"#NULO";"PRTB";"FEMININO";"SUPERIOR INCOMPLETO";"SOLTEIRO(A)";"BRANCA";"CORRETOR DE IMÓVEIS, SEGUROS, TÍTULOS E VALORES";"#NE";"N";"DEFERIDO";492;"NÃO ELEITO";13609,54;"FUNDO ESPECIAL";"Recursos de partido político";15000
250002170984;"VANESSA PEREIRA LELO";"#NULO";"PRTB";"FEMININO";"SUPERIOR COMPLETO";"SOLTEIRO(A)";"PARDA";"EMPRESÁRIO";"#NE";"N";"DEFERIDO";711;"NÃO ELEITO";33565,59;"FUNDO ESPECIAL";"Recursos de partido político";425000
250002029378;"MARCELO DE PAULO";"#NULO";"SOLIDARIEDADE";"MASCULINO";"ENSINO MÉDIO COMPLETO";"CASADO(A)";"PARDA";"OUTROS";"#NE";"S";"DEFERIDO";998;"NÃO ELEITO";25224,17;"FUNDO PARTIDARIO, FUNDO ESPECIAL";"Recursos de partido político";NA
250002029372;"MARLUCE DA CONCEIÇÃO";"#NULO";"SOLIDARIEDADE";"FEMININO";"ENSINO MÉDIO COMPLETO";"SOLTEIRO(A)";"PRETA";"OUTROS";"#NE";"N";"DEFERIDO";63;"NÃO ELEITO";12553,06;"FUNDO ESPECIAL";"Recursos de partido político";NA
250002029397;"JOSE ROBERTO DE CASTRO";"#NULO";"SOLIDARIEDADE";"MASCULINO";"SUPERIOR COMPLETO";"CASADO(A)";"BRANCA";"APOSENTADO (EXCETO SERVIDOR PÚBLICO)";"#NE";"N";"DEFERIDO";594;"NÃO ELEITO";58636,84;"FUNDO ESPECIAL, FUNDO PARTIDARIO, OUTROS RECURSOS";"Recursos de partido político, Recursos próprios";911693,78
250002029371;"ANDRÉ TRINDADE ALVES";"#NULO";"SOLIDARIEDADE";"MASCULINO";"ENSINO MÉDIO COMPLETO";"SOLTEIRO(A)";"BRANCA";"BOMBEIRO CIVIL";"#NE";"N";"DEFERIDO";604;"NÃO ELEITO";28671,83;"FUNDO PARTIDARIO, FUNDO ESPECIAL";"Recursos de partido político";259753,4
250002029380;"SEBASTIÃO SERAFIM DE MOURA SOBRINHO";"#NULO";"SOLIDARIEDADE";"MASCULINO";"ENSINO MÉDIO INCOMPLETO";"SOLTEIRO(A)";"BRANCA";"EMPRESÁRIO";"#NE";"N";"DEFERIDO";79;"NÃO ELEITO";27105,77;"FUNDO ESPECIAL, FUNDO PARTIDARIO";"Recursos de partido político";NA
250002029365;"ANGELA BARBOSA DOS SANTOS";"#NULO";"SOLIDARIEDADE";"FEMININO";"SUPERIOR COMPLETO";"CASADO(A)";"BRANCA";"TÉCNICO DE LABORATÓRIO E RAIOS X";"#NE";"N";"DEFERIDO";49;"NÃO ELEITO";29220,59;"FUNDO ESPECIAL, FUNDO PARTIDARIO";"Recursos de partido político";NA
250002029401;"MANOEL DA CRUZ CARLOS VIEIRA";"#NULO";"SOLIDARIEDADE";"MASCULINO";"SUPERIOR INCOMPLETO";"CASADO(A)";"BRANCA";"OUTROS";"#NE";"N";"DEFERIDO";234;"NÃO ELEITO";5514;"FUNDO PARTIDARIO";"Recursos de partido político";48708,3
250002029362;"BRÍGIDA CAIRES DINARDI";"#NULO";"SOLIDARIEDADE";"FEMININO";"ENSINO MÉDIO COMPLETO";"SOLTEIRO(A)";"BRANCA";"OUTROS";"#NE";"N";"DEFERIDO";72;"NÃO ELEITO";21860,59;"FUNDO PARTIDARIO, FUNDO ESPECIAL";"Recursos de partido político";NA
250001913983;"CÂNDIDO PARREIRA DUARTE NETO";"#NULO";"PT";"MASCULINO";"SUPERIOR INCOMPLETO";"DIVORCIADO(A)";"BRANCA";"APOSENTADO (EXCETO SERVIDOR PÚBLICO)";"#NE";"N";"DEFERIDO";99;"SUPLENTE";53839,55;"FUNDO ESPECIAL";"Recursos de partido político";66870
250001913964;"MARCOS MAGRI BENADOR";"#NULO";"PV";"MASCULINO";"ENSINO MÉDIO INCOMPLETO";"SOLTEIRO(A)";"BRANCA";"OUTROS";"#NE";"N";"DEFERIDO";569;"SUPLENTE";97309,6;"FUNDO ESPECIAL, FUNDO PARTIDARIO, OUTROS RECURSOS";"Recursos de partido político, Recursos de pessoas físicas";185000
250001913978;"CÍCERA MARIA DA CONCEIÇÃO";"#NULO";"PT";"FEMININO";"ENSINO MÉDIO COMPLETO";"SOLTEIRO(A)";"PRETA";"OUTROS";"#NE";"N";"DEFERIDO";326;"SUPLENTE";52365,87;"FUNDO ESPECIAL";"Recursos de partido político";NA
250001913935;"GARRY DERALUS";"#NULO";"PT";"MASCULINO";"ENSINO MÉDIO COMPLETO";"DIVORCIADO(A)";"PRETA";"COZINHEIRO";"#NE";"N";"DEFERIDO";420;"SUPLENTE";73839,55;"FUNDO ESPECIAL";"Recursos de partido político";NA
250001913949;"JOSÉ AMÉRICO ASCÊNCIO DIAS";"#NULO";"PT";"MASCULINO";"SUPERIOR COMPLETO";"CASADO(A)";"BRANCA";"APOSENTADO (EXCETO SERVIDOR PÚBLICO)";"#NE";"S";"DEFERIDO";11358;"SUPLENTE";1026395,87;"OUTROS RECURSOS, FUNDO ESPECIAL";"Recursos de pessoas físicas, Recursos de partido político, Recursos próprios, Recursos de origens não identificadas";490000
250001913962;"RAFAEL DA ROCHA OLIVEIRA";"#NULO";"PT";"MASCULINO";"SUPERIOR INCOMPLETO";"SOLTEIRO(A)";"BRANCA";"OUTROS";"#NE";"N";"DEFERIDO";108;"SUPLENTE";53839,55;"FUNDO ESPECIAL";"Recursos de partido político";NA
250001913981;"LUCIANO BARBOSA DA SILVA";"#NULO";"PT";"MASCULINO";"SUPERIOR COMPLETO";"CASADO(A)";"BRANCA";"ADVOGADO";"#NE";"N";"DEFERIDO";9087;"SUPLENTE";887963,36;"FUNDO ESPECIAL, OUTROS RECURSOS";"Recursos de partido político, Recursos de pessoas físicas, Recursos próprios";659450,6
250001913938;"PRISCILLA LEITE FERREIRA";"#NULO";"PT";"FEMININO";"SUPERIOR INCOMPLETO";"DIVORCIADO(A)";"PRETA";"MOTORISTA PARTICULAR";"#NE";"N";"DEFERIDO";330;"SUPLENTE";52365,87;"FUNDO ESPECIAL";"Recursos de partido político";NA
250002161316;"MARCELO VIEIRA SALLES";"#NULO";"PSD";"MASCULINO";"SUPERIOR COMPLETO";"CASADO(A)";"BRANCA";"VEREADOR";"#NE";"S";"DEFERIDO";15682;"SUPLENTE";1242555;"FUNDO ESPECIAL, OUTROS RECURSOS";"Recursos de partido político, Recursos de pessoas físicas";708873,31
250002161336;"SILVIO ROBERTO DE OLIVEIRA";"#NULO";"PSD";"MASCULINO";"SUPERIOR COMPLETO";"CASADO(A)";"PARDA";"POLICIAL MILITAR";"#NE";"N";"DEFERIDO";8918;"SUPLENTE";559375;"OUTROS RECURSOS, FUNDO ESPECIAL";"Recursos de partido político";280811,59
250002161318;"RODRIGO HAYASHI GOULART";"#NULO";"PSD";"MASCULINO";"SUPERIOR COMPLETO";"SOLTEIRO(A)";"BRANCA";"VEREADOR";"#NE";"S";"DEFERIDO";58715;"ELEITO POR QP";4288678,09;"OUTROS RECURSOS, FUNDO ESPECIAL";"Recursos de pessoas físicas, Recursos de partido político, Rendimentos de aplicações financeiras, Recursos próprios";3827039,65
250002173915;"JOSE ROBSON CORINGA BEZERRA";"#NULO";"PDT";"MASCULINO";"ENSINO FUNDAMENTAL COMPLETO";"CASADO(A)";"BRANCA";"COMERCIANTE";"#NE";"N";"DEFERIDO";3634;"NÃO ELEITO";2e+05;"FUNDO ESPECIAL";"Recursos de partido político";NA
250002173907;"RUBENS WAGNER CALVO";"#NULO";"PDT";"MASCULINO";"SUPERIOR COMPLETO";"CASADO(A)";"BRANCA";"MÉDICO";"#NE";"N";"DEFERIDO";4544;"NÃO ELEITO";256676,67;"FUNDO ESPECIAL, OUTROS RECURSOS";"Recursos de partido político, Recursos de pessoas físicas";NA
250002173913;"DJALMA DA SILVA CORREA";"#NULO";"PDT";"MASCULINO";"SUPERIOR COMPLETO";"CASADO(A)";"PRETA";"ASSISTENTE SOCIAL";"#NE";"N";"DEFERIDO";1796;"NÃO ELEITO";20000;"FUNDO ESPECIAL";"Recursos de partido político";183522,6
250002173941;"DANILO PRISEAJNIUC BIFONE";"#NULO";"PDT";"MASCULINO";"SUPERIOR COMPLETO";"SOLTEIRO(A)";"BRANCA";"SERVIDOR PÚBLICO FEDERAL";"#NE";"N";"DEFERIDO";1211;"NÃO ELEITO";61170;"OUTROS RECURSOS, FUNDO ESPECIAL";"Recursos de pessoas físicas, Recursos de partido político, Recursos próprios";650000
250002173919;"MANOEL JOSÉ DA SILVA";"#NULO";"PDT";"MASCULINO";"ENSINO FUNDAMENTAL INCOMPLETO";"CASADO(A)";"BRANCA";"EMPRESÁRIO";"#NE";"N";"DEFERIDO";692;"NÃO ELEITO";15000;"FUNDO ESPECIAL";"Recursos de partido político";82000
250002173924;"IGOR ESPERIDIAO SANTOS";"#NULO";"PDT";"MASCULINO";"ENSINO MÉDIO INCOMPLETO";"CASADO(A)";"PRETA";"MECÂNICO DE MANUTENÇÃO";"#NE";"N";"DEFERIDO";249;"NÃO ELEITO";0;"#NULO";"#NULO";NA
250002173905;"DARCIO RANÇÃO RICCA";"#NULO";"PDT";"MASCULINO";"SUPERIOR COMPLETO";"CASADO(A)";"BRANCA";"ADMINISTRADOR";"#NE";"N";"DEFERIDO";299;"NÃO ELEITO";21750;"FUNDO ESPECIAL, OUTROS RECURSOS";"Recursos de partido político, Recursos de Financiamento Coletivo, Recursos de pessoas físicas";1275574,71
250002034131;"WALDIR ESTEVES BARBOSA";"#NULO";"PSB";"MASCULINO";"SUPERIOR COMPLETO";"CASADO(A)";"PRETA";"DIRETOR DE ESTABELECIMENTO DE ENSINO";"#NE";"N";"DEFERIDO";704;"SUPLENTE";51790,81;"FUNDO ESPECIAL, OUTROS RECURSOS";"Recursos de partido político, Recursos de pessoas físicas, Recursos de outros candidatos";NA
250002034086;"MARIA CECILIA BEZERRA DA SILVA";"#NULO";"PSB";"FEMININO";"ENSINO MÉDIO INCOMPLETO";"SOLTEIRO(A)";"BRANCA";"OUTROS";"#NE";"N";"DEFERIDO";752;"SUPLENTE";31106,81;"FUNDO ESPECIAL";"Recursos de outros candidatos, Recursos de partido político";118,71
250002034106;"MARIA VERONICA PORTO BILYK";"#NULO";"PSB";"FEMININO";"SUPERIOR COMPLETO";"DIVORCIADO(A)";"BRANCA";"PUBLICITÁRIO";"#NE";"N";"DEFERIDO";3369;"SUPLENTE";104285,29;"OUTROS RECURSOS, FUNDO ESPECIAL";"Recursos de pessoas físicas, Recursos de outros candidatos, Recursos de partido político, Recursos de Financiamento Coletivo";3135,22
250002034120;"JUSSARA BASSO DOS SANTOS";"#NULO";"PSB";"FEMININO";"ENSINO MÉDIO COMPLETO";"SOLTEIRO(A)";"PRETA";"VEREADOR";"#NE";"S";"DEFERIDO";3653;"SUPLENTE";329565,2;"FUNDO ESPECIAL, OUTROS RECURSOS";"Recursos de partido político, Recursos de outros candidatos, Recursos próprios, Recursos de pessoas físicas";152,55
250002034136;"HERBERT PEREIRA DE MELO";"#NULO";"PSB";"MASCULINO";"SUPERIOR COMPLETO";"SOLTEIRO(A)";"PARDA";"ADMINISTRADOR";"#NE";"N";"DEFERIDO";2202;"SUPLENTE";106286,81;"FUNDO ESPECIAL, OUTROS RECURSOS";"Recursos de outros candidatos, Recursos de pessoas físicas, Recursos de partido político";37143,51
250002034134;"RONALDO PRADO LINO";"#NULO";"PSB";"MASCULINO";"ENSINO MÉDIO COMPLETO";"CASADO(A)";"BRANCA";"OUTROS";"#NE";"N";"DEFERIDO";1065;"SUPLENTE";82367,61;"FUNDO ESPECIAL, OUTROS RECURSOS";"Recursos de partido político, Recursos de pessoas físicas, Recursos de outros candidatos";97500
250002034121;"MAYARA OLIVEIRA TORRES DA SILVA";"#NULO";"PSB";"FEMININO";"SUPERIOR COMPLETO";"SOLTEIRO(A)";"BRANCA";"ADVOGADO";"#NE";"N";"DEFERIDO";5093;"SUPLENTE";189932,01;"FUNDO ESPECIAL, OUTROS RECURSOS";"Recursos de partido político, Recursos de pessoas físicas, Recursos de outros candidatos, Recursos de Financiamento Coletivo, Recursos próprios";NA
250002034085;"LUCIANA TRINDADE DE MACEDO";"#NULO";"PSB";"FEMININO";"SUPERIOR COMPLETO";"SOLTEIRO(A)";"BRANCA";"OUTROS";"#NE";"N";"DEFERIDO";3069;"SUPLENTE";136108,81;"FUNDO ESPECIAL, FUNDO PARTIDARIO";"Recursos de partido político, Recursos de outros candidatos";140000
250002034100;"ABDULBASET JAROUR";"#NULO";"PSB";"MASCULINO";"SUPERIOR INCOMPLETO";"SOLTEIRO(A)";"BRANCA";"EMPRESÁRIO";"#NE";"S";"DEFERIDO";1722;"SUPLENTE";20600,81;"FUNDO ESPECIAL, OUTROS RECURSOS";"Recursos de partido político, Recursos de outros candidatos, Recursos próprios, Recursos de Financiamento Coletivo";31000
250002034084;"CARMEN DA SILVA FERREIRA";"#NULO";"PSB";"FEMININO";"SUPERIOR COMPLETO";"SOLTEIRO(A)";"PRETA";"OUTROS";"#NE";"N";"DEFERIDO";9781;"SUPLENTE";524742;"OUTROS RECURSOS, FUNDO ESPECIAL";"Recursos de pessoas físicas, Recursos de partido político, Recursos de Financiamento Coletivo";24632,24
250002034126;"ANTÔNIO ALVES DOS SANTOS";"#NULO";"PSB";"MASCULINO";"SUPERIOR INCOMPLETO";"CASADO(A)";"PRETA";"VIGILANTE";"#NE";"N";"DEFERIDO";1263;"SUPLENTE";41508,81;"FUNDO ESPECIAL";"Recursos de partido político, Recursos de outros candidatos";150000
250001962509;"RENILDA BATISTA DOS ANJOS FERRARI";"#NULO";"MDB";"FEMININO";"SUPERIOR COMPLETO";"CASADO(A)";"BRANCA";"ADMINISTRADOR";"#NE";"N";"DEFERIDO";116;"SUPLENTE";50000;"FUNDO ESPECIAL";"Recursos de partido político";45000
250001962517;"ALEXANDRE BAPTISTA PIRES";"#NULO";"MDB";"MASCULINO";"SUPERIOR COMPLETO";"CASADO(A)";"BRANCA";"PUBLICITÁRIO";"#NE";"N";"DEFERIDO";12701;"SUPLENTE";440500;"FUNDO ESPECIAL, OUTROS RECURSOS";"Recursos de partido político, Recursos de pessoas físicas, Recursos de outros candidatos";1021101,54
250001962471;"MARCELO MESSIAS DOS SANTOS COSTA";"#NULO";"MDB";"MASCULINO";"SUPERIOR COMPLETO";"DIVORCIADO(A)";"BRANCA";"VEREADOR";"#NE";"S";"DEFERIDO";40079;"ELEITO POR QP";682000;"FUNDO ESPECIAL, OUTROS RECURSOS";"Recursos de partido político, Recursos de pessoas físicas, Recursos próprios";2523228,36
250001962487;"NADJA JANAIARA OLIVEIRA SANTOS";"#NULO";"MDB";"FEMININO";"SUPERIOR INCOMPLETO";"CASADO(A)";"BRANCA";"SUPERVISOR, INSPETOR E AGENTE DE COMPRAS E VENDAS";"#NE";"N";"DEFERIDO";1073;"SUPLENTE";150000;"FUNDO ESPECIAL";"Recursos de partido político";NA
250001962494;"LEO ÁQUILA";"LEO ÁQUILA";"MDB";"FEMININO";"SUPERIOR COMPLETO";"SOLTEIRO(A)";"BRANCA";"OUTROS";"#NE";"N";"DEFERIDO";15958;"SUPLENTE";553700;"FUNDO ESPECIAL, OUTROS RECURSOS";"Recursos de partido político, Recursos de pessoas físicas";839862,89
250001962481;"ARMANDO FERREIRO RODRIGUES";"#NULO";"MDB";"MASCULINO";"SUPERIOR COMPLETO";"SOLTEIRO(A)";"PARDA";"ADMINISTRADOR";"#NE";"N";"DEFERIDO";4999;"SUPLENTE";922150;"FUNDO ESPECIAL, OUTROS RECURSOS";"Recursos de partido político, Recursos de pessoas físicas, Recursos próprios";390593,38
250001962515;"MOACIR NORBERTO AVIAN";"#NULO";"MDB";"MASCULINO";"ENSINO MÉDIO INCOMPLETO";"CASADO(A)";"BRANCA";"VENDEDOR DE COMÉRCIO VAREJISTA E ATACADISTA";"#NE";"N";"DEFERIDO";765;"SUPLENTE";50000;"OUTROS RECURSOS";"Recursos de partido político";1170000
250001962488;"RODNEY VICENTE DE SOUZA";"#NULO";"MDB";"MASCULINO";"SUPERIOR COMPLETO";"CASADO(A)";"PRETA";"OUTROS";"#NE";"N";"DEFERIDO";3200;"SUPLENTE";202500;"OUTROS RECURSOS, FUNDO ESPECIAL";"Recursos de pessoas físicas, Recursos de partido político";NA
250002351309;"EDIVALDO NUNES CORDEIRO";"#NULO";"PMB";"MASCULINO";"ENSINO MÉDIO INCOMPLETO";"CASADO(A)";"PARDA";"JORNALEIRO";"#NE";"N";"DEFERIDO";6;"NÃO ELEITO";0;"#NULO";"#NULO";415000
250001881803;"ANTONIO ELI CORREA";"#NULO";"UNIÃO";"MASCULINO";"ENSINO MÉDIO COMPLETO";"CASADO(A)";"BRANCA";"LOCUTOR E COMENTARISTA DE RÁDIO E TELEVISÃO E RADIALISTA";"#NE";"S";"DEFERIDO";24561;"SUPLENTE";821085,25;"OUTROS RECURSOS, FUNDO ESPECIAL";"Recursos próprios, Recursos de partido político, Recursos de pessoas físicas";423085
250001881818;"MARIA LUCIA MENESES MATTOS";"#NULO";"UNIÃO";"FEMININO";"ENSINO MÉDIO COMPLETO";"DIVORCIADO(A)";"PRETA";"OUTROS";"#NE";"N";"DEFERIDO";1281;"SUPLENTE";441213,48;"FUNDO PARTIDARIO, FUNDO ESPECIAL, OUTROS RECURSOS";"Recursos de partido político, Recursos próprios";319002,31
250001881802;"HEITOR DE CARVALHO ALVES";"#NULO";"UNIÃO";"MASCULINO";"SUPERIOR COMPLETO";"SOLTEIRO(A)";"BRANCA";"COMERCIANTE";"#NE";"N";"DEFERIDO";1424;"SUPLENTE";206599,2;"FUNDO ESPECIAL, FUNDO PARTIDARIO, OUTROS RECURSOS";"Recursos de partido político, Recursos de pessoas físicas";1750960
250001881817;"CESAR ANGEL BOFFA DE AZEVEDO";"#NULO";"UNIÃO";"MASCULINO";"SUPERIOR COMPLETO";"CASADO(A)";"BRANCA";"ADVOGADO";"#NE";"N";"DEFERIDO";13432;"SUPLENTE";1385405;"FUNDO ESPECIAL, FUNDO PARTIDARIO, OUTROS RECURSOS";"Recursos de partido político, Recursos de pessoas físicas";1084750,22
250001933077;"ELIEL SOARES ALVES";"#NULO";"PODE";"MASCULINO";"SUPERIOR COMPLETO";"CASADO(A)";"PARDA";"TÉCNICO DE ENFERMAGEM E ASSEMELHADOS (EXCETO ENFERMEIRO)";"#NE";"N";"DEFERIDO";907;"SUPLENTE";143461,5;"FUNDO ESPECIAL, OUTROS RECURSOS";"Recursos de partido político";NA
250001933072;"JOSÉ AZEVEDO PIRES";"#NULO";"PODE";"MASCULINO";"SUPERIOR COMPLETO";"SOLTEIRO(A)";"PARDA";"EMPRESÁRIO";"#NE";"N";"DEFERIDO";707;"SUPLENTE";93461,5;"OUTROS RECURSOS, FUNDO ESPECIAL";"Recursos de partido político";NA
250001933092;"ELISABETE CAVALCANTE LEITE";"#NULO";"PODE";"FEMININO";"SUPERIOR COMPLETO";"DIVORCIADO(A)";"PARDA";"ADMINISTRADOR";"#NE";"N";"DEFERIDO";395;"SUPLENTE";130000;"OUTROS RECURSOS, FUNDO ESPECIAL";"Recursos de partido político";NA
250001933079;"JOICE CRISTINA HASSELMANN";"#NULO";"PODE";"FEMININO";"SUPERIOR COMPLETO";"CASADO(A)";"BRANCA";"JORNALISTA E REDATOR";"#NE";"N";"DEFERIDO";1673;"SUPLENTE";633461,5;"FUNDO ESPECIAL, OUTROS RECURSOS";"Recursos de partido político";528793,48
250001933051;"GABRIEL MARQUES DE OLIVEIRA MELO";"#NULO";"PODE";"MASCULINO";"SUPERIOR COMPLETO";"CASADO(A)";"BRANCA";"EMPRESÁRIO";"#NE";"N";"DEFERIDO";58581;"ELEITO POR QP";2124460,32;"FUNDO ESPECIAL, OUTROS RECURSOS";"Recursos de partido político, Recursos de pessoas físicas, Rendimentos de aplicações financeiras, Recursos próprios";2126359,59
250001933049;"SOCRATES DAMASCENO NOVELLI";"#NULO";"PODE";"MASCULINO";"ENSINO MÉDIO COMPLETO";"SOLTEIRO(A)";"BRANCA";"DESPACHANTE";"#NE";"N";"DEFERIDO";655;"SUPLENTE";70000;"OUTROS RECURSOS, FUNDO ESPECIAL";"Recursos de partido político";229000
250001933088;"RUBENS TELLES MARTINS";"#NULO";"PODE";"MASCULINO";"SUPERIOR COMPLETO";"CASADO(A)";"BRANCA";"ODONTÓLOGO";"#NE";"N";"DEFERIDO";6277;"SUPLENTE";444180;"OUTROS RECURSOS, FUNDO ESPECIAL";"Recursos próprios, Recursos de pessoas físicas, Recursos de partido político";8000
250001933063;"LUIZ CARLOS DE PAULA";"#NULO";"PODE";"MASCULINO";"ENSINO MÉDIO COMPLETO";"CASADO(A)";"PARDA";"POLICIAL MILITAR";"#NE";"N";"DEFERIDO";4382;"SUPLENTE";249461,5;"OUTROS RECURSOS, FUNDO ESPECIAL";"Recursos de partido político, Recursos próprios";4e+05
250002146898;"FLEDSON DE SOUSA LIMA";"#NULO";"AVANTE";"MASCULINO";"SUPERIOR COMPLETO";"DIVORCIADO(A)";"PRETA";"PROFESSOR DE ENSINO SUPERIOR";"#NE";"N";"DEFERIDO";648;"NÃO ELEITO";15000;"FUNDO ESPECIAL";"Recursos de partido político";296200
250002146894;"MARCOS ROBERTO CEBOLA E SILVA";"#NULO";"AVANTE";"MASCULINO";"SUPERIOR COMPLETO";"SEPARADO(A) JUDICIALMENTE";"BRANCA";"ADVOGADO";"#NE";"N";"DEFERIDO";514;"NÃO ELEITO";1166;"OUTROS RECURSOS";"Recursos de Financiamento Coletivo";NA
250002146921;"JOAO BATISTA DE SANTIAGO";"#NULO";"AVANTE";"MASCULINO";"SUPERIOR COMPLETO";"DIVORCIADO(A)";"BRANCA";"DIRETOR DE EMPRESAS";"#NE";"N";"DEFERIDO";2299;"NÃO ELEITO";85901,02;"OUTROS RECURSOS, FUNDO ESPECIAL";"Recursos próprios, Recursos de partido político";21384704,47
250002146881;"FABÍOLA TATCHER MARTINS RODA";"#NULO";"AVANTE";"FEMININO";"SUPERIOR COMPLETO";"SOLTEIRO(A)";"BRANCA";"OUTROS";"#NE";"N";"DEFERIDO";107;"NÃO ELEITO";0;"#NULO";"#NULO";NA
250002146929;"ADAUTO BENTIVEGNA FILHO";"#NULO";"AVANTE";"MASCULINO";"SUPERIOR COMPLETO";"CASADO(A)";"BRANCA";"ADVOGADO";"#NE";"N";"DEFERIDO";554;"NÃO ELEITO";42501,35;"OUTROS RECURSOS";"Recursos próprios, Recursos de pessoas físicas";868475,96
250002146906;"DONIZETE ALVES NOGUEIRA";"#NULO";"AVANTE";"MASCULINO";"SUPERIOR COMPLETO";"DIVORCIADO(A)";"BRANCA";"SERVIDOR PÚBLICO MUNICIPAL";"#NE";"N";"DEFERIDO";361;"NÃO ELEITO";0;"#NULO";"#NULO";15000
250002146887;"WALTER ANTÔNIO DE MORAES";"#NULO";"AVANTE";"MASCULINO";"ENSINO FUNDAMENTAL INCOMPLETO";"CASADO(A)";"BRANCA";"COMERCIANTE";"#NE";"N";"DEFERIDO";1489;"NÃO ELEITO";0;"#NULO";"#NULO";75000
250002174666;"CINTIA RACHAS RIBEIRO";"#NULO";"PP";"FEMININO";"SUPERIOR COMPLETO";"CASADO(A)";"BRANCA";"ODONTÓLOGO";"#NE";"N";"DEFERIDO";348;"SUPLENTE";2400;"OUTROS RECURSOS, FUNDO ESPECIAL";"Recursos de pessoas físicas, Recursos de outros candidatos";914154,92
250002174670;"EDSON RODRIGUES CARDOSO";"#NULO";"PP";"MASCULINO";"SUPERIOR COMPLETO";"DIVORCIADO(A)";"BRANCA";"ADVOGADO";"#NE";"N";"DEFERIDO";999;"SUPLENTE";7100;"OUTROS RECURSOS";"Recursos próprios";46000
250002174663;"ELIENE SIQUEIRA RIBEIRO";"#NULO";"PP";"FEMININO";"SUPERIOR COMPLETO";"SOLTEIRO(A)";"BRANCA";"SERVIDOR PÚBLICO CIVIL APOSENTADO";"#NE";"N";"DEFERIDO";59;"SUPLENTE";0;"#NULO";"#NULO";NA
250002079339;"FRANCISCO DAVID";"#NULO";"NOVO";"MASCULINO";"ENSINO MÉDIO INCOMPLETO";"CASADO(A)";"PRETA";"MILITAR REFORMADO";"#NE";"N";"DEFERIDO";279;"SUPLENTE";12569,8;"FUNDO ESPECIAL";"Recursos de partido político";277000
250002079350;"RODRIGO JOSÉ DE ARAÚJO PEREIRA ALVAREZ NUNES";"#NULO";"NOVO";"MASCULINO";"SUPERIOR COMPLETO";"DIVORCIADO(A)";"BRANCA";"ADVOGADO";"#NE";"N";"DEFERIDO";333;"SUPLENTE";7784;"FUNDO ESPECIAL, OUTROS RECURSOS";"Recursos de partido político, Recursos de pessoas físicas";NA
250002079314;"THEREZA CHRISTINA FARIA LIMA";"#NULO";"NOVO";"FEMININO";"SUPERIOR COMPLETO";"SOLTEIRO(A)";"BRANCA";"ADVOGADO";"#NE";"N";"DEFERIDO";808;"SUPLENTE";6334,9;"OUTROS RECURSOS, FUNDO ESPECIAL";"Recursos de pessoas físicas, Recursos de partido político";841126,46
250002079338;"WILLIAM WAGNER SANTOS ARAUJO";"#NULO";"NOVO";"MASCULINO";"SUPERIOR COMPLETO";"CASADO(A)";"BRANCA";"REPRESENTANTE COMERCIAL";"#NE";"N";"DEFERIDO";452;"SUPLENTE";9374,9;"OUTROS RECURSOS, FUNDO ESPECIAL";"Recursos de pessoas físicas, Recursos de partido político, Recursos de Financiamento Coletivo";53400
250002079340;"AILTON RIBEIRO DA SILVA FILHO";"#NULO";"NOVO";"MASCULINO";"ENSINO MÉDIO COMPLETO";"SOLTEIRO(A)";"BRANCA";"MOTORISTA DE VEÍCULOS DE TRANSPORTE DE CARGA";"#NE";"N";"DEFERIDO";1256;"SUPLENTE";6001;"OUTROS RECURSOS";"Recursos de partido político, Recursos próprios";6000
250002079315;"DALTON ALVES DA SILVA";"#NULO";"NOVO";"MASCULINO";"SUPERIOR COMPLETO";"SOLTEIRO(A)";"PARDA";"ADVOGADO";"#NE";"N";"DEFERIDO";286;"SUPLENTE";12569,8;"FUNDO ESPECIAL";"Recursos de partido político";264000
250002079303;"EDUARDO ALMEIDA PERES";"#NULO";"NOVO";"MASCULINO";"SUPERIOR COMPLETO";"SOLTEIRO(A)";"BRANCA";"REPRESENTANTE COMERCIAL";"#NE";"N";"DEFERIDO";406;"SUPLENTE";12404,9;"OUTROS RECURSOS, FUNDO ESPECIAL";"Recursos de pessoas físicas, Recursos de partido político";NA
250001977573;"SIBELI NICOLA PLACENCIA";"#NULO";"REPUBLICANOS";"FEMININO";"SUPERIOR INCOMPLETO";"VIÚVO(A)";"BRANCA";"SECRETÁRIO E DATILÓGRAFO";"#NE";"N";"DEFERIDO";3586;"SUPLENTE";334552,5;"OUTROS RECURSOS, FUNDO ESPECIAL";"Recursos de pessoas físicas, Recursos próprios, Recursos de partido político";10740,95
250001977588;"ANDRE JOSE DE SOUZA";"#NULO";"REPUBLICANOS";"MASCULINO";"ENSINO MÉDIO INCOMPLETO";"CASADO(A)";"BRANCA";"SACERDOTE OU MEMBRO DE ORDEM OU SEITA RELIGIOSA";"#NE";"N";"DEFERIDO";30656;"SUPLENTE";347260;"FUNDO ESPECIAL, OUTROS RECURSOS";"Recursos de partido político";8900
250001977602;"BRUNO KENDY SATO";"#NULO";"REPUBLICANOS";"MASCULINO";"SUPERIOR INCOMPLETO";"SOLTEIRO(A)";"AMARELA";"OUTROS";"#NE";"N";"DEFERIDO";500;"SUPLENTE";128379,92;"OUTROS RECURSOS, FUNDO ESPECIAL";"Recursos de pessoas físicas, Recursos de partido político";6000
250001977593;"IVA OLIVEIRA BATISTA";"#NULO";"REPUBLICANOS";"FEMININO";"SUPERIOR INCOMPLETO";"CASADO(A)";"INDÍGENA";"SERVIDOR PÚBLICO MUNICIPAL";"#NE";"N";"DEFERIDO";669;"SUPLENTE";79024,2;"FUNDO ESPECIAL, OUTROS RECURSOS";"Recursos de partido político, Recursos de pessoas físicas";1287,85
250001977586;"FERNANDA SCATOLIN MARTINS";"#NULO";"REPUBLICANOS";"FEMININO";"SUPERIOR COMPLETO";"DIVORCIADO(A)";"BRANCA";"EMPRESÁRIO";"#NE";"N";"DEFERIDO";222;"SUPLENTE";75659;"FUNDO ESPECIAL, OUTROS RECURSOS";"Recursos de partido político, Recursos de pessoas físicas";NA
250001977561;"MARÍLIA MIRANDA ROCHA DE OLIVEIRA";"#NULO";"REPUBLICANOS";"FEMININO";"SUPERIOR INCOMPLETO";"CASADO(A)";"BRANCA";"EMPRESÁRIO";"#NE";"N";"DEFERIDO";400;"SUPLENTE";85557,5;"OUTROS RECURSOS, FUNDO ESPECIAL";"Recursos próprios, Recursos de partido político, Recursos de pessoas físicas";30000
250001977572;"ELAINE CRISTINA MIRANDA DA SILVA";"#NULO";"REPUBLICANOS";"FEMININO";"SUPERIOR COMPLETO";"CASADO(A)";"BRANCA";"EMPRESÁRIO";"#NE";"N";"DEFERIDO";461;"SUPLENTE";66775,78;"FUNDO ESPECIAL, OUTROS RECURSOS";"Recursos de partido político, Recursos próprios";4500
250001977582;"EDSON PIRES SALOMÃO";"#NULO";"REPUBLICANOS";"MASCULINO";"ENSINO MÉDIO COMPLETO";"CASADO(A)";"BRANCA";"EMPRESÁRIO";"#NE";"N";"DEFERIDO";672;"SUPLENTE";106931,07;"FUNDO ESPECIAL, OUTROS RECURSOS";"Recursos de partido político, Recursos de pessoas físicas";10600
250002357413;"CESAR FERREIRA LONGARES";"#NULO";"DC";"MASCULINO";"SUPERIOR INCOMPLETO";"SOLTEIRO(A)";"PARDA";"ELETRICISTA E ASSEMELHADOS";"#NE";"N";"INDEFERIDO COM RECURSO";0;"NÃO ELEITO";6820,65;"FUNDO ESPECIAL";"Recursos de partido político";NA
250002181694;"GISELE DA SILVA";"#NULO";"PSDB";"FEMININO";"SUPERIOR COMPLETO";"DIVORCIADO(A)";"BRANCA";"ENFERMEIRO";"#NE";"N";"INDEFERIDO COM RECURSO";0;"NÃO ELEITO";0;"#NULO";"#NULO";NA
250002351306;"RODRIGO FAZITO ZIOLLI CALDERARO GIACOMINI";"#NULO";"PMB";"MASCULINO";"SUPERIOR COMPLETO";"DIVORCIADO(A)";"BRANCA";"EMPRESÁRIO";"#NE";"N";"INDEFERIDO COM RECURSO";0;"NÃO ELEITO";0;"#NULO";"#NULO";NA
250001933058;"CAMILO CRISTOFARO MARTINS JÚNIOR";"#NULO";"PODE";"MASCULINO";"SUPERIOR COMPLETO";"CASADO(A)";"BRANCA";"ADVOGADO";"#NE";"S";"INDEFERIDO COM RECURSO";0;"NÃO ELEITO";38200;"OUTROS RECURSOS";"Recursos próprios, Recursos de partido político";3170151,41
250002064661;"LUCAS BORGES CARVENTE";"#NULO";"UP";"MASCULINO";"SUPERIOR COMPLETO";"SOLTEIRO(A)";"BRANCA";"PROFESSOR DE ENSINO MÉDIO";"#NE";"N";"DEFERIDO";842;"NÃO ELEITO";7875;"FUNDO ESPECIAL, OUTROS RECURSOS";"Recursos de partido político, Recursos de pessoas físicas";NA
250002064664;"LIGIA MENDES DA SILVA";"#NULO";"UP";"FEMININO";"SUPERIOR COMPLETO";"CASADO(A)";"BRANCA";"FONOAUDIÓLOGO";"#NE";"N";"DEFERIDO";4095;"NÃO ELEITO";16350;"OUTROS RECURSOS, FUNDO ESPECIAL";"Recursos de pessoas físicas, Recursos de partido político";570906,35
250002357426;"JEFFERSON PEREIRA DA SILVA";"#NULO";"DC";"MASCULINO";"ENSINO MÉDIO COMPLETO";"CASADO(A)";"BRANCA";"OUTROS";"#NE";"N";"DEFERIDO";37;"NÃO ELEITO";6820,65;"FUNDO ESPECIAL";"Recursos de partido político";NA
250002357441;"PAULO ROGÉRIO DE SOUZA FALCIROLLI";"#NULO";"DC";"MASCULINO";"SUPERIOR INCOMPLETO";"CASADO(A)";"BRANCA";"EMPRESÁRIO";"#NE";"N";"DEFERIDO";1;"NÃO ELEITO";6820,65;"FUNDO ESPECIAL";"Recursos de partido político";NA
250002357410;"MARCOS VINICIUS DE CASTRO GODINHO";"#NULO";"DC";"MASCULINO";"ENSINO MÉDIO COMPLETO";"SOLTEIRO(A)";"PARDA";"VIGILANTE";"#NE";"N";"DEFERIDO";53;"NÃO ELEITO";6820,65;"FUNDO ESPECIAL";"Recursos de partido político";NA
250002357442;"LEANDRO CESAR SALES DA SILVA";"#NULO";"DC";"MASCULINO";"SUPERIOR COMPLETO";"CASADO(A)";"PARDA";"MILITAR REFORMADO";"#NE";"N";"DEFERIDO";432;"NÃO ELEITO";6820,65;"FUNDO ESPECIAL";"Recursos de partido político";NA
250002357415;"ELISA VITORIA OLIVEIRA CABARITI";"#NULO";"DC";"FEMININO";"SUPERIOR INCOMPLETO";"SOLTEIRO(A)";"BRANCA";"PEDAGOGO";"#NE";"N";"DEFERIDO";49;"NÃO ELEITO";6820,65;"FUNDO ESPECIAL";"Recursos de partido político";NA
250002357432;"MARIA IRENISE DE SOUSA SANTOS";"#NULO";"DC";"FEMININO";"SUPERIOR COMPLETO";"SOLTEIRO(A)";"BRANCA";"RELAÇÕES-PÚBLICAS";"#NE";"N";"DEFERIDO";314;"NÃO ELEITO";6820,65;"FUNDO ESPECIAL";"Recursos de partido político";NA
250002075154;"JOÃO ROSARIO COSTA";"#NULO";"PRD";"MASCULINO";"ENSINO MÉDIO INCOMPLETO";"SOLTEIRO(A)";"BRANCA";"OUTROS";"#NE";"N";"DEFERIDO";80;"NÃO ELEITO";10000;"FUNDO ESPECIAL";"Recursos de partido político";NA
250002075123;"MANOEL PINHEIRO DE FARIAS";"#NULO";"PRD";"MASCULINO";"ENSINO MÉDIO COMPLETO";"CASADO(A)";"BRANCA";"EMPRESÁRIO";"#NE";"N";"DEFERIDO";252;"NÃO ELEITO";20000;"FUNDO ESPECIAL";"Recursos de partido político";2759943,5
250002075170;"HIRYAN MEZZALIRA TEIXEIRA";"#NULO";"PRD";"MASCULINO";"SUPERIOR COMPLETO";"CASADO(A)";"BRANCA";"EMPRESÁRIO";"#NE";"N";"DEFERIDO";687;"NÃO ELEITO";20030;"FUNDO ESPECIAL, OUTROS RECURSOS";"Recursos de partido político, Recursos de pessoas físicas";424620,51
250002075139;"RICARDO AUGUSTO HONORIO ALVES";"#NULO";"PRD";"MASCULINO";"SUPERIOR INCOMPLETO";"CASADO(A)";"PRETA";"EMPRESÁRIO";"#NE";"N";"DEFERIDO";270;"NÃO ELEITO";10000;"FUNDO ESPECIAL";"Recursos de partido político";1938,38
250002181666;"RENATA PACCOLA FRISCHKORN";"#NULO";"PSDB";"FEMININO";"SUPERIOR COMPLETO";"SOLTEIRO(A)";"BRANCA";"ESCRITOR E CRÍTICO";"#NE";"N";"DEFERIDO";81;"NÃO ELEITO";0,03;"FUNDO PARTIDARIO, FUNDO ESPECIAL, OUTROS RECURSOS";"Rendimentos de aplicações financeiras";2702543,55
250002181698;"JANE ALICE DOS SANTOS MAIRAO";"#NULO";"PSDB";"FEMININO";"SUPERIOR COMPLETO";"DIVORCIADO(A)";"PARDA";"OUTROS";"#NE";"N";"DEFERIDO";91;"NÃO ELEITO";7830,94;"OUTROS RECURSOS, FUNDO ESPECIAL, FUNDO PARTIDARIO";"Recursos próprios, Recursos de partido político, Recursos de outros candidatos";34000
250002181695;"EDUARDO CESAR LEITE";"#NULO";"PSDB";"MASCULINO";"SUPERIOR COMPLETO";"SOLTEIRO(A)";"BRANCA";"ADVOGADO";"#NE";"N";"DEFERIDO";1992;"NÃO ELEITO";30000;"FUNDO ESPECIAL";"Recursos de outros candidatos";3987355
250002181655;"FLORISVALDO PALMEIRA ALVES";"#NULO";"PSDB";"MASCULINO";"SUPERIOR COMPLETO";"SOLTEIRO(A)";"BRANCA";"EMPRESÁRIO";"#NE";"N";"DEFERIDO";412;"NÃO ELEITO";0;"#NULO";"#NULO";60000
250002181687;"JOSE ROBERTO RODRIGUES DE OLIVEIRA";"#NULO";"PSDB";"MASCULINO";"SUPERIOR COMPLETO";"CASADO(A)";"BRANCA";"ADVOGADO";"#NE";"N";"DEFERIDO";1255;"NÃO ELEITO";34891,1;"FUNDO ESPECIAL, OUTROS RECURSOS";"Recursos de outros candidatos, Recursos de pessoas físicas, Recursos próprios";300819,51
250002181686;"SIDNEI SILVA DOS SANTOS";"#NULO";"PSDB";"MASCULINO";"SUPERIOR COMPLETO";"SOLTEIRO(A)";"PRETA";"OUTROS";"#NE";"N";"DEFERIDO";132;"NÃO ELEITO";0;"#NULO";"#NULO";205000
250001973516;"FELIPE MEDEIROS ARANTES";"#NULO";"PL";"MASCULINO";"ENSINO MÉDIO COMPLETO";"CASADO(A)";"BRANCA";"EMPRESÁRIO";"#NE";"N";"DEFERIDO";14607;"SUPLENTE";580713,37;"OUTROS RECURSOS, FUNDO ESPECIAL, FUNDO PARTIDARIO";"Recursos de pessoas físicas, Recursos de partido político, Recursos de origens não identificadas";NA
250001973471;"SUSANNA DO VAL MOORE";"#NULO";"PL";"FEMININO";"SUPERIOR COMPLETO";"SOLTEIRO(A)";"BRANCA";"SERVIDOR PÚBLICO FEDERAL";"#NE";"N";"DEFERIDO";1681;"SUPLENTE";502000;"OUTROS RECURSOS, FUNDO ESPECIAL";"Recursos próprios, Recursos de partido político";800816,55
250001973479;"LINDA DOS ANJOS BASILIO";"#NULO";"PL";"FEMININO";"SUPERIOR COMPLETO";"CASADO(A)";"BRANCA";"PEDAGOGO";"#NE";"N";"DEFERIDO";291;"SUPLENTE";40000;"FUNDO ESPECIAL";"Recursos de partido político";NA
250001973507;"CARMEN LUCIA GERALDI";"#NULO";"PL";"FEMININO";"ENSINO MÉDIO COMPLETO";"SEPARADO(A) JUDICIALMENTE";"BRANCA";"GERENTE";"#NE";"N";"DEFERIDO";218;"SUPLENTE";60000;"FUNDO ESPECIAL";"Recursos de partido político";3e+05
250001973499;"TANDARA ALVES CAIXETA";"#NULO";"PL";"FEMININO";"SUPERIOR INCOMPLETO";"SOLTEIRO(A)";"PARDA";"ATLETA PROFISSIONAL E TÉCNICO EM DESPORTOS";"#NE";"N";"DEFERIDO";1896;"SUPLENTE";5e+05;"FUNDO ESPECIAL";"Recursos de partido político";1662990,25
250001973519;"JEFFERSON FERNANDES PEDRO";"#NULO";"PL";"MASCULINO";"SUPERIOR COMPLETO";"CASADO(A)";"PARDA";"SERVIDOR PÚBLICO ESTADUAL";"#NE";"N";"DEFERIDO";184;"SUPLENTE";60000;"FUNDO ESPECIAL";"Recursos de partido político";5800
250001973495;"AGNALDO QUEIROZ DE FARIA";"#NULO";"PL";"MASCULINO";"SUPERIOR INCOMPLETO";"CASADO(A)";"BRANCA";"CORRETOR DE IMÓVEIS, SEGUROS, TÍTULOS E VALORES";"#NE";"N";"DEFERIDO";1025;"SUPLENTE";65715;"OUTROS RECURSOS, FUNDO ESPECIAL";"Recursos de pessoas físicas, Recursos próprios, Recursos de partido político";1206000
250002052134;"DENISE MARIA RIBEIRO ALBUQUERQUE DESIMONE";"#NULO";"REDE";"FEMININO";"SUPERIOR COMPLETO";"DIVORCIADO(A)";"BRANCA";"JORNALISTA E REDATOR";"#NE";"N";"DEFERIDO";260;"SUPLENTE";33189,25;"OUTROS RECURSOS, FUNDO ESPECIAL";"Recursos de Financiamento Coletivo, Recursos de outros candidatos, Recursos de partido político";NA
250002052125;"MARCOS ROBERTO MAROLIS";"#NULO";"PSOL";"MASCULINO";"ENSINO MÉDIO COMPLETO";"CASADO(A)";"PRETA";"OUTROS";"#NE";"N";"DEFERIDO";1160;"SUPLENTE";61307,92;"FUNDO ESPECIAL, OUTROS RECURSOS";"Recursos de outros candidatos, Recursos de partido político, Recursos de pessoas físicas";NA
250002052102;"EDSON FRANCISCO DE SANTANA";"#NULO";"PSOL";"MASCULINO";"SUPERIOR COMPLETO";"DIVORCIADO(A)";"PRETA";"OUTROS";"#NE";"N";"DEFERIDO";9141;"SUPLENTE";218786,01;"OUTROS RECURSOS, FUNDO ESPECIAL";"Recursos de partido político, Recursos de outros candidatos";910522,09
250002052129;"ANTONIO ERICK GOMES DA SILVA";"#NULO";"PSOL";"MASCULINO";"SUPERIOR COMPLETO";"SOLTEIRO(A)";"PRETA";"OUTROS";"#NE";"N";"DEFERIDO";1530;"SUPLENTE";61128,69;"OUTROS RECURSOS, FUNDO ESPECIAL";"Recursos de pessoas físicas, Recursos de outros candidatos, Recursos de partido político";33045,58
250002052099;"MARCO ANTÔNIO MILLS MARTINS";"#NULO";"REDE";"MASCULINO";"SUPERIOR COMPLETO";"SOLTEIRO(A)";"BRANCA";"ARQUITETO";"#NE";"N";"DEFERIDO";1881;"SUPLENTE";221897,34;"OUTROS RECURSOS, FUNDO ESPECIAL";"Recursos de pessoas físicas, Recursos de partido político, Recursos de outros candidatos, Recursos de Financiamento Coletivo, Recursos próprios";53328,26
250002052086;"REVYEUX DOS SANTOS LIMA";"#NULO";"PSOL";"FEMININO";"ENSINO MÉDIO COMPLETO";"SOLTEIRO(A)";"PARDA";"VENDEDOR PRACISTA, REPRESENTANTE, CAIXEIRO-VIAJANTE E ASSEMELHADOS";"#NE";"N";"DEFERIDO";935;"SUPLENTE";48635,42;"FUNDO PARTIDARIO, FUNDO ESPECIAL";"Recursos de partido político, Recursos de outros candidatos";NA
250002052127;"CAROLINA IARA RAMOS DE OLIVEIRA";"#NULO";"PSOL";"FEMININO";"SUPERIOR COMPLETO";"SOLTEIRO(A)";"PRETA";"OUTROS";"#NE";"N";"DEFERIDO";20431;"SUPLENTE";464159,46;"OUTROS RECURSOS, FUNDO ESPECIAL";"Recursos de pessoas físicas, Recursos de Financiamento Coletivo, Recursos de partido político, Recursos de outros candidatos";192,42
250002052130;"VINICIUS JORGE RIBEIRO LIMA";"#NULO";"PSOL";"MASCULINO";"SUPERIOR COMPLETO";"SOLTEIRO(A)";"PARDA";"JORNALISTA E REDATOR";"#NE";"N";"DEFERIDO";4643;"SUPLENTE";218786,01;"OUTROS RECURSOS, FUNDO ESPECIAL";"Recursos de partido político, Recursos de outros candidatos";240000
250002018930;"JORGE ATAYDES DOS SANTOS";"#NULO";"MOBILIZA";"MASCULINO";"ENSINO FUNDAMENTAL COMPLETO";"CASADO(A)";"PARDA";"MOTORISTA DE VEÍCULOS DE TRANSPORTE DE CARGA";"#NE";"N";"DEFERIDO";193;"NÃO ELEITO";0;"#NULO";"#NULO";1027000
250002018935;"GERALDO PEREIRA FILHO";"#NULO";"MOBILIZA";"MASCULINO";"ENSINO FUNDAMENTAL COMPLETO";"CASADO(A)";"BRANCA";"VENDEDOR DE COMÉRCIO VAREJISTA E ATACADISTA";"#NE";"N";"DEFERIDO";597;"NÃO ELEITO";0;"#NULO";"#NULO";27000
250002363843;"DAOUD ZAPAROLI SAFADI";"#NULO";"PCO";"MASCULINO";"ENSINO MÉDIO INCOMPLETO";"SOLTEIRO(A)";"BRANCA";"ESTUDANTE, BOLSISTA, ESTAGIÁRIO E ASSEMELHADOS";"#NE";"N";"DEFERIDO";30;"NÃO ELEITO";4442,13;"FUNDO ESPECIAL";"Recursos de partido político";NA
250002170970;"ROMILDO DO SANTOS";"#NULO";"PRTB";"MASCULINO";"ENSINO FUNDAMENTAL COMPLETO";"SOLTEIRO(A)";"PARDA";"OUTROS";"#NE";"N";"DEFERIDO";262;"NÃO ELEITO";12433,07;"FUNDO ESPECIAL";"Recursos de partido político";30000
250002171006;"FABIO BARSOTTI";"#NULO";"PRTB";"MASCULINO";"ENSINO MÉDIO COMPLETO";"CASADO(A)";"BRANCA";"EMPRESÁRIO";"#NE";"N";"DEFERIDO";640;"NÃO ELEITO";12697,95;"FUNDO ESPECIAL, OUTROS RECURSOS";"Recursos de partido político, Recursos de pessoas físicas";NA
250002170972;"EDUARDO JOSE DA SILVA";"#NULO";"PRTB";"MASCULINO";"ENSINO FUNDAMENTAL INCOMPLETO";"CASADO(A)";"PARDA";"OUTROS";"#NE";"N";"DEFERIDO";137;"NÃO ELEITO";11697,95;"FUNDO ESPECIAL";"Recursos de partido político";NA
250002171017;"IGOR HONORIO DA SILVA";"#NULO";"PRTB";"MASCULINO";"ENSINO MÉDIO COMPLETO";"CASADO(A)";"PARDA";"OUTROS";"#NE";"N";"DEFERIDO";782;"NÃO ELEITO";11697,95;"FUNDO ESPECIAL";"Recursos de partido político";69000
250002170968;"ADRIANA DAINEZI LACERDA E SILVA";"#NULO";"PRTB";"FEMININO";"SUPERIOR COMPLETO";"CASADO(A)";"PARDA";"POLICIAL MILITAR";"#NE";"N";"DEFERIDO";2767;"NÃO ELEITO";41874,42;"FUNDO ESPECIAL";"Recursos de partido político";217000
250002170990;"RIVERIA LINS DA SILVA";"#NULO";"PRTB";"FEMININO";"ENSINO MÉDIO INCOMPLETO";"DIVORCIADO(A)";"BRANCA";"OUTROS";"#NE";"N";"DEFERIDO";967;"NÃO ELEITO";13609,54;"FUNDO ESPECIAL";"Recursos de partido político";35000
250002029363;"ANTONIO JOSÉ FERREIRA";"#NULO";"SOLIDARIEDADE";"MASCULINO";"ENSINO MÉDIO COMPLETO";"SOLTEIRO(A)";"PARDA";"TAXISTA";"#NE";"N";"DEFERIDO";149;"NÃO ELEITO";20988,67;"FUNDO PARTIDARIO, FUNDO ESPECIAL";"Recursos de partido político";NA
250002029394;"EDITH FERREIRA DE SOUZA OLIVEIRA";"#NULO";"SOLIDARIEDADE";"FEMININO";"SUPERIOR COMPLETO";"CASADO(A)";"BRANCA";"ENFERMEIRO";"#NE";"N";"DEFERIDO";154;"NÃO ELEITO";23116,09;"FUNDO ESPECIAL, FUNDO PARTIDARIO";"Recursos de partido político";NA
250002029396;"RUBENS MASSASHI ITO";"#NULO";"SOLIDARIEDADE";"MASCULINO";"SUPERIOR COMPLETO";"SOLTEIRO(A)";"AMARELA";"JORNALISTA E REDATOR";"#NE";"N";"DEFERIDO";299;"NÃO ELEITO";29961,82;"FUNDO ESPECIAL, FUNDO PARTIDARIO";"Recursos de partido político";127649,25
250002029374;"MARCELO GOUVEIA NASCIMENTO";"#NULO";"SOLIDARIEDADE";"MASCULINO";"SUPERIOR COMPLETO";"CASADO(A)";"BRANCA";"PROFESSOR DE ENSINO FUNDAMENTAL";"#NE";"N";"DEFERIDO";3323;"NÃO ELEITO";203736,84;"FUNDO ESPECIAL";"Recursos de partido político";12500
250002029354;"ALEXANDRE ALCALDE DE SOUZA";"#NULO";"SOLIDARIEDADE";"MASCULINO";"SUPERIOR COMPLETO";"SOLTEIRO(A)";"BRANCA";"ENFERMEIRO";"#NE";"N";"DEFERIDO";1696;"NÃO ELEITO";37353,68;"FUNDO ESPECIAL, FUNDO PARTIDARIO";"Recursos de partido político";156695,41
250002029393;"TELISVALDO OLIVEIRA RIOS";"#NULO";"SOLIDARIEDADE";"MASCULINO";"ENSINO MÉDIO COMPLETO";"VIÚVO(A)";"PARDA";"OUTROS";"#NE";"N";"DEFERIDO";75;"NÃO ELEITO";21888,67;"FUNDO PARTIDARIO, FUNDO ESPECIAL";"Recursos de partido político";NA
250002029356;"ALEXANDRE MARIANO GENTIL";"#NULO";"SOLIDARIEDADE";"MASCULINO";"SUPERIOR COMPLETO";"CASADO(A)";"BRANCA";"EMPRESÁRIO";"#NE";"N";"DEFERIDO";3279;"NÃO ELEITO";211958,84;"FUNDO ESPECIAL, FUNDO PARTIDARIO";"Recursos de partido político";1560158,83
250002029388;"MARIA GORETE DA SILVA";"#NULO";"SOLIDARIEDADE";"FEMININO";"SUPERIOR COMPLETO";"SOLTEIRO(A)";"BRANCA";"ASSISTENTE SOCIAL";"#NE";"N";"DEFERIDO";168;"NÃO ELEITO";31210,59;"FUNDO PARTIDARIO, FUNDO ESPECIAL";"Recursos de partido político";NA
250001913975;"ANDREIA TEIXEIRA BATISTA";"#NULO";"PT";"FEMININO";"SUPERIOR COMPLETO";"SOLTEIRO(A)";"PRETA";"RELAÇÕES-PÚBLICAS";"#NE";"N";"DEFERIDO";1943;"SUPLENTE";180339,55;"OUTROS RECURSOS, FUNDO ESPECIAL";"Recursos de origens não identificadas, Recursos de partido político";NA
250001913985;"IVANETI DE ARAÚJO";"#NULO";"PT";"FEMININO";"ENSINO MÉDIO COMPLETO";"SOLTEIRO(A)";"PRETA";"OUTROS";"#NE";"N";"DEFERIDO";1954;"SUPLENTE";255363,87;"FUNDO ESPECIAL, OUTROS RECURSOS";"Recursos de partido político, Recursos de pessoas físicas";NA
250001913966;"RAIMUNDO VIEIRA BONFIM";"#NULO";"PT";"MASCULINO";"SUPERIOR COMPLETO";"DIVORCIADO(A)";"PARDA";"OUTROS";"#NE";"N";"DEFERIDO";15235;"SUPLENTE";1520156,36;"OUTROS RECURSOS, FUNDO ESPECIAL";"Recursos de pessoas físicas, Recursos próprios, Recursos de partido político, Recursos de Financiamento Coletivo";514686,16
250001913980;"SAMANTHA FREIRE DIAS";"#NULO";"PV";"FEMININO";"SUPERIOR COMPLETO";"DIVORCIADO(A)";"BRANCA";"ADMINISTRADOR";"#NE";"N";"DEFERIDO";139;"SUPLENTE";41000;"FUNDO PARTIDARIO, OUTROS RECURSOS";"Recursos de partido político, Recursos próprios";72208,3
250001913982;"ADRIANO DIOGO";"#NULO";"PT";"MASCULINO";"SUPERIOR COMPLETO";"DIVORCIADO(A)";"BRANCA";"GEÓLOGO";"#NE";"N";"DEFERIDO";12648;"SUPLENTE";761913,87;"OUTROS RECURSOS, FUNDO ESPECIAL";"Recursos de pessoas físicas, Recursos de partido político";1053699,64
250001913952;"AMANDA RODRIGUES ZANOTTI";"#NULO";"PT";"FEMININO";"SUPERIOR COMPLETO";"SOLTEIRO(A)";"PARDA";"OUTROS";"#NE";"N";"DEFERIDO";5445;"SUPLENTE";453022,27;"OUTROS RECURSOS, FUNDO ESPECIAL";"Recursos de pessoas físicas, Recursos de partido político";1881,98
250001913959;"ELIEIDE DE JESUS ARAUJO";"#NULO";"PT";"FEMININO";"ENSINO MÉDIO COMPLETO";"SOLTEIRO(A)";"PRETA";"OUTROS";"#NE";"N";"DEFERIDO";3227;"SUPLENTE";84078,55;"OUTROS RECURSOS, FUNDO ESPECIAL, FUNDO PARTIDARIO";"Recursos de pessoas físicas, Recursos de partido político";6568
250002161320;"MARCOS FLAVIO DE OLIVEIRA ROBERTO";"#NULO";"PSD";"MASCULINO";"ENSINO MÉDIO COMPLETO";"CASADO(A)";"BRANCA";"ATOR E DIRETOR DE ESPETÁCULOS PÚBLICOS";"#NE";"N";"DEFERIDO";160;"SUPLENTE";89375;"FUNDO ESPECIAL, OUTROS RECURSOS";"Recursos de partido político";297800
250002161345;"SUSANA LAMBERT DE BRITO SILVA";"#NULO";"PSD";"FEMININO";"SUPERIOR COMPLETO";"DIVORCIADO(A)";"BRANCA";"SERVIDOR PÚBLICO ESTADUAL";"#NE";"N";"DEFERIDO";77;"SUPLENTE";89375;"FUNDO ESPECIAL";"Recursos de partido político";1033,97
250002161340;"MARIA APARECIDA PINTO";"#NULO";"PSD";"FEMININO";"SUPERIOR COMPLETO";"SOLTEIRO(A)";"PRETA";"PSICÓLOGO";"#NE";"N";"DEFERIDO";311;"SUPLENTE";160075;"FUNDO ESPECIAL, OUTROS RECURSOS";"Recursos de partido político, Recursos próprios";2007805,43
250002161343;"ISABEL DE ALMEIDA VASCONCELLOS";"#NULO";"PSD";"FEMININO";"ENSINO MÉDIO COMPLETO";"VIÚVO(A)";"BRANCA";"ESCRITOR E CRÍTICO";"#NE";"N";"DEFERIDO";120;"SUPLENTE";92061;"FUNDO ESPECIAL, OUTROS RECURSOS";"Recursos de partido político, Recursos de pessoas físicas";NA
250002173952;"JOAO BATISTA DA SILVA";"#NULO";"PDT";"MASCULINO";"SUPERIOR COMPLETO";"DIVORCIADO(A)";"PARDA";"ADMINISTRADOR";"#NE";"N";"DEFERIDO";349;"NÃO ELEITO";10000;"FUNDO ESPECIAL";"Recursos de partido político";280013,09
250002173955;"JORGE LUIS FELIZARDO DOS SANTOS";"#NULO";"PDT";"MASCULINO";"SUPERIOR COMPLETO";"DIVORCIADO(A)";"PRETA";"SERVIDOR PÚBLICO MUNICIPAL";"#NE";"N";"DEFERIDO";758;"NÃO ELEITO";30000;"FUNDO ESPECIAL";"Recursos de partido político";57666,69
250002173932;"VERONICA EVANGELISTA DOS SANTOS";"#NULO";"PDT";"FEMININO";"ENSINO MÉDIO INCOMPLETO";"SOLTEIRO(A)";"BRANCA";"ARTESÃO";"#NE";"N";"DEFERIDO";162;"NÃO ELEITO";10000;"FUNDO ESPECIAL";"Recursos de partido político";NA
250002173910;"MESSIAS PEREIRA DA SILVA";"#NULO";"PDT";"MASCULINO";"ENSINO MÉDIO COMPLETO";"SOLTEIRO(A)";"PARDA";"VENDEDOR PRACISTA, REPRESENTANTE, CAIXEIRO-VIAJANTE E ASSEMELHADOS";"#NE";"N";"DEFERIDO";610;"NÃO ELEITO";41666,67;"FUNDO ESPECIAL";"Recursos de partido político";NA
250002173912;"EDUARDO FERREIRA DE PAULA";"#NULO";"PDT";"MASCULINO";"ENSINO FUNDAMENTAL INCOMPLETO";"CASADO(A)";"PRETA";"CATADOR DE RECICLÁVEIS";"#NE";"N";"DEFERIDO";629;"NÃO ELEITO";126666,66;"FUNDO ESPECIAL";"Recursos de partido político";NA
250002034138;"LAURA HIROMI KAMIA";"#NULO";"PSB";"FEMININO";"SUPERIOR COMPLETO";"CASADO(A)";"AMARELA";"ECONOMISTA";"#NE";"N";"DEFERIDO";3529;"SUPLENTE";136385,61;"FUNDO ESPECIAL, OUTROS RECURSOS";"Recursos de outros candidatos, Recursos de partido político, Recursos de pessoas físicas";16000
250002034130;"MICHELLE BRITO CAVALCANTE LIMA";"#NULO";"PSB";"FEMININO";"ENSINO MÉDIO INCOMPLETO";"SOLTEIRO(A)";"BRANCA";"OUTROS";"#NE";"N";"DEFERIDO";656;"SUPLENTE";33464,8;"FUNDO ESPECIAL";"Recursos de partido político, Recursos de outros candidatos";426000
250002034091;"WASHINGTON COELHO";"#NULO";"PSB";"MASCULINO";"SUPERIOR COMPLETO";"CASADO(A)";"PARDA";"SERVIDOR PÚBLICO MUNICIPAL";"#NE";"N";"DEFERIDO";412;"SUPLENTE";45050,16;"OUTROS RECURSOS, FUNDO ESPECIAL";"Recursos próprios, Recursos de outros candidatos, Recursos de partido político, Recursos de pessoas físicas, Recursos de Financiamento Coletivo";15000
250002034127;"CARLOS ROBERTO DE ALMEIDA";"#NULO";"PSB";"MASCULINO";"SUPERIOR COMPLETO";"CASADO(A)";"BRANCA";"ADMINISTRADOR";"#NE";"S";"DEFERIDO";76;"SUPLENTE";50825;"FUNDO ESPECIAL, FUNDO PARTIDARIO";"Recursos de outros candidatos, Recursos de partido político";NA
250002034098;"RENHA CRISTINA SIMÕES";"#NULO";"PSB";"FEMININO";"SUPERIOR COMPLETO";"DIVORCIADO(A)";"BRANCA";"ADMINISTRADOR";"#NE";"N";"DEFERIDO";302;"SUPLENTE";18824,81;"FUNDO ESPECIAL, FUNDO PARTIDARIO";"Recursos de outros candidatos, Recursos de partido político";NA
250002034133;"NATALINO DE JESUS";"#NULO";"PSB";"MASCULINO";"ENSINO MÉDIO COMPLETO";"CASADO(A)";"PARDA";"EMPRESÁRIO";"#NE";"N";"DEFERIDO";1004;"SUPLENTE";41790,81;"FUNDO ESPECIAL";"Recursos de outros candidatos, Recursos de partido político";137000
250002034105;"MARCOS ANTÔNIO RIBEIRO";"#NULO";"PSB";"MASCULINO";"SUPERIOR COMPLETO";"CASADO(A)";"PARDA";"ADVOGADO";"#NE";"N";"DEFERIDO";1292;"SUPLENTE";180716,8;"FUNDO ESPECIAL, FUNDO PARTIDARIO, OUTROS RECURSOS";"Recursos de partido político, Recursos de outros candidatos, Recursos de pessoas físicas, Recursos próprios";742675,4
250001962510;"SANDRA CRISTINA LEITE SANTANA";"#NULO";"MDB";"FEMININO";"SUPERIOR COMPLETO";"DIVORCIADO(A)";"BRANCA";"VEREADOR";"#NE";"S";"DEFERIDO";38326;"ELEITO POR QP";1325798,55;"OUTROS RECURSOS, FUNDO ESPECIAL";"Recursos de pessoas físicas, Recursos próprios, Recursos de partido político, Recursos de outros candidatos, Recursos de Financiamento Coletivo";123813,76
250001962502;"LAERCIO EZEQUIEL DOS SANTOS";"#NULO";"MDB";"MASCULINO";"SUPERIOR INCOMPLETO";"CASADO(A)";"PARDA";"OUTROS";"#NE";"N";"DEFERIDO";568;"SUPLENTE";64381;"OUTROS RECURSOS, FUNDO ESPECIAL";"Recursos de pessoas físicas, Recursos de partido político, Recursos de origens não identificadas";NA
250001962492;"EVANDRO CESAR DE OLIVEIRA";"#NULO";"MDB";"MASCULINO";"ENSINO FUNDAMENTAL COMPLETO";"CASADO(A)";"BRANCA";"ADMINISTRADOR";"#NE";"N";"DEFERIDO";1487;"SUPLENTE";1e+05;"OUTROS RECURSOS";"Recursos de partido político";NA
250001962477;"ROGÉRIO COELHO GRAFT";"#NULO";"MDB";"MASCULINO";"ENSINO MÉDIO COMPLETO";"CASADO(A)";"BRANCA";"OUTROS";"#NE";"N";"DEFERIDO";4117;"SUPLENTE";198700;"OUTROS RECURSOS";"Recursos de pessoas físicas, Recursos de partido político";250000,01
250001962479;"GUILHERME BOAVENTURA";"#NULO";"MDB";"MASCULINO";"SUPERIOR COMPLETO";"CASADO(A)";"PRETA";"ADMINISTRADOR";"#NE";"N";"DEFERIDO";3393;"SUPLENTE";240679,75;"OUTROS RECURSOS, FUNDO ESPECIAL";"Recursos próprios, Recursos de pessoas físicas, Recursos de partido político";88590,03
250001962495;"MARCOS CESAR DE SOUZA";"#NULO";"MDB";"MASCULINO";"ENSINO MÉDIO COMPLETO";"SOLTEIRO(A)";"PRETA";"CANTOR E COMPOSITOR";"#NE";"N";"DEFERIDO";2366;"SUPLENTE";450000;"FUNDO ESPECIAL";"Recursos de outros candidatos, Recursos de partido político";NA
250001962484;"JULIO CESAR FONSECA";"#NULO";"MDB";"MASCULINO";"SUPERIOR COMPLETO";"CASADO(A)";"BRANCA";"ADMINISTRADOR";"#NE";"N";"DEFERIDO";4142;"SUPLENTE";130000;"OUTROS RECURSOS, FUNDO ESPECIAL";"Recursos de partido político, Recursos de outros candidatos";170000
250001962511;"VALTER DELFINO";"#NULO";"MDB";"MASCULINO";"SUPERIOR COMPLETO";"SOLTEIRO(A)";"PARDA";"OUTROS";"#NE";"N";"DEFERIDO";1820;"SUPLENTE";1e+05;"FUNDO PARTIDARIO";"Recursos de partido político";NA
250001962490;"ELIABES ALVES DE OLIVEIRA";"#NULO";"MDB";"MASCULINO";"ENSINO FUNDAMENTAL COMPLETO";"SOLTEIRO(A)";"BRANCA";"COMERCIANTE";"#NE";"N";"DEFERIDO";565;"SUPLENTE";0;"#NULO";"#NULO";NA
250001962499;"ERNESTO TEIXEIRA DA CUNHA";"#NULO";"MDB";"MASCULINO";"SUPERIOR COMPLETO";"CASADO(A)";"BRANCA";"JORNALISTA E REDATOR";"#NE";"N";"DEFERIDO";3496;"SUPLENTE";200500;"OUTROS RECURSOS, FUNDO ESPECIAL";"Recursos de partido político";325641,37
250002351307;"ROSILEI AMARAL";"#NULO";"PMB";"FEMININO";"SUPERIOR INCOMPLETO";"SOLTEIRO(A)";"PRETA";"AUXILIAR DE ESCRITÓRIO E ASSEMELHADOS";"#NE";"N";"DEFERIDO";10;"NÃO ELEITO";0;"#NULO";"#NULO";NA
250001881823;"FERNANDA ALVES DA SILVA";"#NULO";"UNIÃO";"FEMININO";"SUPERIOR COMPLETO";"SOLTEIRO(A)";"PARDA";"SERVIDOR PÚBLICO MUNICIPAL";"#NE";"N";"DEFERIDO";3412;"SUPLENTE";1005903,48;"FUNDO PARTIDARIO, FUNDO ESPECIAL, OUTROS RECURSOS";"Recursos de partido político, Recursos de pessoas físicas, Recursos de outros candidatos";58054,98
250001881799;"ESTER LOPES DE SOUZA FLOR";"#NULO";"UNIÃO";"FEMININO";"ENSINO MÉDIO COMPLETO";"CASADO(A)";"PARDA";"AUXILIAR DE ESCRITÓRIO E ASSEMELHADOS";"#NE";"N";"DEFERIDO";1470;"SUPLENTE";980213,48;"FUNDO ESPECIAL, OUTROS RECURSOS, FUNDO PARTIDARIO";"Recursos de partido político, Recursos de pessoas físicas, Recursos de outros candidatos";1942,21
250001881801;"JUAN RAMON SOTO";"#NULO";"UNIÃO";"MASCULINO";"SUPERIOR COMPLETO";"CASADO(A)";"BRANCA";"POLICIAL MILITAR";"#NE";"N";"DEFERIDO";782;"SUPLENTE";151499,2;"FUNDO PARTIDARIO, FUNDO ESPECIAL, OUTROS RECURSOS";"Recursos de partido político, Recursos de pessoas físicas";609036,59
250001881798;"ZILU DE ALMEIDA GODOI CAMARGO";"#NULO";"UNIÃO";"FEMININO";"ENSINO FUNDAMENTAL COMPLETO";"DIVORCIADO(A)";"BRANCA";"EMPRESÁRIO";"#NE";"N";"DEFERIDO";4579;"SUPLENTE";1809619,28;"FUNDO PARTIDARIO, FUNDO ESPECIAL";"Recursos de partido político";8686732,84
250001881806;"ADRILLES REIS JORGE";"#NULO";"UNIÃO";"MASCULINO";"SUPERIOR COMPLETO";"SOLTEIRO(A)";"BRANCA";"JORNALISTA E REDATOR";"#NE";"N";"DEFERIDO";25038;"ELEITO POR MÉDIA";650568,2;"FUNDO ESPECIAL, FUNDO PARTIDARIO, OUTROS RECURSOS";"Recursos de partido político, Recursos de pessoas físicas";250970,15
250001881832;"PAULO HENRIQUE FACCHINI DE ANDRADE";"#NULO";"UNIÃO";"MASCULINO";"ENSINO MÉDIO COMPLETO";"SOLTEIRO(A)";"BRANCA";"EMPRESÁRIO";"#NE";"N";"DEFERIDO";740;"SUPLENTE";154372,76;"FUNDO PARTIDARIO, OUTROS RECURSOS, FUNDO ESPECIAL";"Recursos de partido político, Recursos de pessoas físicas";791818,1
250001881795;"JAQUELINE DOMINGOS SAVIO MARTINS DO NASCIMENTO";"JAQUELINE";"UNIÃO";"FEMININO";"SUPERIOR INCOMPLETO";"SOLTEIRO(A)";"PARDA";"OCUPANTE DE CARGO EM COMISSÃO";"#NE";"N";"DEFERIDO";365;"SUPLENTE";254213,48;"FUNDO PARTIDARIO, FUNDO ESPECIAL, OUTROS RECURSOS";"Recursos de partido político, Recursos de pessoas físicas";9100
250001933045;"ALEX SANDRO LOUZAN DE ALMEIDA";"#NULO";"PODE";"MASCULINO";"ENSINO MÉDIO INCOMPLETO";"SOLTEIRO(A)";"PARDA";"PROFESSOR E INSTRUTOR DE FORMAÇÃO PROFISSIONAL";"#NE";"N";"DEFERIDO";305;"SUPLENTE";70000;"FUNDO ESPECIAL";"Recursos de partido político";16000
250001933068;"ANA CAROLINA CUNHA DE OLIVEIRA FRANCOMANO";"#NULO";"PODE";"FEMININO";"SUPERIOR COMPLETO";"CASADO(A)";"BRANCA";"BANCÁRIO E ECONOMIÁRIO";"#NE";"N";"DEFERIDO";129563;"ELEITO POR QP";1540589;"OUTROS RECURSOS, FUNDO ESPECIAL";"Recursos de pessoas físicas, Recursos de partido político, Recursos próprios";881000
250001933078;"MÁRCIO KENJI ITO";"#NULO";"PODE";"MASCULINO";"SUPERIOR COMPLETO";"DIVORCIADO(A)";"AMARELA";"POLICIAL CIVIL";"#NE";"N";"DEFERIDO";32495;"ELEITO POR MÉDIA";643554;"OUTROS RECURSOS, FUNDO ESPECIAL";"Recursos de pessoas físicas, Recursos próprios, Recursos de partido político";456599,2
250001933060;"JOSÉ CARLOS LEITE SOARES";"#NULO";"PODE";"MASCULINO";"SUPERIOR COMPLETO";"CASADO(A)";"PRETA";"PROFESSOR E INSTRUTOR DE FORMAÇÃO PROFISSIONAL";"#NE";"N";"DEFERIDO";1265;"SUPLENTE";188461,5;"OUTROS RECURSOS, FUNDO ESPECIAL";"Recursos de partido político";NA
250001933046;"MARCO ANTONIO BIOTO";"#NULO";"PODE";"MASCULINO";"SUPERIOR COMPLETO";"CASADO(A)";"BRANCA";"POLICIAL CIVIL";"#NE";"N";"DEFERIDO";14993;"SUPLENTE";831001,25;"FUNDO ESPECIAL";"Recursos de partido político";205158,36
250001933064;"MILTON FERREIRA DA SILVA";"#NULO";"PODE";"MASCULINO";"SUPERIOR COMPLETO";"SOLTEIRO(A)";"PARDA";"MÉDICO";"#NE";"S";"DEFERIDO";33493;"ELEITO POR QP";1112465,63;"OUTROS RECURSOS, FUNDO ESPECIAL";"Recursos próprios, Recursos de partido político";3064527,14
250002170090;"FLAVIA BISCHAIN ROSA";"#NULO";"PSTU";"FEMININO";"SUPERIOR COMPLETO";"SOLTEIRO(A)";"PARDA";"ADMINISTRADOR";"#NE";"N";"DEFERIDO";2252;"NÃO ELEITO";139904,8;"FUNDO ESPECIAL, OUTROS RECURSOS";"Recursos de outros candidatos, Recursos de pessoas físicas, Recursos de partido político";82405,37
250002170093;"LORENA FERNANDES SILVA";"#NULO";"PSTU";"FEMININO";"SUPERIOR COMPLETO";"SOLTEIRO(A)";"BRANCA";"PROFESSOR DE ENSINO DE PRIMEIRO E SEGUNDO GRAUS";"#NE";"N";"DEFERIDO";256;"NÃO ELEITO";11540;"OUTROS RECURSOS";"Recursos de pessoas físicas";NA
250002146899;"GIAN HILLER PISANO";"#NULO";"AVANTE";"MASCULINO";"SUPERIOR INCOMPLETO";"DIVORCIADO(A)";"BRANCA";"MECÂNICO DE MANUTENÇÃO";"#NE";"N";"DEFERIDO";381;"NÃO ELEITO";1234;"OUTROS RECURSOS";"Recursos próprios";NA
250002146891;"AUDALIO PAULO DA SILVA";"#NULO";"AVANTE";"MASCULINO";"SUPERIOR COMPLETO";"CASADO(A)";"PARDA";"AGENTE ADMINISTRATIVO";"#NE";"N";"DEFERIDO";843;"NÃO ELEITO";0;"#NULO";"#NULO";1301
250002146933;"REGINA MARIANO";"#NULO";"AVANTE";"FEMININO";"SUPERIOR INCOMPLETO";"SOLTEIRO(A)";"PRETA";"APOSENTADO (EXCETO SERVIDOR PÚBLICO)";"#NE";"N";"DEFERIDO";25;"NÃO ELEITO";10000;"FUNDO ESPECIAL";"Recursos de partido político";NA
250002146889;"RAMIRO DE SOUSA MARINHO";"#NULO";"AVANTE";"MASCULINO";"ENSINO MÉDIO COMPLETO";"CASADO(A)";"PRETA";"NUTRICIONISTA E ASSEMELHADOS";"#NE";"N";"DEFERIDO";510;"NÃO ELEITO";7000;"FUNDO ESPECIAL";"Recursos de partido político";NA
250002146928;"VIVIAN FLORIANO DE MORAES";"#NULO";"AVANTE";"FEMININO";"SUPERIOR COMPLETO";"SEPARADO(A) JUDICIALMENTE";"PRETA";"AGENTE ADMINISTRATIVO";"#NE";"S";"DEFERIDO";209;"NÃO ELEITO";10000;"FUNDO ESPECIAL";"Recursos de partido político";NA
250002146902;"LUIS CARLOS DOS SANTOS SILVA";"#NULO";"AVANTE";"MASCULINO";"ENSINO MÉDIO COMPLETO";"DIVORCIADO(A)";"PRETA";"EMPRESÁRIO";"#NE";"N";"DEFERIDO";575;"NÃO ELEITO";34500;"FUNDO ESPECIAL, OUTROS RECURSOS";"Recursos de partido político, Recursos de pessoas físicas";50237
250002146930;"ANDREA DE PAULA SANTOS";"#NULO";"AVANTE";"FEMININO";"SUPERIOR COMPLETO";"CASADO(A)";"PRETA";"EMPRESÁRIO";"#NE";"N";"DEFERIDO";374;"NÃO ELEITO";19000;"FUNDO ESPECIAL, OUTROS RECURSOS";"Recursos de partido político, Recursos de pessoas físicas";31333
250002174680;"NESTOR DE SOUZA GOIABEIRA FILHO";"#NULO";"PP";"MASCULINO";"ENSINO MÉDIO COMPLETO";"SEPARADO(A) JUDICIALMENTE";"BRANCA";"JORNALISTA E REDATOR";"#NE";"N";"DEFERIDO";516;"SUPLENTE";NA;NA;NA;1e+05
250002379010;"CHRISTIANO BONIFAZIO";"#NULO";"PP";"MASCULINO";"SUPERIOR COMPLETO";"CASADO(A)";"BRANCA";"EMPRESÁRIO";"#NE";"N";"DEFERIDO";288;"SUPLENTE";0;"#NULO";"#NULO";105657,29
250002174687;"MARCIA DE CASTRO MARECO";"#NULO";"PP";"FEMININO";"SUPERIOR COMPLETO";"DIVORCIADO(A)";"PARDA";"PROFESSOR DE ENSINO MÉDIO";"#NE";"N";"DEFERIDO";508;"SUPLENTE";0;"#NULO";"#NULO";NA
250002174688;"FABIO ANTÔNIO MARQUES";"#NULO";"PP";"MASCULINO";"ENSINO MÉDIO COMPLETO";"SOLTEIRO(A)";"BRANCA";"EMPRESÁRIO";"#NE";"N";"DEFERIDO";556;"SUPLENTE";NA;NA;NA;167900
250002174689;"JOSIANE RIBEIRO MENDONÇA";"#NULO";"PP";"FEMININO";"SUPERIOR COMPLETO";"SOLTEIRO(A)";"BRANCA";"ODONTÓLOGO";"#NE";"N";"DEFERIDO";130;"SUPLENTE";2000;"FUNDO ESPECIAL";"Recursos de outros candidatos";368012,37
250002079325;"MARIA DE JESUS RODRIGUES SORIANO";"#NULO";"NOVO";"FEMININO";"SUPERIOR COMPLETO";"SOLTEIRO(A)";"BRANCA";"ADVOGADO";"#NE";"N";"DEFERIDO";430;"SUPLENTE";6423,03;"OUTROS RECURSOS, FUNDO ESPECIAL";"Recursos próprios, Recursos de partido político, Recursos de pessoas físicas";920
250002079302;"STEFANO PORTO PERES";"#NULO";"NOVO";"MASCULINO";"SUPERIOR COMPLETO";"SOLTEIRO(A)";"BRANCA";"PRODUTOR AGROPECUÁRIO";"#NE";"N";"DEFERIDO";219;"SUPLENTE";3050;"OUTROS RECURSOS";"Recursos de pessoas físicas, Recursos de Financiamento Coletivo";48427,87
250002079347;"HUGO DANTAS DA SILVA";"#NULO";"NOVO";"MASCULINO";"SUPERIOR COMPLETO";"CASADO(A)";"BRANCA";"POLICIAL CIVIL";"#NE";"N";"DEFERIDO";567;"SUPLENTE";6334,9;"FUNDO ESPECIAL, OUTROS RECURSOS";"Recursos de partido político, Recursos de pessoas físicas";503000
250002079327;"MARCOS EDUARDO RUI COSTA";"#NULO";"NOVO";"MASCULINO";"SUPERIOR COMPLETO";"CASADO(A)";"BRANCA";"PUBLICITÁRIO";"#NE";"N";"DEFERIDO";1415;"SUPLENTE";70;"OUTROS RECURSOS";"Recursos de pessoas físicas";1076000
250002079301;"LEANDRO ISAIAS MOFSOVICH";"#NULO";"NOVO";"MASCULINO";"SUPERIOR COMPLETO";"CASADO(A)";"BRANCA";"EMPRESÁRIO";"#NE";"N";"DEFERIDO";1390;"SUPLENTE";65773,26;"OUTROS RECURSOS, FUNDO ESPECIAL";"Recursos de pessoas físicas, Recursos próprios, Recursos de partido político, Recursos de Financiamento Coletivo";2214503,4
250001977581;"FABRICIA METNE";"#NULO";"REPUBLICANOS";"FEMININO";"SUPERIOR COMPLETO";"SOLTEIRO(A)";"BRANCA";"EMPRESÁRIO";"#NE";"N";"DEFERIDO";177;"SUPLENTE";62084;"FUNDO ESPECIAL, OUTROS RECURSOS";"Recursos de partido político, Recursos de pessoas físicas";6911
250001977595;"ANDERSON DOS ANJOS OLIVEIRA";"#NULO";"REPUBLICANOS";"MASCULINO";"ENSINO MÉDIO COMPLETO";"CASADO(A)";"PARDA";"OUTROS";"#NE";"N";"DEFERIDO";1279;"SUPLENTE";69271;"OUTROS RECURSOS, FUNDO ESPECIAL";"Recursos próprios, Recursos de pessoas físicas, Recursos de partido político";18000
250001977563;"MARIA NILZA FERREIRA ALVES";"#NULO";"REPUBLICANOS";"FEMININO";"ENSINO MÉDIO COMPLETO";"DIVORCIADO(A)";"PARDA";"COMERCIANTE";"#NE";"N";"DEFERIDO";608;"SUPLENTE";67545;"FUNDO ESPECIAL, OUTROS RECURSOS";"Recursos de partido político";125774,43
250001977575;"RENATO DALEFFI MARQUES";"#NULO";"REPUBLICANOS";"MASCULINO";"SUPERIOR COMPLETO";"DIVORCIADO(A)";"BRANCA";"SERVIDOR PÚBLICO ESTADUAL";"#NE";"N";"DEFERIDO";1799;"SUPLENTE";115810;"FUNDO ESPECIAL, OUTROS RECURSOS";"Recursos de partido político, Recursos de pessoas físicas, Recursos próprios";NA
250001977606;"MARLENE GONÇALVES COSTA DE ALCANTARA";"#NULO";"REPUBLICANOS";"FEMININO";"ENSINO MÉDIO COMPLETO";"DIVORCIADO(A)";"PARDA";"CABELEIREIRO E BARBEIRO";"#NE";"N";"DEFERIDO";297;"SUPLENTE";73195;"FUNDO ESPECIAL, OUTROS RECURSOS";"Recursos de partido político";426000
250001977574;"SHIRLEY PALADY CAMBUR";"#NULO";"REPUBLICANOS";"FEMININO";"SUPERIOR COMPLETO";"DIVORCIADO(A)";"BRANCA";"ADMINISTRADOR";"#NE";"N";"DEFERIDO";445;"SUPLENTE";67109;"FUNDO ESPECIAL, OUTROS RECURSOS";"Recursos de partido político, Recursos próprios";328000
250001977565;"ALESSANDRO LUIZ OLIVEIRA AZZONI";"#NULO";"REPUBLICANOS";"MASCULINO";"SUPERIOR COMPLETO";"CASADO(A)";"BRANCA";"ADVOGADO";"#NE";"N";"DEFERIDO";736;"SUPLENTE";65754;"FUNDO ESPECIAL, OUTROS RECURSOS";"Recursos de partido político, Recursos próprios, Recursos de pessoas físicas";270320,38
250002052104;"EMERSON RAMAYANA NOVAES SILVA DE ARAÚJO";"#NULO";"PSOL";"MASCULINO";"SUPERIOR COMPLETO";"SOLTEIRO(A)";"PARDA";"OUTROS";"#NE";"N";"INDEFERIDO COM RECURSO";0;"NÃO ELEITO";41967,92;"FUNDO ESPECIAL";"Recursos de outros candidatos, Recursos de partido político";22000
250002371348;"VERA LÚCIA SANTOS DE FRANÇA";"#NULO";"AGIR";"FEMININO";"ENSINO FUNDAMENTAL COMPLETO";"VIÚVO(A)";"PRETA";"ALFAIATE E COSTUREIRO";"#NE";"N";"INDEFERIDO COM RECURSO";0;"NÃO ELEITO";0;"#NULO";"#NULO";NA
250002357423;"EDEVALDO DA HORA DOS SANTOS";"#NULO";"DC";"MASCULINO";"ENSINO MÉDIO COMPLETO";"CASADO(A)";"PRETA";"OUTROS";"#NE";"N";"DEFERIDO";92;"NÃO ELEITO";6820,65;"FUNDO ESPECIAL";"Recursos de partido político";NA
250002357428;"MARIA DO CARMO ROCHA MENDOZA";"#NULO";"DC";"FEMININO";"ENSINO MÉDIO COMPLETO";"CASADO(A)";"PARDA";"SACERDOTE OU MEMBRO DE ORDEM OU SEITA RELIGIOSA";"#NE";"N";"DEFERIDO";138;"NÃO ELEITO";6820,65;"FUNDO ESPECIAL";"Recursos de partido político";NA
250002357412;"MARIA CELESTE JUSTA";"#NULO";"DC";"FEMININO";"SUPERIOR COMPLETO";"CASADO(A)";"PARDA";"SACERDOTE OU MEMBRO DE ORDEM OU SEITA RELIGIOSA";"#NE";"N";"DEFERIDO";98;"NÃO ELEITO";6820,65;"FUNDO ESPECIAL";"Recursos de partido político";130200
250002075141;"JULIANY DE SOUSA REIS";"#NULO";"PRD";"FEMININO";"SUPERIOR INCOMPLETO";"SOLTEIRO(A)";"BRANCA";"EMPRESÁRIO";"#NE";"N";"DEFERIDO";358;"NÃO ELEITO";50000;"FUNDO ESPECIAL";"Recursos de partido político";330000
250002075126;"BRUNO HENRIQUE DIAS";"#NULO";"PRD";"MASCULINO";"SUPERIOR INCOMPLETO";"CASADO(A)";"BRANCA";"MOTORISTA DE VEÍCULOS DE TRANSPORTE DE CARGA";"#NE";"N";"DEFERIDO";354;"NÃO ELEITO";20000;"FUNDO ESPECIAL";"Recursos de partido político";42000
250002075150;"MADALENA DE LAURA PEREIRA";"#NULO";"PRD";"FEMININO";"SUPERIOR COMPLETO";"SOLTEIRO(A)";"BRANCA";"ADMINISTRADOR";"#NE";"N";"DEFERIDO";96;"NÃO ELEITO";30000;"FUNDO ESPECIAL";"Recursos de partido político";NA
250002075158;"ANDRÉ HENRIQUE BUENO DE OLIVEIRA";"#NULO";"PRD";"MASCULINO";"ENSINO MÉDIO COMPLETO";"SOLTEIRO(A)";"BRANCA";"MOTOBOY";"#NE";"N";"DEFERIDO";174;"NÃO ELEITO";15000;"FUNDO ESPECIAL";"Recursos de partido político";230000
250002075134;"JEAN PIERRE CARDENAS DE LA TORRE";"#NULO";"PRD";"MASCULINO";"SUPERIOR INCOMPLETO";"DIVORCIADO(A)";"BRANCA";"EMPRESÁRIO";"#NE";"N";"DEFERIDO";403;"NÃO ELEITO";20000;"FUNDO ESPECIAL";"Recursos de partido político";72688
250002075140;"JOSE ALCY PINHEIRO SUBRINHO";"#NULO";"PRD";"MASCULINO";"SUPERIOR COMPLETO";"DIVORCIADO(A)";"BRANCA";"ADVOGADO";"#NE";"N";"DEFERIDO";667;"NÃO ELEITO";40000;"FUNDO ESPECIAL";"Recursos de partido político";1309976,6
250002075127;"ELIS REGINA VIEIRA RUANO";"#NULO";"PRD";"FEMININO";"SUPERIOR COMPLETO";"CASADO(A)";"BRANCA";"GERENTE";"#NE";"N";"DEFERIDO";496;"NÃO ELEITO";110000;"FUNDO ESPECIAL";"Recursos de partido político";129252,5
250002075169;"EDEN DOS SANTOS COSTA";"#NULO";"PRD";"MASCULINO";"SUPERIOR COMPLETO";"SOLTEIRO(A)";"PRETA";"ADVOGADO";"#NE";"N";"DEFERIDO";61;"NÃO ELEITO";20350;"OUTROS RECURSOS, FUNDO ESPECIAL";"Recursos de pessoas físicas, Recursos de partido político";18000
250002075132;"SEBASTIAO RAIMUNDO DE OLIVEIRA";"#NULO";"PRD";"MASCULINO";"ENSINO MÉDIO INCOMPLETO";"CASADO(A)";"PARDA";"PROFESSOR E INSTRUTOR DE FORMAÇÃO PROFISSIONAL";"#NE";"N";"DEFERIDO";1210;"NÃO ELEITO";60000;"FUNDO ESPECIAL";"Recursos de partido político";281336,64
250002075168;"CARLOS ALBERTO FABRINI";"#NULO";"PRD";"MASCULINO";"SUPERIOR COMPLETO";"DIVORCIADO(A)";"BRANCA";"OUTROS";"#NE";"N";"DEFERIDO";2071;"NÃO ELEITO";80000;"FUNDO ESPECIAL";"Recursos de partido político";NA
250002181676;"DANIELA DA SILVA BRAGA";"#NULO";"PSDB";"FEMININO";"SUPERIOR COMPLETO";"SOLTEIRO(A)";"PARDA";"OUTROS";"#NE";"N";"DEFERIDO";295;"NÃO ELEITO";0;"#NULO";"#NULO";NA
250002181673;"RONALDO MIGUEL GAMA";"#NULO";"PSDB";"MASCULINO";"SUPERIOR COMPLETO";"SOLTEIRO(A)";"BRANCA";"OUTROS";"#NE";"N";"DEFERIDO";32;"NÃO ELEITO";0;"#NULO";"#NULO";994500
250002377227;"CLELIA DA COSTA MONTEIRO";"#NULO";"PSDB";"FEMININO";"ENSINO FUNDAMENTAL COMPLETO";"DIVORCIADO(A)";"BRANCA";"EMPRESÁRIO";"#NE";"N";"DEFERIDO";70;"NÃO ELEITO";NA;NA;NA;NA
250002181679;"GUILHERME KOPKE BRITO";"#NULO";"PSDB";"MASCULINO";"SUPERIOR COMPLETO";"CASADO(A)";"BRANCA";"EMPRESÁRIO";"#NE";"N";"DEFERIDO";1990;"NÃO ELEITO";194500;"OUTROS RECURSOS, FUNDO ESPECIAL";"Recursos de pessoas físicas, Recursos de outros candidatos";1300000
250002181650;"MARCO AURELIO DE LIMA KUROVSKI";"#NULO";"PSDB";"MASCULINO";"ENSINO MÉDIO COMPLETO";"CASADO(A)";"BRANCA";"EMPRESÁRIO";"#NE";"N";"DEFERIDO";300;"NÃO ELEITO";20952,54;"FUNDO ESPECIAL, OUTROS RECURSOS, FUNDO PARTIDARIO";"Recursos de outros candidatos, Recursos de pessoas físicas, Recursos de partido político, Recursos próprios, Recursos de Financiamento Coletivo";141000
250002181675;"VANESSA ORSINI";"#NULO";"PSDB";"FEMININO";"SUPERIOR COMPLETO";"SOLTEIRO(A)";"BRANCA";"OUTROS";"#NE";"N";"DEFERIDO";119;"NÃO ELEITO";5000;"FUNDO ESPECIAL";"Recursos de partido político";NA
250002181683;"FRANKLIN KILBERT KARBSTEIN";"#NULO";"PSDB";"MASCULINO";"SUPERIOR COMPLETO";"SOLTEIRO(A)";"BRANCA";"ADVOGADO";"#NE";"N";"DEFERIDO";359;"NÃO ELEITO";10427,8;"OUTROS RECURSOS, FUNDO ESPECIAL";"Recursos de pessoas físicas, Recursos de partido político, Recursos de outros candidatos";110000
250002181662;"JOSE VALENTIM HENRIQUEZ JUNIOR";"#NULO";"PSDB";"MASCULINO";"SUPERIOR INCOMPLETO";"SOLTEIRO(A)";"BRANCA";"OUTROS";"#NE";"N";"DEFERIDO";619;"NÃO ELEITO";11500;"OUTROS RECURSOS, FUNDO ESPECIAL";"Recursos de pessoas físicas, Recursos de outros candidatos";50000
250001973485;"ELIETE FRANCISCO DOS SANTOS";"#NULO";"PL";"FEMININO";"SUPERIOR COMPLETO";"CASADO(A)";"PRETA";"OUTROS";"#NE";"N";"DEFERIDO";339;"SUPLENTE";40000;"FUNDO ESPECIAL";"Recursos de partido político";520000
250001973492;"LUIZ JACINTO NEPOMUCENO NETO";"#NULO";"PL";"MASCULINO";"SUPERIOR COMPLETO";"CASADO(A)";"PRETA";"OUTROS";"#NE";"N";"DEFERIDO";6100;"SUPLENTE";502485;"FUNDO ESPECIAL, OUTROS RECURSOS";"Recursos de partido político, Recursos de pessoas físicas, Recursos próprios, Rendimentos de aplicações financeiras";534574,57
250001973480;"SILAS BISPO QUIVEN";"#NULO";"PL";"MASCULINO";"ENSINO MÉDIO INCOMPLETO";"CASADO(A)";"PRETA";"OUTROS";"#NE";"N";"DEFERIDO";236;"SUPLENTE";65000;"FUNDO ESPECIAL";"Recursos de partido político";6,39
250001973468;"PAULO ROBERTO AMARAL VIEIRA";"#NULO";"PL";"MASCULINO";"SUPERIOR COMPLETO";"SEPARADO(A) JUDICIALMENTE";"BRANCA";"OUTROS";"#NE";"N";"DEFERIDO";1509;"SUPLENTE";250000;"FUNDO ESPECIAL";"Recursos de partido político";370917,94
250001973498;"LAYANE SANTIAGO MOURA DE SOUSA";"#NULO";"PL";"FEMININO";"ENSINO MÉDIO COMPLETO";"CASADO(A)";"BRANCA";"ESTUDANTE, BOLSISTA, ESTAGIÁRIO E ASSEMELHADOS";"#NE";"N";"DEFERIDO";501;"SUPLENTE";85000;"FUNDO ESPECIAL";"Recursos de partido político";NA
250001973469;"IOLANDA REGINA ALVES FRONTEROTTA";"#NULO";"PL";"FEMININO";"SUPERIOR INCOMPLETO";"DIVORCIADO(A)";"BRANCA";"OUTROS";"#NE";"N";"DEFERIDO";292;"SUPLENTE";95000;"FUNDO ESPECIAL";"Recursos de partido político";1318,69
250001973494;"SALOMÃO PEREIRA DA SILVA";"#NULO";"PL";"MASCULINO";"ENSINO MÉDIO COMPLETO";"CASADO(A)";"PARDA";"TAXISTA";"#NE";"N";"DEFERIDO";2846;"SUPLENTE";1e+05;"FUNDO ESPECIAL";"Recursos de partido político";484067,22
250001973520;"SONAIRA FERNANDES DE SANTANA SOUZA";"#NULO";"PL";"FEMININO";"SUPERIOR COMPLETO";"CASADO(A)";"PRETA";"VEREADOR";"#NE";"S";"DEFERIDO";33957;"ELEITO POR QP";1771285;"FUNDO ESPECIAL, OUTROS RECURSOS";"Recursos de partido político, Recursos de pessoas físicas";396072,55
250001973486;"SANDRA REGINA CARBONE TADEU MUDALEN";"#NULO";"PL";"FEMININO";"SUPERIOR COMPLETO";"CASADO(A)";"BRANCA";"MÉDICO";"#NE";"S";"DEFERIDO";74511;"ELEITO POR QP";1593501,32;"OUTROS RECURSOS, FUNDO ESPECIAL";"Recursos de pessoas físicas, Recursos de partido político";3466170,2
250002052110;"RAFAEL PACHECO ALQUEZAR";"#NULO";"PSOL";"MASCULINO";"SUPERIOR INCOMPLETO";"SOLTEIRO(A)";"PARDA";"OUTROS";"#NE";"N";"DEFERIDO";1939;"SUPLENTE";53700;"OUTROS RECURSOS, FUNDO ESPECIAL";"Recursos de Financiamento Coletivo, Recursos de partido político";NA
250002052133;"ANDRE RICARDO DE SOUZA";"#NULO";"REDE";"MASCULINO";"ENSINO MÉDIO COMPLETO";"SOLTEIRO(A)";"PRETA";"TAXISTA";"#NE";"N";"DEFERIDO";410;"SUPLENTE";23867,92;"FUNDO ESPECIAL";"Recursos de outros candidatos, Recursos de partido político";10000
250002052121;"SIMONE FERREIRA NASCIMENTO";"#NULO";"PSOL";"FEMININO";"SUPERIOR COMPLETO";"SOLTEIRO(A)";"PRETA";"JORNALISTA E REDATOR";"#NE";"N";"DEFERIDO";10434;"SUPLENTE";345295,49;"OUTROS RECURSOS, FUNDO ESPECIAL, FUNDO PARTIDARIO";"Recursos de pessoas físicas, Recursos de outros candidatos, Recursos de Financiamento Coletivo, Recursos de partido político";20000
250002052135;"PATRICIA NUNES SILVA";"#NULO";"REDE";"FEMININO";"SUPERIOR COMPLETO";"SOLTEIRO(A)";"PRETA";"OUTROS";"#NE";"N";"DEFERIDO";2749;"SUPLENTE";86332,81;"FUNDO ESPECIAL, OUTROS RECURSOS";"Recursos de partido político, Recursos de Financiamento Coletivo, Recursos de outros candidatos";248929
250002052098;"JOSÉ AGRIPINO DA SILVA";"#NULO";"PSOL";"MASCULINO";"ENSINO MÉDIO COMPLETO";"SOLTEIRO(A)";"BRANCA";"OUTROS";"#NE";"N";"DEFERIDO";1013;"SUPLENTE";32516,36;"OUTROS RECURSOS, FUNDO ESPECIAL";"Recursos de partido político, Recursos de outros candidatos";NA
250002018908;"EDINALDO ANTÔNIO DO CARMO";"#NULO";"MOBILIZA";"MASCULINO";"ENSINO MÉDIO COMPLETO";"CASADO(A)";"PRETA";"EMPRESÁRIO";"#NE";"N";"DEFERIDO";227;"NÃO ELEITO";2142,5;"OUTROS RECURSOS";"Recursos de pessoas físicas";NA
250002018913;"ELIZANGELA MOREIRA SOARES DE SOUZA";"#NULO";"MOBILIZA";"FEMININO";"ENSINO MÉDIO COMPLETO";"CASADO(A)";"BRANCA";"GARI OU LIXEIRO";"#NE";"N";"DEFERIDO";89;"NÃO ELEITO";0;"#NULO";"#NULO";NA
250002018934;"LEANDRO QUEIROZ LOURENÇO";"#NULO";"MOBILIZA";"MASCULINO";"SUPERIOR INCOMPLETO";"SOLTEIRO(A)";"BRANCA";"OUTROS";"#NE";"N";"DEFERIDO";154;"NÃO ELEITO";0;"#NULO";"#NULO";25000
250002170979;"WILLIAM OLIVA DA SILVA";"#NULO";"PRTB";"MASCULINO";"SUPERIOR INCOMPLETO";"CASADO(A)";"BRANCA";"COMERCIANTE";"#NE";"N";"DEFERIDO";2704;"NÃO ELEITO";33904,52;"FUNDO ESPECIAL, OUTROS RECURSOS";"Recursos de partido político, Recursos de pessoas físicas";90000
250002170973;"MARCOS RODRIGUES";"#NULO";"PRTB";"MASCULINO";"SUPERIOR COMPLETO";"DIVORCIADO(A)";"PRETA";"JORNALISTA E REDATOR";"#NE";"N";"DEFERIDO";491;"NÃO ELEITO";10197,95;"FUNDO ESPECIAL";"Recursos de partido político";NA
250002171011;"WILSON GRASSI JUNIOR";"#NULO";"PRTB";"MASCULINO";"SUPERIOR COMPLETO";"DIVORCIADO(A)";"BRANCA";"VETERINÁRIO";"#NE";"N";"DEFERIDO";2777;"NÃO ELEITO";211063,44;"FUNDO ESPECIAL, OUTROS RECURSOS";"Recursos de partido político, Recursos próprios, Recursos de pessoas físicas";24620000
250002029383;"EVERALDO MOREIRA";"#NULO";"SOLIDARIEDADE";"MASCULINO";"SUPERIOR COMPLETO";"DIVORCIADO(A)";"PARDA";"BOMBEIRO CIVIL";"#NE";"N";"DEFERIDO";211;"NÃO ELEITO";40327,67;"FUNDO PARTIDARIO, FUNDO ESPECIAL";"Recursos de partido político";22000
250002029381;"SÉRGIO NUNES SALMENTRO";"#NULO";"SOLIDARIEDADE";"MASCULINO";"SUPERIOR COMPLETO";"VIÚVO(A)";"BRANCA";"APOSENTADO (EXCETO SERVIDOR PÚBLICO)";"#NE";"N";"DEFERIDO";737;"NÃO ELEITO";34466,83;"FUNDO PARTIDARIO, FUNDO ESPECIAL";"Recursos de partido político";8e+05
250002029367;"JAILSON TORRES MACARIO";"#NULO";"SOLIDARIEDADE";"MASCULINO";"SUPERIOR COMPLETO";"CASADO(A)";"PARDA";"OUTROS";"#NE";"N";"DEFERIDO";483;"NÃO ELEITO";17444,82;"FUNDO PARTIDARIO";"Recursos de partido político";NA
250002029375;"MARCO BATISTA DE OLIVEIRA";"#NULO";"SOLIDARIEDADE";"MASCULINO";"SUPERIOR COMPLETO";"SOLTEIRO(A)";"BRANCA";"COMERCIANTE";"#NE";"N";"DEFERIDO";843;"NÃO ELEITO";29768,83;"FUNDO PARTIDARIO, FUNDO ESPECIAL";"Recursos de partido político";96000
250002029404;"VITÓRIA MARIANO DA SILVA SOUZA";"#NULO";"SOLIDARIEDADE";"FEMININO";"ENSINO MÉDIO COMPLETO";"SOLTEIRO(A)";"BRANCA";"EMPRESÁRIO";"#NE";"N";"DEFERIDO";71;"NÃO ELEITO";39765,59;"FUNDO PARTIDARIO, FUNDO ESPECIAL";"Recursos de partido político";3e+05
250001913937;"MARIA DA NATIVIDADE PEREIRA LIMA";"#NULO";"PT";"FEMININO";"SUPERIOR INCOMPLETO";"SOLTEIRO(A)";"PRETA";"OUTROS";"#NE";"N";"DEFERIDO";882;"SUPLENTE";79057,19;"FUNDO ESPECIAL, OUTROS RECURSOS";"Recursos de partido político, Recursos de pessoas físicas";NA
250001913939;"SANDRO ROGERIUS BARBOSA";"#NULO";"PT";"MASCULINO";"ENSINO MÉDIO INCOMPLETO";"SOLTEIRO(A)";"PARDA";"MÚSICO";"#NE";"N";"DEFERIDO";3985;"SUPLENTE";452365,87;"FUNDO ESPECIAL";"Recursos de partido político";NA
250001913963;"DHEISON RENAN SILVA";"#NULO";"PT";"MASCULINO";"SUPERIOR COMPLETO";"CASADO(A)";"PARDA";"RELAÇÕES-PÚBLICAS";"#NE";"N";"DEFERIDO";30575;"ELEITO POR QP";1105382,87;"FUNDO ESPECIAL, OUTROS RECURSOS";"Recursos de partido político, Recursos de pessoas físicas, Recursos próprios";401726,13
250001913970;"CLAUDETE ALVES DA SILVA";"#NULO";"PT";"FEMININO";"SUPERIOR COMPLETO";"DIVORCIADO(A)";"PRETA";"SERVIDOR PÚBLICO MUNICIPAL";"#NE";"N";"DEFERIDO";15676;"SUPLENTE";631445,87;"FUNDO ESPECIAL, OUTROS RECURSOS";"Recursos de partido político, Recursos de pessoas físicas";439296,37
250001913969;"CÉLIA APARECIDA ASSUMPÇÃO";"#NULO";"PT";"FEMININO";"SUPERIOR COMPLETO";"SOLTEIRO(A)";"BRANCA";"OUTROS";"#NE";"N";"DEFERIDO";4332;"SUPLENTE";235161,48;"OUTROS RECURSOS, FUNDO ESPECIAL";"Recursos de pessoas físicas, Recursos de partido político, Recursos de Financiamento Coletivo";113542,8
250001913936;"CLAUDIA VISONI";"#NULO";"PV";"FEMININO";"SUPERIOR COMPLETO";"DIVORCIADO(A)";"BRANCA";"JORNALISTA E REDATOR";"#NE";"N";"DEFERIDO";6006;"SUPLENTE";457479,15;"OUTROS RECURSOS, FUNDO ESPECIAL";"Recursos de pessoas físicas, Recursos de Financiamento Coletivo, Recursos de partido político, Recursos próprios";7423878,63
250002161321;"MATEUS SERAPHIM CAMARINHA";"#NULO";"PSD";"MASCULINO";"SUPERIOR COMPLETO";"DIVORCIADO(A)";"BRANCA";"ADMINISTRADOR";"#NE";"N";"DEFERIDO";295;"SUPLENTE";89375;"FUNDO ESPECIAL, OUTROS RECURSOS";"Recursos de partido político";1533333,33
250002161328;"ANTONIO CARLOS RAGO CANO";"#NULO";"PSD";"MASCULINO";"ENSINO MÉDIO COMPLETO";"SOLTEIRO(A)";"BRANCA";"OUTROS";"#NE";"N";"DEFERIDO";1149;"SUPLENTE";89375;"FUNDO ESPECIAL, OUTROS RECURSOS";"Recursos de partido político";236730,33
250002161314;"ELIANA FAZANNI";"#NULO";"PSD";"FEMININO";"SUPERIOR COMPLETO";"SOLTEIRO(A)";"BRANCA";"APOSENTADO (EXCETO SERVIDOR PÚBLICO)";"#NE";"N";"DEFERIDO";156;"SUPLENTE";89375;"FUNDO ESPECIAL, OUTROS RECURSOS";"Recursos de partido político";4e+05
250002161326;"THAMMY BRITO DE MIRANDA E SILVA";"#NULO";"PSD";"MASCULINO";"ENSINO MÉDIO COMPLETO";"CASADO(A)";"BRANCA";"VEREADOR";"#NE";"S";"DEFERIDO";50234;"ELEITO POR MÉDIA";966154,06;"FUNDO ESPECIAL, OUTROS RECURSOS";"Recursos de partido político, Recursos próprios, Recursos de pessoas físicas";5556860,56
250002161317;"MIRTES GONÇALVES QUEIROZ";"#NULO";"PSD";"FEMININO";"ENSINO MÉDIO COMPLETO";"DIVORCIADO(A)";"BRANCA";"COMERCIANTE";"#NE";"N";"DEFERIDO";230;"SUPLENTE";109375;"OUTROS RECURSOS, FUNDO ESPECIAL";"Recursos de partido político";NA
250002173926;"BIANCA JULIANA RODRIGUES DOS SANTOS";"#NULO";"PDT";"FEMININO";"SUPERIOR COMPLETO";"SOLTEIRO(A)";"BRANCA";"JORNALISTA E REDATOR";"#NE";"N";"DEFERIDO";95;"NÃO ELEITO";50000;"FUNDO ESPECIAL";"Recursos de partido político";448019,58
250002396388;"CLÁUDIO JOSÉ DE OLIVEIRA GONÇALVES";"#NULO";"PDT";"MASCULINO";"SUPERIOR COMPLETO";"DIVORCIADO(A)";"PRETA";"MÚSICO";"#NE";"N";"PENDENTE DE JULGAMENTO";641;"NÃO ELEITO";60000;"FUNDO ESPECIAL";"Recursos de partido político";NA
250002173929;"ANDERSON CLAYTON SOARES MIYATA";"#NULO";"PDT";"MASCULINO";"SUPERIOR COMPLETO";"CASADO(A)";"BRANCA";"ADMINISTRADOR";"#NE";"N";"DEFERIDO";162;"NÃO ELEITO";10150;"FUNDO ESPECIAL, OUTROS RECURSOS";"Recursos de partido político, Recursos de Financiamento Coletivo";108980
250002173936;"ANDRÉ LUIS DE MORAES";"#NULO";"PDT";"MASCULINO";"ENSINO MÉDIO COMPLETO";"SOLTEIRO(A)";"BRANCA";"ATOR E DIRETOR DE ESPETÁCULOS PÚBLICOS";"#NE";"N";"DEFERIDO";146;"NÃO ELEITO";10000;"FUNDO ESPECIAL";"Recursos de partido político";4500
250002173944;"DOMENICO CARONE";"#NULO";"PDT";"MASCULINO";"SUPERIOR INCOMPLETO";"CASADO(A)";"BRANCA";"EMPRESÁRIO";"#NE";"N";"DEFERIDO";508;"NÃO ELEITO";60000;"FUNDO ESPECIAL, OUTROS RECURSOS";"Recursos de partido político, Recursos de Financiamento Coletivo";115000
250002173945;"SILVIO DA SILVA SANTOS";"#NULO";"PDT";"MASCULINO";"ENSINO FUNDAMENTAL INCOMPLETO";"CASADO(A)";"PRETA";"MOTORISTA DE VEÍCULOS DE TRANSPORTE COLETIVO DE PASSAGEIROS";"#NE";"N";"DEFERIDO";277;"NÃO ELEITO";10000;"FUNDO ESPECIAL";"Recursos de partido político";NA
250002173958;"MARILENE ADELIA DOS SANTOS SILVA";"#NULO";"PDT";"FEMININO";"SUPERIOR COMPLETO";"CASADO(A)";"PRETA";"PROFESSOR DE ENSINO FUNDAMENTAL";"#NE";"N";"DEFERIDO";851;"NÃO ELEITO";86666,65;"FUNDO ESPECIAL";"Recursos de partido político";80817,8
250002173943;"ROBINSON FARINAZZO CASAL";"#NULO";"PDT";"MASCULINO";"SUPERIOR COMPLETO";"SOLTEIRO(A)";"BRANCA";"MILITAR REFORMADO";"#NE";"N";"DEFERIDO";3790;"NÃO ELEITO";270695,54;"FUNDO ESPECIAL, OUTROS RECURSOS";"Recursos de partido político, Recursos de Financiamento Coletivo";1148208,45
250002173927;"LUCIANA ALMEIDA DIAS SAMPAIO";"#NULO";"PDT";"FEMININO";"ENSINO MÉDIO INCOMPLETO";"CASADO(A)";"PRETA";"DONA DE CASA";"#NE";"N";"DEFERIDO";536;"NÃO ELEITO";50000;"FUNDO ESPECIAL";"Recursos de partido político";NA
250002173931;"WESLEY SILVESTRE ROSA";"#NULO";"PDT";"MASCULINO";"SUPERIOR INCOMPLETO";"SOLTEIRO(A)";"PRETA";"DIRETOR DE EMPRESAS";"#NE";"N";"DEFERIDO";2925;"NÃO ELEITO";169746,66;"FUNDO ESPECIAL, OUTROS RECURSOS";"Recursos de partido político, Recursos de pessoas físicas";NA
250002173951;"CHRISTIAN LISBOA FABALET";"#NULO";"PDT";"MASCULINO";"SUPERIOR INCOMPLETO";"CASADO(A)";"BRANCA";"EMPRESÁRIO";"#NE";"N";"DEFERIDO";1015;"NÃO ELEITO";50000;"FUNDO ESPECIAL";"Recursos de partido político";262500
250002173938;"VIVIANE NOGUEIRA DE MORAES DANIELESKI";"#NULO";"PDT";"FEMININO";"SUPERIOR COMPLETO";"DIVORCIADO(A)";"PRETA";"ADVOGADO";"#NE";"N";"DEFERIDO";493;"NÃO ELEITO";80000;"FUNDO ESPECIAL";"Recursos de partido político";170268,62
250002173946;"JUAN DAMACENA BARBOSA";"#NULO";"PDT";"MASCULINO";"SUPERIOR INCOMPLETO";"SOLTEIRO(A)";"PRETA";"MOTOBOY";"#NE";"N";"DEFERIDO";348;"NÃO ELEITO";15000;"FUNDO ESPECIAL";"Recursos de partido político";16500
250002034107;"JONAS SOUZA DOS REIS CAMARA";"#NULO";"PSB";"MASCULINO";"SUPERIOR COMPLETO";"CASADO(A)";"PARDA";"ADVOGADO";"#NE";"N";"DEFERIDO";3352;"SUPLENTE";65837,61;"FUNDO ESPECIAL";"Recursos de partido político, Recursos de outros candidatos";3730000
250002034118;"AUGUSTO EDUARDO VIDAL NETO";"#NULO";"PSB";"MASCULINO";"SUPERIOR COMPLETO";"CASADO(A)";"BRANCA";"EMPRESÁRIO";"#NE";"N";"DEFERIDO";1979;"SUPLENTE";115655,8;"FUNDO ESPECIAL, OUTROS RECURSOS, FUNDO PARTIDARIO";"Recursos de outros candidatos, Recursos de pessoas físicas, Recursos de partido político, Recursos de Financiamento Coletivo";7500
250001962476;"MARCUS VINICIUS DE ALMEIDA FERREIRA";"#NULO";"MDB";"MASCULINO";"SUPERIOR COMPLETO";"VIÚVO(A)";"BRANCA";"REPRESENTANTE COMERCIAL";"#NE";"N";"DEFERIDO";2862;"SUPLENTE";111379;"OUTROS RECURSOS";"Recursos de pessoas físicas, Recursos de partido político, Recursos próprios, Recursos de origens não identificadas";1280533,47
250001962498;"ALINE NASCIMENTO BARROZO TORRES";"#NULO";"MDB";"FEMININO";"SUPERIOR COMPLETO";"SOLTEIRO(A)";"PRETA";"RELAÇÕES-PÚBLICAS";"#NE";"N";"DEFERIDO";17724;"SUPLENTE";1186367,7;"OUTROS RECURSOS, FUNDO ESPECIAL";"Recursos de pessoas físicas, Recursos de origens não identificadas, Recursos de Financiamento Coletivo, Recursos de outros candidatos, Recursos de partido político, Recursos próprios";1085850,34
250001962475;"LUIZ ALBERTO RAMOS SILVA";"#NULO";"MDB";"MASCULINO";"SUPERIOR COMPLETO";"SOLTEIRO(A)";"PARDA";"ADMINISTRADOR";"#NE";"N";"DEFERIDO";8346;"SUPLENTE";942700;"OUTROS RECURSOS, FUNDO ESPECIAL";"Recursos de partido político, Recursos próprios, Recursos de pessoas físicas";34924,28
250001962489;"VIVIANE FERREIRA PROCOPIO";"#NULO";"MDB";"FEMININO";"SUPERIOR COMPLETO";"CASADO(A)";"PARDA";"PSICÓLOGO";"#NE";"N";"DEFERIDO";669;"SUPLENTE";50000;"FUNDO ESPECIAL";"Recursos de partido político";NA
250001962467;"RAMIREZ AUGUSTO LOPES TOSTA";"#NULO";"MDB";"MASCULINO";"SUPERIOR COMPLETO";"SOLTEIRO(A)";"BRANCA";"ADMINISTRADOR";"#NE";"N";"DEFERIDO";1859;"SUPLENTE";211359,29;"FUNDO ESPECIAL, OUTROS RECURSOS";"Recursos de partido político, Recursos de pessoas físicas, Recursos de Financiamento Coletivo";72806,29
250001962500;"JARKSON PEREIRA DOS SANTOS";"#NULO";"MDB";"MASCULINO";"SUPERIOR COMPLETO";"DIVORCIADO(A)";"BRANCA";"ADMINISTRADOR";"#NE";"N";"DEFERIDO";621;"SUPLENTE";1e+05;"OUTROS RECURSOS";"Recursos de partido político";NA
250001962466;"JOSEFA ANADETE DOS SANTOS SILVA";"#NULO";"MDB";"FEMININO";"SUPERIOR COMPLETO";"CASADO(A)";"PARDA";"PEDAGOGO";"#NE";"N";"DEFERIDO";1462;"SUPLENTE";150000;"FUNDO ESPECIAL";"Recursos de partido político";191790
250001962491;"ELZA PAULINA DE SOUZA";"#NULO";"MDB";"FEMININO";"SUPERIOR COMPLETO";"SOLTEIRO(A)";"PRETA";"OUTROS";"#NE";"N";"DEFERIDO";3359;"SUPLENTE";855846,76;"OUTROS RECURSOS, FUNDO ESPECIAL";"Recursos de pessoas físicas, Recursos de outros candidatos, Recursos de Financiamento Coletivo, Recursos de partido político";850000
250001962486;"MARCELLA MOREIRA SIMÕES LUIZ";"#NULO";"MDB";"FEMININO";"SUPERIOR COMPLETO";"DIVORCIADO(A)";"BRANCA";"EMPRESÁRIO";"#NE";"N";"DEFERIDO";1279;"SUPLENTE";53000,01;"OUTROS RECURSOS, FUNDO ESPECIAL";"Recursos de pessoas físicas, Recursos de partido político";12295,06
250001962472;"GEORGE VATUTIN HATO";"#NULO";"MDB";"MASCULINO";"SUPERIOR COMPLETO";"SOLTEIRO(A)";"BRANCA";"VEREADOR";"#NE";"S";"DEFERIDO";42837;"ELEITO POR QP";1240465,27;"FUNDO ESPECIAL, OUTROS RECURSOS";"Recursos de outros candidatos, Recursos de pessoas físicas, Recursos de partido político";2685923,67
250001962480;"ANA PAULA CALVO FARIA";"#NULO";"MDB";"FEMININO";"SUPERIOR COMPLETO";"CASADO(A)";"BRANCA";"GERENTE";"#NE";"N";"DEFERIDO";2601;"SUPLENTE";280000;"FUNDO ESPECIAL";"Recursos de partido político, Recursos de outros candidatos";40484,52
250002385428;"JACIARA DE JESUS ASSIS BRASIL";"#NULO";"PMB";"FEMININO";"SUPERIOR COMPLETO";"CASADO(A)";"BRANCA";"OUTROS";"#NE";"N";"DEFERIDO";66;"NÃO ELEITO";0;"#NULO";"#NULO";NA
250001881834;"ROBERTO SEBASTIAO PETERNELLI JUNIOR";"#NULO";"UNIÃO";"MASCULINO";"SUPERIOR COMPLETO";"CASADO(A)";"BRANCA";"MILITAR REFORMADO";"#NE";"N";"DEFERIDO";1729;"SUPLENTE";551592,2;"FUNDO PARTIDARIO, FUNDO ESPECIAL, OUTROS RECURSOS";"Recursos de partido político, Recursos próprios, Recursos de pessoas físicas";3306873,81
250001881811;"ADILSON ARMANDO CARVALHO AMADEU";"#NULO";"UNIÃO";"MASCULINO";"SUPERIOR INCOMPLETO";"DIVORCIADO(A)";"BRANCA";"DESPACHANTE";"#NE";"S";"DEFERIDO";24759;"SUPLENTE";1111102,45;"FUNDO PARTIDARIO, OUTROS RECURSOS, FUNDO ESPECIAL";"Recursos de partido político, Recursos de pessoas físicas, Recursos próprios";4998605,14
250001881836;"CLEBER VALADÃO ANTUNES";"#NULO";"UNIÃO";"MASCULINO";"ENSINO MÉDIO COMPLETO";"CASADO(A)";"PRETA";"ADMINISTRADOR";"#NE";"N";"DEFERIDO";183;"SUPLENTE";154504,22;"FUNDO ESPECIAL, FUNDO PARTIDARIO, OUTROS RECURSOS";"Recursos de partido político, Recursos de pessoas físicas";3642,61
250001881800;"MARILEIA DE SOUZA CHIEZA";"#NULO";"UNIÃO";"FEMININO";"SUPERIOR COMPLETO";"SEPARADO(A) JUDICIALMENTE";"PARDA";"PEDAGOGO";"#NE";"N";"DEFERIDO";789;"SUPLENTE";791213,48;"FUNDO ESPECIAL, FUNDO PARTIDARIO, OUTROS RECURSOS";"Recursos de partido político, Recursos de pessoas físicas";11219,65
250001881814;"PRISCILA MELCHICHI TAPIA";"#NULO";"UNIÃO";"FEMININO";"SUPERIOR COMPLETO";"SOLTEIRO(A)";"PARDA";"PROGRAMADOR DE COMPUTADOR";"#NE";"N";"DEFERIDO";4665;"SUPLENTE";467213,48;"FUNDO ESPECIAL, OUTROS RECURSOS, FUNDO PARTIDARIO";"Recursos de partido político, Recursos próprios, Recursos de pessoas físicas";23997,75
250001881819;"JULIO CESAR DOMINGUES RODRIGUES";"#NULO";"UNIÃO";"MASCULINO";"SUPERIOR COMPLETO";"SOLTEIRO(A)";"PARDA";"ADVOGADO";"#NE";"N";"DEFERIDO";74;"SUPLENTE";156564,7;"FUNDO ESPECIAL, FUNDO PARTIDARIO, OUTROS RECURSOS";"Recursos de partido político, Recursos de pessoas físicas";2019602
250001881816;"RENATO DE SOUZA BATTISTA";"#NULO";"UNIÃO";"MASCULINO";"SUPERIOR COMPLETO";"SOLTEIRO(A)";"BRANCA";"CIENTISTA POLÍTICO";"#NE";"N";"DEFERIDO";18453;"SUPLENTE";775405;"OUTROS RECURSOS, FUNDO ESPECIAL, FUNDO PARTIDARIO";"Recursos de outros candidatos, Recursos de partido político, Recursos de pessoas físicas";601520,21
250001933084;"MARCELO THEODORO DE AGUIAR";"#NULO";"PODE";"MASCULINO";"SUPERIOR COMPLETO";"CASADO(A)";"BRANCA";"CANTOR E COMPOSITOR";"#NE";"N";"DEFERIDO";3935;"SUPLENTE";622020;"OUTROS RECURSOS, FUNDO ESPECIAL";"Recursos de partido político, Recursos de pessoas físicas";23650,49
250002003109;"LUIZ SCALEA";"#NULO";"PODE";"MASCULINO";"ENSINO FUNDAMENTAL COMPLETO";"CASADO(A)";"BRANCA";"COMERCIANTE";"#NE";"N";"DEFERIDO";20638;"SUPLENTE";674063,88;"OUTROS RECURSOS, FUNDO ESPECIAL";"Recursos de partido político";571814,14
250001933050;"THIAGO AUGUSTO DA SILVA";"#NULO";"PODE";"MASCULINO";"SUPERIOR INCOMPLETO";"DIVORCIADO(A)";"PARDA";"EMPRESÁRIO";"#NE";"N";"DEFERIDO";112;"SUPLENTE";130000;"OUTROS RECURSOS, FUNDO ESPECIAL";"Recursos de partido político";NA
250001933095;"SIMONE DO CARMO NAVARRO";"#NULO";"PODE";"FEMININO";"ENSINO MÉDIO COMPLETO";"CASADO(A)";"BRANCA";"APOSENTADO (EXCETO SERVIDOR PÚBLICO)";"#NE";"N";"DEFERIDO";38540;"ELEITO POR QP";1012760;"FUNDO ESPECIAL, OUTROS RECURSOS";"Recursos de partido político, Recursos de pessoas físicas";1008120
250002146895;"SILVÂNIA VIEIRA DOS SANTOS";"#NULO";"AVANTE";"FEMININO";"SUPERIOR COMPLETO";"CASADO(A)";"PRETA";"ADMINISTRADOR";"#NE";"N";"DEFERIDO";225;"NÃO ELEITO";5873;"OUTROS RECURSOS, FUNDO ESPECIAL";"Recursos próprios, Recursos de partido político, Recursos de pessoas físicas";196977,75
250002146907;"JAIR VIEIRA LEAL";"#NULO";"AVANTE";"MASCULINO";"SUPERIOR COMPLETO";"DIVORCIADO(A)";"BRANCA";"ADVOGADO";"#NE";"N";"DEFERIDO";151;"NÃO ELEITO";0;"#NULO";"#NULO";3600
250002146908;"MORGANA SIQUEIRA";"#NULO";"AVANTE";"FEMININO";"SUPERIOR COMPLETO";"DIVORCIADO(A)";"PARDA";"AGENTE ADMINISTRATIVO";"#NE";"N";"DEFERIDO";1813;"NÃO ELEITO";35000;"FUNDO ESPECIAL";"Recursos de partido político";NA
250002146901;"MARIO CESAR MANDUCA";"#NULO";"AVANTE";"MASCULINO";"SUPERIOR COMPLETO";"DIVORCIADO(A)";"PRETA";"TÉCNICO DE LABORATÓRIO E RAIOS X";"#NE";"N";"DEFERIDO";607;"NÃO ELEITO";23600;"OUTROS RECURSOS, FUNDO ESPECIAL";"Recursos de pessoas físicas, Recursos de partido político";90331
250002146884;"ALOISIO SILVA JUNIOR";"#NULO";"AVANTE";"MASCULINO";"SUPERIOR COMPLETO";"CASADO(A)";"BRANCA";"EMPRESÁRIO";"#NE";"N";"DEFERIDO";127;"NÃO ELEITO";0;"#NULO";"#NULO";NA
250002146903;"JOSÉ EDUARDO DOS SANTOS";"#NULO";"AVANTE";"MASCULINO";"SUPERIOR COMPLETO";"SOLTEIRO(A)";"PRETA";"EMPRESÁRIO";"#NE";"N";"DEFERIDO";274;"NÃO ELEITO";5700;"FUNDO ESPECIAL, OUTROS RECURSOS";"Recursos de partido político, Recursos de pessoas físicas";151500
250002389044;"MICHELLE DE MEDEIROS GIARDINA";"#NULO";"AVANTE";"FEMININO";"ENSINO MÉDIO COMPLETO";"SOLTEIRO(A)";"BRANCA";"COMERCIANTE";"#NE";"S";"DEFERIDO";131;"NÃO ELEITO";15000;"FUNDO ESPECIAL";"Recursos de partido político";NA
250002174661;"RICARDO DOS ANJOS CORDEIRO";"#NULO";"PP";"MASCULINO";"SUPERIOR COMPLETO";"CASADO(A)";"BRANCA";"TÉCNICO EM INFORMÁTICA";"#NE";"N";"DEFERIDO";287;"SUPLENTE";NA;NA;NA;NA
250002174674;"GERSON DOS REIS";"#NULO";"PP";"MASCULINO";"ENSINO FUNDAMENTAL COMPLETO";"CASADO(A)";"PARDA";"GERENTE";"#NE";"N";"DEFERIDO";233;"SUPLENTE";0;"#NULO";"#NULO";NA
250002174686;"BRUNO DA COSTA LIMA";"#NULO";"PP";"MASCULINO";"SUPERIOR COMPLETO";"SOLTEIRO(A)";"PARDA";"OUTROS";"#NE";"N";"DEFERIDO";325;"SUPLENTE";46000;"FUNDO ESPECIAL";"Recursos de partido político";7850
250002174662;"MARCOS DAS NEVES PALUMBO";"#NULO";"PP";"MASCULINO";"SUPERIOR COMPLETO";"CASADO(A)";"BRANCA";"BOMBEIRO MILITAR";"#NE";"S";"DEFERIDO";43455;"ELEITO POR MÉDIA";643608,3;"FUNDO PARTIDARIO, OUTROS RECURSOS, FUNDO ESPECIAL";"Recursos de partido político, Recursos de pessoas físicas, Recursos próprios";1292152,22
250002379012;"ANDRE DE ALMEIDA POLONCA";"#NULO";"PP";"MASCULINO";"SUPERIOR INCOMPLETO";"CASADO(A)";"BRANCA";"EMPRESÁRIO";"#NE";"N";"DEFERIDO";8;"SUPLENTE";NA;NA;NA;46000
250002174667;"PEDRO JOSÉ VILAR GODOY HORTA";"#NULO";"PP";"MASCULINO";"SUPERIOR COMPLETO";"CASADO(A)";"BRANCA";"ADVOGADO";"#NE";"N";"DEFERIDO";582;"SUPLENTE";40000;"OUTROS RECURSOS";"Recursos de pessoas físicas";2077,93
250002174673;"SÓIRA SOLEDADE DOS ANJOS CELESTINO";"#NULO";"PP";"FEMININO";"SUPERIOR COMPLETO";"SOLTEIRO(A)";"BRANCA";"OUTROS";"#NE";"N";"DEFERIDO";232;"SUPLENTE";0;"#NULO";"#NULO";NA
250002079345;"ALESSANDRO CHAZAN BRIONES SANI";"#NULO";"NOVO";"MASCULINO";"SUPERIOR COMPLETO";"CASADO(A)";"BRANCA";"JORNALISTA E REDATOR";"#NE";"N";"DEFERIDO";412;"SUPLENTE";6284,9;"FUNDO ESPECIAL";"Recursos de partido político";72625
250002079334;"SAMIR MUHANAK DIB";"#NULO";"NOVO";"MASCULINO";"SUPERIOR COMPLETO";"CASADO(A)";"BRANCA";"ADVOGADO";"#NE";"N";"DEFERIDO";175;"SUPLENTE";6392,3;"OUTROS RECURSOS, FUNDO ESPECIAL";"Recursos próprios, Recursos de partido político";823504,77
250002079319;"SILVIA REGINA DE LUCA BESERRA";"#NULO";"NOVO";"FEMININO";"SUPERIOR INCOMPLETO";"CASADO(A)";"PARDA";"EMPRESÁRIO";"#NE";"N";"DEFERIDO";517;"SUPLENTE";13819,8;"FUNDO ESPECIAL, OUTROS RECURSOS";"Recursos de partido político, Recursos de Financiamento Coletivo, Recursos de pessoas físicas";185899
250002079299;"WAGNER DE BRITO TEIXEIRA";"#NULO";"NOVO";"MASCULINO";"SUPERIOR COMPLETO";"CASADO(A)";"INDÍGENA";"ADMINISTRADOR";"#NE";"N";"DEFERIDO";375;"SUPLENTE";6534,9;"OUTROS RECURSOS, FUNDO ESPECIAL";"Recursos de pessoas físicas, Recursos de partido político";7e+05
250002079330;"ROGERIO DOMINGUES GAMEIRO";"#NULO";"NOVO";"MASCULINO";"SUPERIOR COMPLETO";"DIVORCIADO(A)";"BRANCA";"ADVOGADO";"#NE";"N";"DEFERIDO";916;"SUPLENTE";10652,6;"OUTROS RECURSOS, FUNDO ESPECIAL";"Recursos próprios, Recursos de pessoas físicas, Recursos de partido político";120666,66
250002079342;"NILCEIA BIANCHINI";"#NULO";"NOVO";"FEMININO";"SUPERIOR COMPLETO";"SOLTEIRO(A)";"BRANCA";"GEÓGRAFO";"#NE";"N";"DEFERIDO";199;"SUPLENTE";6349,9;"OUTROS RECURSOS, FUNDO ESPECIAL";"Recursos de pessoas físicas, Recursos de partido político";365402,88
250002079337;"WALTER RONCATO BARBISAN CANDIDO DE CARVALHO";"#NULO";"NOVO";"MASCULINO";"SUPERIOR COMPLETO";"CASADO(A)";"PARDA";"SERVIDOR PÚBLICO CIVIL APOSENTADO";"#NE";"N";"DEFERIDO";141;"SUPLENTE";12860,8;"FUNDO ESPECIAL, OUTROS RECURSOS";"Recursos de partido político, Recursos próprios, Recursos de pessoas físicas";1485285,38
250001977614;"CARLOS CAVALCANTE DE SOUZA";"#NULO";"REPUBLICANOS";"MASCULINO";"SUPERIOR COMPLETO";"CASADO(A)";"PARDA";"JORNALISTA E REDATOR";"#NE";"N";"DEFERIDO";1514;"SUPLENTE";115611;"FUNDO ESPECIAL, OUTROS RECURSOS";"Recursos de partido político, Recursos de pessoas físicas";659431,25
250001977568;"WAGNER GOMES";"#NULO";"REPUBLICANOS";"MASCULINO";"SUPERIOR COMPLETO";"DIVORCIADO(A)";"BRANCA";"EMPRESÁRIO";"#NE";"N";"DEFERIDO";483;"SUPLENTE";56758,84;"FUNDO ESPECIAL, OUTROS RECURSOS";"Recursos de partido político, Recursos de pessoas físicas";760000
250001977590;"HELENA NOBUCO SUZUKI TAKADACHI";"#NULO";"REPUBLICANOS";"FEMININO";"SUPERIOR INCOMPLETO";"CASADO(A)";"BRANCA";"OUTROS";"#NE";"N";"DEFERIDO";454;"SUPLENTE";64859;"FUNDO ESPECIAL, OUTROS RECURSOS";"Recursos de partido político";17346,68
250001977610;"DIEGO LOPES DEL RIO";"#NULO";"REPUBLICANOS";"MASCULINO";"SUPERIOR COMPLETO";"CASADO(A)";"BRANCA";"POLICIAL CIVIL";"#NE";"N";"DEFERIDO";1434;"SUPLENTE";136095;"FUNDO ESPECIAL, OUTROS RECURSOS";"Recursos de partido político, Recursos de pessoas físicas";NA
250001977576;"RAFAEL MOREIRA MENDES DE OLIVEIRA";"#NULO";"REPUBLICANOS";"MASCULINO";"SUPERIOR INCOMPLETO";"SOLTEIRO(A)";"PARDA";"OUTROS";"#NE";"N";"DEFERIDO";198;"SUPLENTE";87152,5;"FUNDO ESPECIAL, OUTROS RECURSOS";"Recursos de partido político";5000
250002018932;"MARCO ANTONIO DA SILVA";"#NULO";"MOBILIZA";"MASCULINO";"SUPERIOR COMPLETO";"DIVORCIADO(A)";"PARDA";"APOSENTADO (EXCETO SERVIDOR PÚBLICO)";"#NE";"N";"INDEFERIDO COM RECURSO";0;"NÃO ELEITO";0;"#NULO";"#NULO";316400
250002029373;"JOSÉ SÉRGIO SOARES FERNANDES CAETANO";"#NULO";"SOLIDARIEDADE";"MASCULINO";"SUPERIOR COMPLETO";"CASADO(A)";"PARDA";"OUTROS";"#NE";"N";"INDEFERIDO COM RECURSO";0;"NÃO ELEITO";12349,17;"FUNDO ESPECIAL";"Recursos de partido político";NA
250002379011;"ALZIRA CANDIDA DE SOUZA";"#NULO";"PP";"FEMININO";"SUPERIOR COMPLETO";"SOLTEIRO(A)";"PRETA";"APOSENTADO (EXCETO SERVIDOR PÚBLICO)";"#NE";"N";"INDEFERIDO COM RECURSO";0;"NÃO ELEITO";NA;NA;NA;NA
250002064660;"CAROLINA REJAILI VIGLIAR";"#NULO";"UP";"FEMININO";"SUPERIOR COMPLETO";"SOLTEIRO(A)";"BRANCA";"PROFESSOR DE ENSINO MÉDIO";"#NE";"N";"DEFERIDO";2146;"NÃO ELEITO";12100;"FUNDO ESPECIAL, OUTROS RECURSOS";"Recursos de partido político, Recursos de pessoas físicas";265000
250002357421;"LINDBERG CLEMENTE DE MORAIS";"#NULO";"DC";"MASCULINO";"SUPERIOR COMPLETO";"CASADO(A)";"PARDA";"PROFESSOR DE ENSINO SUPERIOR";"#NE";"N";"DEFERIDO";780;"NÃO ELEITO";6820,65;"FUNDO ESPECIAL";"Recursos de partido político";NA
250002357433;"MARIA TERESA SELBACH EYMAEL";"#NULO";"DC";"FEMININO";"SUPERIOR COMPLETO";"DIVORCIADO(A)";"BRANCA";"EMPRESÁRIO";"#NE";"N";"DEFERIDO";20;"NÃO ELEITO";6820,65;"FUNDO ESPECIAL";"Recursos de partido político";590000
250002357417;"ANTONIO EDUARDO ALTAVISTA";"#NULO";"DC";"MASCULINO";"SUPERIOR INCOMPLETO";"CASADO(A)";"BRANCA";"APOSENTADO (EXCETO SERVIDOR PÚBLICO)";"#NE";"N";"DEFERIDO";52;"NÃO ELEITO";6820,65;"FUNDO ESPECIAL";"Recursos de partido político";NA
250002357437;"LUIZ FELIPE SANTANA DE MORAIS";"#NULO";"DC";"MASCULINO";"SUPERIOR COMPLETO";"SOLTEIRO(A)";"BRANCA";"COMERCIANTE";"#NE";"N";"DEFERIDO";266;"NÃO ELEITO";6820,65;"FUNDO ESPECIAL";"Recursos de partido político";NA
250002357440;"NOEMIA VIEIRA FONSECA";"#NULO";"DC";"FEMININO";"SUPERIOR COMPLETO";"CASADO(A)";"BRANCA";"ADVOGADO";"#NE";"N";"DEFERIDO";135;"NÃO ELEITO";6820,65;"FUNDO ESPECIAL";"Recursos de partido político";NA
250002357427;"ADONIAS DA SILVA VIEIRA";"#NULO";"DC";"MASCULINO";"ENSINO MÉDIO COMPLETO";"CASADO(A)";"PARDA";"SERRALHEIRO";"#NE";"N";"DEFERIDO";158;"NÃO ELEITO";6820,65;"FUNDO ESPECIAL";"Recursos de partido político";360500
250002075157;"MARIA JOSÉ DA SILVA";"#NULO";"PRD";"FEMININO";"ENSINO MÉDIO COMPLETO";"SEPARADO(A) JUDICIALMENTE";"PARDA";"CORRETOR DE IMÓVEIS, SEGUROS, TÍTULOS E VALORES";"#NE";"N";"DEFERIDO";199;"NÃO ELEITO";30000;"FUNDO ESPECIAL";"Recursos de partido político";NA
250002075137;"FERNANDO MANSO";"#NULO";"PRD";"MASCULINO";"ENSINO MÉDIO COMPLETO";"SOLTEIRO(A)";"BRANCA";"CABELEIREIRO E BARBEIRO";"#NE";"N";"DEFERIDO";1813;"NÃO ELEITO";33170;"OUTROS RECURSOS, FUNDO ESPECIAL";"Recursos de pessoas físicas, Recursos de partido político, Recursos de Financiamento Coletivo";100005,69
250002075124;"MARLENE MARIA RAMOS";"#NULO";"PRD";"FEMININO";"ENSINO MÉDIO COMPLETO";"SOLTEIRO(A)";"PARDA";"ADMINISTRADOR";"#NE";"N";"DEFERIDO";146;"NÃO ELEITO";35000;"FUNDO ESPECIAL";"Recursos de partido político";1026000
250002075130;"CARLOS EDUARDO NOGUEIRA DOURADO";"#NULO";"PRD";"MASCULINO";"SUPERIOR COMPLETO";"CASADO(A)";"BRANCA";"ADVOGADO";"#NE";"N";"DEFERIDO";806;"NÃO ELEITO";27045,89;"OUTROS RECURSOS, FUNDO ESPECIAL";"Recursos de pessoas físicas, Recursos próprios, Recursos de partido político";2145000
250002075167;"ANDRÉ LUIZ COSTA DE OLIVEIRA";"#NULO";"PRD";"MASCULINO";"SUPERIOR COMPLETO";"SOLTEIRO(A)";"BRANCA";"OUTROS";"#NE";"S";"DEFERIDO";113;"NÃO ELEITO";16400;"OUTROS RECURSOS, FUNDO ESPECIAL";"Recursos de pessoas físicas, Recursos de partido político";NA
250002075147;"DIEGO LAUDANO ROCHA";"#NULO";"PRD";"MASCULINO";"SUPERIOR COMPLETO";"CASADO(A)";"PARDA";"PROFESSOR DE ENSINO FUNDAMENTAL";"#NE";"N";"DEFERIDO";11435;"NÃO ELEITO";611200;"FUNDO ESPECIAL, OUTROS RECURSOS";"Recursos de partido político, Recursos de pessoas físicas, Recursos próprios";735459
250002075122;"TANIA MARA MARQUES SILVA";"#NULO";"PRD";"FEMININO";"SUPERIOR COMPLETO";"CASADO(A)";"BRANCA";"PUBLICITÁRIO";"#NE";"N";"DEFERIDO";1025;"NÃO ELEITO";50000;"FUNDO ESPECIAL";"Recursos de partido político";458248
250002075138;"RAIMUNDO NONATO DO CARMO FILHO";"#NULO";"PRD";"MASCULINO";"ENSINO FUNDAMENTAL COMPLETO";"CASADO(A)";"PARDA";"COMERCIANTE";"#NE";"N";"DEFERIDO";637;"NÃO ELEITO";50000;"FUNDO ESPECIAL";"Recursos de partido político";33000
250002075149;"OHANS BANOUS";"#NULO";"PRD";"MASCULINO";"SUPERIOR COMPLETO";"SEPARADO(A) JUDICIALMENTE";"BRANCA";"EMPRESÁRIO";"#NE";"N";"DEFERIDO";148;"NÃO ELEITO";11000;"OUTROS RECURSOS, FUNDO ESPECIAL";"Recursos de pessoas físicas, Recursos de partido político";NA
250002181671;"FLAVIO AUGUSTO DE CAMPOS";"#NULO";"PSDB";"MASCULINO";"SUPERIOR COMPLETO";"DIVORCIADO(A)";"BRANCA";"SOCIÓLOGO";"#NE";"N";"DEFERIDO";230;"NÃO ELEITO";16500;"FUNDO ESPECIAL, OUTROS RECURSOS";"Recursos de outros candidatos, Recursos próprios";275000
250002181652;"CARLOS AUGUSTO DA CUNHA SILVA";"#NULO";"CIDADANIA";"MASCULINO";"ENSINO MÉDIO COMPLETO";"SOLTEIRO(A)";"BRANCA";"OUTROS";"#NE";"N";"DEFERIDO";208;"NÃO ELEITO";11432;"FUNDO ESPECIAL";"Recursos de partido político";157333,33
250002181661;"LUCIANA CRISTINA MENDES SANTOS";"#NULO";"CIDADANIA";"FEMININO";"ENSINO MÉDIO COMPLETO";"CASADO(A)";"BRANCA";"OUTROS";"#NE";"N";"DEFERIDO";255;"NÃO ELEITO";15934,44;"FUNDO ESPECIAL";"Recursos de partido político, Recursos de outros candidatos";45100
250002181691;"SILVIA DE CASTRO MARQUES";"#NULO";"PSDB";"FEMININO";"SUPERIOR COMPLETO";"SOLTEIRO(A)";"BRANCA";"ADVOGADO";"#NE";"N";"DEFERIDO";245;"NÃO ELEITO";0;"#NULO";"#NULO";1540000
250002181659;"HAROLD THAU";"#NULO";"PSDB";"MASCULINO";"SUPERIOR COMPLETO";"CASADO(A)";"BRANCA";"ADMINISTRADOR";"#NE";"N";"DEFERIDO";249;"NÃO ELEITO";16985,96;"OUTROS RECURSOS, FUNDO PARTIDARIO";"Recursos de pessoas físicas, Recursos de partido político, Recursos próprios, Recursos de outros candidatos";294842,34
250001973512;"FLAVIO GONÇALVES DA COSTA";"#NULO";"PL";"MASCULINO";"SUPERIOR COMPLETO";"CASADO(A)";"PARDA";"POLICIAL MILITAR";"#NE";"N";"DEFERIDO";12438;"SUPLENTE";1439000;"FUNDO ESPECIAL, OUTROS RECURSOS, FUNDO PARTIDARIO";"Recursos de partido político, Recursos de pessoas físicas";254944,32
250001973465;"MANOEL BARBOSA DO NASCIMENTO";"#NULO";"PL";"MASCULINO";"SUPERIOR COMPLETO";"CASADO(A)";"PARDA";"OUTROS";"#NE";"N";"DEFERIDO";8598;"SUPLENTE";1317594,13;"FUNDO ESPECIAL, OUTROS RECURSOS";"Recursos de partido político, Recursos de pessoas físicas, Recursos próprios";820000
250001973490;"RUTE FREIRE DA COSTA SILVA";"#NULO";"PL";"FEMININO";"SUPERIOR COMPLETO";"CASADO(A)";"BRANCA";"VEREADOR";"#NE";"S";"DEFERIDO";43090;"ELEITO POR QP";1550036,12;"FUNDO ESPECIAL, OUTROS RECURSOS";"Recursos de partido político, Recursos próprios, Recursos de pessoas físicas";806194,2
250001973497;"HENRY TKACZ";"#NULO";"PL";"MASCULINO";"SUPERIOR COMPLETO";"SOLTEIRO(A)";"PARDA";"EMPRESÁRIO";"#NE";"N";"DEFERIDO";2002;"SUPLENTE";732500;"FUNDO ESPECIAL";"Recursos de partido político";62453,46
250001973491;"APARECIDO MIGUEL DE ALENCAR";"#NULO";"PL";"MASCULINO";"SUPERIOR COMPLETO";"CASADO(A)";"BRANCA";"EMPRESÁRIO";"#NE";"N";"DEFERIDO";1665;"SUPLENTE";125800;"FUNDO ESPECIAL, OUTROS RECURSOS";"Recursos de partido político, Recursos próprios";11000
250002052088;"EDUARDO COSME DE JESUS BARBOSA";"#NULO";"PSOL";"MASCULINO";"SUPERIOR INCOMPLETO";"CASADO(A)";"PRETA";"SACERDOTE OU MEMBRO DE ORDEM OU SEITA RELIGIOSA";"#NE";"N";"DEFERIDO";1372;"SUPLENTE";41967,92;"FUNDO ESPECIAL";"Recursos de partido político, Recursos de outros candidatos";NA
250002052118;"LUCILIO FERREIRA DA SILVA";"#NULO";"PSOL";"MASCULINO";"SUPERIOR COMPLETO";"SOLTEIRO(A)";"BRANCA";"FARMACÊUTICO";"#NE";"N";"DEFERIDO";863;"SUPLENTE";31335,11;"OUTROS RECURSOS, FUNDO ESPECIAL";"Recursos de partido político, Recursos de outros candidatos";NA
250002052111;"CELSO LUIS GIANNASI";"#NULO";"PSOL";"MASCULINO";"SUPERIOR COMPLETO";"VIÚVO(A)";"BRANCA";"VEREADOR";"#NE";"S";"DEFERIDO";57789;"ELEITO POR QP";492970,14;"FUNDO ESPECIAL, OUTROS RECURSOS";"Recursos de outros candidatos, Recursos próprios, Recursos de partido político, Recursos de Financiamento Coletivo, Recursos de pessoas físicas";2436161,68
250002018904;"RODRIGO CAMARGO LOBÃO";"#NULO";"MOBILIZA";"MASCULINO";"SUPERIOR COMPLETO";"CASADO(A)";"BRANCA";"OUTROS";"#NE";"N";"DEFERIDO";353;"NÃO ELEITO";0;"#NULO";"#NULO";3e+05
250002363850;"DAISY OLEINIK";"#NULO";"PCO";"FEMININO";"SUPERIOR COMPLETO";"CASADO(A)";"BRANCA";"DONA DE CASA";"#NE";"N";"DEFERIDO";26;"NÃO ELEITO";39538,28;"FUNDO ESPECIAL";"Recursos de partido político";457273
250002170983;"MAGNA DA SILVA";"#NULO";"PRTB";"FEMININO";"ENSINO MÉDIO INCOMPLETO";"SOLTEIRO(A)";"PRETA";"ESTETICISTA";"#NE";"N";"DEFERIDO";450;"NÃO ELEITO";35873,96;"FUNDO ESPECIAL";"Recursos de partido político";13958
250002170974;"RAIMUNDO NONATO PEREIRA DOS SANTOS";"#NULO";"PRTB";"MASCULINO";"ENSINO MÉDIO COMPLETO";"CASADO(A)";"PRETA";"MOTORISTA DE VEÍCULOS DE TRANSPORTE COLETIVO DE PASSAGEIROS";"#NE";"N";"DEFERIDO";433;"NÃO ELEITO";8597,87;"FUNDO ESPECIAL";"Recursos de partido político";NA
250002170986;"LUIZ AUGUSTO ANDRE BALTHAZAR";"#NULO";"PRTB";"MASCULINO";"SUPERIOR COMPLETO";"DIVORCIADO(A)";"BRANCA";"ADMINISTRADOR";"#NE";"N";"DEFERIDO";404;"NÃO ELEITO";24097,95;"OUTROS RECURSOS, FUNDO ESPECIAL";"Recursos de pessoas físicas, Recursos de partido político";42679
250002171008;"JOSÉ RONALDO DA SILVA BARRETO";"#NULO";"PRTB";"MASCULINO";"ENSINO MÉDIO COMPLETO";"SOLTEIRO(A)";"BRANCA";"EMPRESÁRIO";"#NE";"N";"DEFERIDO";192;"NÃO ELEITO";9862,59;"FUNDO ESPECIAL, OUTROS RECURSOS";"Recursos de partido político, Recursos de pessoas físicas";340000
250002392114;"GEOVANNA QUESADA VILAR";"#NULO";"PRTB";"FEMININO";"ENSINO MÉDIO COMPLETO";"SOLTEIRO(A)";"BRANCA";"OUTROS";"#NE";"N";"DEFERIDO";3241;"NÃO ELEITO";24582,17;"FUNDO ESPECIAL";"Recursos de partido político";NA
250002171001;"FLAVIUS COTAIT RUGGIERO";"#NULO";"PRTB";"MASCULINO";"SUPERIOR COMPLETO";"SOLTEIRO(A)";"BRANCA";"ARQUITETO";"#NE";"N";"DEFERIDO";458;"NÃO ELEITO";7862,75;"FUNDO ESPECIAL";"Recursos de partido político";NA
250002170995;"LIVIA MARIA RODRIGUES FIDELIX DA CRUZ";"#NULO";"PRTB";"FEMININO";"SUPERIOR COMPLETO";"SOLTEIRO(A)";"BRANCA";"OUTROS";"#NE";"N";"DEFERIDO";3641;"NÃO ELEITO";62763,37;"FUNDO ESPECIAL, OUTROS RECURSOS";"Recursos de partido político, Recursos de pessoas físicas";176586
250002171018;"JOSE APARECIDO ROSA FILHO";"#NULO";"PRTB";"MASCULINO";"SUPERIOR COMPLETO";"SOLTEIRO(A)";"PARDA";"SUPERVISOR, INSPETOR E AGENTE DE COMPRAS E VENDAS";"#NE";"N";"DEFERIDO";390;"NÃO ELEITO";11697,95;"FUNDO ESPECIAL";"Recursos de partido político";85505,44
250002170976;"MARIA JOSE DE SOUSA DA SILVA";"#NULO";"PRTB";"FEMININO";"SUPERIOR COMPLETO";"SOLTEIRO(A)";"PARDA";"OUTROS";"#NE";"N";"DEFERIDO";120;"NÃO ELEITO";31515,52;"FUNDO ESPECIAL";"Recursos de partido político";NA
250002171009;"DJALMA DE LIMA SANTOS";"#NULO";"PRTB";"MASCULINO";"SUPERIOR COMPLETO";"CASADO(A)";"BRANCA";"POLICIAL MILITAR";"#NE";"N";"DEFERIDO";2411;"NÃO ELEITO";12197,95;"FUNDO ESPECIAL, OUTROS RECURSOS";"Recursos de partido político, Recursos de pessoas físicas";5e+05
250002171013;"MARCIO BORGES";"#NULO";"PRTB";"MASCULINO";"SUPERIOR COMPLETO";"DIVORCIADO(A)";"PARDA";"JORNALISTA E REDATOR";"#NE";"N";"DEFERIDO";187;"NÃO ELEITO";9698,67;"FUNDO ESPECIAL, OUTROS RECURSOS";"Recursos de partido político, Recursos próprios, Recursos de pessoas físicas";268500
250002170989;"CRISTINA SOARES SILVA";"#NULO";"PRTB";"FEMININO";"SUPERIOR INCOMPLETO";"DIVORCIADO(A)";"AMARELA";"OUTROS";"#NE";"N";"DEFERIDO";2296;"NÃO ELEITO";70715,54;"OUTROS RECURSOS, FUNDO ESPECIAL";"Recursos de pessoas físicas, Recursos de partido político, Recursos próprios";NA
250002029361;"PAULO MACHADO DA SILVA";"#NULO";"SOLIDARIEDADE";"MASCULINO";"SUPERIOR INCOMPLETO";"CASADO(A)";"BRANCA";"OUTROS";"#NE";"N";"DEFERIDO";4656;"NÃO ELEITO";209058,84;"FUNDO PARTIDARIO, FUNDO ESPECIAL";"Recursos de partido político";4e+05
250002029370;"ANDREIA APARECIDA GOMES DE SOUSA";"#NULO";"SOLIDARIEDADE";"FEMININO";"SUPERIOR INCOMPLETO";"SEPARADO(A) JUDICIALMENTE";"BRANCA";"OUTROS";"#NE";"N";"DEFERIDO";158;"NÃO ELEITO";28660,59;"FUNDO ESPECIAL, FUNDO PARTIDARIO";"Recursos de partido político";3e+05
250001913965;"SEBASTIÃO BEZERRA SOBRINHO";"#NULO";"PT";"MASCULINO";"SUPERIOR COMPLETO";"CASADO(A)";"PARDA";"ADVOGADO";"#NE";"N";"DEFERIDO";9784;"SUPLENTE";554700,55;"OUTROS RECURSOS, FUNDO ESPECIAL";"Recursos próprios, Recursos de pessoas físicas, Recursos de partido político, Recursos de Financiamento Coletivo";749563,9
250001913968;"ARSELINO ROQUE TATTO";"#NULO";"PT";"MASCULINO";"SUPERIOR COMPLETO";"CASADO(A)";"BRANCA";"VEREADOR";"#NE";"S";"DEFERIDO";29105;"SUPLENTE";1097830,87;"FUNDO ESPECIAL, OUTROS RECURSOS";"Recursos de partido político, Recursos de pessoas físicas, Recursos de outros candidatos, Recursos próprios";767351,31
250001913934;"ALESSANDRO GUEDES DOS SANTOS";"#NULO";"PT";"MASCULINO";"SUPERIOR COMPLETO";"CASADO(A)";"PARDA";"VEREADOR";"#NE";"S";"DEFERIDO";58183;"ELEITO POR QP";1583192,27;"OUTROS RECURSOS, FUNDO ESPECIAL";"Recursos de pessoas físicas, Recursos de partido político, Recursos próprios";734320,2
250002161335;"ALESSANDRO RUIZ MARTINEZ";"#NULO";"PSD";"MASCULINO";"SUPERIOR COMPLETO";"CASADO(A)";"BRANCA";"TAXISTA";"#NE";"N";"DEFERIDO";3028;"SUPLENTE";309375;"OUTROS RECURSOS, FUNDO ESPECIAL";"Recursos de partido político";312873,03
250002161330;"CARLOS ALBERTO DE QUADROS BEZERRA JÚNIOR";"#NULO";"PSD";"MASCULINO";"SUPERIOR COMPLETO";"CASADO(A)";"BRANCA";"VEREADOR";"#NE";"S";"DEFERIDO";37571;"SUPLENTE";909375;"FUNDO ESPECIAL, OUTROS RECURSOS";"Recursos de partido político";2419997,02
250002173949;"MARCO ANTONIO FACCAS";"#NULO";"PDT";"MASCULINO";"SUPERIOR INCOMPLETO";"CASADO(A)";"BRANCA";"GERENTE";"#NE";"N";"DEFERIDO";44;"NÃO ELEITO";20000;"FUNDO ESPECIAL";"Recursos de partido político";NA
250002173906;"TIAGO ANTUNES DA LUZ NETO";"#NULO";"PDT";"MASCULINO";"SUPERIOR COMPLETO";"CASADO(A)";"PARDA";"PROFESSOR DE ENSINO FUNDAMENTAL";"#NE";"N";"DEFERIDO";2680;"NÃO ELEITO";36666,67;"FUNDO ESPECIAL";"Recursos de partido político";141933,35
250002173948;"ATAÍDE ROBERTO DA SILVA JUNIOR";"#NULO";"PDT";"MASCULINO";"SUPERIOR COMPLETO";"SOLTEIRO(A)";"BRANCA";"PEDAGOGO";"#NE";"N";"DEFERIDO";572;"NÃO ELEITO";50300;"OUTROS RECURSOS, FUNDO ESPECIAL";"Recursos de pessoas físicas, Recursos de partido político";NA
250002173959;"ALBERTO SABINO DE OLIVEIRA";"#NULO";"PDT";"MASCULINO";"SUPERIOR COMPLETO";"CASADO(A)";"BRANCA";"OUTROS";"#NE";"N";"DEFERIDO";135;"NÃO ELEITO";10000;"FUNDO ESPECIAL";"Recursos de partido político";440368,17
250002173960;"JAIRO ANZILEIRO";"#NULO";"PDT";"MASCULINO";"SUPERIOR COMPLETO";"CASADO(A)";"BRANCA";"ADVOGADO";"#NE";"N";"DEFERIDO";72;"NÃO ELEITO";10000;"FUNDO ESPECIAL";"Recursos de partido político";56000
250002173916;"JOSE JOATAN MAIA";"#NULO";"PDT";"MASCULINO";"ENSINO FUNDAMENTAL INCOMPLETO";"CASADO(A)";"BRANCA";"EMPRESÁRIO";"#NE";"N";"DEFERIDO";521;"NÃO ELEITO";10000;"FUNDO ESPECIAL";"Recursos de partido político";506169,25
250002034114;"JADSON FLORENTINO DE MORAES";"#NULO";"PSB";"MASCULINO";"SUPERIOR COMPLETO";"CASADO(A)";"PARDA";"ADVOGADO";"#NE";"N";"DEFERIDO";2398;"SUPLENTE";103816,8;"FUNDO ESPECIAL";"Recursos de outros candidatos, Recursos de partido político";197517,88
250002034123;"YE YONG YONG";"#NULO";"PSB";"MASCULINO";"SUPERIOR COMPLETO";"CASADO(A)";"AMARELA";"EMPRESÁRIO";"#NE";"N";"DEFERIDO";9267;"SUPLENTE";1271110,87;"OUTROS RECURSOS, FUNDO PARTIDARIO, FUNDO ESPECIAL";"Recursos de pessoas físicas, Recursos próprios, Recursos de partido político";9032019,54
250002034129;"MARIANA ROTTA WCZASSEK";"#NULO";"PSB";"FEMININO";"SUPERIOR COMPLETO";"SOLTEIRO(A)";"BRANCA";"ADVOGADO";"#NE";"N";"DEFERIDO";2016;"SUPLENTE";81422,81;"FUNDO ESPECIAL";"Recursos de partido político, Recursos de outros candidatos";11758
250001962507;"MARYANA ESCOBAR BALTUSIS";"#NULO";"MDB";"FEMININO";"SUPERIOR COMPLETO";"CASADO(A)";"BRANCA";"OUTROS";"#NE";"N";"DEFERIDO";872;"SUPLENTE";115000;"OUTROS RECURSOS, FUNDO ESPECIAL";"Recursos de pessoas físicas, Recursos de partido político";413300
250001962465;"JOAO JORGE DE SOUZA";"#NULO";"MDB";"MASCULINO";"SUPERIOR COMPLETO";"CASADO(A)";"BRANCA";"ADMINISTRADOR";"#NE";"S";"DEFERIDO";36296;"ELEITO POR QP";1421263,11;"OUTROS RECURSOS, FUNDO ESPECIAL";"Recursos de pessoas físicas, Recursos de outros candidatos, Recursos de partido político, Recursos de origens não identificadas";1487731,2
250001962468;"SHEILA DE SOUZA SANTANA";"#NULO";"MDB";"FEMININO";"ENSINO MÉDIO COMPLETO";"SOLTEIRO(A)";"PRETA";"APOSENTADO (EXCETO SERVIDOR PÚBLICO)";"#NE";"N";"DEFERIDO";362;"SUPLENTE";150500;"FUNDO ESPECIAL";"Recursos de partido político";NA
250001962493;"FRANCISCO NUNES SOBRINHO";"#NULO";"MDB";"MASCULINO";"SUPERIOR COMPLETO";"CASADO(A)";"BRANCA";"VEREADOR";"#NE";"S";"DEFERIDO";30385;"SUPLENTE";594500;"FUNDO ESPECIAL, OUTROS RECURSOS";"Recursos de outros candidatos, Recursos de pessoas físicas, Recursos próprios, Recursos de partido político";896226,55
250001881813;"RODOLFO FRANCISCO DE SOUZA";"#NULO";"UNIÃO";"MASCULINO";"SUPERIOR COMPLETO";"DIVORCIADO(A)";"BRANCA";"DESPACHANTE";"#NE";"N";"DEFERIDO";4573;"SUPLENTE";561499,2;"FUNDO PARTIDARIO, FUNDO ESPECIAL, OUTROS RECURSOS";"Recursos de partido político, Recursos próprios";555649,05
250001881830;"SANDRA APARECIDA DE SOUZA ALVES";"#NULO";"UNIÃO";"FEMININO";"ENSINO MÉDIO COMPLETO";"DIVORCIADO(A)";"PRETA";"VEREADOR";"#NE";"S";"DEFERIDO";74192;"ELEITO POR QP";4068007,88;"FUNDO ESPECIAL, OUTROS RECURSOS, FUNDO PARTIDARIO";"Recursos de partido político, Recursos próprios, Recursos de pessoas físicas";628748,15
250001881821;"DOUGLAS GARCIA BISPO DOS SANTOS";"#NULO";"UNIÃO";"MASCULINO";"ENSINO MÉDIO COMPLETO";"SOLTEIRO(A)";"PRETA";"OUTROS";"#NE";"N";"DEFERIDO";9357;"SUPLENTE";442977,2;"FUNDO ESPECIAL, OUTROS RECURSOS, FUNDO PARTIDARIO";"Recursos de partido político, Recursos de pessoas físicas";0
250001881796;"DIRCEU GOMES CARAMASCHI";"#NULO";"UNIÃO";"MASCULINO";"SUPERIOR INCOMPLETO";"SOLTEIRO(A)";"BRANCA";"OUTROS";"#NE";"N";"DEFERIDO";17224;"SUPLENTE";928236,96;"OUTROS RECURSOS, FUNDO PARTIDARIO, FUNDO ESPECIAL";"Recursos de pessoas físicas, Recursos de partido político, Recursos próprios";2615176,95
250001881822;"AMANDA VETTORAZZO CARNEIRO";"#NULO";"UNIÃO";"FEMININO";"SUPERIOR COMPLETO";"SOLTEIRO(A)";"BRANCA";"OUTROS";"#NE";"N";"DEFERIDO";40144;"ELEITO POR QP";1053489,28;"FUNDO ESPECIAL, OUTROS RECURSOS, FUNDO PARTIDARIO";"Recursos de outros candidatos, Recursos de pessoas físicas, Recursos de partido político, Recursos próprios";945000
250001881835;"ROBERTO MONTEIRO DE ANDRADE JUNIOR";"#NULO";"UNIÃO";"MASCULINO";"SUPERIOR COMPLETO";"CASADO(A)";"BRANCA";"POLICIAL CIVIL";"#NE";"N";"DEFERIDO";20828;"SUPLENTE";1677137,2;"FUNDO PARTIDARIO, FUNDO ESPECIAL, OUTROS RECURSOS";"Recursos de partido político, Recursos de pessoas físicas";73738,89
250001933091;"WALMIR BAPTISTA RIGUEIRA";"#NULO";"PODE";"MASCULINO";"SUPERIOR COMPLETO";"CASADO(A)";"BRANCA";"MÉDICO";"#NE";"N";"DEFERIDO";3430;"SUPLENTE";124500;"FUNDO ESPECIAL, OUTROS RECURSOS";"Recursos de partido político, Recursos próprios";3751331,6
250001933094;"LUANA ANTONIA TAKADA DA SILVEIRA";"#NULO";"PODE";"FEMININO";"ENSINO MÉDIO INCOMPLETO";"SOLTEIRO(A)";"PRETA";"OUTROS";"#NE";"N";"DEFERIDO";112;"SUPLENTE";60000;"FUNDO ESPECIAL";"Recursos de partido político";NA
250001933048;"KAROLINA OLIVEIRA DA SILVA";"#NULO";"PODE";"FEMININO";"SUPERIOR COMPLETO";"SOLTEIRO(A)";"PARDA";"OUTROS";"#NE";"N";"DEFERIDO";330;"SUPLENTE";1e+05;"FUNDO ESPECIAL";"Recursos de partido político";NA
250001933057;"LEANDRO QUARESMA GODOY FREITAS";"#NULO";"PODE";"MASCULINO";"SUPERIOR COMPLETO";"CASADO(A)";"PARDA";"ADVOGADO";"#NE";"N";"DEFERIDO";1801;"SUPLENTE";308461,5;"OUTROS RECURSOS, FUNDO ESPECIAL";"Recursos de partido político";1128919,88
250001933071;"DEYCON FRANCISCO DA SILVA";"#NULO";"PODE";"MASCULINO";"SUPERIOR COMPLETO";"CASADO(A)";"PARDA";"BOMBEIRO MILITAR";"#NE";"N";"DEFERIDO";3312;"SUPLENTE";204100,05;"FUNDO ESPECIAL, OUTROS RECURSOS";"Recursos de partido político, Recursos de pessoas físicas";2e+05
250001933056;"ALBERTO LUIZ DA SILVA";"#NULO";"PODE";"MASCULINO";"ENSINO MÉDIO COMPLETO";"SOLTEIRO(A)";"PRETA";"EMPRESÁRIO";"#NE";"N";"DEFERIDO";15081;"SUPLENTE";619300;"FUNDO ESPECIAL, OUTROS RECURSOS";"Recursos de partido político, Recursos de pessoas físicas";765998,65
250001933055;"ADILON FRANCISCO DOS SANTOS";"#NULO";"PODE";"MASCULINO";"ENSINO MÉDIO INCOMPLETO";"CASADO(A)";"PRETA";"OUTROS";"#NE";"N";"DEFERIDO";2612;"SUPLENTE";197461,5;"FUNDO ESPECIAL, OUTROS RECURSOS";"Recursos de partido político, Recursos de pessoas físicas";57500
250001933087;"ALESSANDRA MARQUES MARTINS DA COSTA";"#NULO";"PODE";"FEMININO";"ENSINO MÉDIO COMPLETO";"CASADO(A)";"PARDA";"COMERCIANTE";"#NE";"N";"DEFERIDO";108;"SUPLENTE";1e+05;"FUNDO ESPECIAL";"Recursos de partido político";NA
250002170091;"AMANDA COELHO MARZALL";"#NULO";"PSTU";"FEMININO";"SUPERIOR INCOMPLETO";"SOLTEIRO(A)";"BRANCA";"ESTUDANTE, BOLSISTA, ESTAGIÁRIO E ASSEMELHADOS";"#NE";"N";"DEFERIDO";329;"NÃO ELEITO";106900,64;"FUNDO ESPECIAL, OUTROS RECURSOS";"Recursos de outros candidatos, Recursos de pessoas físicas, Recursos de partido político";NA
250002146931;"JOSE DOMINGOS BITTENCOURT";"#NULO";"AVANTE";"MASCULINO";"SUPERIOR COMPLETO";"CASADO(A)";"BRANCA";"ADVOGADO";"#NE";"N";"DEFERIDO";4165;"NÃO ELEITO";83225;"FUNDO ESPECIAL, OUTROS RECURSOS";"Recursos de partido político, Recursos próprios, Recursos de pessoas físicas";950935,53
250002146923;"LEONARDO MAURÍCIO TUFIÑO BANZER";"#NULO";"AVANTE";"MASCULINO";"SUPERIOR COMPLETO";"CASADO(A)";"PARDA";"ADVOGADO";"#NE";"N";"DEFERIDO";113;"NÃO ELEITO";8000;"FUNDO ESPECIAL";"Recursos de partido político";121500
250002146918;"JOSE DE ARIMATEIA SILVA";"#NULO";"AVANTE";"MASCULINO";"ENSINO FUNDAMENTAL INCOMPLETO";"CASADO(A)";"PARDA";"COMERCIANTE";"#NE";"N";"DEFERIDO";310;"NÃO ELEITO";5000;"FUNDO ESPECIAL";"Recursos de partido político";48152,26
250002146885;"ANTÔNIO CONSTANTINO OLIVEIRA";"#NULO";"AVANTE";"MASCULINO";"ENSINO FUNDAMENTAL COMPLETO";"CASADO(A)";"PRETA";"EMPRESÁRIO";"#NE";"N";"DEFERIDO";99;"NÃO ELEITO";11580;"FUNDO ESPECIAL, OUTROS RECURSOS";"Recursos de partido político, Recursos de pessoas físicas";1301
250002146909;"MARTA FABIOLA OLIVEIRA TEIXEIRA";"#NULO";"AVANTE";"FEMININO";"ENSINO MÉDIO COMPLETO";"SOLTEIRO(A)";"BRANCA";"ADMINISTRADOR";"#NE";"N";"DEFERIDO";1006;"NÃO ELEITO";15000;"FUNDO ESPECIAL";"Recursos de partido político";107000
250002387081;"DORACI PEREIRA CHAVES";"#NULO";"PP";"FEMININO";"ENSINO MÉDIO INCOMPLETO";"SOLTEIRO(A)";"BRANCA";"APOSENTADO (EXCETO SERVIDOR PÚBLICO)";"#NE";"N";"DEFERIDO";18;"SUPLENTE";0;"#NULO";"#NULO";NA
250002174668;"CELSO SILVINO DA SILVA";"#NULO";"PP";"MASCULINO";"SUPERIOR COMPLETO";"CASADO(A)";"BRANCA";"CONTADOR";"#NE";"N";"DEFERIDO";2132;"SUPLENTE";49475;"OUTROS RECURSOS, FUNDO PARTIDARIO";"Recursos próprios, Recursos de partido político";424852,79
250002079353;"ALFREDO LUIZ ALVES DE LIMA";"#NULO";"NOVO";"MASCULINO";"SUPERIOR INCOMPLETO";"SOLTEIRO(A)";"PARDA";"EMPRESÁRIO";"#NE";"N";"DEFERIDO";252;"SUPLENTE";12569,8;"FUNDO ESPECIAL";"Recursos de partido político";5e+05
250002079305;"ROGERIO BOCCIA";"#NULO";"NOVO";"MASCULINO";"SUPERIOR COMPLETO";"CASADO(A)";"BRANCA";"EMPRESÁRIO";"#NE";"N";"DEFERIDO";880;"SUPLENTE";28639,9;"OUTROS RECURSOS, FUNDO ESPECIAL";"Recursos de pessoas físicas, Recursos de partido político, Recursos de Financiamento Coletivo";72363,5
250002079335;"ROBERTA OLIVEIRA SOUZA";"#NULO";"NOVO";"FEMININO";"SUPERIOR COMPLETO";"CASADO(A)";"BRANCA";"ENFERMEIRO";"#NE";"N";"DEFERIDO";302;"SUPLENTE";6284,9;"FUNDO ESPECIAL";"Recursos de partido político";208593,54
250002079309;"ZENALDO DE LUNA TORRES";"#NULO";"NOVO";"MASCULINO";"ENSINO MÉDIO INCOMPLETO";"SOLTEIRO(A)";"PARDA";"ADMINISTRADOR";"#NE";"N";"DEFERIDO";338;"SUPLENTE";14279,8;"OUTROS RECURSOS, FUNDO ESPECIAL";"Recursos de pessoas físicas, Recursos próprios, Recursos de partido político";450000
250002079308;"WILSON DE MELLO JUNIOR";"#NULO";"NOVO";"MASCULINO";"SUPERIOR COMPLETO";"CASADO(A)";"BRANCA";"ADMINISTRADOR";"#NE";"N";"DEFERIDO";437;"SUPLENTE";12289,9;"OUTROS RECURSOS, FUNDO ESPECIAL";"Recursos de Financiamento Coletivo, Recursos de pessoas físicas, Recursos de partido político";432700
250002079307;"SIDNEY EDUARDO STAHL";"#NULO";"NOVO";"MASCULINO";"SUPERIOR COMPLETO";"CASADO(A)";"BRANCA";"ADVOGADO";"#NE";"N";"DEFERIDO";716;"SUPLENTE";33894,17;"OUTROS RECURSOS, FUNDO ESPECIAL";"Recursos de pessoas físicas, Recursos de partido político, Recursos de Financiamento Coletivo";6706458,77
250001977585;"JORGE WILSON GONÇALVES DE MATTOS JUNIOR";"#NULO";"REPUBLICANOS";"MASCULINO";"SUPERIOR COMPLETO";"SOLTEIRO(A)";"BRANCA";"EMPRESÁRIO";"#NE";"N";"DEFERIDO";7442;"SUPLENTE";327960;"FUNDO ESPECIAL, OUTROS RECURSOS";"Recursos de partido político, Recursos de pessoas físicas";NA
250001977578;"EOZITO DO AMARAL FERREIRA";"#NULO";"REPUBLICANOS";"MASCULINO";"ENSINO MÉDIO COMPLETO";"SOLTEIRO(A)";"BRANCA";"TAXISTA";"#NE";"N";"DEFERIDO";952;"SUPLENTE";27464;"FUNDO ESPECIAL, OUTROS RECURSOS";"Recursos de partido político, Recursos de pessoas físicas";49000
250001977587;"FLEITAS FIDELES MONTEIRO";"#NULO";"REPUBLICANOS";"MASCULINO";"SUPERIOR COMPLETO";"DIVORCIADO(A)";"PRETA";"VIGILANTE";"#NE";"N";"DEFERIDO";6196;"SUPLENTE";121746;"FUNDO ESPECIAL, OUTROS RECURSOS";"Recursos de partido político";70000
250002018918;"PAULO CAINE DOS SANTOS SILVA";"#NULO";"MOBILIZA";"MASCULINO";"SUPERIOR COMPLETO";"SOLTEIRO(A)";"BRANCA";"EMPRESÁRIO";"#NE";"N";"INDEFERIDO COM RECURSO";0;"NÃO ELEITO";1200;"OUTROS RECURSOS";"Recursos de pessoas físicas";113725
250002357414;"ANTONIO CARLOS SOARES FERREIRA";"#NULO";"DC";"MASCULINO";"ENSINO FUNDAMENTAL COMPLETO";"SOLTEIRO(A)";"BRANCA";"ATOR E DIRETOR DE ESPETÁCULOS PÚBLICOS";"#NE";"N";"DEFERIDO";39;"NÃO ELEITO";6820,65;"FUNDO ESPECIAL";"Recursos de partido político";NA
250002384627;"MARIA DAS GRAÇAS SANTANA";"#NULO";"DC";"FEMININO";"SUPERIOR COMPLETO";"CASADO(A)";"BRANCA";"EMPRESÁRIO";"#NE";"N";"DEFERIDO";100;"NÃO ELEITO";6820,65;"FUNDO ESPECIAL";"Recursos de partido político";1818000
250002357419;"CLÓVIS REIS DOS SANTOS";"#NULO";"DC";"MASCULINO";"ENSINO MÉDIO COMPLETO";"SOLTEIRO(A)";"PRETA";"VENDEDOR PRACISTA, REPRESENTANTE, CAIXEIRO-VIAJANTE E ASSEMELHADOS";"#NE";"N";"DEFERIDO";229;"NÃO ELEITO";6820,65;"FUNDO ESPECIAL";"Recursos de partido político";NA
250002357445;"PATRICIA KIYOMI TANI";"#NULO";"DC";"FEMININO";"SUPERIOR COMPLETO";"SOLTEIRO(A)";"PARDA";"OUTROS";"#NE";"N";"DEFERIDO";15;"NÃO ELEITO";1086,65;"FUNDO ESPECIAL";"Recursos de partido político";NA
250002357422;"MARCIO FONTES DOS SANTOS";"#NULO";"DC";"MASCULINO";"SUPERIOR INCOMPLETO";"CASADO(A)";"BRANCA";"OUTROS";"#NE";"N";"DEFERIDO";62;"NÃO ELEITO";7631,74;"OUTROS RECURSOS, FUNDO ESPECIAL";"Recursos próprios, Recursos de partido político";NA
250002075175;"GILBERTO SANTOS SILVA DE VASCONCELOS";"#NULO";"PRD";"MASCULINO";"ENSINO MÉDIO COMPLETO";"CASADO(A)";"PARDA";"COMERCIANTE";"#NE";"N";"DEFERIDO";1261;"NÃO ELEITO";50000;"FUNDO ESPECIAL";"Recursos de partido político";NA
250002075171;"WASHINGTON JOSÉ DA CRUZ";"#NULO";"PRD";"MASCULINO";"ENSINO MÉDIO COMPLETO";"CASADO(A)";"BRANCA";"COMERCIANTE";"#NE";"N";"DEFERIDO";662;"NÃO ELEITO";40000;"FUNDO ESPECIAL";"Recursos de partido político";78352,25
250002075148;"WESLEY NEVES ROCHA";"#NULO";"PRD";"MASCULINO";"SUPERIOR INCOMPLETO";"CASADO(A)";"PARDA";"ADMINISTRADOR";"#NE";"N";"DEFERIDO";664;"NÃO ELEITO";27700,08;"FUNDO ESPECIAL, OUTROS RECURSOS";"Recursos de partido político, Recursos de pessoas físicas";535119,99
250002075166;"ELIAS ASSIS NETO";"#NULO";"PRD";"MASCULINO";"SUPERIOR INCOMPLETO";"CASADO(A)";"BRANCA";"EMPRESÁRIO";"#NE";"N";"DEFERIDO";2689;"NÃO ELEITO";235000;"FUNDO ESPECIAL, OUTROS RECURSOS";"Recursos de partido político, Recursos de pessoas físicas";NA
250002075164;"UBIRATAN ANDRADE SILVA";"#NULO";"PRD";"MASCULINO";"SUPERIOR INCOMPLETO";"CASADO(A)";"PRETA";"VENDEDOR DE COMÉRCIO VAREJISTA E ATACADISTA";"#NE";"N";"DEFERIDO";210;"NÃO ELEITO";15000;"FUNDO ESPECIAL";"Recursos de partido político";9200
250002075144;"DAVI BENEDITO DOS SANTOS";"#NULO";"PRD";"MASCULINO";"ENSINO MÉDIO INCOMPLETO";"SOLTEIRO(A)";"BRANCA";"EMPRESÁRIO";"#NE";"N";"DEFERIDO";265;"NÃO ELEITO";15000;"FUNDO ESPECIAL";"Recursos de partido político";329000
250002075160;"EVERTON ZIGRINI GOMES";"#NULO";"PRD";"MASCULINO";"ENSINO MÉDIO COMPLETO";"SOLTEIRO(A)";"PARDA";"TÉCNICO DE ENFERMAGEM E ASSEMELHADOS (EXCETO ENFERMEIRO)";"#NE";"N";"DEFERIDO";2047;"NÃO ELEITO";20000;"FUNDO ESPECIAL";"Recursos de partido político";NA
250002075128;"GERALDO ALVES DE SOUZA";"#NULO";"PRD";"MASCULINO";"SUPERIOR COMPLETO";"CASADO(A)";"PARDA";"PROFESSOR E INSTRUTOR DE FORMAÇÃO PROFISSIONAL";"#NE";"N";"DEFERIDO";1158;"NÃO ELEITO";50000;"FUNDO ESPECIAL";"Recursos de partido político";1089000
250002075162;"GETULIO FERNANDES DOS SANTOS";"#NULO";"PRD";"MASCULINO";"ENSINO MÉDIO COMPLETO";"VIÚVO(A)";"PRETA";"CABELEIREIRO E BARBEIRO";"#NE";"N";"DEFERIDO";832;"NÃO ELEITO";60000;"FUNDO ESPECIAL";"Recursos de partido político";650000
250002181668;"DANIEL CORDEIRO DA SILVA";"#NULO";"PSDB";"MASCULINO";"SUPERIOR COMPLETO";"SOLTEIRO(A)";"BRANCA";"AUXILIAR DE ESCRITÓRIO E ASSEMELHADOS";"#NE";"N";"DEFERIDO";75;"NÃO ELEITO";0;"#NULO";"#NULO";NA
250002181658;"ANNIE BOWER VISSICHIO";"#NULO";"PSDB";"FEMININO";"SUPERIOR COMPLETO";"SOLTEIRO(A)";"BRANCA";"ADMINISTRADOR";"#NE";"N";"DEFERIDO";87;"NÃO ELEITO";NA;NA;NA;NA
250002181651;"ADALBERTO RIBEIRO DA COSTA";"#NULO";"PSDB";"MASCULINO";"ENSINO FUNDAMENTAL COMPLETO";"CASADO(A)";"BRANCA";"COMERCIANTE";"#NE";"N";"DEFERIDO";381;"NÃO ELEITO";0;"#NULO";"#NULO";118512,73
250002181699;"LEANDRO ALBUQUERQUE GIMENEZ";"#NULO";"PSDB";"MASCULINO";"SUPERIOR COMPLETO";"DIVORCIADO(A)";"BRANCA";"OUTROS";"#NE";"N";"DEFERIDO";3445;"NÃO ELEITO";111000;"FUNDO ESPECIAL, OUTROS RECURSOS";"Recursos de outros candidatos, Recursos próprios";750286,16
250002181696;"CARLOS ANDRE DA SILVA";"#NULO";"PSDB";"MASCULINO";"ENSINO MÉDIO COMPLETO";"SOLTEIRO(A)";"BRANCA";"OUTROS";"#NE";"N";"DEFERIDO";146;"NÃO ELEITO";0;"#NULO";"#NULO";NA
250001973476;"ARMANDO BEGA";"#NULO";"PL";"MASCULINO";"SUPERIOR COMPLETO";"DIVORCIADO(A)";"PARDA";"PROFESSOR DE ENSINO SUPERIOR";"#NE";"N";"DEFERIDO";2805;"SUPLENTE";8e+05;"FUNDO ESPECIAL";"Recursos de partido político";474765
250001973509;"ALEXANDRE BERSANETI";"#NULO";"PL";"MASCULINO";"SUPERIOR COMPLETO";"CASADO(A)";"BRANCA";"OUTROS";"#NE";"N";"DEFERIDO";2860;"SUPLENTE";302000;"FUNDO ESPECIAL, OUTROS RECURSOS";"Recursos de partido político, Recursos de pessoas físicas";362012,24
250001973500;"ADAM MAAMARI MOREIRA";"#NULO";"PL";"MASCULINO";"ENSINO MÉDIO COMPLETO";"SOLTEIRO(A)";"PARDA";"ESTUDANTE, BOLSISTA, ESTAGIÁRIO E ASSEMELHADOS";"#NE";"N";"DEFERIDO";1089;"SUPLENTE";80000;"FUNDO ESPECIAL";"Recursos de partido político";NA
250001973510;"LUDMILA BASTOS RIBEIRO SOARES";"#NULO";"PL";"FEMININO";"SUPERIOR COMPLETO";"CASADO(A)";"BRANCA";"COMERCIANTE";"#NE";"N";"DEFERIDO";550;"SUPLENTE";75000;"FUNDO ESPECIAL";"Recursos de partido político";18064,7
250001973488;"MARILENA GONÇALVES GOUVEA PANINKA";"#NULO";"PL";"FEMININO";"SUPERIOR COMPLETO";"CASADO(A)";"PARDA";"PSICÓLOGO";"#NE";"N";"DEFERIDO";663;"SUPLENTE";139350;"FUNDO ESPECIAL";"Recursos de outros candidatos, Recursos de partido político";1071200
250002052122;"VALDOMIRO MARQUES";"#NULO";"PSOL";"MASCULINO";"ENSINO MÉDIO INCOMPLETO";"DIVORCIADO(A)";"PRETA";"SERVIDOR PÚBLICO MUNICIPAL";"#NE";"N";"DEFERIDO";1606;"SUPLENTE";41967,92;"FUNDO ESPECIAL";"Recursos de outros candidatos, Recursos de partido político";NA
250002052093;"JOÃO BATISTA DIAS DE SOUSA";"#NULO";"PSOL";"MASCULINO";"ENSINO FUNDAMENTAL COMPLETO";"SOLTEIRO(A)";"PRETA";"EMPRESÁRIO";"#NE";"N";"DEFERIDO";548;"SUPLENTE";41967,92;"FUNDO ESPECIAL";"Recursos de partido político, Recursos de outros candidatos";NA
250002052132;"LEONARDO DOS REIS ADORNO BECKER GRANDINI";"#NULO";"PSOL";"MASCULINO";"SUPERIOR INCOMPLETO";"SOLTEIRO(A)";"PARDA";"COMUNICÓLOGO";"#NE";"N";"DEFERIDO";5583;"SUPLENTE";170998,18;"OUTROS RECURSOS, FUNDO ESPECIAL";"Recursos de pessoas físicas, Recursos de partido político, Recursos de outros candidatos";NA
250002052119;"AMANDA MARQUES PASCHOAL";"#NULO";"PSOL";"FEMININO";"SUPERIOR COMPLETO";"SOLTEIRO(A)";"PARDA";"OUTROS";"#NE";"N";"DEFERIDO";108654;"ELEITO POR QP";604880,9;"OUTROS RECURSOS, FUNDO ESPECIAL";"Recursos de pessoas físicas, Recursos de Financiamento Coletivo, Recursos de partido político";13799,87
250002052123;"LUISA PEREIRA DE SOUZA";"#NULO";"PSOL";"FEMININO";"SUPERIOR COMPLETO";"DIVORCIADO(A)";"PARDA";"MOTORISTA PARTICULAR";"#NE";"N";"DEFERIDO";297;"SUPLENTE";100045,71;"FUNDO ESPECIAL, OUTROS RECURSOS";"Recursos de outros candidatos, Recursos de partido político";NA
250002052126;"MARIANA FELIX SANTOS";"#NULO";"PSOL";"FEMININO";"ENSINO MÉDIO COMPLETO";"SOLTEIRO(A)";"PRETA";"ESCRITOR E CRÍTICO";"#NE";"N";"DEFERIDO";1963;"SUPLENTE";228541,79;"FUNDO PARTIDARIO, FUNDO ESPECIAL";"Recursos de partido político, Recursos de outros candidatos";NA
250002018910;"ITAMAR PRIMO BARONI";"#NULO";"MOBILIZA";"MASCULINO";"ENSINO FUNDAMENTAL COMPLETO";"CASADO(A)";"PARDA";"APOSENTADO (EXCETO SERVIDOR PÚBLICO)";"#NE";"N";"DEFERIDO";194;"NÃO ELEITO";0;"#NULO";"#NULO";12280
250002018928;"ROSANGELA AMARO MAGLIARELLI";"#NULO";"MOBILIZA";"FEMININO";"SUPERIOR COMPLETO";"DIVORCIADO(A)";"BRANCA";"ADVOGADO";"#NE";"N";"DEFERIDO";82;"NÃO ELEITO";15000;"FUNDO ESPECIAL";"Recursos de partido político";14000
250002018920;"ANDERSON DALONSO";"#NULO";"MOBILIZA";"MASCULINO";"ENSINO FUNDAMENTAL COMPLETO";"SOLTEIRO(A)";"BRANCA";"OUTROS";"#NE";"N";"DEFERIDO";162;"NÃO ELEITO";0;"#NULO";"#NULO";60335
250002018922;"EDSON FLÁVIO SIRINO";"#NULO";"MOBILIZA";"MASCULINO";"SUPERIOR INCOMPLETO";"DIVORCIADO(A)";"BRANCA";"OUTROS";"#NE";"N";"DEFERIDO";29;"NÃO ELEITO";0;"#NULO";"#NULO";51000
250002018906;"ANDREIA KARINE FREDERICO";"#NULO";"MOBILIZA";"FEMININO";"ENSINO MÉDIO INCOMPLETO";"DIVORCIADO(A)";"BRANCA";"OUTROS";"#NE";"N";"DEFERIDO";49;"NÃO ELEITO";10000;"FUNDO ESPECIAL";"Recursos de partido político";NA
250002018927;"FRANCISCO ALVES DA SILVA";"#NULO";"MOBILIZA";"MASCULINO";"ENSINO MÉDIO COMPLETO";"SOLTEIRO(A)";"BRANCA";"VIGILANTE";"#NE";"N";"DEFERIDO";232;"NÃO ELEITO";0;"#NULO";"#NULO";145000
250002170982;"BIANCA MARIA DELLA SANTA PIMENTA";"#NULO";"PRTB";"FEMININO";"SUPERIOR COMPLETO";"DIVORCIADO(A)";"BRANCA";"ADVOGADO";"#NE";"N";"DEFERIDO";590;"NÃO ELEITO";12274,26;"FUNDO ESPECIAL, OUTROS RECURSOS";"Recursos de partido político, Recursos de pessoas físicas";NA
250002171003;"MARIO AUGUSTO DA SILVA ALMEIDA";"#NULO";"PRTB";"MASCULINO";"ENSINO MÉDIO COMPLETO";"SOLTEIRO(A)";"PRETA";"OUTROS";"#NE";"N";"DEFERIDO";399;"NÃO ELEITO";12147,87;"FUNDO ESPECIAL";"Recursos de partido político";NA
250002171014;"ADRIANO DA COSTA E SILVA";"#NULO";"PRTB";"MASCULINO";"SUPERIOR COMPLETO";"CASADO(A)";"BRANCA";"MEMBRO DAS FORÇAS ARMADAS";"#NE";"N";"DEFERIDO";7401;"NÃO ELEITO";63453,83;"FUNDO ESPECIAL, OUTROS RECURSOS";"Recursos de partido político, Recursos próprios";73083,98
250002171005;"CÍCERO APARECIDO DA SILVA";"#NULO";"PRTB";"MASCULINO";"SUPERIOR INCOMPLETO";"CASADO(A)";"BRANCA";"OUTROS";"#NE";"N";"DEFERIDO";867;"NÃO ELEITO";11697,95;"FUNDO ESPECIAL";"Recursos de partido político";6000
250002170988;"TONI CRISTIAN CERQUEIRA";"#NULO";"PRTB";"MASCULINO";"SUPERIOR COMPLETO";"CASADO(A)";"BRANCA";"POLICIAL MILITAR";"#NE";"N";"DEFERIDO";822;"NÃO ELEITO";20433,07;"FUNDO ESPECIAL";"Recursos de partido político";NA
250002170998;"JOSÉ SOUZA DOS SANTOS";"#NULO";"PRTB";"MASCULINO";"SUPERIOR COMPLETO";"CASADO(A)";"PARDA";"OUTROS";"#NE";"N";"DEFERIDO";2933;"NÃO ELEITO";26047,95;"FUNDO ESPECIAL";"Recursos de partido político";275125
250002170980;"ROBERTO DELBONE JUNIOR";"#NULO";"PRTB";"MASCULINO";"SUPERIOR COMPLETO";"CASADO(A)";"BRANCA";"EMPRESÁRIO";"#NE";"N";"DEFERIDO";6760;"NÃO ELEITO";46802,95;"FUNDO ESPECIAL, OUTROS RECURSOS";"Recursos de partido político, Recursos de pessoas físicas";1186421,22
250002170994;"FRANCISCO BEZERRA DE MELO";"#NULO";"PRTB";"MASCULINO";"ENSINO FUNDAMENTAL INCOMPLETO";"CASADO(A)";"PARDA";"FUNILEIRO";"#NE";"N";"DEFERIDO";495;"NÃO ELEITO";11516,15;"FUNDO ESPECIAL, OUTROS RECURSOS";"Recursos de partido político, Recursos próprios";NA
250002171007;"WALTER GUALBERTO DE BRITO";"#NULO";"PRTB";"MASCULINO";"SUPERIOR COMPLETO";"DIVORCIADO(A)";"PRETA";"JORNALISTA E REDATOR";"#NE";"N";"DEFERIDO";183;"NÃO ELEITO";9341,34;"FUNDO ESPECIAL";"Recursos de partido político";NA
250002029349;"CLAUDIO SANTOS ALBUQUERQUE";"#NULO";"SOLIDARIEDADE";"MASCULINO";"SUPERIOR INCOMPLETO";"CASADO(A)";"PARDA";"JORNALISTA E REDATOR";"#NE";"N";"DEFERIDO";1153;"NÃO ELEITO";33338,83;"FUNDO PARTIDARIO, FUNDO ESPECIAL";"Recursos de partido político";136250
250002029387;"DEIVIDE ALEXANDRE DOS SANTOS";"#NULO";"SOLIDARIEDADE";"MASCULINO";"ENSINO MÉDIO INCOMPLETO";"SOLTEIRO(A)";"PRETA";"OUTROS";"#NE";"N";"DEFERIDO";223;"NÃO ELEITO";13656,67;"FUNDO ESPECIAL, FUNDO PARTIDARIO";"Recursos de partido político";NA
250002029368;"MARCIA LIMA LOMBARDI";"#NULO";"SOLIDARIEDADE";"FEMININO";"ENSINO MÉDIO COMPLETO";"SEPARADO(A) JUDICIALMENTE";"BRANCA";"OUTROS";"#NE";"N";"DEFERIDO";124;"NÃO ELEITO";12553,09;"FUNDO ESPECIAL";"Recursos de partido político";NA
250002029398;"FIRMINO AUGUSTO CORDEIRO";"#NULO";"SOLIDARIEDADE";"MASCULINO";"ENSINO MÉDIO INCOMPLETO";"CASADO(A)";"BRANCA";"OUTROS";"#NE";"N";"DEFERIDO";184;"NÃO ELEITO";15758,33;"FUNDO PARTIDARIO, FUNDO ESPECIAL";"Recursos de partido político";NA
250002029386;"MARIA NILVA SEVERINO GONÇALVES";"#NULO";"SOLIDARIEDADE";"FEMININO";"ENSINO MÉDIO COMPLETO";"CASADO(A)";"BRANCA";"APOSENTADO (EXCETO SERVIDOR PÚBLICO)";"#NE";"N";"DEFERIDO";352;"NÃO ELEITO";39773,09;"FUNDO ESPECIAL, FUNDO PARTIDARIO";"Recursos de partido político";2320600
250002029390;"NEZINHO GONÇALVES NUNES";"#NULO";"SOLIDARIEDADE";"MASCULINO";"SUPERIOR COMPLETO";"CASADO(A)";"PARDA";"APOSENTADO (EXCETO SERVIDOR PÚBLICO)";"#NE";"N";"DEFERIDO";985;"NÃO ELEITO";36520,47;"OUTROS RECURSOS, FUNDO ESPECIAL, FUNDO PARTIDARIO";"Recursos próprios, Recursos de partido político";180000
250001913954;"RODRIGO JALLOUL";"#NULO";"PT";"MASCULINO";"ENSINO MÉDIO COMPLETO";"SOLTEIRO(A)";"BRANCA";"OUTROS";"#NE";"N";"DEFERIDO";3880;"SUPLENTE";78839,55;"FUNDO ESPECIAL";"Recursos de partido político";NA
250001913974;"TELMA APARECIDA MARIANO";"#NULO";"PC do B";"FEMININO";"ENSINO MÉDIO INCOMPLETO";"SOLTEIRO(A)";"PRETA";"SACERDOTE OU MEMBRO DE ORDEM OU SEITA RELIGIOSA";"#NE";"N";"DEFERIDO";643;"SUPLENTE";424935;"FUNDO ESPECIAL";"Recursos de partido político";NA
250001913967;"RONI MIGUEL DA SILVA";"#NULO";"PV";"MASCULINO";"ENSINO MÉDIO INCOMPLETO";"SOLTEIRO(A)";"PRETA";"OUTROS";"#NE";"N";"DEFERIDO";947;"SUPLENTE";95699,2;"FUNDO ESPECIAL";"Recursos de partido político";1777,51
250001913931;"JOÃO ANANIAS MOREIRA SILVA";"#NULO";"PT";"MASCULINO";"SUPERIOR COMPLETO";"SOLTEIRO(A)";"PARDA";"VEREADOR";"#NE";"S";"DEFERIDO";33225;"ELEITO POR QP";1679930,87;"OUTROS RECURSOS, FUNDO ESPECIAL";"Recursos de pessoas físicas, Recursos de partido político, Recursos de origens não identificadas, Recursos próprios";737340,02
250001913958;"ZILDENE CARVALHO DE OLIVEIRA FERNANDES";"#NULO";"PT";"FEMININO";"SUPERIOR COMPLETO";"CASADO(A)";"BRANCA";"SACERDOTE OU MEMBRO DE ORDEM OU SEITA RELIGIOSA";"#NE";"N";"DEFERIDO";1009;"SUPLENTE";143709,13;"FUNDO ESPECIAL";"Recursos de partido político";70000
250001913976;"LUIZ ALBERTO MELCHERT DE CARVALHO E SILVA";"#NULO";"PT";"MASCULINO";"SUPERIOR COMPLETO";"CASADO(A)";"BRANCA";"ECONOMISTA";"#NE";"N";"DEFERIDO";382;"SUPLENTE";79468,63;"OUTROS RECURSOS, FUNDO ESPECIAL";"Recursos de pessoas físicas, Recursos de Financiamento Coletivo, Recursos de partido político";99558,58
250002161323;"AURÉLIO NOMURA";"#NULO";"PSD";"MASCULINO";"SUPERIOR COMPLETO";"DIVORCIADO(A)";"AMARELA";"ADVOGADO";"#NE";"S";"DEFERIDO";28216;"SUPLENTE";1062100,35;"OUTROS RECURSOS, FUNDO ESPECIAL";"Recursos de partido político, Recursos de pessoas físicas, Recursos próprios";1517688,16
250002161337;"JOÃO MARCOS ULTRAMAR QUINTEIRO";"#NULO";"PSD";"MASCULINO";"SUPERIOR COMPLETO";"CASADO(A)";"BRANCA";"ADVOGADO";"#NE";"N";"DEFERIDO";772;"SUPLENTE";119375;"FUNDO ESPECIAL, OUTROS RECURSOS";"Recursos de partido político, Recursos de pessoas físicas";NA
250002161324;"IOLANDA GOMES RUAS";"#NULO";"PSD";"FEMININO";"SUPERIOR COMPLETO";"CASADO(A)";"PRETA";"PROFESSOR DE ENSINO FUNDAMENTAL";"#NE";"N";"DEFERIDO";240;"SUPLENTE";109375;"OUTROS RECURSOS, FUNDO ESPECIAL";"Recursos de partido político";1200
250002161315;"VILMA DE FATIMA BARBOZA DA SILVA";"#NULO";"PSD";"FEMININO";"ENSINO FUNDAMENTAL COMPLETO";"SEPARADO(A) JUDICIALMENTE";"BRANCA";"ARTESÃO";"#NE";"N";"DEFERIDO";144;"SUPLENTE";89375;"OUTROS RECURSOS, FUNDO ESPECIAL";"Recursos de partido político";NA
250002173933;"APARECIDO MARIN";"#NULO";"PDT";"MASCULINO";"ENSINO FUNDAMENTAL COMPLETO";"CASADO(A)";"BRANCA";"VENDEDOR DE COMÉRCIO VAREJISTA E ATACADISTA";"#NE";"S";"DEFERIDO";477;"NÃO ELEITO";60000;"FUNDO ESPECIAL";"Recursos de partido político";25000
250002173920;"MARCELO BATISTA PEREIRA";"#NULO";"PDT";"MASCULINO";"ENSINO MÉDIO COMPLETO";"CASADO(A)";"PARDA";"ADMINISTRADOR";"#NE";"N";"DEFERIDO";252;"NÃO ELEITO";10205;"FUNDO ESPECIAL, OUTROS RECURSOS";"Recursos de partido político, Recursos de pessoas físicas";110000
250002173922;"RODRIGO DORADO STARCK";"#NULO";"PDT";"MASCULINO";"SUPERIOR INCOMPLETO";"CASADO(A)";"BRANCA";"ATOR E DIRETOR DE ESPETÁCULOS PÚBLICOS";"#NE";"N";"DEFERIDO";7298;"NÃO ELEITO";261966,66;"FUNDO ESPECIAL, OUTROS RECURSOS";"Recursos de partido político, Recursos de pessoas físicas, Recursos próprios";542967,73
250002173925;"GLAUCE KELLY DOS SANTOS ADAO LIMA";"#NULO";"PDT";"FEMININO";"ENSINO MÉDIO COMPLETO";"CASADO(A)";"BRANCA";"TÉCNICO CONTABILIDADE, ESTATÍSTICA, ECONOMIA DOMÉSTICA E ADMINISTRAÇÃO";"#NE";"N";"DEFERIDO";93;"NÃO ELEITO";30000;"FUNDO ESPECIAL";"Recursos de partido político";NA
250002173947;"RICARDO JORGE MUTRAN";"#NULO";"PDT";"MASCULINO";"SUPERIOR COMPLETO";"DIVORCIADO(A)";"BRANCA";"ADVOGADO";"#NE";"N";"DEFERIDO";3451;"NÃO ELEITO";175666,67;"FUNDO ESPECIAL, OUTROS RECURSOS";"Recursos de partido político, Recursos de pessoas físicas";292753,35
250002173930;"ROSEMARA LEANDRO DA SILVA";"#NULO";"PDT";"FEMININO";"SUPERIOR COMPLETO";"VIÚVO(A)";"PARDA";"ENFERMEIRO";"#NE";"N";"DEFERIDO";1190;"NÃO ELEITO";156666,67;"FUNDO ESPECIAL";"Recursos de partido político";NA
250002173935;"SANDRA NAVAJAS";"#NULO";"PDT";"FEMININO";"SUPERIOR INCOMPLETO";"SOLTEIRO(A)";"BRANCA";"PUBLICITÁRIO";"#NE";"N";"DEFERIDO";121;"NÃO ELEITO";30000;"FUNDO ESPECIAL";"Recursos de partido político";250009,58
250002173918;"EDNELSON PACHECO FERREIRA";"#NULO";"PDT";"MASCULINO";"SUPERIOR INCOMPLETO";"CASADO(A)";"BRANCA";"COMERCIANTE";"#NE";"N";"DEFERIDO";2487;"NÃO ELEITO";207666,67;"FUNDO ESPECIAL, OUTROS RECURSOS";"Recursos de partido político, Recursos de pessoas físicas";407131,13
250002173950;"LILIAN DA SILVA BOMFIM";"#NULO";"PDT";"FEMININO";"SUPERIOR COMPLETO";"SOLTEIRO(A)";"PRETA";"PROFESSOR DE ENSINO FUNDAMENTAL";"#NE";"S";"DEFERIDO";357;"NÃO ELEITO";50000;"FUNDO ESPECIAL";"Recursos de partido político";NA
250002034083;"ANTONIO DE SOUSA RAMALHO";"#NULO";"PSB";"MASCULINO";"ENSINO MÉDIO COMPLETO";"CASADO(A)";"BRANCA";"EMPRESÁRIO";"#NE";"N";"DEFERIDO";9521;"SUPLENTE";1227100,44;"OUTROS RECURSOS, FUNDO PARTIDARIO, FUNDO ESPECIAL";"Recursos de pessoas físicas, Recursos de partido político, Recursos próprios, Recursos de outros candidatos, Rendimentos de aplicações financeiras";4951494,46
250002034099;"ITAMAR TAVARES GARCIA";"#NULO";"PSB";"MASCULINO";"SUPERIOR COMPLETO";"CASADO(A)";"BRANCA";"APOSENTADO (EXCETO SERVIDOR PÚBLICO)";"#NE";"N";"DEFERIDO";589;"SUPLENTE";18135,8;"FUNDO ESPECIAL";"Recursos de outros candidatos, Recursos de partido político";NA
250002034090;"SHIRLEI APARECIDA MOURA DA SILVA";"#NULO";"PSB";"FEMININO";"ENSINO MÉDIO COMPLETO";"SOLTEIRO(A)";"PRETA";"OUTROS";"#NE";"N";"DEFERIDO";299;"SUPLENTE";28135,81;"FUNDO ESPECIAL";"Recursos de partido político, Recursos de outros candidatos";NA
250002034116;"JOSE WELINGTON DOS REIS SILVA";"#NULO";"PSB";"MASCULINO";"SUPERIOR COMPLETO";"CASADO(A)";"PRETA";"ADVOGADO";"#NE";"N";"DEFERIDO";314;"SUPLENTE";15918,8;"FUNDO ESPECIAL";"Recursos de outros candidatos, Recursos de partido político";2610000
250002034101;"EDGAR FRANCISCO DA SILVA";"#NULO";"PSB";"MASCULINO";"SUPERIOR INCOMPLETO";"CASADO(A)";"BRANCA";"OUTROS";"#NE";"N";"DEFERIDO";6647;"SUPLENTE";72749,61;"FUNDO ESPECIAL, OUTROS RECURSOS";"Recursos de outros candidatos, Recursos de pessoas físicas, Recursos de partido político";NA
250002034135;"CIRO MARTINS DOS SANTOS";"#NULO";"PSB";"MASCULINO";"SUPERIOR COMPLETO";"DIVORCIADO(A)";"PRETA";"ENGENHEIRO";"#NE";"N";"DEFERIDO";342;"SUPLENTE";71508,81;"FUNDO ESPECIAL";"Recursos de outros candidatos, Recursos de partido político";NA
250001962505;"CAIO VINICIUS DE MOURA LUZ";"#NULO";"MDB";"MASCULINO";"SUPERIOR COMPLETO";"CASADO(A)";"BRANCA";"JORNALISTA E REDATOR";"#NE";"N";"DEFERIDO";16718;"SUPLENTE";684750;"OUTROS RECURSOS, FUNDO ESPECIAL";"Recursos de pessoas físicas, Recursos próprios, Recursos de partido político, Recursos de outros candidatos";242063,19
250001962462;"EDSON MARQUES PEREIRA";"#NULO";"MDB";"MASCULINO";"SUPERIOR COMPLETO";"DIVORCIADO(A)";"PARDA";"GERENTE";"#NE";"N";"DEFERIDO";576;"SUPLENTE";259670;"FUNDO ESPECIAL, OUTROS RECURSOS";"Recursos de partido político, Recursos próprios";663000
250001962463;"ELINALVA ORTEGAS ESTANISLAU";"#NULO";"MDB";"FEMININO";"SUPERIOR COMPLETO";"SOLTEIRO(A)";"BRANCA";"VEREADOR";"#NE";"S";"DEFERIDO";35622;"ELEITO POR MÉDIA";1736000;"OUTROS RECURSOS, FUNDO ESPECIAL";"Recursos de pessoas físicas, Recursos de partido político";45300
250001962512;"TIAGO HENRIQUE NITOPI";"#NULO";"MDB";"MASCULINO";"SUPERIOR COMPLETO";"CASADO(A)";"BRANCA";"ADVOGADO";"#NE";"N";"DEFERIDO";1140;"SUPLENTE";50000;"OUTROS RECURSOS";"Recursos de partido político";600963,65
250001962501;"JOSE NERIVAN DA SILVA";"#NULO";"MDB";"MASCULINO";"ENSINO FUNDAMENTAL INCOMPLETO";"DIVORCIADO(A)";"BRANCA";"LOCUTOR E COMENTARISTA DE RÁDIO E TELEVISÃO E RADIALISTA";"#NE";"N";"DEFERIDO";2553;"SUPLENTE";50000;"FUNDO ESPECIAL";"Recursos de partido político";NA
250002351305;"ROBERIO DOS SANTOS BENEDITO";"#NULO";"PMB";"MASCULINO";"SUPERIOR COMPLETO";"DIVORCIADO(A)";"PARDA";"EMPRESÁRIO";"#NE";"N";"DEFERIDO";122;"NÃO ELEITO";0;"#NULO";"#NULO";380000
250001881831;"JUAREZ PEREIRA DA SILVA";"#NULO";"UNIÃO";"MASCULINO";"SUPERIOR COMPLETO";"CASADO(A)";"BRANCA";"COMERCIANTE";"#NE";"N";"DEFERIDO";15020;"SUPLENTE";470111,3;"FUNDO PARTIDARIO, FUNDO ESPECIAL, OUTROS RECURSOS";"Recursos de partido político, Recursos de pessoas físicas, Recursos próprios";242337,16
250001881809;"RUBENS ALBERTO GATTI NUNES";"#NULO";"UNIÃO";"MASCULINO";"SUPERIOR COMPLETO";"CASADO(A)";"BRANCA";"ADVOGADO";"#NE";"S";"DEFERIDO";101549;"ELEITO POR QP";2190134,39;"OUTROS RECURSOS, FUNDO PARTIDARIO, FUNDO ESPECIAL";"Recursos de pessoas físicas, Recursos de partido político, Recursos próprios";572209,55
250001881793;"RICARDO TEIXEIRA";"#NULO";"UNIÃO";"MASCULINO";"SUPERIOR COMPLETO";"CASADO(A)";"BRANCA";"VEREADOR";"#NE";"S";"DEFERIDO";31566;"ELEITO POR QP";861102,45;"FUNDO PARTIDARIO, FUNDO ESPECIAL, OUTROS RECURSOS";"Recursos de partido político, Recursos próprios";774491,99
250001933096;"VALDETE GOMES DUTRA PEREIRA";"#NULO";"PODE";"FEMININO";"ENSINO FUNDAMENTAL COMPLETO";"CASADO(A)";"BRANCA";"OUTROS";"#NE";"N";"DEFERIDO";722;"SUPLENTE";80000;"FUNDO ESPECIAL";"Recursos de partido político";23000
250001933054;"DANILO ERRERIA CORTEZ DE SOUZA";"#NULO";"PODE";"MASCULINO";"ENSINO MÉDIO COMPLETO";"SOLTEIRO(A)";"BRANCA";"VEREADOR";"#NE";"S";"DEFERIDO";58676;"ELEITO POR QP";639999,99;"OUTROS RECURSOS, FUNDO ESPECIAL";"Recursos de pessoas físicas, Recursos próprios, Recursos de partido político";172836,66
250001933059;"PAULO SERGIO ABOU ANNI";"#NULO";"PODE";"MASCULINO";"SUPERIOR COMPLETO";"SOLTEIRO(A)";"BRANCA";"POLICIAL MILITAR";"#NE";"N";"DEFERIDO";17943;"SUPLENTE";404513,5;"OUTROS RECURSOS, FUNDO ESPECIAL";"Recursos de pessoas físicas, Recursos de partido político, Recursos próprios";1690895
250001933074;"MARIA LÚCIA DA SILVA";"#NULO";"PODE";"FEMININO";"SUPERIOR COMPLETO";"CASADO(A)";"PRETA";"ENFERMEIRO";"#NE";"N";"DEFERIDO";590;"SUPLENTE";150000;"FUNDO ESPECIAL, OUTROS RECURSOS";"Recursos de partido político";422534,98
250001933075;"RICARDO HOLZ VIDAL DOS SANTOS";"#NULO";"PODE";"MASCULINO";"SUPERIOR COMPLETO";"SOLTEIRO(A)";"PARDA";"EMPRESÁRIO";"#NE";"N";"DEFERIDO";3494;"SUPLENTE";347000;"FUNDO ESPECIAL, OUTROS RECURSOS";"Recursos de partido político, Recursos próprios, Recursos de pessoas físicas";3066228,11
250002387343;"VINICIUS ALVES SCHAEFER";"#NULO";"PODE";"MASCULINO";"SUPERIOR COMPLETO";"SOLTEIRO(A)";"BRANCA";"PROFESSOR DE ENSINO SUPERIOR";"#NE";"N";"DEFERIDO";776;"SUPLENTE";138461,5;"FUNDO ESPECIAL";"Recursos de partido político";67783,1
250001933069;"KEDNEY QUEIROZ DOS SANTOS";"#NULO";"PODE";"MASCULINO";"ENSINO FUNDAMENTAL COMPLETO";"CASADO(A)";"PRETA";"EMPRESÁRIO";"#NE";"N";"DEFERIDO";1034;"SUPLENTE";115461,5;"OUTROS RECURSOS, FUNDO ESPECIAL";"Recursos de partido político";420000
250001933090;"LUCIANO GALESCO";"#NULO";"PODE";"MASCULINO";"SUPERIOR COMPLETO";"CASADO(A)";"BRANCA";"POLICIAL MILITAR";"#NE";"N";"DEFERIDO";3628;"SUPLENTE";250000;"FUNDO ESPECIAL";"Recursos de partido político";7000
250001933098;"LUIZ PAULO MADALHANO MAGALHÃES";"#NULO";"PODE";"MASCULINO";"SUPERIOR COMPLETO";"CASADO(A)";"BRANCA";"OUTROS";"#NE";"N";"DEFERIDO";12417;"SUPLENTE";518063,88;"OUTROS RECURSOS, FUNDO ESPECIAL";"Recursos de partido político, Recursos de pessoas físicas";NA
250001933097;"WELLINGTON DE PAULO RIBEIRO";"#NULO";"PODE";"MASCULINO";"SUPERIOR COMPLETO";"CASADO(A)";"BRANCA";"OUTROS";"#NE";"N";"DEFERIDO";2696;"SUPLENTE";324000;"OUTROS RECURSOS, FUNDO ESPECIAL";"Recursos de partido político";18000
250002170094;"LUCAS ANTONIO NIZUMA SIMABUKULO";"#NULO";"PSTU";"MASCULINO";"SUPERIOR COMPLETO";"SOLTEIRO(A)";"AMARELA";"PROFESSOR DE ENSINO DE PRIMEIRO E SEGUNDO GRAUS";"#NE";"N";"DEFERIDO";458;"NÃO ELEITO";72305,2;"FUNDO ESPECIAL, OUTROS RECURSOS";"Recursos de outros candidatos, Recursos de partido político, Recursos de pessoas físicas";NA
250002146924;"CARLA CACCIAFIORI";"#NULO";"AVANTE";"FEMININO";"SUPERIOR COMPLETO";"DIVORCIADO(A)";"BRANCA";"RELAÇÕES-PÚBLICAS";"#NE";"N";"DEFERIDO";216;"NÃO ELEITO";2500;"OUTROS RECURSOS";"Recursos próprios";861000
250002146920;"ALESSANDRO RODRIGO SCARAFICCI CASTRO";"#NULO";"AVANTE";"MASCULINO";"ENSINO MÉDIO COMPLETO";"CASADO(A)";"BRANCA";"EMPRESÁRIO";"#NE";"S";"DEFERIDO";3576;"NÃO ELEITO";24624;"OUTROS RECURSOS";"Recursos de pessoas físicas";2750730,64
250002174675;"RENATA DEL BIANCO RAISER";"#NULO";"PP";"FEMININO";"SUPERIOR COMPLETO";"DIVORCIADO(A)";"BRANCA";"VETERINÁRIO";"#NE";"N";"DEFERIDO";121;"SUPLENTE";0;"#NULO";"#NULO";58000
250002174685;"JANAINA CARLA DE LIMA";"#NULO";"PP";"FEMININO";"SUPERIOR COMPLETO";"DIVORCIADO(A)";"BRANCA";"ADVOGADO";"#NE";"S";"DEFERIDO";12215;"SUPLENTE";1218450,47;"OUTROS RECURSOS, FUNDO ESPECIAL";"Recursos de pessoas físicas, Recursos de partido político";103376,42
250002174677;"JANAINA CONCEIÇÃO PASCHOAL";"#NULO";"PP";"FEMININO";"SUPERIOR COMPLETO";"CASADO(A)";"BRANCA";"ADVOGADO";"#NE";"N";"DEFERIDO";48893;"ELEITO POR QP";361700;"FUNDO ESPECIAL, OUTROS RECURSOS";"Recursos de partido político, Recursos próprios";2461253,51
250002174684;"ISRAEL NANTES SANTOS";"#NULO";"PP";"MASCULINO";"SUPERIOR COMPLETO";"DIVORCIADO(A)";"BRANCA";"POLICIAL MILITAR";"#NE";"N";"DEFERIDO";112484;"ELEITO POR QP";324811,61;"OUTROS RECURSOS, FUNDO ESPECIAL";"Recursos de pessoas físicas, Recursos de partido político, Recursos próprios";573332
250002174671;"GILMARA VANZO CRISTAO";"#NULO";"PP";"FEMININO";"ENSINO MÉDIO COMPLETO";"CASADO(A)";"BRANCA";"TAXISTA";"#NE";"N";"DEFERIDO";89;"SUPLENTE";0;"#NULO";"#NULO";1150000
250002174681;"ANTONIO CARLOS ALVES DA SILVA";"#NULO";"PP";"MASCULINO";"SUPERIOR COMPLETO";"CASADO(A)";"PARDA";"SERVIDOR PÚBLICO MUNICIPAL";"#NE";"N";"DEFERIDO";765;"SUPLENTE";8890;"OUTROS RECURSOS";"Recursos próprios, Recursos de pessoas físicas";NA
250002174659;"FERNANDO ROCHA GARCIA";"#NULO";"PP";"MASCULINO";"SUPERIOR COMPLETO";"DIVORCIADO(A)";"BRANCA";"EMPRESÁRIO";"#NE";"N";"DEFERIDO";233;"SUPLENTE";NA;NA;NA;290000
250002079336;"MARINA COELHO DA FONSECA";"#NULO";"NOVO";"FEMININO";"ENSINO MÉDIO COMPLETO";"SOLTEIRO(A)";"BRANCA";"ESCRITOR E CRÍTICO";"#NE";"N";"DEFERIDO";793;"SUPLENTE";7244,9;"FUNDO ESPECIAL, OUTROS RECURSOS";"Recursos de partido político, Recursos de pessoas físicas, Recursos de Financiamento Coletivo";209945,6
250002079317;"JEFFERSON GUILARDUCCI DE ALVARENGA";"#NULO";"NOVO";"MASCULINO";"SUPERIOR COMPLETO";"CASADO(A)";"BRANCA";"ENGENHEIRO";"#NE";"N";"DEFERIDO";250;"SUPLENTE";6334,9;"OUTROS RECURSOS, FUNDO ESPECIAL";"Recursos de pessoas físicas, Recursos de partido político";185385
250002079298;"SOLANGE FERNANDES DE LIMA";"#NULO";"NOVO";"FEMININO";"ENSINO MÉDIO COMPLETO";"SOLTEIRO(A)";"BRANCA";"COMERCIANTE";"#NE";"N";"DEFERIDO";233;"SUPLENTE";6604,9;"OUTROS RECURSOS, FUNDO ESPECIAL";"Recursos de pessoas físicas, Recursos de partido político, Recursos de Financiamento Coletivo";NA
250002079341;"LINCOLN VIEIRA BAILHÃO";"#NULO";"NOVO";"MASCULINO";"ENSINO MÉDIO COMPLETO";"SOLTEIRO(A)";"BRANCA";"ADMINISTRADOR";"#NE";"N";"DEFERIDO";1462;"SUPLENTE";7007,3;"FUNDO ESPECIAL, OUTROS RECURSOS";"Recursos de partido político, Recursos próprios";210000
250002079300;"DANILO DA CUNHA BARBOSA";"#NULO";"NOVO";"MASCULINO";"SUPERIOR COMPLETO";"CASADO(A)";"BRANCA";"COMERCIANTE";"#NE";"N";"DEFERIDO";227;"SUPLENTE";6900,9;"OUTROS RECURSOS, FUNDO ESPECIAL";"Recursos de pessoas físicas, Recursos de partido político, Recursos de Financiamento Coletivo";247700
250002079343;"DULCEVAL ANDRADE DE SANTANA";"#NULO";"NOVO";"MASCULINO";"SUPERIOR COMPLETO";"DIVORCIADO(A)";"PARDA";"PROFESSOR DE ENSINO SUPERIOR";"#NE";"N";"DEFERIDO";321;"SUPLENTE";12569,8;"FUNDO ESPECIAL";"Recursos de partido político";10000
250002079320;"GERSON ALVES DOS SANTOS";"#NULO";"NOVO";"MASCULINO";"SUPERIOR COMPLETO";"DIVORCIADO(A)";"PARDA";"ADMINISTRADOR";"#NE";"N";"DEFERIDO";237;"SUPLENTE";12769,8;"OUTROS RECURSOS, FUNDO ESPECIAL";"Recursos de Financiamento Coletivo, Recursos de pessoas físicas, Recursos de partido político";25000
250002079333;"GILBERTO PEREIRA SOUZA";"#NULO";"NOVO";"MASCULINO";"SUPERIOR INCOMPLETO";"VIÚVO(A)";"BRANCA";"EMPRESÁRIO";"#NE";"N";"DEFERIDO";316;"SUPLENTE";6584,99;"OUTROS RECURSOS, FUNDO ESPECIAL";"Recursos de pessoas físicas, Recursos de partido político";3e+05
250002079344;"TAMIRIS CAMPARI DE SOUZA LUZ";"#NULO";"NOVO";"FEMININO";"SUPERIOR COMPLETO";"SOLTEIRO(A)";"BRANCA";"COMERCIANTE";"#NE";"N";"DEFERIDO";292;"SUPLENTE";6689,9;"OUTROS RECURSOS, FUNDO ESPECIAL";"Recursos de pessoas físicas, Recursos de partido político, Recursos de Financiamento Coletivo";81897,6
250002079318;"ROGERIO ALVES";"#NULO";"NOVO";"MASCULINO";"ENSINO MÉDIO COMPLETO";"CASADO(A)";"PARDA";"MOTORISTA PARTICULAR";"#NE";"N";"DEFERIDO";91;"SUPLENTE";12871,8;"FUNDO ESPECIAL, OUTROS RECURSOS";"Recursos de partido político, Recursos de pessoas físicas";396000
250001977592;"GILSON CAMPOS";"#NULO";"REPUBLICANOS";"MASCULINO";"ENSINO MÉDIO COMPLETO";"CASADO(A)";"BRANCA";"CANTOR E COMPOSITOR";"#NE";"N";"DEFERIDO";223;"SUPLENTE";100660;"FUNDO ESPECIAL, OUTROS RECURSOS";"Recursos de partido político";NA
250001977601;"AMITABH RANJAN";"#NULO";"REPUBLICANOS";"MASCULINO";"SUPERIOR COMPLETO";"CASADO(A)";"PARDA";"FOTÓGRAFO E ASSEMELHADOS";"#NE";"N";"DEFERIDO";128;"SUPLENTE";59375,5;"OUTROS RECURSOS, FUNDO ESPECIAL";"Recursos de pessoas físicas, Recursos de partido político";NA
250001977577;"FLAVIO FRANCISCO DE ALMEIDA";"#NULO";"REPUBLICANOS";"MASCULINO";"SUPERIOR COMPLETO";"CASADO(A)";"PARDA";"PROFESSOR DE ENSINO FUNDAMENTAL";"#NE";"N";"DEFERIDO";2657;"SUPLENTE";64821;"OUTROS RECURSOS, FUNDO ESPECIAL";"Recursos de pessoas físicas, Recursos de partido político";113900
250001977584;"JULIANA APARECIDA DE SOUZA PIRES";"#NULO";"REPUBLICANOS";"FEMININO";"SUPERIOR COMPLETO";"CASADO(A)";"BRANCA";"EMPRESÁRIO";"#NE";"N";"DEFERIDO";405;"SUPLENTE";45177,5;"FUNDO ESPECIAL, OUTROS RECURSOS";"Recursos de partido político";10771,69
250001977599;"CRISTIANE NAOMI TANIZAKI";"#NULO";"REPUBLICANOS";"FEMININO";"SUPERIOR COMPLETO";"SOLTEIRO(A)";"AMARELA";"OUTROS";"#NE";"N";"DEFERIDO";283;"SUPLENTE";66927,5;"FUNDO ESPECIAL, OUTROS RECURSOS";"Recursos de partido político";274000
250001977564;"ANDRÉ LUIZ SANTOS ESTEVES";"#NULO";"REPUBLICANOS";"MASCULINO";"SUPERIOR COMPLETO";"CASADO(A)";"PRETA";"VEREADOR";"#NE";"S";"DEFERIDO";41379;"ELEITO POR MÉDIA";833076;"OUTROS RECURSOS, FUNDO ESPECIAL";"Recursos de pessoas físicas, Recursos de partido político";320319,42
250001977580;"WILLY GARCIA";"#NULO";"REPUBLICANOS";"MASCULINO";"SUPERIOR INCOMPLETO";"CASADO(A)";"BRANCA";"SACERDOTE OU MEMBRO DE ORDEM OU SEITA RELIGIOSA";"#NE";"N";"DEFERIDO";1808;"SUPLENTE";110085;"FUNDO ESPECIAL, OUTROS RECURSOS";"Recursos de partido político, Recursos de pessoas físicas, Recursos próprios";244000
250002357446;"MARCELO MARQUES DE ARAÚJO";"#NULO";"DC";"MASCULINO";"SUPERIOR COMPLETO";"CASADO(A)";"PARDA";"OUTROS";"#NE";"N";"DEFERIDO";179;"NÃO ELEITO";6820,65;"FUNDO ESPECIAL";"Recursos de partido político";357500
250002357438;"UBIRADILSON DA SILVA";"#NULO";"DC";"MASCULINO";"ENSINO MÉDIO COMPLETO";"CASADO(A)";"PRETA";"OUTROS";"#NE";"N";"DEFERIDO";72;"NÃO ELEITO";6820,65;"FUNDO ESPECIAL";"Recursos de partido político";NA
250002357448;"AILTON BAPTISTA DE ANDRADE";"#NULO";"DC";"MASCULINO";"ENSINO MÉDIO COMPLETO";"DIVORCIADO(A)";"PARDA";"CANTOR E COMPOSITOR";"#NE";"N";"DEFERIDO";159;"NÃO ELEITO";6820,65;"FUNDO ESPECIAL";"Recursos de partido político";NA
250002357411;"OSMAR SOSSAI";"#NULO";"DC";"MASCULINO";"ENSINO MÉDIO COMPLETO";"CASADO(A)";"BRANCA";"REPRESENTANTE COMERCIAL";"#NE";"N";"DEFERIDO";255;"NÃO ELEITO";6820,65;"FUNDO ESPECIAL";"Recursos de partido político";NA
250002075133;"MARCIA VALÉRIA MARQUES LOPES SAQUETO";"#NULO";"PRD";"FEMININO";"SUPERIOR INCOMPLETO";"SEPARADO(A) JUDICIALMENTE";"PRETA";"RELAÇÕES-PÚBLICAS";"#NE";"N";"DEFERIDO";136;"NÃO ELEITO";50000;"FUNDO ESPECIAL";"Recursos de partido político";NA
250002075129;"PAULO ROGÉRIO DA COSTA COUTINHO";"#NULO";"PRD";"MASCULINO";"SUPERIOR INCOMPLETO";"DIVORCIADO(A)";"BRANCA";"POLICIAL MILITAR";"#NE";"N";"DEFERIDO";727;"NÃO ELEITO";61500;"FUNDO ESPECIAL, OUTROS RECURSOS";"Recursos de partido político, Recursos próprios";254000
250002075155;"JOSE ARIVALDO RODRIGUES";"#NULO";"PRD";"MASCULINO";"SUPERIOR COMPLETO";"CASADO(A)";"PARDA";"CORRETOR DE IMÓVEIS, SEGUROS, TÍTULOS E VALORES";"#NE";"N";"DEFERIDO";5439;"NÃO ELEITO";523000;"FUNDO ESPECIAL, OUTROS RECURSOS";"Recursos de partido político, Recursos de pessoas físicas";1067258
250002075172;"SANDRA PEDROSA GARCIA DOS SANTOS";"#NULO";"PRD";"FEMININO";"SUPERIOR COMPLETO";"CASADO(A)";"BRANCA";"ARQUITETO";"#NE";"N";"DEFERIDO";236;"NÃO ELEITO";35000;"FUNDO ESPECIAL";"Recursos de partido político";NA
250002181664;"DANILO AQUINO ISRAEL DE SOUZA";"#NULO";"PSDB";"MASCULINO";"SUPERIOR COMPLETO";"SOLTEIRO(A)";"PRETA";"OUTROS";"#NE";"N";"DEFERIDO";105;"NÃO ELEITO";40003;"OUTROS RECURSOS, FUNDO ESPECIAL";"Recursos de pessoas físicas, Recursos de partido político";NA
250002181667;"PAULO HENRIQUE MENDANHA DE FARIA ARRISCADO";"#NULO";"PSDB";"MASCULINO";"SUPERIOR COMPLETO";"SOLTEIRO(A)";"BRANCA";"PROFESSOR DE ENSINO FUNDAMENTAL";"#NE";"N";"DEFERIDO";344;"NÃO ELEITO";0;"#NULO";"#NULO";NA
250002181690;"RENAN OLIVEIRA DE SOUZA E SILVA";"#NULO";"PSDB";"MASCULINO";"SUPERIOR COMPLETO";"SOLTEIRO(A)";"BRANCA";"ADVOGADO";"#NE";"N";"DEFERIDO";98;"NÃO ELEITO";8407,8;"OUTROS RECURSOS, FUNDO ESPECIAL";"Recursos de pessoas físicas, Recursos de partido político, Recursos de outros candidatos, Recursos próprios";1770000
250002181697;"DIMAS HELFENSTEIN NETO";"#NULO";"CIDADANIA";"MASCULINO";"ENSINO MÉDIO COMPLETO";"SEPARADO(A) JUDICIALMENTE";"BRANCA";"JORNALISTA E REDATOR";"#NE";"N";"DEFERIDO";108;"NÃO ELEITO";15860,44;"FUNDO ESPECIAL";"Recursos de partido político, Recursos de outros candidatos";772893
250002181689;"ALESSANDRA MIRALLA LOUZA";"#NULO";"PSDB";"FEMININO";"SUPERIOR COMPLETO";"DIVORCIADO(A)";"BRANCA";"ADMINISTRADOR";"#NE";"N";"DEFERIDO";288;"NÃO ELEITO";0;"#NULO";"#NULO";NA
250002181682;"RAIMUNDO NONATO BARBOSA DA SILVA";"#NULO";"PSDB";"MASCULINO";"ENSINO MÉDIO COMPLETO";"CASADO(A)";"PARDA";"EMPRESÁRIO";"#NE";"N";"DEFERIDO";509;"NÃO ELEITO";0;"#NULO";"#NULO";NA
250001973502;"JOSÉ APARECIDO MENDES";"#NULO";"PL";"MASCULINO";"ENSINO MÉDIO COMPLETO";"CASADO(A)";"PARDA";"OUTROS";"#NE";"N";"DEFERIDO";155;"SUPLENTE";45000;"FUNDO ESPECIAL";"Recursos de partido político";NA
250001973470;"RITA DE CASSIA BORGES DOS SANTOS GUEDES";"#NULO";"PL";"FEMININO";"SUPERIOR INCOMPLETO";"VIÚVO(A)";"PARDA";"POLICIAL MILITAR";"#NE";"N";"DEFERIDO";2807;"SUPLENTE";50000;"FUNDO ESPECIAL";"Recursos de partido político";NA
250002052109;"PAULO PEREIRA ROCHA";"#NULO";"PSOL";"MASCULINO";"ENSINO MÉDIO COMPLETO";"CASADO(A)";"PARDA";"OUTROS";"#NE";"N";"DEFERIDO";460;"SUPLENTE";41967,92;"FUNDO ESPECIAL";"Recursos de partido político, Recursos de outros candidatos";29355
250002052085;"ALEX ADRIANO ALCAZAR FERNANDES";"#NULO";"PSOL";"MASCULINO";"SUPERIOR INCOMPLETO";"SOLTEIRO(A)";"BRANCA";"OUTROS";"#NE";"N";"DEFERIDO";788;"SUPLENTE";36884,51;"FUNDO ESPECIAL, OUTROS RECURSOS";"Recursos de partido político, Recursos de pessoas físicas, Recursos próprios, Recursos de outros candidatos";33334
250002052103;"AUDEIDE CARDOSO";"#NULO";"PSOL";"FEMININO";"ENSINO FUNDAMENTAL COMPLETO";"SOLTEIRO(A)";"PRETA";"OUTROS";"#NE";"N";"INDEFERIDO COM RECURSO";988;"SUPLENTE";58867,92;"FUNDO ESPECIAL";"Recursos de partido político, Recursos de outros candidatos";NA
250002052128;"EDSON GONÇALVES PELAGALO OLIVEIRA SILVA";"#NULO";"PSOL";"MASCULINO";"SUPERIOR COMPLETO";"CASADO(A)";"PARDA";"SERVIDOR PÚBLICO ESTADUAL";"#NE";"N";"DEFERIDO";2600;"SUPLENTE";232368,4;"OUTROS RECURSOS, FUNDO ESPECIAL";"Recursos de partido político, Recursos de outros candidatos, Recursos de Financiamento Coletivo, Recursos próprios";1126920
250002052136;"SENIVALDO ALVES DA SILVA";"#NULO";"PSOL";"MASCULINO";"ENSINO MÉDIO COMPLETO";"CASADO(A)";"PRETA";"COMERCIANTE";"#NE";"N";"DEFERIDO";1913;"SUPLENTE";57534,6;"FUNDO ESPECIAL";"Recursos de outros candidatos, Recursos de partido político";74529,19
250002052120;"PEDRO COBBETT STAEL MARKUN";"#NULO";"REDE";"MASCULINO";"SUPERIOR INCOMPLETO";"SOLTEIRO(A)";"BRANCA";"OUTROS";"#NE";"N";"DEFERIDO";627;"SUPLENTE";326906,28;"OUTROS RECURSOS, FUNDO ESPECIAL";"Recursos de pessoas físicas, Recursos de Financiamento Coletivo, Recursos de partido político, Recursos próprios, Recursos de outros candidatos";656739,32
250002052091;"SAMUEL RODRIGUES SILVA DOS SANTOS";"#NULO";"PSOL";"MASCULINO";"ENSINO MÉDIO COMPLETO";"DIVORCIADO(A)";"PRETA";"TÉCNICO DE ENFERMAGEM E ASSEMELHADOS (EXCETO ENFERMEIRO)";"#NE";"N";"DEFERIDO";774;"SUPLENTE";63134,6;"FUNDO ESPECIAL, OUTROS RECURSOS";"Recursos de partido político, Recursos de outros candidatos, Recursos próprios, Recursos de pessoas físicas";NA
250002052087;"SOLANGE BENEIT DOS SANTOS";"#NULO";"PSOL";"FEMININO";"SUPERIOR COMPLETO";"CASADO(A)";"BRANCA";"PROFESSOR DE ENSINO FUNDAMENTAL";"#NE";"N";"DEFERIDO";539;"SUPLENTE";10000;"FUNDO ESPECIAL";"Recursos de partido político";NA
250002018911;"ANDRÉ LUIS FEITOSA MINEIRO";"#NULO";"MOBILIZA";"MASCULINO";"SUPERIOR COMPLETO";"SOLTEIRO(A)";"PARDA";"OUTROS";"#NE";"N";"DEFERIDO";881;"NÃO ELEITO";0;"#NULO";"#NULO";50000
250002018912;"MÁRCIA LOPES DE ARAÚJO";"#NULO";"MOBILIZA";"FEMININO";"SUPERIOR INCOMPLETO";"SOLTEIRO(A)";"PARDA";"SUPERVISOR, INSPETOR E AGENTE DE COMPRAS E VENDAS";"#NE";"S";"DEFERIDO";191;"NÃO ELEITO";15000;"FUNDO ESPECIAL";"Recursos de partido político";NA
250002018914;"MAICON SULIVAN DE LIMA";"#NULO";"MOBILIZA";"MASCULINO";"ENSINO MÉDIO COMPLETO";"SOLTEIRO(A)";"PRETA";"JORNALISTA E REDATOR";"#NE";"N";"DEFERIDO";591;"NÃO ELEITO";2426;"OUTROS RECURSOS";"Recursos próprios, Recursos de pessoas físicas";60000
250002018919;"JOÃO FRANCISCO GARCIA";"#NULO";"MOBILIZA";"MASCULINO";"ENSINO MÉDIO COMPLETO";"DIVORCIADO(A)";"BRANCA";"OUTROS";"#NE";"N";"DEFERIDO";834;"NÃO ELEITO";84000;"OUTROS RECURSOS, FUNDO ESPECIAL";"Recursos próprios, Recursos de partido político";204258,42
250002018909;"GISELE CASARIN DA SILVA";"#NULO";"MOBILIZA";"FEMININO";"SUPERIOR INCOMPLETO";"CASADO(A)";"BRANCA";"VENDEDOR DE COMÉRCIO VAREJISTA E ATACADISTA";"#NE";"S";"DEFERIDO";112;"NÃO ELEITO";10000;"FUNDO ESPECIAL";"Recursos de partido político";NA
250002018923;"MARIA APARECIDA DE SOUZA MARQUES";"#NULO";"MOBILIZA";"FEMININO";"ENSINO FUNDAMENTAL COMPLETO";"CASADO(A)";"BRANCA";"COMERCIANTE";"#NE";"N";"DEFERIDO";45;"NÃO ELEITO";0;"#NULO";"#NULO";220000
250002018907;"LUZIA MARIA VIDICA CANDIDO";"#NULO";"MOBILIZA";"FEMININO";"SUPERIOR COMPLETO";"CASADO(A)";"PRETA";"ENFERMEIRO";"#NE";"N";"DEFERIDO";425;"NÃO ELEITO";15000;"FUNDO ESPECIAL";"Recursos de partido político";NA
250002018941;"VALDINEI FELIX DOS SANTOS";"#NULO";"MOBILIZA";"MASCULINO";"SUPERIOR COMPLETO";"SOLTEIRO(A)";"BRANCA";"SACERDOTE OU MEMBRO DE ORDEM OU SEITA RELIGIOSA";"#NE";"N";"DEFERIDO";344;"NÃO ELEITO";1879;"OUTROS RECURSOS";"Recursos próprios";24000
250002363842;"MARIA ANGELA ABDUCH";"#NULO";"PCO";"FEMININO";"SUPERIOR COMPLETO";"DIVORCIADO(A)";"BRANCA";"APOSENTADO (EXCETO SERVIDOR PÚBLICO)";"#NE";"N";"DEFERIDO";53;"NÃO ELEITO";35420,86;"FUNDO ESPECIAL";"Recursos de partido político";528231,7
250002363849;"JULIANDRA DAPOR AGRADANO";"#NULO";"PCO";"FEMININO";"SUPERIOR COMPLETO";"SOLTEIRO(A)";"BRANCA";"BIBLIOTECÁRIO";"#NE";"N";"DEFERIDO";9;"NÃO ELEITO";37093,8;"FUNDO ESPECIAL";"Recursos de partido político";NA
250002363841;"STEFANIA DE ALMEIDA ROBUSTELLI";"#NULO";"PCO";"FEMININO";"SUPERIOR COMPLETO";"SOLTEIRO(A)";"BRANCA";"SERVIDOR PÚBLICO ESTADUAL";"#NE";"N";"DEFERIDO";62;"NÃO ELEITO";34497,86;"FUNDO ESPECIAL";"Recursos de partido político";135542,47
250002170969;"RAFAEL CARLOS LABIAPARI GOMES";"#NULO";"PRTB";"MASCULINO";"ENSINO MÉDIO COMPLETO";"DIVORCIADO(A)";"BRANCA";"POLICIAL MILITAR";"#NE";"N";"DEFERIDO";3021;"NÃO ELEITO";34758,15;"OUTROS RECURSOS, FUNDO ESPECIAL";"Recursos de pessoas físicas, Recursos de partido político";522500
250002170997;"CLAUDIO MARTINS NEVES DE FRANÇA";"#NULO";"PRTB";"MASCULINO";"SUPERIOR COMPLETO";"CASADO(A)";"BRANCA";"ADVOGADO";"#NE";"N";"DEFERIDO";613;"NÃO ELEITO";8597,87;"FUNDO ESPECIAL";"Recursos de partido político";2200000
250002170992;"RICARDO RODRIGUES DOS SANTOS";"#NULO";"PRTB";"MASCULINO";"ENSINO MÉDIO COMPLETO";"DIVORCIADO(A)";"BRANCA";"CORRETOR DE IMÓVEIS, SEGUROS, TÍTULOS E VALORES";"#NE";"N";"DEFERIDO";788;"NÃO ELEITO";12633,07;"FUNDO ESPECIAL, OUTROS RECURSOS";"Recursos de partido político, Recursos próprios";153000
250002171010;"PAULO CEZAR ZEFERINO";"#NULO";"PRTB";"MASCULINO";"ENSINO MÉDIO COMPLETO";"CASADO(A)";"PARDA";"OUTROS";"#NE";"N";"DEFERIDO";241;"NÃO ELEITO";8597,87;"FUNDO ESPECIAL";"Recursos de partido político";NA
250002170996;"RENATA CARVALHO RIBEIRO GIMENEZ";"#NULO";"PRTB";"FEMININO";"ENSINO MÉDIO COMPLETO";"DIVORCIADO(A)";"BRANCA";"OUTROS";"#NE";"N";"DEFERIDO";1347;"NÃO ELEITO";34695,78;"FUNDO ESPECIAL";"Recursos de partido político";70000
250002170987;"LUIZ ROBERTO VIEIRA DA ROCHA";"#NULO";"PRTB";"MASCULINO";"SUPERIOR COMPLETO";"CASADO(A)";"PARDA";"ADVOGADO";"#NE";"N";"DEFERIDO";279;"NÃO ELEITO";7862,75;"FUNDO ESPECIAL";"Recursos de partido político";368000
250002170991;"LEANDRO AUTO DA CRUZ";"#NULO";"PRTB";"MASCULINO";"SUPERIOR COMPLETO";"CASADO(A)";"BRANCA";"POLICIAL MILITAR";"#NE";"N";"DEFERIDO";385;"NÃO ELEITO";7960,79;"FUNDO ESPECIAL";"Recursos de partido político";NA
250002171016;"IGOR PRETELIS DE FRANCO";"#NULO";"PRTB";"MASCULINO";"SUPERIOR COMPLETO";"CASADO(A)";"BRANCA";"ADVOGADO";"#NE";"N";"DEFERIDO";430;"NÃO ELEITO";9662,59;"FUNDO ESPECIAL, OUTROS RECURSOS";"Recursos de partido político, Recursos próprios";71616
250002171004;"MARCIA LOURENÇÃO KITAGAWA";"#NULO";"PRTB";"FEMININO";"SUPERIOR COMPLETO";"CASADO(A)";"BRANCA";"CORRETOR DE IMÓVEIS, SEGUROS, TÍTULOS E VALORES";"#NE";"N";"DEFERIDO";273;"NÃO ELEITO";17560,69;"FUNDO ESPECIAL, OUTROS RECURSOS";"Recursos de partido político, Recursos próprios";2100000
250002029350;"ADILSON EUGENIO DA SILVA";"#NULO";"SOLIDARIEDADE";"MASCULINO";"ENSINO MÉDIO COMPLETO";"CASADO(A)";"BRANCA";"MÚSICO";"#NE";"N";"DEFERIDO";155;"NÃO ELEITO";18497,84;"FUNDO ESPECIAL";"Recursos de partido político";312000
250002029385;"GUILHERME BARDAUIL BOULOS";"#NULO";"SOLIDARIEDADE";"MASCULINO";"SUPERIOR COMPLETO";"CASADO(A)";"BRANCA";"EMPRESÁRIO";"#NE";"N";"DEFERIDO";266;"NÃO ELEITO";38761,49;"FUNDO ESPECIAL";"Recursos de partido político";1269752,43
250002029389;"DOUGLAS MELO DE SOUSA";"#NULO";"SOLIDARIEDADE";"MASCULINO";"ENSINO MÉDIO COMPLETO";"CASADO(A)";"PARDA";"OUTROS";"#NE";"N";"DEFERIDO";925;"NÃO ELEITO";31822,67;"FUNDO PARTIDARIO, FUNDO ESPECIAL, OUTROS RECURSOS";"Recursos de partido político, Recursos de pessoas físicas";301200
250002029395;"VIVIAN CRISTINA DOS SANTOS FELIPE";"#NULO";"SOLIDARIEDADE";"FEMININO";"SUPERIOR COMPLETO";"SOLTEIRO(A)";"PRETA";"ENFERMEIRO";"#NE";"N";"DEFERIDO";759;"NÃO ELEITO";12553,09;"FUNDO ESPECIAL";"Recursos de partido político";20000
250002029384;"FABIOLA PEIXOTO SANTELLO";"#NULO";"SOLIDARIEDADE";"FEMININO";"SUPERIOR COMPLETO";"SOLTEIRO(A)";"BRANCA";"PUBLICITÁRIO";"#NE";"N";"DEFERIDO";255;"NÃO ELEITO";28210,59;"FUNDO PARTIDARIO, FUNDO ESPECIAL";"Recursos de partido político";NA
250002029351;"CLEBER JACOB";"#NULO";"SOLIDARIEDADE";"MASCULINO";"SUPERIOR COMPLETO";"DIVORCIADO(A)";"BRANCA";"JORNALISTA E REDATOR";"#NE";"N";"DEFERIDO";440;"NÃO ELEITO";56776,83;"FUNDO PARTIDARIO, FUNDO ESPECIAL";"Recursos de partido político";51000
250002029352;"ROSAMARIA DE JESUS DA SILVA";"#NULO";"SOLIDARIEDADE";"FEMININO";"ENSINO FUNDAMENTAL COMPLETO";"SOLTEIRO(A)";"PRETA";"EMPRESÁRIO";"#NE";"N";"DEFERIDO";438;"NÃO ELEITO";32758;"FUNDO ESPECIAL, FUNDO PARTIDARIO";"Recursos de partido político";NA
250002029379;"MÁRCIO PEDRAZA AGUILERA";"#NULO";"SOLIDARIEDADE";"MASCULINO";"SUPERIOR COMPLETO";"CASADO(A)";"PRETA";"OUTROS";"#NE";"N";"DEFERIDO";224;"NÃO ELEITO";26338,67;"FUNDO ESPECIAL, FUNDO PARTIDARIO";"Recursos de partido político";NA
250002029377;"EDSON JACINTO";"#NULO";"SOLIDARIEDADE";"MASCULINO";"ENSINO MÉDIO INCOMPLETO";"CASADO(A)";"PRETA";"OUTROS";"#NE";"N";"DEFERIDO";502;"NÃO ELEITO";30515,42;"FUNDO PARTIDARIO, FUNDO ESPECIAL, OUTROS RECURSOS";"Recursos de partido político, Recursos próprios";43000
250001913957;"MARIA ELISA DO NASCIMENTO";"#NULO";"PT";"FEMININO";"ENSINO MÉDIO COMPLETO";"DIVORCIADO(A)";"PRETA";"OUTROS";"#NE";"N";"DEFERIDO";1891;"SUPLENTE";95642,05;"FUNDO ESPECIAL, OUTROS RECURSOS";"Recursos de partido político, Recursos próprios, Recursos de pessoas físicas";NA
250001913953;"NABIL GEORGES BONDUKI";"#NULO";"PT";"MASCULINO";"SUPERIOR COMPLETO";"CASADO(A)";"BRANCA";"PROFESSOR DE ENSINO SUPERIOR";"#NE";"N";"DEFERIDO";49540;"ELEITO POR QP";1250124,19;"OUTROS RECURSOS, FUNDO ESPECIAL";"Recursos de pessoas físicas, Recursos de partido político, Recursos próprios, Recursos de Financiamento Coletivo";5133792,51
250001913944;"ADRIANO DOS SANTOS";"#NULO";"PT";"MASCULINO";"SUPERIOR COMPLETO";"CASADO(A)";"BRANCA";"VEREADOR";"#NE";"N";"DEFERIDO";15493;"SUPLENTE";873213,57;"FUNDO ESPECIAL, OUTROS RECURSOS";"Recursos de partido político, Recursos próprios";292953,36
250001913951;"RAUL FELIPE MELO FAJARDO";"#NULO";"PT";"MASCULINO";"SUPERIOR COMPLETO";"SOLTEIRO(A)";"BRANCA";"ESTUDANTE, BOLSISTA, ESTAGIÁRIO E ASSEMELHADOS";"#NE";"N";"DEFERIDO";141;"SUPLENTE";63692,36;"FUNDO ESPECIAL";"Recursos de partido político";NA
250001913973;"MANOEL DEL RIO BLAS FILHO";"#NULO";"PT";"MASCULINO";"SUPERIOR COMPLETO";"DIVORCIADO(A)";"BRANCA";"VEREADOR";"#NE";"S";"DEFERIDO";30292;"SUPLENTE";996894,22;"FUNDO ESPECIAL, OUTROS RECURSOS";"Recursos de partido político, Recursos de pessoas físicas";1737673,36
250001913942;"SENIVAL PEREIRA DE MOURA";"#NULO";"PT";"MASCULINO";"SUPERIOR COMPLETO";"CASADO(A)";"PARDA";"OUTROS";"#NE";"S";"DEFERIDO";30480;"ELEITO POR MÉDIA";1279965,87;"FUNDO ESPECIAL, OUTROS RECURSOS";"Recursos de partido político, Recursos próprios, Recursos de pessoas físicas";3637800,39
250001913940;"CLAUDIO GOMES FONSECA";"#NULO";"PC do B";"MASCULINO";"SUPERIOR COMPLETO";"CASADO(A)";"PRETA";"PROFESSOR DE ENSINO MÉDIO";"#NE";"N";"DEFERIDO";29782;"SUPLENTE";2487582,03;"FUNDO ESPECIAL, OUTROS RECURSOS";"Recursos de partido político, Recursos de pessoas físicas";523900
250001913945;"CRISTIANE ALEXANDRE MENDES";"#NULO";"PV";"FEMININO";"SUPERIOR COMPLETO";"DIVORCIADO(A)";"PRETA";"CANTOR E COMPOSITOR";"#NE";"N";"DEFERIDO";518;"SUPLENTE";112041,5;"FUNDO ESPECIAL";"Recursos de partido político";2800
250001913950;"IVONE MARIA DA SILVA";"#NULO";"PT";"FEMININO";"SUPERIOR COMPLETO";"CASADO(A)";"PRETA";"BANCÁRIO E ECONOMIÁRIO";"#NE";"N";"DEFERIDO";18878;"SUPLENTE";1587638,82;"OUTROS RECURSOS, FUNDO ESPECIAL";"Recursos de pessoas físicas, Recursos de partido político, Recursos de Financiamento Coletivo";968834,18
250002161332;"JULIANA D AGOSTINI";"#NULO";"PSD";"FEMININO";"SUPERIOR COMPLETO";"DIVORCIADO(A)";"BRANCA";"MÚSICO";"#NE";"N";"DEFERIDO";473;"SUPLENTE";463375;"OUTROS RECURSOS, FUNDO ESPECIAL";"Recursos de partido político, Recursos próprios";15001
250002161319;"SÉRGIO DE MOURA CAVALCANTI";"#NULO";"PSD";"MASCULINO";"ENSINO MÉDIO COMPLETO";"CASADO(A)";"PARDA";"MILITAR REFORMADO";"#NE";"N";"DEFERIDO";3696;"SUPLENTE";459375;"FUNDO ESPECIAL, OUTROS RECURSOS";"Recursos de partido político";709000
250002161342;"RONI BAPTISTA DE SOUZA";"#NULO";"PSD";"MASCULINO";"ENSINO MÉDIO COMPLETO";"CASADO(A)";"PARDA";"EMPRESÁRIO";"#NE";"N";"DEFERIDO";999;"SUPLENTE";89375;"FUNDO ESPECIAL, OUTROS RECURSOS";"Recursos de partido político";2284
250002161331;"CLAUDIO BATISTA DOS SANTOS";"#NULO";"PSD";"MASCULINO";"SUPERIOR COMPLETO";"CASADO(A)";"PARDA";"ADVOGADO";"#NE";"N";"DEFERIDO";612;"SUPLENTE";89375;"OUTROS RECURSOS, FUNDO ESPECIAL";"Recursos de partido político";185000
250002161329;"LEANDRO CUSSOLINI FAUSTINO";"#NULO";"PSD";"MASCULINO";"SUPERIOR COMPLETO";"CASADO(A)";"BRANCA";"PSICÓLOGO";"#NE";"N";"DEFERIDO";689;"SUPLENTE";89375;"FUNDO ESPECIAL, OUTROS RECURSOS";"Recursos de partido político";64000
250002173917;"JOAO PAULO RODRIGUES DE SOUZA";"#NULO";"PDT";"MASCULINO";"SUPERIOR COMPLETO";"CASADO(A)";"PRETA";"COMERCIANTE";"#NE";"N";"DEFERIDO";960;"NÃO ELEITO";70000;"FUNDO ESPECIAL";"Recursos de partido político";46009
250002173937;"BRENO SILVA COSTA";"#NULO";"PDT";"MASCULINO";"SUPERIOR COMPLETO";"CASADO(A)";"PARDA";"PROFESSOR E INSTRUTOR DE FORMAÇÃO PROFISSIONAL";"#NE";"N";"DEFERIDO";490;"NÃO ELEITO";25000;"FUNDO ESPECIAL";"Recursos de partido político";360000
250002034103;"RODRIGO OLEGÁRIO CARMELITA";"#NULO";"PSB";"MASCULINO";"SUPERIOR INCOMPLETO";"SOLTEIRO(A)";"PRETA";"OUTROS";"#NE";"N";"DEFERIDO";2205;"SUPLENTE";61790,81;"FUNDO ESPECIAL, FUNDO PARTIDARIO";"Recursos de outros candidatos, Recursos de partido político";NA
250002034124;"ARYENE MARTINS ALMEIDA";"#NULO";"PSB";"FEMININO";"SUPERIOR COMPLETO";"SOLTEIRO(A)";"BRANCA";"OUTROS";"#NE";"N";"DEFERIDO";297;"SUPLENTE";16106,81;"FUNDO ESPECIAL";"Recursos de outros candidatos, Recursos de partido político";6000
250002034095;"LUIZ AUGUSTO LEONARDO DE CASTRO";"#NULO";"PSB";"MASCULINO";"SUPERIOR COMPLETO";"DIVORCIADO(A)";"PARDA";"ARQUITETO";"#NE";"N";"DEFERIDO";924;"SUPLENTE";53364,81;"FUNDO ESPECIAL, OUTROS RECURSOS";"Recursos de outros candidatos, Recursos de pessoas físicas, Recursos de partido político";60000
250002034089;"SERGIO OLIVEIRA DA SILVA";"#NULO";"PSB";"MASCULINO";"SUPERIOR COMPLETO";"SOLTEIRO(A)";"PRETA";"OUTROS";"#NE";"N";"DEFERIDO";843;"SUPLENTE";41790,81;"FUNDO ESPECIAL";"Recursos de outros candidatos, Recursos de partido político";1197195
250002034088;"ROQUE DA LUZ FERNANDES";"#NULO";"PSB";"MASCULINO";"SUPERIOR COMPLETO";"DIVORCIADO(A)";"INDÍGENA";"ENGENHEIRO";"#NE";"N";"DEFERIDO";2339;"SUPLENTE";25080,13;"FUNDO ESPECIAL";"Recursos de partido político, Recursos de outros candidatos";52000
250002034093;"GERALDO ANTONIO DA NÓBREGA";"#NULO";"PSB";"MASCULINO";"ENSINO MÉDIO COMPLETO";"SOLTEIRO(A)";"BRANCA";"MOTORISTA DE VEÍCULOS DE TRANSPORTE COLETIVO DE PASSAGEIROS";"#NE";"N";"DEFERIDO";671;"SUPLENTE";20653,4;"OUTROS RECURSOS, FUNDO ESPECIAL";"Recursos próprios, Recursos de outros candidatos, Recursos de partido político";NA
250002034104;"JADY KAROLINE VERISSIMO DA SILVA";"#NULO";"PSB";"FEMININO";"SUPERIOR INCOMPLETO";"SOLTEIRO(A)";"BRANCA";"ESTUDANTE, BOLSISTA, ESTAGIÁRIO E ASSEMELHADOS";"#NE";"N";"DEFERIDO";2164;"SUPLENTE";129492,88;"FUNDO ESPECIAL, OUTROS RECURSOS";"Recursos de outros candidatos, Recursos de partido político, Recursos de pessoas físicas, Recursos próprios";9146,88
250002034132;"FIDELCINO DOS SANTOS SOUZA";"#NULO";"PSB";"MASCULINO";"ENSINO MÉDIO COMPLETO";"CASADO(A)";"PARDA";"GERENTE";"#NE";"N";"DEFERIDO";836;"SUPLENTE";43702;"FUNDO ESPECIAL";"Recursos de outros candidatos, Recursos de partido político";70490
250001962485;"LEANDRO ROBERTO";"#NULO";"MDB";"MASCULINO";"SUPERIOR COMPLETO";"DIVORCIADO(A)";"PRETA";"EMPRESÁRIO";"#NE";"N";"DEFERIDO";2187;"SUPLENTE";242805;"FUNDO ESPECIAL, OUTROS RECURSOS";"Recursos de partido político, Recursos próprios, Recursos de pessoas físicas";470060,79
250002334577;"LUCIMARA CORREA DE OLIVEIRA LOUREIRO";"#NULO";"MDB";"FEMININO";"SUPERIOR INCOMPLETO";"DIVORCIADO(A)";"BRANCA";"OUTROS";"#NE";"N";"DEFERIDO";712;"SUPLENTE";51140;"OUTROS RECURSOS, FUNDO PARTIDARIO";"Recursos de pessoas físicas, Recursos de partido político";450000
250001962482;"DANIELE SOUZA AKAMINE";"#NULO";"MDB";"FEMININO";"SUPERIOR COMPLETO";"DIVORCIADO(A)";"PARDA";"ADVOGADO";"#NE";"N";"DEFERIDO";707;"SUPLENTE";52240;"OUTROS RECURSOS, FUNDO ESPECIAL";"Recursos de pessoas físicas, Recursos de partido político";615413,98
250001962483;"JOAO ROBERTO VALENÇA SOARES";"#NULO";"MDB";"MASCULINO";"SUPERIOR COMPLETO";"CASADO(A)";"PARDA";"CORRETOR DE IMÓVEIS, SEGUROS, TÍTULOS E VALORES";"#NE";"N";"DEFERIDO";1710;"SUPLENTE";130000;"FUNDO ESPECIAL";"Recursos de partido político, Recursos de outros candidatos";NA
250001881810;"SILVIO RICARDO PEREIRA DOS SANTOS";"#NULO";"UNIÃO";"MASCULINO";"SUPERIOR INCOMPLETO";"SOLTEIRO(A)";"PRETA";"OUTROS";"#NE";"N";"DEFERIDO";53453;"ELEITO POR QP";3701246,14;"OUTROS RECURSOS, FUNDO ESPECIAL, FUNDO PARTIDARIO";"Recursos de partido político, Recursos próprios, Recursos de pessoas físicas, Recursos de outros candidatos";986914,94
250001881815;"EDEMIR DE MELO";"#NULO";"UNIÃO";"MASCULINO";"SUPERIOR COMPLETO";"SOLTEIRO(A)";"BRANCA";"OUTROS";"#NE";"N";"DEFERIDO";4741;"SUPLENTE";257989,09;"FUNDO PARTIDARIO, FUNDO ESPECIAL, OUTROS RECURSOS";"Recursos de partido político, Recursos próprios";470271,54
250001881797;"VIVIANE MARTINS BUENO";"#NULO";"UNIÃO";"FEMININO";"SUPERIOR INCOMPLETO";"DIVORCIADO(A)";"PARDA";"EMPRESÁRIO";"#NE";"N";"DEFERIDO";3089;"SUPLENTE";574795,87;"FUNDO PARTIDARIO, FUNDO ESPECIAL, OUTROS RECURSOS";"Recursos de partido político, Recursos próprios";1457530,51
250001881829;"HUMBERTO YUDI WATANABE";"#NULO";"UNIÃO";"MASCULINO";"SUPERIOR COMPLETO";"CASADO(A)";"AMARELA";"EMPRESÁRIO";"#NE";"N";"DEFERIDO";4232;"SUPLENTE";417999,2;"FUNDO ESPECIAL, FUNDO PARTIDARIO, OUTROS RECURSOS";"Recursos de partido político, Recursos próprios";311661,92
250001881805;"SILVIO ANTONIO DE AZEVEDO";"#NULO";"UNIÃO";"MASCULINO";"SUPERIOR INCOMPLETO";"DIVORCIADO(A)";"PARDA";"COMERCIANTE";"#NE";"N";"DEFERIDO";63988;"ELEITO POR QP";3640826,79;"OUTROS RECURSOS, FUNDO ESPECIAL, FUNDO PARTIDARIO";"Recursos de partido político, Recursos próprios, Recursos de pessoas físicas";3304576,86
250001881833;"ROBERTA CRISTINA MOREIRA NOVAIS";"#NULO";"UNIÃO";"FEMININO";"SUPERIOR COMPLETO";"SOLTEIRO(A)";"PARDA";"VENDEDOR PRACISTA, REPRESENTANTE, CAIXEIRO-VIAJANTE E ASSEMELHADOS";"#NE";"N";"DEFERIDO";1337;"SUPLENTE";451213,48;"FUNDO ESPECIAL, FUNDO PARTIDARIO, OUTROS RECURSOS";"Recursos de partido político, Recursos de pessoas físicas";335,28
250001881826;"ANDRÉ BEZERRA RIBEIRO SOARES";"#NULO";"UNIÃO";"MASCULINO";"SUPERIOR COMPLETO";"SOLTEIRO(A)";"BRANCA";"ADVOGADO";"#NE";"N";"DEFERIDO";17756;"SUPLENTE";763749,2;"FUNDO ESPECIAL, FUNDO PARTIDARIO, OUTROS RECURSOS";"Recursos de partido político, Recursos de pessoas físicas";720294,59
250001881794;"BRUNO VINICIUS MONTEIRO DOS SANTOS";"#NULO";"UNIÃO";"MASCULINO";"ENSINO MÉDIO COMPLETO";"SOLTEIRO(A)";"BRANCA";"EMPRESÁRIO";"#NE";"N";"DEFERIDO";15967;"SUPLENTE";651999,2;"OUTROS RECURSOS";"Recursos de partido político, Recursos de pessoas físicas";777630,83
250001881827;"GUILHERME CORREA FILHO";"#NULO";"UNIÃO";"MASCULINO";"SUPERIOR COMPLETO";"DIVORCIADO(A)";"PARDA";"EMPRESÁRIO";"#NE";"N";"DEFERIDO";24042;"SUPLENTE";1770682,08;"OUTROS RECURSOS, FUNDO PARTIDARIO, FUNDO ESPECIAL";"Recursos de pessoas físicas, Recursos de partido político, Recursos de outros candidatos, Recursos próprios";1826816,48
250001881828;"INES NANY RODRIGUES DA SILVA";"#NULO";"UNIÃO";"FEMININO";"SUPERIOR COMPLETO";"DIVORCIADO(A)";"PRETA";"EMPRESÁRIO";"#NE";"N";"DEFERIDO";143;"SUPLENTE";441213,48;"FUNDO PARTIDARIO, FUNDO ESPECIAL, OUTROS RECURSOS";"Recursos de partido político, Recursos de pessoas físicas";327822,38
250001933061;"EWERTON DA SILVA CARVALHO";"#NULO";"PODE";"MASCULINO";"SUPERIOR COMPLETO";"SOLTEIRO(A)";"PRETA";"ADVOGADO";"#NE";"N";"DEFERIDO";3850;"SUPLENTE";350000;"FUNDO ESPECIAL, OUTROS RECURSOS";"Recursos de partido político";28000
250001933073;"MARIA DO CARMO PORTELA RUMBO";"#NULO";"PODE";"FEMININO";"ENSINO MÉDIO COMPLETO";"SOLTEIRO(A)";"BRANCA";"DONA DE CASA";"#NE";"N";"DEFERIDO";593;"SUPLENTE";130000;"OUTROS RECURSOS, FUNDO ESPECIAL";"Recursos de partido político";202000
250001933066;"MARIA VILANI LEITE RODRIGUES";"#NULO";"PODE";"FEMININO";"SUPERIOR COMPLETO";"DIVORCIADO(A)";"PARDA";"APOSENTADO (EXCETO SERVIDOR PÚBLICO)";"#NE";"S";"DEFERIDO";304;"SUPLENTE";130000;"FUNDO ESPECIAL, OUTROS RECURSOS";"Recursos de partido político";NA
250001933070;"REGINA DIVINA MACHADO";"#NULO";"PODE";"FEMININO";"ENSINO MÉDIO COMPLETO";"DIVORCIADO(A)";"BRANCA";"APOSENTADO (EXCETO SERVIDOR PÚBLICO)";"#NE";"N";"DEFERIDO";221;"SUPLENTE";102500;"OUTROS RECURSOS, FUNDO ESPECIAL";"Recursos de pessoas físicas, Recursos de partido político";NA
250001933062;"DANIEL JOSÉ DA SILVA OLIVEIRA";"#NULO";"PODE";"MASCULINO";"SUPERIOR COMPLETO";"SOLTEIRO(A)";"BRANCA";"ECONOMISTA";"#NE";"N";"DEFERIDO";12348;"SUPLENTE";862026,01;"OUTROS RECURSOS, FUNDO ESPECIAL";"Recursos de pessoas físicas, Recursos de partido político";139688,92
250001933065;"JOSÉ ROBERTO BARBOSA";"#NULO";"PODE";"MASCULINO";"SUPERIOR COMPLETO";"DIVORCIADO(A)";"BRANCA";"ADVOGADO";"#NE";"N";"DEFERIDO";118;"SUPLENTE";62461,5;"OUTROS RECURSOS, FUNDO ESPECIAL";"Recursos de partido político";NA
250001933093;"OSVALDO FENOGLIO VIEIRA";"#NULO";"PODE";"MASCULINO";"SUPERIOR INCOMPLETO";"SOLTEIRO(A)";"BRANCA";"MÚSICO";"#NE";"N";"DEFERIDO";1521;"SUPLENTE";60000;"FUNDO ESPECIAL";"Recursos de partido político";NA
250001933082;"RICARDO FABRÍZIO PACHECO DE OLIVEIRA";"#NULO";"PODE";"MASCULINO";"SUPERIOR COMPLETO";"CASADO(A)";"BRANCA";"EMPRESÁRIO";"#NE";"N";"DEFERIDO";4563;"SUPLENTE";324250;"FUNDO ESPECIAL, OUTROS RECURSOS";"Recursos de partido político, Recursos de pessoas físicas";NA
250001933089;"IOLANDA KEIKO MIASHIRO OTA";"#NULO";"PODE";"FEMININO";"SUPERIOR COMPLETO";"VIÚVO(A)";"AMARELA";"EMPRESÁRIO";"#NE";"N";"DEFERIDO";12480;"SUPLENTE";800000,03;"FUNDO ESPECIAL, OUTROS RECURSOS";"Recursos de partido político, Recursos de pessoas físicas";774365,75
250001933053;"CAIO MARTINS CABELEIRA";"#NULO";"PODE";"MASCULINO";"SUPERIOR COMPLETO";"DIVORCIADO(A)";"BRANCA";"ADVOGADO";"#NE";"N";"DEFERIDO";1600;"SUPLENTE";135961,5;"OUTROS RECURSOS, FUNDO ESPECIAL";"Recursos próprios, Recursos de partido político, Recursos de pessoas físicas";615542,15
250002146897;"WELINGTON JOSE DE CAMARGO";"#NULO";"AVANTE";"MASCULINO";"ENSINO MÉDIO COMPLETO";"DIVORCIADO(A)";"PARDA";"CANTOR E COMPOSITOR";"#NE";"N";"DEFERIDO";746;"NÃO ELEITO";53050;"OUTROS RECURSOS, FUNDO ESPECIAL";"Recursos de pessoas físicas, Recursos de partido político, Recursos próprios";220000
250002146932;"MARTINHO DIAS DA SILVA";"#NULO";"AVANTE";"MASCULINO";"ENSINO FUNDAMENTAL INCOMPLETO";"SOLTEIRO(A)";"PARDA";"EMPRESÁRIO";"#NE";"N";"DEFERIDO";343;"NÃO ELEITO";5000;"FUNDO ESPECIAL";"Recursos de partido político";185000
250002146914;"CLAUDIO ALMIR VIEIRA";"#NULO";"AVANTE";"MASCULINO";"SUPERIOR COMPLETO";"CASADO(A)";"PARDA";"PROTÉTICO";"#NE";"N";"DEFERIDO";225;"NÃO ELEITO";101002,11;"FUNDO ESPECIAL, OUTROS RECURSOS";"Recursos de partido político, Recursos de pessoas físicas, Recursos próprios";1e+05
250002146922;"RENATO DOS SANTOS NASCIMENTO";"#NULO";"AVANTE";"MASCULINO";"SUPERIOR COMPLETO";"SOLTEIRO(A)";"PARDA";"PROFESSOR DE ENSINO MÉDIO";"#NE";"N";"DEFERIDO";2226;"NÃO ELEITO";7500;"FUNDO ESPECIAL";"Recursos de partido político";40000
250002146934;"FRANCISCA QUELINDEJARA VASCONCELOS SOBIESKI";"#NULO";"AVANTE";"FEMININO";"SUPERIOR COMPLETO";"CASADO(A)";"BRANCA";"ADVOGADO";"#NE";"N";"DEFERIDO";113;"NÃO ELEITO";0;"#NULO";"#NULO";710700
250002146904;"ISRAEL BEZERRA DA SILVA";"#NULO";"AVANTE";"MASCULINO";"ENSINO MÉDIO INCOMPLETO";"CASADO(A)";"BRANCA";"COMERCIANTE";"#NE";"N";"DEFERIDO";256;"NÃO ELEITO";0;"#NULO";"#NULO";31,36
250002146915;"DEUSDETE ALVES DE ASSUNÇÃO";"#NULO";"AVANTE";"MASCULINO";"SUPERIOR COMPLETO";"CASADO(A)";"BRANCA";"OUTROS";"#NE";"S";"DEFERIDO";400;"NÃO ELEITO";0;"#NULO";"#NULO";27000
250002379009;"FERNANDA DE OLIVEIRA MILHOSE FELIX";"#NULO";"PP";"FEMININO";"SUPERIOR COMPLETO";"CASADO(A)";"BRANCA";"VETERINÁRIO";"#NE";"N";"DEFERIDO";246;"SUPLENTE";25000;"FUNDO PARTIDARIO";"Recursos de partido político";10000
250002174664;"FRANCISCO MOISES FARIAS";"#NULO";"PP";"MASCULINO";"ENSINO MÉDIO INCOMPLETO";"DIVORCIADO(A)";"PARDA";"SERRALHEIRO";"#NE";"N";"DEFERIDO";118;"SUPLENTE";9245;"OUTROS RECURSOS";"Recursos de pessoas físicas, Recursos próprios";38000
250002174669;"MURILLO DE OLIVEIRA LIMA";"#NULO";"PP";"MASCULINO";"SUPERIOR COMPLETO";"SOLTEIRO(A)";"BRANCA";"VETERINÁRIO";"#NE";"N";"DEFERIDO";113820;"ELEITO POR QP";2780000;"OUTROS RECURSOS, FUNDO ESPECIAL";"Recursos de pessoas físicas, Recursos próprios, Recursos de partido político";1187029,91
250002174683;"VANESSA DIAS DE OLIVEIRA";"#NULO";"PP";"FEMININO";"SUPERIOR COMPLETO";"SOLTEIRO(A)";"PRETA";"PSICÓLOGO";"#NE";"N";"DEFERIDO";1211;"SUPLENTE";2e+05;"FUNDO ESPECIAL";"Recursos de partido político";NA
250002174657;"JOAO APARECIDO DA CRUZ BATISTA";"#NULO";"PP";"MASCULINO";"SUPERIOR COMPLETO";"DIVORCIADO(A)";"PARDA";"POLICIAL CIVIL";"#NE";"N";"DEFERIDO";580;"SUPLENTE";175000;"FUNDO ESPECIAL";"Recursos de partido político";289248,64
250002174658;"FERNANDO RAIMUNDO RODRIGUES DE SOUZA JUNIOR";"#NULO";"PP";"MASCULINO";"ENSINO MÉDIO COMPLETO";"CASADO(A)";"BRANCA";"OUTROS";"#NE";"N";"DEFERIDO";113;"SUPLENTE";NA;NA;NA;906000
250002079306;"CAROLINA ROSA PEREIRA SIMPLÍCIO";"#NULO";"NOVO";"FEMININO";"ENSINO MÉDIO COMPLETO";"CASADO(A)";"PARDA";"ADMINISTRADOR";"#NE";"N";"DEFERIDO";369;"SUPLENTE";17587,56;"OUTROS RECURSOS, FUNDO ESPECIAL";"Recursos de pessoas físicas, Recursos de partido político";NA
250002079346;"LUAN FRANÇA DE OLIVEIRA";"#NULO";"NOVO";"MASCULINO";"SUPERIOR COMPLETO";"SOLTEIRO(A)";"PARDA";"ADVOGADO";"#NE";"N";"DEFERIDO";63;"SUPLENTE";13807,7;"OUTROS RECURSOS, FUNDO ESPECIAL";"Recursos próprios, Recursos de partido político";5000
250002079311;"DANIEL DE OLIVEIRA MELO";"#NULO";"NOVO";"MASCULINO";"SUPERIOR COMPLETO";"DIVORCIADO(A)";"BRANCA";"ADVOGADO";"#NE";"N";"DEFERIDO";549;"SUPLENTE";7334,9;"OUTROS RECURSOS, FUNDO ESPECIAL";"Recursos próprios, Recursos de partido político, Recursos de pessoas físicas";1393433,66
250002390444;"LEILA APARECIDA TROFINO";"#NULO";"NOVO";"FEMININO";"SUPERIOR COMPLETO";"SEPARADO(A) JUDICIALMENTE";"BRANCA";"EMPRESÁRIO";"#NE";"N";"DEFERIDO";126;"SUPLENTE";6284,9;"FUNDO ESPECIAL";"Recursos de partido político";48000
250002079352;"JANIEIRE MARIA SILVA";"#NULO";"NOVO";"FEMININO";"ENSINO MÉDIO COMPLETO";"DIVORCIADO(A)";"PARDA";"OUTROS";"#NE";"N";"DEFERIDO";99;"SUPLENTE";0;"#NULO";"#NULO";150000
250002079349;"MARIA JOSÉ ALEIXO";"#NULO";"NOVO";"FEMININO";"ENSINO MÉDIO COMPLETO";"DIVORCIADO(A)";"PARDA";"DONA DE CASA";"#NE";"N";"DEFERIDO";67;"SUPLENTE";13719,8;"OUTROS RECURSOS, FUNDO ESPECIAL";"Recursos de pessoas físicas, Recursos de partido político";40000
250002079351;"EMERSON RODRIGUES ROSA";"#NULO";"NOVO";"MASCULINO";"SUPERIOR COMPLETO";"CASADO(A)";"PRETA";"ADVOGADO";"#NE";"N";"DEFERIDO";1067;"SUPLENTE";329832,8;"OUTROS RECURSOS, FUNDO ESPECIAL";"Recursos de pessoas físicas, Recursos de partido político, Recursos de Financiamento Coletivo";739174
250002079328;"CLAUDIO DIAS ANTONIO FERREIRA";"#NULO";"NOVO";"MASCULINO";"SUPERIOR INCOMPLETO";"CASADO(A)";"PRETA";"COZINHEIRO";"#NE";"N";"DEFERIDO";434;"SUPLENTE";12569,8;"FUNDO ESPECIAL";"Recursos de partido político";12000
250001977562;"WENDEL OLIVEIRA SANTIAGO";"#NULO";"REPUBLICANOS";"MASCULINO";"SUPERIOR COMPLETO";"CASADO(A)";"BRANCA";"FISIOTERAPEUTA E TERAPEUTA OCUPACIONAL";"#NE";"N";"DEFERIDO";955;"SUPLENTE";48710;"FUNDO ESPECIAL, OUTROS RECURSOS";"Recursos de partido político";717175
250001977571;"VÂNIA DA PAIXÃO LANA ONWUDIWE";"#NULO";"REPUBLICANOS";"FEMININO";"SUPERIOR COMPLETO";"CASADO(A)";"PRETA";"ADVOGADO";"#NE";"N";"DEFERIDO";759;"SUPLENTE";97128,67;"OUTROS RECURSOS, FUNDO ESPECIAL";"Recursos de pessoas físicas, Recursos de partido político, Recursos próprios";380013,28
